{"type":"FeatureCollection","features":[{"type":"Feature","properties":{"name":"بوستان توحید"},"geometry":{"type":"Polygon","coordinates":[[[59.60382,36.30108],[59.60435,36.30149],[59.60489,36.30121],[59.60511,36.30106],[59.60493,36.30089],[59.60483,36.3009],[59.60456,36.30073],[59.60429,36.30047],[59.60377,36.30012],[59.60331,36.30055],[59.60385,36.30105],[59.60382,36.30108]]]}},{"type":"Feature","properties":{"name":"پارک کوثر"},"geometry":{"type":"Polygon","coordinates":[[[59.52719,36.31852],[59.52736,36.31888],[59.52552,36.31948],[59.52535,36.31911],[59.52719,36.31852]]]}},{"type":"Feature","properties":{"name":"پارک گلها"},"geometry":{"type":"Polygon","coordinates":[[[59.50543,36.33016],[59.50489,36.32901],[59.50276,36.32966],[59.503,36.33019],[59.50307,36.33033],[59.50329,36.33081],[59.50543,36.33016]]]}},{"type":"Feature","properties":{},"geometry":{"type":"Polygon","coordinates":[[[59.51358,36.32935],[59.51367,36.32956],[59.5132,36.32971],[59.51312,36.32982],[59.51302,36.33008],[59.5129,36.32983],[59.5128,36.32961],[59.51358,36.32935]]]}},{"type":"Feature","properties":{"name":"بوستان ملت"},"geometry":{"type":"Polygon","coordinates":[[[59.5347,36.32569],[59.53505,36.32584],[59.53519,36.3259],[59.54087,36.32406],[59.54212,36.32366],[59.54225,36.3235],[59.54227,36.32337],[59.54121,36.31945],[59.54111,36.31905],[59.54038,36.31623],[59.54007,36.31611],[59.53998,36.31607],[59.53972,36.31594],[59.53765,36.3166],[59.53725,36.31683],[59.53713,36.31699],[59.53569,36.31745],[59.53381,36.31804],[59.53374,36.31801],[59.5337,36.31794],[59.53369,36.31793],[59.53361,36.3179],[59.53356,36.31788],[59.53272,36.31814],[59.53265,36.31822],[59.5326,36.31828],[59.533,36.31965],[59.53357,36.32162],[59.5344,36.32447],[59.5347,36.32569]]]}},{"type":"Feature","properties":{"name":"بوستان اقاقیا"},"geometry":{"type":"Polygon","coordinates":[[[59.58313,36.26524],[59.58331,36.26553],[59.58239,36.2659],[59.58207,36.26605],[59.58201,36.26596],[59.58194,36.26587],[59.58313,36.26524]]]}},{"type":"Feature","properties":{"name":"بوستان یاس"},"geometry":{"type":"Polygon","coordinates":[[[59.5476,36.27973],[59.54876,36.2799],[59.54874,36.28003],[59.54894,36.28025],[59.54768,36.28091],[59.54739,36.28067],[59.5476,36.27973]]]}},{"type":"Feature","properties":{},"geometry":{"type":"Polygon","coordinates":[[[59.5121,36.31959],[59.51281,36.32037],[59.51191,36.3209],[59.51172,36.32069],[59.51146,36.32084],[59.51095,36.32026],[59.5121,36.31959]]]}},{"type":"Feature","properties":{},"geometry":{"type":"Polygon","coordinates":[[[59.50636,36.31765],[59.50663,36.31749],[59.50675,36.31749],[59.50702,36.31777],[59.50668,36.31798],[59.50636,36.31765]]]}},{"type":"Feature","properties":{"name":"بوستان کوهسنگی"},"geometry":{"type":"Polygon","coordinates":[[[59.55784,36.28495],[59.55814,36.28514],[59.5576,36.28577],[59.55755,36.28565],[59.5575,36.28555],[59.55731,36.28527],[59.55705,36.28482],[59.55681,36.28433],[59.55666,36.28392],[59.55694,36.28372],[59.55704,36.2838],[59.55713,36.28382],[59.55727,36.28381],[59.55737,36.28368],[59.55734,36.28355],[59.55703,36.28225],[59.55635,36.28177],[59.55571,36.27907],[59.5558,36.27855],[59.55648,36.27892],[59.55635,36.27921],[59.5564,36.27943],[59.55659,36.27977],[59.55679,36.28004],[59.55713,36.2802],[59.55731,36.28036],[59.55752,36.28038],[59.5578,36.28036],[59.55828,36.28042],[59.5587,36.28047],[59.55874,36.28059],[59.55909,36.28063],[59.55959,36.28052],[59.56021,36.28025],[59.56043,36.28025],[59.56073,36.28033],[59.56095,36.28022],[59.56104,36.28004],[59.56102,36.27984],[59.56075,36.27946],[59.56039,36.27913],[59.56062,36.27908],[59.56074,36.27895],[59.56077,36.27877],[59.56125,36.27925],[59.56186,36.27894],[59.56255,36.27913],[59.56283,36.27921],[59.5627,36.27951],[59.56224,36.28067],[59.56195,36.28073],[59.56185,36.28079],[59.56206,36.28115],[59.56193,36.2812],[59.56221,36.28161],[59.56242,36.2817],[59.56269,36.28163],[59.56287,36.28187],[59.56343,36.28206],[59.56325,36.28237],[59.56404,36.28264],[59.56324,36.28411],[59.56234,36.28377],[59.56219,36.28402],[59.56048,36.28333],[59.56033,36.28357],[59.56,36.28344],[59.55993,36.28336],[59.55983,36.28332],[59.55971,36.28331],[59.5596,36.28334],[59.55955,36.28338],[59.5595,36.2835],[59.55941,36.28359],[59.5592,36.28345],[59.55784,36.28495]]]}},{"type":"Feature","properties":{"name":"باغ آستان قدس رضوی"},"geometry":{"type":"Polygon","coordinates":[[[59.56266,36.33948],[59.56412,36.33759],[59.56534,36.33605],[59.56688,36.3341],[59.56914,36.33128],[59.57042,36.32959],[59.57054,36.32932],[59.57058,36.32905],[59.57092,36.32911],[59.57161,36.32824],[59.5716,36.32802],[59.57315,36.32788],[59.5736,36.32791],[59.57376,36.32798],[59.57545,36.32958],[59.57715,36.33119],[59.57733,36.33138],[59.57744,36.33162],[59.57747,36.33193],[59.57744,36.33205],[59.5773,36.33231],[59.57612,36.33436],[59.57516,36.336],[59.57433,36.33739],[59.57406,36.33786],[59.57378,36.33838],[59.57331,36.33907],[59.57255,36.33991],[59.57118,36.34139],[59.57019,36.34248],[59.56975,36.34296],[59.56967,36.34298],[59.56955,36.34296],[59.56605,36.34119],[59.56266,36.33948]]]}},{"type":"Feature","properties":{"name":"بوستان فردوس"},"geometry":{"type":"Polygon","coordinates":[[[59.53608,36.29989],[59.53667,36.29942],[59.53724,36.29998],[59.53776,36.30045],[59.53716,36.30094],[59.53608,36.29989]]]}},{"type":"Feature","properties":{},"geometry":{"type":"Polygon","coordinates":[[[59.53149,36.31373],[59.53145,36.31369],[59.53142,36.31363],[59.53142,36.31358],[59.53143,36.31352],[59.53145,36.31347],[59.5315,36.31343],[59.53155,36.31339],[59.53162,36.31337],[59.53169,36.31337],[59.53176,36.31338],[59.53182,36.3134],[59.53188,36.31343],[59.53192,36.31348],[59.53194,36.31353],[59.53195,36.31359],[59.53194,36.31364],[59.53191,36.31369],[59.53187,36.31374],[59.53181,36.31377],[59.53175,36.31379],[59.53168,36.3138],[59.53161,36.31379],[59.53155,36.31377],[59.53149,36.31373]]]}},{"type":"Feature","properties":{"name":"پارک کوی دانشگاه"},"geometry":{"type":"Polygon","coordinates":[[[59.52308,36.31616],[59.52318,36.31643],[59.52197,36.31713],[59.52189,36.3173],[59.52211,36.31738],[59.52255,36.31718],[59.52285,36.31695],[59.52594,36.31598],[59.5258,36.31567],[59.52555,36.31538],[59.52532,36.31546],[59.52308,36.31616]]]}},{"type":"Feature","properties":{"name":"پارک امین"},"geometry":{"type":"Polygon","coordinates":[[[59.54402,36.32022],[59.54501,36.32004],[59.54531,36.32113],[59.54521,36.32115],[59.54442,36.32129],[59.54432,36.32131],[59.54402,36.32022]]]}},{"type":"Feature","properties":{"name":"پارک پردیس قائم"},"geometry":{"type":"Polygon","coordinates":[[[59.55834,36.35279],[59.55813,36.35218],[59.55849,36.35166],[59.55869,36.35131],[59.55866,36.35088],[59.5587,36.35066],[59.5588,36.35045],[59.55898,36.35031],[59.55922,36.35023],[59.5597,36.35022],[59.56055,36.34876],[59.56113,36.34791],[59.56137,36.34797],[59.56144,36.34804],[59.56179,36.3481],[59.5618,36.34823],[59.56188,36.34823],[59.56197,36.34822],[59.56196,36.34812],[59.5622,36.34816],[59.56228,36.34813],[59.56301,36.34826],[59.56366,36.34841],[59.56417,36.34856],[59.56433,36.34864],[59.56445,36.34873],[59.56448,36.34882],[59.56446,36.34888],[59.56361,36.3498],[59.56345,36.34971],[59.56283,36.3504],[59.56299,36.35049],[59.5628,36.35071],[59.56221,36.35078],[59.56212,36.35086],[59.56208,36.3509],[59.56217,36.35129],[59.56195,36.35146],[59.56185,36.35138],[59.56102,36.35191],[59.5611,36.35202],[59.55917,36.3531],[59.55879,36.3533],[59.55858,36.35299],[59.55834,36.35279]]]}},{"type":"Feature","properties":{"name":"بوستان نسترن"},"geometry":{"type":"Polygon","coordinates":[[[59.61536,36.32991],[59.61544,36.32987],[59.61579,36.32974],[59.61581,36.32973],[59.61604,36.3301],[59.61581,36.33019],[59.61559,36.33028],[59.61548,36.3301],[59.61536,36.32991]]]}},{"type":"Feature","properties":{},"geometry":{"type":"Polygon","coordinates":[[[59.62237,36.24405],[59.62251,36.24383],[59.62271,36.2436],[59.6229,36.24341],[59.62358,36.24279],[59.62414,36.24236],[59.62427,36.24231],[59.62438,36.24232],[59.62447,36.24235],[59.62453,36.2424],[59.62458,36.24247],[59.62458,36.24256],[59.62456,36.24264],[59.62426,36.24302],[59.62387,36.24337],[59.62342,36.24367],[59.62301,36.24391],[59.62282,36.24403],[59.62261,36.24421],[59.62246,36.24436],[59.62062,36.24619],[59.62053,36.24626],[59.62048,36.24629],[59.62031,36.24645],[59.62009,36.24667],[59.62005,36.24666],[59.62005,36.24663],[59.62204,36.24461],[59.62237,36.24405]]]}},{"type":"Feature","properties":{},"geometry":{"type":"Polygon","coordinates":[[[59.61703,36.27603],[59.6174,36.276],[59.61755,36.27606],[59.61772,36.27617],[59.6178,36.27596],[59.61817,36.2755],[59.61888,36.27459],[59.61893,36.27447],[59.61891,36.2744],[59.6187,36.27468],[59.61861,36.27462],[59.61796,36.2754],[59.61775,36.2756],[59.61746,36.27579],[59.61703,36.27603]]]}},{"type":"Feature","properties":{"name":"بوستان میرزا کوچک خان"},"geometry":{"type":"Polygon","coordinates":[[[59.612,36.27734],[59.61192,36.27741],[59.61239,36.27791],[59.61294,36.27784],[59.61356,36.27781],[59.61419,36.27777],[59.61482,36.27756],[59.61513,36.27743],[59.61549,36.27728],[59.61534,36.27707],[59.61558,36.27696],[59.6151,36.27619],[59.612,36.27734]]]}},{"type":"Feature","properties":{"name":"بوستان پامچال"},"geometry":{"type":"Polygon","coordinates":[[[59.61239,36.31155],[59.61267,36.31142],[59.61293,36.31129],[59.61306,36.31147],[59.6132,36.31165],[59.61294,36.31177],[59.61268,36.3119],[59.61266,36.31191],[59.61239,36.31155]]]}},{"type":"Feature","properties":{},"geometry":{"type":"Polygon","coordinates":[[[59.60914,36.31471],[59.60938,36.31528],[59.60909,36.31539],[59.60911,36.31549],[59.60845,36.3157],[59.60808,36.3151],[59.60914,36.31471]]]}},{"type":"Feature","properties":{"name":"بوستان کمال الدین بهزاد"},"geometry":{"type":"Polygon","coordinates":[[[59.55434,36.31194],[59.55486,36.31156],[59.55526,36.31194],[59.55528,36.31219],[59.55437,36.31223],[59.55434,36.31194]]]}},{"type":"Feature","properties":{"name":"پارک خیرآباد"},"geometry":{"type":"Polygon","coordinates":[[[59.63635,36.30593],[59.63671,36.30615],[59.63707,36.30689],[59.63603,36.30626],[59.63635,36.30593]]]}},{"type":"Feature","properties":{},"geometry":{"type":"Polygon","coordinates":[[[59.50604,36.31488],[59.50609,36.31494],[59.5062,36.31507],[59.50624,36.31511],[59.50744,36.31444],[59.50725,36.31421],[59.50604,36.31488]]]}},{"type":"Feature","properties":{"name":"بوستان بهمن"},"geometry":{"type":"Polygon","coordinates":[[[59.50022,36.30929],[59.50052,36.30912],[59.501,36.30966],[59.50097,36.30971],[59.50096,36.30976],[59.50075,36.30989],[59.50022,36.30929]]]}},{"type":"Feature","properties":{"name":"بوستان آزادگان"},"geometry":{"type":"Polygon","coordinates":[[[59.51027,36.295],[59.51033,36.29506],[59.51064,36.29486],[59.51095,36.29519],[59.5105,36.29545],[59.51082,36.29575],[59.51055,36.29595],[59.50992,36.29524],[59.50943,36.29556],[59.50898,36.29514],[59.50858,36.29541],[59.50836,36.2952],[59.50978,36.29425],[59.51027,36.295]]]}},{"type":"Feature","properties":{"name":"بوستان رجا"},"geometry":{"type":"Polygon","coordinates":[[[59.68148,36.26022],[59.68155,36.26019],[59.68423,36.25911],[59.6844,36.25903],[59.6827,36.25631],[59.67978,36.25749],[59.68148,36.26022]]]}},{"type":"Feature","properties":{"name":"پارک خطی قره خان"},"geometry":{"type":"Polygon","coordinates":[[[59.57282,36.30119],[59.57287,36.30128],[59.57406,36.30144],[59.57426,36.3014],[59.57435,36.30149],[59.57495,36.30159],[59.57612,36.30158],[59.57599,36.3014],[59.57585,36.30144],[59.57555,36.30144],[59.57516,36.3014],[59.57478,36.3014],[59.57392,36.30119],[59.57364,36.30125],[59.5731,36.30117],[59.57282,36.30119]]]}},{"type":"Feature","properties":{"name":"پارک خطی قره خان"},"geometry":{"type":"Polygon","coordinates":[[[59.5726,36.30121],[59.5727,36.30142],[59.57193,36.30204],[59.57187,36.30218],[59.57169,36.30308],[59.57141,36.30339],[59.57133,36.30323],[59.57152,36.30304],[59.57159,36.30257],[59.57162,36.30225],[59.5717,36.30198],[59.57195,36.30169],[59.57194,36.3016],[59.5722,36.30149],[59.57237,36.30135],[59.5726,36.30121]]]}},{"type":"Feature","properties":{"name":"بوستان ثمانه"},"geometry":{"type":"Polygon","coordinates":[[[59.55821,36.32829],[59.55817,36.3279],[59.55889,36.32786],[59.55893,36.32825],[59.55821,36.32829]]]}},{"type":"Feature","properties":{"name":"بوستان ثمانه"},"geometry":{"type":"Polygon","coordinates":[[[59.55906,36.32785],[59.55963,36.32781],[59.55966,36.32815],[59.55909,36.32819],[59.55906,36.32785]]]}},{"type":"Feature","properties":{"name":"بوستان سوسن"},"geometry":{"type":"Polygon","coordinates":[[[59.55306,36.33528],[59.55369,36.33524],[59.55372,36.33527],[59.55375,36.33563],[59.55305,36.33567],[59.55306,36.33528]]]}},{"type":"Feature","properties":{},"geometry":{"type":"Polygon","coordinates":[[[59.55385,36.33521],[59.55429,36.33518],[59.55433,36.33561],[59.55389,36.33564],[59.55385,36.33521]]]}},{"type":"Feature","properties":{},"geometry":{"type":"Polygon","coordinates":[[[59.62342,36.32567],[59.62363,36.32561],[59.62387,36.32559],[59.62416,36.3256],[59.62435,36.32564],[59.62454,36.32569],[59.62472,36.32577],[59.62488,36.32587],[59.62508,36.32601],[59.62511,36.32604],[59.62515,36.32609],[59.62521,36.32615],[59.62527,36.32622],[59.6249,36.32628],[59.62484,36.3263],[59.62448,36.32632],[59.62426,36.32632],[59.62398,36.32626],[59.62396,36.32625],[59.62383,36.32618],[59.6237,36.32609],[59.62356,36.32586],[59.62344,36.32569],[59.62342,36.32567]]]}},{"type":"Feature","properties":{"name":"بوستان سحر"},"geometry":{"type":"Polygon","coordinates":[[[59.59288,36.24596],[59.59392,36.24547],[59.59494,36.24661],[59.59384,36.24663],[59.59337,36.24609],[59.59306,36.2461],[59.59296,36.24611],[59.5929,36.24599],[59.59288,36.24596]]]}},{"type":"Feature","properties":{"name":"بوستان نرگس"},"geometry":{"type":"Polygon","coordinates":[[[59.59162,36.24258],[59.59262,36.24208],[59.59206,36.2417],[59.5917,36.24149],[59.59103,36.24131],[59.59102,36.24137],[59.59101,36.24146],[59.591,36.2415],[59.59094,36.24176],[59.59162,36.24258]]]}},{"type":"Feature","properties":{"name":"بوستان شادی"},"geometry":{"type":"Polygon","coordinates":[[[59.60147,36.24459],[59.60342,36.24365],[59.60402,36.24449],[59.602,36.24526],[59.60147,36.24459]]]}},{"type":"Feature","properties":{"name":"پارک جنگلی نهالستان"},"geometry":{"type":"Polygon","coordinates":[[[59.622,36.23385],[59.62222,36.23301],[59.62193,36.2327],[59.62067,36.23252],[59.62073,36.23206],[59.62012,36.23198],[59.61935,36.23067],[59.61949,36.22992],[59.61982,36.22993],[59.62108,36.22809],[59.62198,36.22755],[59.62144,36.22688],[59.62099,36.22679],[59.61966,36.22641],[59.61961,36.22433],[59.61963,36.22234],[59.61931,36.21937],[59.61929,36.2199],[59.61893,36.21848],[59.61901,36.21819],[59.61951,36.21809],[59.61976,36.21759],[59.61995,36.21765],[59.6203,36.21695],[59.62026,36.21683],[59.61987,36.21671],[59.62004,36.21661],[59.62037,36.21653],[59.62473,36.21647],[59.62482,36.21647],[59.62497,36.21847],[59.62509,36.22013],[59.62525,36.22024],[59.62536,36.22065],[59.62512,36.2273],[59.62494,36.23241],[59.62477,36.23286],[59.62478,36.23322],[59.62471,36.23352],[59.62463,36.23361],[59.6245,36.23366],[59.62432,36.23365],[59.62414,36.23371],[59.62406,36.23379],[59.62395,36.23391],[59.62335,36.23406],[59.62302,36.23385],[59.62289,36.23385],[59.622,36.23385]]]}},{"type":"Feature","properties":{"name":"بوستان قائم"},"geometry":{"type":"Polygon","coordinates":[[[59.58278,36.30066],[59.58263,36.30085],[59.58298,36.30099],[59.58319,36.30073],[59.58317,36.30068],[59.58306,36.30063],[59.58298,36.30067],[59.58278,36.30066]]]}},{"type":"Feature","properties":{"name":"بوستان فلسطین"},"geometry":{"type":"Polygon","coordinates":[[[59.56189,36.30476],[59.56283,36.30447],[59.56294,36.30469],[59.562,36.30498],[59.56189,36.30476]]]}},{"type":"Feature","properties":{"name":"پارک جامی"},"geometry":{"type":"Polygon","coordinates":[[[59.54557,36.31619],[59.54562,36.31624],[59.54578,36.3164],[59.5458,36.31643],[59.54606,36.31626],[59.54727,36.31618],[59.54726,36.31616],[59.54722,36.31594],[59.54719,36.31583],[59.54707,36.31569],[59.54682,36.31545],[59.54678,36.31541],[59.54657,36.31555],[59.54557,36.31619]]]}},{"type":"Feature","properties":{"name":"بوستان صفا"},"geometry":{"type":"Polygon","coordinates":[[[59.66769,36.2113],[59.66811,36.21151],[59.66808,36.21155],[59.66772,36.21201],[59.66766,36.21198],[59.66731,36.21179],[59.66749,36.21157],[59.66767,36.21134],[59.66769,36.2113]]]}},{"type":"Feature","properties":{},"geometry":{"type":"Polygon","coordinates":[[[59.60309,36.31846],[59.60324,36.31876],[59.60408,36.31859],[59.60391,36.31826],[59.60309,36.31846]]]}},{"type":"Feature","properties":{},"geometry":{"type":"Polygon","coordinates":[[[59.53769,36.35575],[59.53811,36.35519],[59.53768,36.35498],[59.53754,36.35517],[59.53715,36.35498],[59.53704,36.35512],[59.53673,36.35497],[59.53656,36.35521],[59.53769,36.35575]]]}},{"type":"Feature","properties":{"name":"پارک مطهر"},"geometry":{"type":"Polygon","coordinates":[[[59.61647,36.31902],[59.61577,36.31946],[59.6151,36.31988],[59.61518,36.32013],[59.61525,36.32029],[59.61549,36.32059],[59.61587,36.32109],[59.61626,36.32093],[59.61728,36.32052],[59.6172,36.3204],[59.61792,36.32011],[59.61785,36.32],[59.61773,36.31995],[59.61745,36.31973],[59.61721,36.31967],[59.61692,36.31948],[59.61677,36.31935],[59.61647,36.31902]]]}},{"type":"Feature","properties":{"name":"مجموعه تفریحی گردشگری و گیاهشناسی باغ مشهد"},"geometry":{"type":"Polygon","coordinates":[[[59.60919,36.25603],[59.6096,36.25562],[59.60972,36.2557],[59.60982,36.2556],[59.60988,36.25565],[59.61025,36.25528],[59.61041,36.25539],[59.61064,36.25516],[59.6107,36.2551],[59.61077,36.25515],[59.61083,36.25509],[59.61087,36.25505],[59.61094,36.25498],[59.6111,36.25509],[59.61125,36.2551],[59.61317,36.25317],[59.61333,36.25288],[59.61328,36.25263],[59.61313,36.25239],[59.61295,36.25223],[59.61177,36.25147],[59.61174,36.25143],[59.61177,36.25134],[59.61174,36.25131],[59.61171,36.25129],[59.61153,36.25132],[59.61098,36.25116],[59.61061,36.2511],[59.61024,36.25104],[59.61,36.251],[59.60951,36.25106],[59.60886,36.25129],[59.60405,36.25392],[59.60421,36.25403],[59.60666,36.25571],[59.60747,36.25492],[59.60752,36.25495],[59.60919,36.25603]]]}},{"type":"Feature","properties":{"name":"پارک گل نرگس"},"geometry":{"type":"Polygon","coordinates":[[[59.60614,36.28769],[59.60611,36.28759],[59.60607,36.28739],[59.60603,36.28725],[59.60624,36.28723],[59.60639,36.28722],[59.60656,36.28724],[59.6067,36.28726],[59.60702,36.2873],[59.60731,36.28737],[59.60716,36.28754],[59.60702,36.28769],[59.60665,36.28754],[59.6066,36.28758],[59.6066,36.28762],[59.60637,36.28765],[59.60614,36.28769]]]}},{"type":"Feature","properties":{"name":"باغ ملی"},"geometry":{"type":"Polygon","coordinates":[[[59.60039,36.28904],[59.60083,36.28972],[59.60058,36.28983],[59.60037,36.2898],[59.59935,36.29028],[59.59875,36.28936],[59.59969,36.28898],[59.5998,36.28893],[59.59998,36.28921],[59.60039,36.28904]]]}},{"type":"Feature","properties":{"name":"باغ نادری"},"geometry":{"type":"Polygon","coordinates":[[[59.60946,36.29487],[59.61005,36.2943],[59.61041,36.29429],[59.61082,36.29459],[59.61145,36.29506],[59.61065,36.29574],[59.60946,36.29487]]]}},{"type":"Feature","properties":{"name":"باغ رضوان"},"geometry":{"type":"Polygon","coordinates":[[[59.61629,36.29077],[59.61613,36.29051],[59.61617,36.29035],[59.61614,36.29015],[59.61642,36.29007],[59.61723,36.28985],[59.61816,36.29052],[59.61767,36.29085],[59.61733,36.29101],[59.61691,36.29067],[59.61659,36.29074],[59.61629,36.29077]]]}},{"type":"Feature","properties":{},"geometry":{"type":"Polygon","coordinates":[[[59.51634,36.31227],[59.51654,36.31206],[59.51677,36.31221],[59.51657,36.31242],[59.51634,36.31227]]]}},{"type":"Feature","properties":{"name":"بوستان اردیبهشت"},"geometry":{"type":"Polygon","coordinates":[[[59.65905,36.25967],[59.65823,36.26021],[59.65741,36.26014],[59.65706,36.26014],[59.65674,36.26019],[59.65576,36.26035],[59.65424,36.26048],[59.65398,36.26049],[59.65564,36.25846],[59.65573,36.25847],[59.65699,36.259],[59.65746,36.25917],[59.65831,36.2593],[59.65902,36.25963],[59.65905,36.25967]]]}},{"type":"Feature","properties":{},"geometry":{"type":"Polygon","coordinates":[[[59.51584,36.32424],[59.51588,36.32406],[59.51581,36.32379],[59.5162,36.32414],[59.51584,36.32424]]]}},{"type":"Feature","properties":{},"geometry":{"type":"Polygon","coordinates":[[[59.63446,36.33868],[59.63534,36.33812],[59.63565,36.33845],[59.63477,36.339],[59.63446,36.33868]]]}},{"type":"Feature","properties":{"name":"بوستان نگین"},"geometry":{"type":"Polygon","coordinates":[[[59.63482,36.33954],[59.63497,36.33944],[59.63549,36.33997],[59.63534,36.34007],[59.63482,36.33954]]]}},{"type":"Feature","properties":{},"geometry":{"type":"Polygon","coordinates":[[[59.63388,36.33827],[59.634,36.3382],[59.63411,36.3383],[59.63399,36.33838],[59.63388,36.33827]]]}},{"type":"Feature","properties":{"name":"پارک جنگلی ده متری بلال"},"geometry":{"type":"Polygon","coordinates":[[[59.62994,36.32618],[59.63006,36.32665],[59.62885,36.32671],[59.62994,36.32618]]]}},{"type":"Feature","properties":{"name":"بوستان غدیر"},"geometry":{"type":"Polygon","coordinates":[[[59.63086,36.26722],[59.63174,36.26671],[59.63226,36.26737],[59.63186,36.2676],[59.63179,36.26753],[59.63148,36.26772],[59.6313,36.26773],[59.63086,36.26722]]]}},{"type":"Feature","properties":{"name":"بوستان گلشید"},"geometry":{"type":"Polygon","coordinates":[[[59.62624,36.26838],[59.6264,36.26856],[59.62646,36.26863],[59.62654,36.26873],[59.62662,36.26868],[59.62729,36.26831],[59.62724,36.26826],[59.62699,36.26797],[59.62688,36.26803],[59.62646,36.26826],[59.62628,36.26836],[59.62624,36.26838]]]}},{"type":"Feature","properties":{"name":"بوستان زیبا"},"geometry":{"type":"Polygon","coordinates":[[[59.54627,36.32882],[59.54668,36.32875],[59.54698,36.32985],[59.54657,36.32992],[59.54627,36.32882]]]}},{"type":"Feature","properties":{},"geometry":{"type":"Polygon","coordinates":[[[59.58589,36.34705],[59.58799,36.348],[59.58728,36.34734],[59.58656,36.34666],[59.58589,36.34705]]]}},{"type":"Feature","properties":{},"geometry":{"type":"Polygon","coordinates":[[[59.61464,36.32484],[59.61509,36.32467],[59.61528,36.325],[59.61481,36.3252],[59.61464,36.32484]]]}},{"type":"Feature","properties":{"name":"بوستان پونه"},"geometry":{"type":"Polygon","coordinates":[[[59.61654,36.32664],[59.61627,36.3262],[59.61671,36.32602],[59.61694,36.32593],[59.61719,36.32583],[59.61734,36.32577],[59.61749,36.32602],[59.61761,36.32622],[59.61745,36.32628],[59.61721,36.32638],[59.61697,36.32647],[59.61654,36.32664]]]}},{"type":"Feature","properties":{"name":"بوستان نگین"},"geometry":{"type":"Polygon","coordinates":[[[59.63754,36.33444],[59.63798,36.33416],[59.63848,36.33467],[59.63804,36.33495],[59.63754,36.33444]]]}},{"type":"Feature","properties":{"name":"پارک نیلوفر"},"geometry":{"type":"Polygon","coordinates":[[[59.54918,36.32135],[59.54791,36.32142],[59.54794,36.32179],[59.54922,36.32172],[59.54918,36.32135]]]}},{"type":"Feature","properties":{"name":"پارک مینا"},"geometry":{"type":"Polygon","coordinates":[[[59.55258,36.32111],[59.55405,36.32103],[59.55408,36.32141],[59.55261,36.32149],[59.55258,36.32111]]]}},{"type":"Feature","properties":{"name":"پارک بنفشه"},"geometry":{"type":"Polygon","coordinates":[[[59.55899,36.32123],[59.55836,36.32128],[59.55844,36.32207],[59.55907,36.32203],[59.55899,36.32123]]]}},{"type":"Feature","properties":{},"geometry":{"type":"Polygon","coordinates":[[[59.56215,36.32183],[59.56298,36.32178],[59.56316,36.32348],[59.56232,36.32354],[59.56215,36.32183]]]}},{"type":"Feature","properties":{"name":"بوستان رسالت"},"geometry":{"type":"Polygon","coordinates":[[[59.5507,36.32768],[59.55051,36.32784],[59.54957,36.32808],[59.54919,36.32642],[59.54944,36.3264],[59.54988,36.32636],[59.54999,36.32635],[59.55009,36.32612],[59.55013,36.32658],[59.55055,36.32655],[59.5507,36.32768]]]}},{"type":"Feature","properties":{"name":"بوستان سمیه"},"geometry":{"type":"Polygon","coordinates":[[[59.55323,36.32819],[59.55392,36.32815],[59.55396,36.32853],[59.55339,36.32857],[59.55339,36.32851],[59.55326,36.32852],[59.55323,36.32819]]]}},{"type":"Feature","properties":{"name":"بوستان سمیه"},"geometry":{"type":"Polygon","coordinates":[[[59.55247,36.32825],[59.55308,36.32821],[59.55312,36.32861],[59.55279,36.32863],[59.55278,36.32852],[59.55251,36.32854],[59.55247,36.32825]]]}},{"type":"Feature","properties":{"name":"باغ موقوفه آستان قدس"},"geometry":{"type":"Polygon","coordinates":[[[59.55336,36.34657],[59.55426,36.35005],[59.55421,36.35012],[59.55043,36.35077],[59.55231,36.35801],[59.55246,36.35804],[59.55355,36.35685],[59.5542,36.35632],[59.55532,36.35558],[59.55879,36.35334],[59.55833,36.35281],[59.55826,36.3527],[59.55809,36.35217],[59.55863,36.35131],[59.5586,36.35089],[59.55862,36.35064],[59.55873,36.35041],[59.55893,36.35024],[59.55927,36.35017],[59.55968,36.35018],[59.5605,36.34873],[59.56103,36.34791],[59.55336,36.34657]]]}},{"type":"Feature","properties":{"name":"بوستان امیریه"},"geometry":{"type":"Polygon","coordinates":[[[59.58541,36.3429],[59.5851,36.34271],[59.58497,36.34263],[59.58451,36.34235],[59.58434,36.34225],[59.5844,36.34219],[59.58448,36.34211],[59.58465,36.34221],[59.58475,36.34227],[59.58502,36.34198],[59.58514,36.34185],[59.58529,36.34194],[59.58552,36.34207],[59.58567,36.34216],[59.58595,36.34233],[59.58574,36.34255],[59.58572,36.34257],[59.58558,36.34273],[59.58541,36.3429]]]}},{"type":"Feature","properties":{},"geometry":{"type":"Polygon","coordinates":[[[59.51866,36.36286],[59.51846,36.36286],[59.51826,36.36286],[59.51804,36.36286],[59.51795,36.36296],[59.51858,36.36329],[59.51871,36.36335],[59.51882,36.36341],[59.51888,36.36333],[59.51896,36.36324],[59.51862,36.36306],[59.51866,36.36286]]]}},{"type":"Feature","properties":{"name":"پارک شاهد"},"geometry":{"type":"Polygon","coordinates":[[[59.51547,36.35938],[59.51684,36.35936],[59.51688,36.35943],[59.51681,36.35959],[59.51678,36.35966],[59.51595,36.36073],[59.5152,36.36169],[59.51507,36.36167],[59.51499,36.36168],[59.5149,36.36169],[59.5147,36.36176],[59.51457,36.3617],[59.51502,36.36131],[59.51448,36.36093],[59.5145,36.35987],[59.51457,36.35978],[59.51463,36.35971],[59.51471,36.35967],[59.51547,36.35965],[59.51547,36.35938]]]}},{"type":"Feature","properties":{"name":"نغمه"},"geometry":{"type":"Polygon","coordinates":[[[59.53635,36.35772],[59.53636,36.35771],[59.53638,36.3577],[59.53639,36.35768],[59.5364,36.35766],[59.53641,36.35765],[59.53641,36.35763],[59.5364,36.35761],[59.53639,36.35759],[59.53638,36.35758],[59.53636,36.35756],[59.53634,36.35756],[59.53632,36.35755],[59.5363,36.35755],[59.53586,36.35734],[59.53609,36.35703],[59.53649,36.35722],[59.53647,36.35724],[59.53647,36.35726],[59.53646,36.35728],[59.53647,36.3573],[59.53647,36.35732],[59.53648,36.35733],[59.5365,36.35735],[59.53652,36.35736],[59.53654,36.35737],[59.53656,36.35737],[59.53659,36.35737],[59.53661,36.35737],[59.53663,36.35736],[59.53665,36.35735],[59.53667,36.35734],[59.53668,36.35732],[59.53669,36.3573],[59.5367,36.35728],[59.5367,36.35726],[59.53669,36.35725],[59.53668,36.35723],[59.53708,36.35742],[59.53705,36.35742],[59.53703,36.35742],[59.537,36.35743],[59.53698,36.35744],[59.53696,36.35745],[59.53695,36.35746],[59.53694,36.35748],[59.53693,36.3575],[59.53693,36.35752],[59.53694,36.35754],[59.53695,36.35756],[59.53696,36.35757],[59.53698,36.35759],[59.537,36.3576],[59.53702,36.35761],[59.53704,36.35761],[59.53707,36.35761],[59.53709,36.35761],[59.53711,36.3576],[59.53713,36.35759],[59.53715,36.35757],[59.53754,36.35775],[59.53729,36.35808],[59.53689,36.35789],[59.53689,36.35788],[59.53689,36.35786],[59.53689,36.35784],[59.53688,36.35782],[59.53687,36.35781],[59.53685,36.3578],[59.53683,36.35779],[59.53681,36.35778],[59.53679,36.35778],[59.53677,36.35778],[59.53675,36.35778],[59.53673,36.35779],[59.53671,36.3578],[59.5367,36.35781],[59.53668,36.35783],[59.53668,36.35785],[59.53667,36.35786],[59.53668,36.35788],[59.53635,36.35772]]]}},{"type":"Feature","properties":{},"geometry":{"type":"Polygon","coordinates":[[[59.53103,36.35783],[59.53143,36.35803],[59.5317,36.3577],[59.53129,36.35749],[59.53103,36.35783]]]}},{"type":"Feature","properties":{},"geometry":{"type":"Polygon","coordinates":[[[59.53107,36.35367],[59.53145,36.3532],[59.53298,36.35399],[59.53279,36.35422],[59.53196,36.3538],[59.53177,36.35403],[59.53107,36.35367]]]}},{"type":"Feature","properties":{"name":"بوستان لاله"},"geometry":{"type":"Polygon","coordinates":[[[59.53298,36.36149],[59.5328,36.36173],[59.53223,36.36144],[59.53241,36.3612],[59.53298,36.36149]]]}},{"type":"Feature","properties":{"name":"بوستان پروانه"},"geometry":{"type":"Polygon","coordinates":[[[59.49969,36.34896],[59.4999,36.34917],[59.49859,36.34981],[59.4977,36.35016],[59.49769,36.35065],[59.49927,36.35063],[59.49926,36.34966],[59.49968,36.34965],[59.49974,36.34965],[59.50014,36.3494],[59.50017,36.34939],[59.50014,36.34897],[59.49969,36.34896]]]}},{"type":"Feature","properties":{"name":"باغ آستان قدس"},"geometry":{"type":"Polygon","coordinates":[[[59.57953,36.28524],[59.58223,36.28617],[59.58229,36.28629],[59.5808,36.28907],[59.57819,36.28818],[59.57816,36.2881],[59.57811,36.28802],[59.57802,36.28796],[59.57953,36.28524]]]}},{"type":"Feature","properties":{},"geometry":{"type":"Polygon","coordinates":[[[59.54117,36.36405],[59.54185,36.36435],[59.54141,36.36509],[59.54069,36.3648],[59.54117,36.36405]]]}},{"type":"Feature","properties":{},"geometry":{"type":"Polygon","coordinates":[[[59.50757,36.33556],[59.5081,36.33538],[59.50821,36.33563],[59.50769,36.33579],[59.50757,36.33556]]]}},{"type":"Feature","properties":{},"geometry":{"type":"Polygon","coordinates":[[[59.5074,36.33562],[59.50752,36.33583],[59.50706,36.33599],[59.50695,36.33576],[59.5074,36.33562]]]}},{"type":"Feature","properties":{},"geometry":{"type":"Polygon","coordinates":[[[59.50688,36.33565],[59.50676,36.33541],[59.50727,36.33524],[59.50739,36.33548],[59.50688,36.33565]]]}},{"type":"Feature","properties":{},"geometry":{"type":"Polygon","coordinates":[[[59.50743,36.33546],[59.50731,36.33526],[59.50811,36.33499],[59.50821,36.33521],[59.50764,36.33543],[59.50743,36.33546]]]}},{"type":"Feature","properties":{},"geometry":{"type":"Polygon","coordinates":[[[59.57436,36.32657],[59.57392,36.32684],[59.57385,36.32701],[59.5739,36.32713],[59.5751,36.32829],[59.57799,36.33105],[59.57811,36.33093],[59.57845,36.33042],[59.57864,36.32992],[59.57875,36.32943],[59.57876,36.32901],[59.57868,36.3281],[59.57861,36.32746],[59.57795,36.32499],[59.57788,36.3249],[59.57781,36.32484],[59.57772,36.32479],[59.57749,36.32475],[59.5773,36.32471],[59.57709,36.32463],[59.5769,36.32452],[59.5767,36.32436],[59.57659,36.32422],[59.57652,36.32412],[59.57639,36.32404],[59.57626,36.324],[59.5761,36.32399],[59.5744,36.32408],[59.57461,36.32617],[59.57464,36.32618],[59.57472,36.32624],[59.57477,36.32632],[59.57477,36.3264],[59.57474,36.32649],[59.57467,36.32655],[59.57457,36.32659],[59.57446,36.3266],[59.57436,36.32657]]]}},{"type":"Feature","properties":{"name":"بوستان ایزدی"},"geometry":{"type":"Polygon","coordinates":[[[59.50306,36.307],[59.50269,36.30752],[59.50262,36.30763],[59.5026,36.30775],[59.5026,36.30784],[59.50263,36.30799],[59.50293,36.30846],[59.50301,36.30849],[59.50308,36.30849],[59.50387,36.30804],[59.50415,36.30779],[59.50414,36.30773],[59.50306,36.307]]]}},{"type":"Feature","properties":{},"geometry":{"type":"Polygon","coordinates":[[[59.58285,36.3289],[59.58262,36.3291],[59.58278,36.32921],[59.58266,36.32933],[59.58285,36.32948],[59.583,36.32937],[59.58314,36.32946],[59.58331,36.32932],[59.58319,36.32922],[59.58337,36.32906],[59.58315,36.32889],[59.583,36.32901],[59.58285,36.3289]]]}},{"type":"Feature","properties":{"name":"پارک شهرآرا"},"geometry":{"type":"Polygon","coordinates":[[[59.59658,36.24178],[59.5966,36.24181],[59.59674,36.24202],[59.59699,36.24238],[59.59701,36.24241],[59.59636,36.24243],[59.59573,36.24245],[59.59447,36.24248],[59.59445,36.24246],[59.5943,36.24223],[59.59419,36.24207],[59.59418,36.24204],[59.5959,36.24201],[59.596,36.24203],[59.59608,36.242],[59.59627,36.24191],[59.59658,36.24178]]]}},{"type":"Feature","properties":{},"geometry":{"type":"Polygon","coordinates":[[[59.53522,36.31453],[59.53527,36.31461],[59.53524,36.31468],[59.53533,36.31486],[59.53515,36.31507],[59.53403,36.31545],[59.53388,36.31521],[59.53338,36.31536],[59.53311,36.31545],[59.53283,36.31498],[59.53295,36.31493],[59.53434,36.31438],[59.53452,36.31454],[59.53457,36.31464],[59.53503,36.31448],[59.53508,36.31458],[59.53522,36.31453]]]}},{"type":"Feature","properties":{"name":"بوستان علوی"},"geometry":{"type":"Polygon","coordinates":[[[59.58963,36.30562],[59.59013,36.30548],[59.59035,36.30584],[59.5899,36.30604],[59.58963,36.30562]]]}},{"type":"Feature","properties":{},"geometry":{"type":"Polygon","coordinates":[[[59.58811,36.27666],[59.58879,36.2764],[59.58857,36.27602],[59.58789,36.27628],[59.58811,36.27666]]]}},{"type":"Feature","properties":{},"geometry":{"type":"Polygon","coordinates":[[[59.56924,36.27041],[59.56966,36.26981],[59.57006,36.26999],[59.56964,36.27059],[59.56924,36.27041]]]}},{"type":"Feature","properties":{},"geometry":{"type":"Polygon","coordinates":[[[59.57527,36.29694],[59.57687,36.29846],[59.57571,36.29911],[59.5756,36.29902],[59.57527,36.29921],[59.575,36.29897],[59.5747,36.29918],[59.57451,36.29901],[59.5743,36.29918],[59.57391,36.29881],[59.57504,36.29804],[59.57464,36.29769],[59.57492,36.2975],[59.57474,36.29735],[59.57527,36.29694]]]}},{"type":"Feature","properties":{"name":"بوستان ثامن"},"geometry":{"type":"Polygon","coordinates":[[[59.61858,36.23513],[59.61872,36.23465],[59.61942,36.23478],[59.61935,36.23504],[59.61928,36.23526],[59.61858,36.23513]]]}},{"type":"Feature","properties":{},"geometry":{"type":"Polygon","coordinates":[[[59.61084,36.22657],[59.61121,36.22584],[59.61225,36.22617],[59.61209,36.22648],[59.612,36.22667],[59.61198,36.22671],[59.61188,36.22691],[59.61121,36.22669],[59.61084,36.22657]]]}},{"type":"Feature","properties":{},"geometry":{"type":"Polygon","coordinates":[[[59.63231,36.26403],[59.63362,36.26284],[59.63372,36.2628],[59.63403,36.26306],[59.63231,36.26403]]]}},{"type":"Feature","properties":{},"geometry":{"type":"Polygon","coordinates":[[[59.63619,36.26375],[59.6368,36.26338],[59.63721,36.26382],[59.63688,36.26402],[59.63676,36.26389],[59.63648,36.26406],[59.63619,36.26375]]]}},{"type":"Feature","properties":{},"geometry":{"type":"Polygon","coordinates":[[[59.60295,36.31818],[59.60373,36.31793],[59.60386,36.31819],[59.60304,36.31839],[59.60295,36.31818]]]}},{"type":"Feature","properties":{},"geometry":{"type":"Polygon","coordinates":[[[59.61423,36.22045],[59.61451,36.22054],[59.61496,36.22067],[59.61517,36.22022],[59.61473,36.22008],[59.61445,36.22],[59.61435,36.22021],[59.61423,36.22045]]]}},{"type":"Feature","properties":{},"geometry":{"type":"Polygon","coordinates":[[[59.59064,36.29997],[59.59132,36.29974],[59.59176,36.30059],[59.59109,36.30082],[59.59064,36.29997]]]}},{"type":"Feature","properties":{"name":"بوستان ادبیات"},"geometry":{"type":"Polygon","coordinates":[[[59.58868,36.29478],[59.58903,36.29494],[59.5889,36.29509],[59.58862,36.29513],[59.58842,36.2952],[59.58834,36.29525],[59.58868,36.29478]]]}},{"type":"Feature","properties":{"name":"بوستان پیام"},"geometry":{"type":"Polygon","coordinates":[[[59.56447,36.31552],[59.56479,36.31582],[59.56573,36.31518],[59.56542,36.31488],[59.56447,36.31552]]]}},{"type":"Feature","properties":{"name":"بوستان گلریز"},"geometry":{"type":"Polygon","coordinates":[[[59.55681,36.31478],[59.55684,36.31512],[59.55704,36.31512],[59.55702,36.31477],[59.55681,36.31478]]]}},{"type":"Feature","properties":{"name":"بوستان یاسمن"},"geometry":{"type":"Polygon","coordinates":[[[59.55394,36.31494],[59.55422,36.31492],[59.55426,36.31535],[59.5543,36.31579],[59.55403,36.31581],[59.55398,36.31537],[59.55394,36.31494]]]}},{"type":"Feature","properties":{},"geometry":{"type":"Polygon","coordinates":[[[59.51915,36.31182],[59.51918,36.31265],[59.51923,36.31276],[59.51936,36.31287],[59.51946,36.3129],[59.51969,36.31292],[59.51982,36.31288],[59.51993,36.31281],[59.52,36.31271],[59.52003,36.31261],[59.52,36.31177],[59.51994,36.31167],[59.51984,36.31158],[59.51972,36.31154],[59.51959,36.31152],[59.51943,36.31155],[59.51929,36.31161],[59.5192,36.3117],[59.51915,36.31182]]]}},{"type":"Feature","properties":{},"geometry":{"type":"Polygon","coordinates":[[[59.51689,36.35791],[59.51687,36.357],[59.51762,36.35699],[59.51765,36.35789],[59.51689,36.35791]]]}},{"type":"Feature","properties":{"name":"بوستان شمشاد"},"geometry":{"type":"Polygon","coordinates":[[[59.53342,36.35735],[59.53434,36.35781],[59.53508,36.35683],[59.53374,36.35694],[59.53342,36.35735]]]}},{"type":"Feature","properties":{},"geometry":{"type":"Polygon","coordinates":[[[59.64152,36.26763],[59.64121,36.26725],[59.64066,36.26735],[59.64089,36.26771],[59.63959,36.26823],[59.63971,36.26836],[59.64152,36.26763]]]}},{"type":"Feature","properties":{},"geometry":{"type":"Polygon","coordinates":[[[59.50504,36.47952],[59.50675,36.48056],[59.50737,36.47989],[59.50584,36.47895],[59.50564,36.47884],[59.50504,36.47952]]]}},{"type":"Feature","properties":{},"geometry":{"type":"Polygon","coordinates":[[[59.52817,36.35589],[59.52776,36.35569],[59.5275,36.35604],[59.52791,36.35624],[59.52817,36.35589]]]}},{"type":"Feature","properties":{"name":"بوستان وحدت"},"geometry":{"type":"Polygon","coordinates":[[[59.62793,36.28358],[59.62775,36.28347],[59.6276,36.28329],[59.62636,36.28404],[59.62704,36.28473],[59.62756,36.28515],[59.62809,36.2855],[59.62865,36.28585],[59.62907,36.28609],[59.62946,36.28616],[59.62958,36.28615],[59.62998,36.28593],[59.6301,36.28583],[59.63027,36.28572],[59.63033,36.28573],[59.63063,36.28555],[59.63108,36.28527],[59.63114,36.28521],[59.63127,36.28512],[59.63141,36.28507],[59.63162,36.28491],[59.63189,36.2847],[59.63217,36.28443],[59.63241,36.28417],[59.63284,36.28357],[59.63303,36.28334],[59.63314,36.28322],[59.63307,36.2831],[59.63226,36.28305],[59.63067,36.28314],[59.63033,36.28318],[59.6299,36.28323],[59.62969,36.28323],[59.62953,36.2832],[59.62926,36.28299],[59.62923,36.28297],[59.62793,36.28358]]]}},{"type":"Feature","properties":{"name":"باغ آستان قدس رضوی"},"geometry":{"type":"Polygon","coordinates":[[[59.66117,36.26153],[59.66101,36.26145],[59.66056,36.26187],[59.65793,36.26084],[59.65742,36.26127],[59.65852,36.26272],[59.65839,36.26285],[59.65902,36.26398],[59.66117,36.26153]]]}},{"type":"Feature","properties":{"name":"بوستان کرامت"},"geometry":{"type":"Polygon","coordinates":[[[59.67599,36.24954],[59.67636,36.24983],[59.67606,36.24996],[59.6758,36.25012],[59.6754,36.25035],[59.67456,36.25081],[59.67374,36.2512],[59.67201,36.25195],[59.67058,36.25239],[59.66912,36.25277],[59.66815,36.25292],[59.66732,36.25303],[59.66682,36.25316],[59.66638,36.2532],[59.6661,36.2532],[59.66588,36.25316],[59.66574,36.25312],[59.6656,36.25307],[59.66545,36.25305],[59.66534,36.25307],[59.66526,36.2531],[59.66517,36.25314],[59.66505,36.25317],[59.66489,36.2532],[59.66472,36.25319],[59.66401,36.2531],[59.6634,36.25297],[59.66289,36.25282],[59.66242,36.25265],[59.66145,36.25223],[59.66095,36.25199],[59.66722,36.2444],[59.67599,36.24954]]]}},{"type":"Feature","properties":{"name":"بهشت امام علی"},"geometry":{"type":"Polygon","coordinates":[[[59.66525,36.18431],[59.66442,36.18323],[59.66423,36.18305],[59.66557,36.18213],[59.66621,36.1827],[59.66665,36.18237],[59.66683,36.18379],[59.66672,36.18379],[59.66658,36.18385],[59.66618,36.18373],[59.66584,36.18412],[59.66568,36.18422],[59.66552,36.18428],[59.66525,36.18431]]]}},{"type":"Feature","properties":{"name":"باغ استانداری"},"geometry":{"type":"Polygon","coordinates":[[[59.56413,36.30126],[59.56388,36.30069],[59.56389,36.30059],[59.56412,36.30019],[59.56418,36.30014],[59.56713,36.29921],[59.56758,36.30014],[59.56755,36.30019],[59.56413,36.30126]]]}},{"type":"Feature","properties":{"name":"بوستان رازی"},"geometry":{"type":"Polygon","coordinates":[[[59.59302,36.29044],[59.59265,36.2909],[59.5926,36.29071],[59.59278,36.29048],[59.59271,36.29043],[59.5932,36.28969],[59.59331,36.28982],[59.59302,36.29033],[59.59302,36.29044]]]}},{"type":"Feature","properties":{"name":"پارک خطی قره خان"},"geometry":{"type":"Polygon","coordinates":[[[59.57774,36.30142],[59.57762,36.30126],[59.5782,36.30108],[59.57842,36.30098],[59.57868,36.30089],[59.57904,36.30084],[59.57917,36.30101],[59.57877,36.3011],[59.57821,36.30127],[59.57774,36.30142]]]}},{"type":"Feature","properties":{"name":"پارک خطی قره خان"},"geometry":{"type":"Polygon","coordinates":[[[59.57945,36.3011],[59.57918,36.30076],[59.57948,36.30064],[59.57987,36.30058],[59.58004,36.30047],[59.58013,36.3005],[59.58029,36.30045],[59.58047,36.30044],[59.58053,36.30041],[59.58062,36.30064],[59.58047,36.30068],[59.58032,36.30063],[59.57967,36.30084],[59.57945,36.3011]]]}},{"type":"Feature","properties":{"name":"پارک خطی قره خان"},"geometry":{"type":"Polygon","coordinates":[[[59.58334,36.30065],[59.58349,36.30073],[59.58366,36.30049],[59.58372,36.30041],[59.58377,36.30034],[59.58384,36.30025],[59.58407,36.30027],[59.58419,36.3001],[59.58424,36.30002],[59.58427,36.29998],[59.58435,36.29987],[59.58431,36.29985],[59.58435,36.29981],[59.58438,36.29976],[59.58442,36.29971],[59.58447,36.29963],[59.5845,36.2996],[59.58455,36.29962],[59.58458,36.29958],[59.58465,36.29949],[59.58473,36.29937],[59.5848,36.29927],[59.58486,36.29918],[59.58497,36.29904],[59.58515,36.29907],[59.58524,36.29896],[59.58502,36.29885],[59.58485,36.29898],[59.58464,36.2991],[59.58441,36.29942],[59.58436,36.29963],[59.58421,36.29983],[59.58418,36.29985],[59.584,36.29995],[59.58392,36.3],[59.58377,36.30008],[59.58371,36.30012],[59.58334,36.30065]]]}},{"type":"Feature","properties":{"name":"بوستان رازی"},"geometry":{"type":"Polygon","coordinates":[[[59.59236,36.29085],[59.59256,36.29094],[59.59259,36.29099],[59.59243,36.29106],[59.59252,36.2912],[59.59236,36.29129],[59.59233,36.29134],[59.5922,36.29126],[59.59223,36.2912],[59.59213,36.29116],[59.59236,36.29085]]]}},{"type":"Feature","properties":{"name":"پارک خطی قره خان"},"geometry":{"type":"Polygon","coordinates":[[[59.57124,36.30359],[59.57101,36.30367],[59.57004,36.30432],[59.56986,36.30436],[59.56986,36.30449],[59.57012,36.30452],[59.57063,36.30414],[59.57091,36.30392],[59.57124,36.30359]]]}},{"type":"Feature","properties":{"name":"بوستان شهید کلاهدوز"},"geometry":{"type":"Polygon","coordinates":[[[59.57663,36.30154],[59.57652,36.30136],[59.57678,36.30129],[59.57704,36.30127],[59.57733,36.30131],[59.57745,36.30126],[59.57756,36.30142],[59.57717,36.30154],[59.57713,36.30148],[59.57687,36.30149],[59.57663,36.30154]]]}},{"type":"Feature","properties":{"name":"بوستان یاسمن"},"geometry":{"type":"Polygon","coordinates":[[[59.54662,36.33522],[59.54665,36.33535],[59.54822,36.33508],[59.55015,36.33475],[59.55012,36.33463],[59.54819,36.33495],[59.54662,36.33522]]]}},{"type":"Feature","properties":{"name":"بوستان یاسمین"},"geometry":{"type":"Polygon","coordinates":[[[59.54871,36.33665],[59.54845,36.3367],[59.54815,36.33556],[59.54841,36.33551],[59.54871,36.33665]]]}},{"type":"Feature","properties":{"name":"پارک لاله"},"geometry":{"type":"Polygon","coordinates":[[[59.49111,36.31549],[59.49044,36.31475],[59.49039,36.31458],[59.49043,36.31437],[59.49054,36.31426],[59.49076,36.31422],[59.49215,36.3142],[59.49216,36.31397],[59.49249,36.31395],[59.4925,36.31375],[59.49308,36.31369],[59.49308,36.31349],[59.49355,36.31341],[59.49356,36.31387],[59.49365,36.31387],[59.49366,36.31424],[59.49355,36.31424],[59.49358,36.31473],[59.49116,36.3148],[59.49138,36.3155],[59.49133,36.31555],[59.49123,36.31557],[59.49111,36.31549]]]}},{"type":"Feature","properties":{"name":"بوستان قائم"},"geometry":{"type":"Polygon","coordinates":[[[59.58241,36.30085],[59.58235,36.30073],[59.58209,36.30053],[59.58212,36.30047],[59.5824,36.3006],[59.58265,36.30065],[59.5825,36.30087],[59.58241,36.30085]]]}},{"type":"Feature","properties":{"name":"۵۱۲ دستگاه"},"geometry":{"type":"Polygon","coordinates":[[[59.56849,36.31772],[59.56937,36.31752],[59.57017,36.32058],[59.56877,36.32124],[59.5663,36.31898],[59.56736,36.31827],[59.56796,36.3179],[59.56849,36.31772]]]}},{"type":"Feature","properties":{"name":"آرامگاه خواجه ربیع"},"geometry":{"type":"Polygon","coordinates":[[[59.62951,36.3406],[59.62866,36.34115],[59.62774,36.34174],[59.62805,36.34205],[59.63047,36.34451],[59.63224,36.34337],[59.62951,36.3406]]]}},{"type":"Feature","properties":{"name":"بوستان رازی"},"geometry":{"type":"Polygon","coordinates":[[[59.59233,36.29134],[59.5922,36.29126],[59.59219,36.29128],[59.59187,36.29179],[59.5917,36.29203],[59.59148,36.29217],[59.59129,36.29242],[59.5914,36.29247],[59.59122,36.29276],[59.59132,36.2928],[59.59157,36.29238],[59.59161,36.29233],[59.59172,36.29221],[59.59178,36.29225],[59.59186,36.29218],[59.59192,36.29215],[59.59196,36.29208],[59.59239,36.29145],[59.59233,36.29134]]]}},{"type":"Feature","properties":{},"geometry":{"type":"Polygon","coordinates":[[[59.66374,36.28789],[59.6652,36.28752],[59.6653,36.28778],[59.66522,36.28785],[59.66526,36.28796],[59.66538,36.288],[59.6656,36.28861],[59.66449,36.28893],[59.66439,36.28861],[59.66444,36.28834],[59.66424,36.2882],[59.66405,36.28805],[59.66376,36.28793],[59.66374,36.28789]]]}},{"type":"Feature","properties":{"name":"بوستان رایا"},"geometry":{"type":"Polygon","coordinates":[[[59.5979,36.33385],[59.5979,36.33409],[59.59799,36.33423],[59.59974,36.33359],[59.59947,36.33332],[59.59895,36.33356],[59.59873,36.33333],[59.5979,36.33385]]]}},{"type":"Feature","properties":{"name":"بوستان فخر"},"geometry":{"type":"Polygon","coordinates":[[[59.56323,36.34447],[59.56348,36.34453],[59.56301,36.3451],[59.56273,36.34504],[59.56279,36.34477],[59.56248,36.3447],[59.56255,36.3444],[59.5626,36.34436],[59.56302,36.34443],[59.5631,36.34453],[59.56321,36.34455],[59.56323,36.34447]]]}},{"type":"Feature","properties":{},"geometry":{"type":"Polygon","coordinates":[[[59.52875,36.34249],[59.52888,36.34297],[59.52582,36.34354],[59.52569,36.34306],[59.52875,36.34249]]]}},{"type":"Feature","properties":{},"geometry":{"type":"Polygon","coordinates":[[[59.523,36.34013],[59.52615,36.33957],[59.52609,36.33934],[59.52318,36.3399],[59.523,36.34013]]]}},{"type":"Feature","properties":{"name":"بوستان مینا"},"geometry":{"type":"Polygon","coordinates":[[[59.51852,36.33719],[59.51867,36.3377],[59.52022,36.33742],[59.52008,36.3369],[59.51852,36.33719]]]}},{"type":"Feature","properties":{"name":"بوستان رضا"},"geometry":{"type":"Polygon","coordinates":[[[59.51045,36.33981],[59.5113,36.33965],[59.51097,36.33856],[59.51013,36.33873],[59.51045,36.33981]]]}},{"type":"Feature","properties":{},"geometry":{"type":"Polygon","coordinates":[[[59.52605,36.34168],[59.52618,36.34215],[59.52536,36.34229],[59.52523,36.34183],[59.52605,36.34168]]]}},{"type":"Feature","properties":{},"geometry":{"type":"Polygon","coordinates":[[[59.52459,36.34454],[59.52564,36.34435],[59.52577,36.34485],[59.52487,36.3448],[59.52446,36.34474],[59.52368,36.34458],[59.52351,36.34454],[59.5234,36.34446],[59.5233,36.34436],[59.52327,36.34425],[59.52392,36.34425],[59.52397,36.34442],[59.52459,36.34454]]]}},{"type":"Feature","properties":{},"geometry":{"type":"Polygon","coordinates":[[[59.52388,36.33692],[59.52449,36.3368],[59.52462,36.33724],[59.524,36.33736],[59.52388,36.33692]]]}},{"type":"Feature","properties":{},"geometry":{"type":"Polygon","coordinates":[[[59.52474,36.33676],[59.52536,36.33665],[59.52549,36.33709],[59.5253,36.33713],[59.52524,36.33689],[59.5248,36.33697],[59.52474,36.33676]]]}},{"type":"Feature","properties":{"name":"بوستان ابریشم"},"geometry":{"type":"Polygon","coordinates":[[[59.58549,36.33414],[59.58554,36.33464],[59.58559,36.33466],[59.58668,36.33459],[59.58668,36.33404],[59.58554,36.3341],[59.58549,36.33414]]]}},{"type":"Feature","properties":{"name":"بوستان نیلوفر آبی"},"geometry":{"type":"Polygon","coordinates":[[[59.51681,36.37399],[59.51698,36.37376],[59.51703,36.37376],[59.51708,36.37376],[59.51712,36.37375],[59.51716,36.37373],[59.5172,36.3737],[59.51723,36.37367],[59.51725,36.37363],[59.51726,36.3736],[59.51726,36.37356],[59.51725,36.37352],[59.51724,36.37348],[59.51721,36.37345],[59.51743,36.37316],[59.5176,36.37319],[59.51782,36.37321],[59.51805,36.3732],[59.51833,36.37314],[59.51847,36.37309],[59.51866,36.37299],[59.51882,36.37286],[59.51999,36.37347],[59.51811,36.37584],[59.51694,36.37523],[59.51704,36.37506],[59.51711,36.37488],[59.51713,36.37469],[59.51711,36.3745],[59.51705,36.37431],[59.51695,36.37414],[59.51681,36.37399]]]}},{"type":"Feature","properties":{"name":"پارک خطی قره خان"},"geometry":{"type":"Polygon","coordinates":[[[59.58069,36.3005],[59.58078,36.30038],[59.581,36.3004],[59.58116,36.30034],[59.5814,36.30036],[59.58162,36.30046],[59.5813,36.30057],[59.58116,36.3005],[59.58097,36.30052],[59.58069,36.3005]]]}},{"type":"Feature","properties":{},"geometry":{"type":"Polygon","coordinates":[[[59.38534,36.42888],[59.38475,36.42801],[59.38405,36.4283],[59.38465,36.42919],[59.38534,36.42888]]]}},{"type":"Feature","properties":{},"geometry":{"type":"Polygon","coordinates":[[[59.50235,36.33723],[59.50245,36.33725],[59.50254,36.3372],[59.50256,36.33712],[59.50252,36.33706],[59.50245,36.33703],[59.50235,36.33705],[59.5023,36.33709],[59.50229,36.33716],[59.50235,36.33723]]]}},{"type":"Feature","properties":{},"geometry":{"type":"Polygon","coordinates":[[[59.50312,36.33911],[59.50339,36.33919],[59.50346,36.33919],[59.5035,36.33916],[59.50363,36.33895],[59.50363,36.33891],[59.50359,36.33889],[59.50333,36.33881],[59.50326,36.33881],[59.50321,36.33884],[59.50309,36.33903],[59.50309,36.33908],[59.50312,36.33911]]]}},{"type":"Feature","properties":{"name":"پارک بانوان حجاب"},"geometry":{"type":"Polygon","coordinates":[[[59.58933,36.33775],[59.5896,36.33772],[59.58969,36.33776],[59.59061,36.33759],[59.5907,36.33762],[59.59082,36.33758],[59.59088,36.33757],[59.59096,36.33741],[59.59183,36.33713],[59.5919,36.33717],[59.59294,36.3369],[59.59301,36.33683],[59.59327,36.33673],[59.5935,36.33661],[59.5936,36.33663],[59.59393,36.33648],[59.59403,36.33633],[59.59414,36.33623],[59.59422,36.33633],[59.59464,36.33604],[59.59466,36.33593],[59.59477,36.3358],[59.59513,36.33557],[59.59748,36.33808],[59.59738,36.33832],[59.59649,36.33784],[59.59624,36.33777],[59.59592,36.33773],[59.59559,36.33774],[59.59527,36.33782],[59.59499,36.33794],[59.59476,36.33802],[59.59452,36.33802],[59.5943,36.33801],[59.59396,36.33803],[59.59368,36.3381],[59.59322,36.33829],[59.5931,36.33831],[59.59009,36.33844],[59.58997,36.33843],[59.58973,36.33838],[59.58949,36.33837],[59.58933,36.33775]]]}},{"type":"Feature","properties":{"name":"بوستان کاج"},"geometry":{"type":"Polygon","coordinates":[[[59.58396,36.31241],[59.58408,36.31258],[59.58334,36.31291],[59.58308,36.31256],[59.58396,36.31241]]]}},{"type":"Feature","properties":{},"geometry":{"type":"Polygon","coordinates":[[[59.53431,36.30306],[59.53352,36.30292],[59.53344,36.30288],[59.5334,36.30283],[59.53336,36.30277],[59.53334,36.3027],[59.53336,36.30257],[59.5334,36.30244],[59.53344,36.30239],[59.53349,36.30234],[59.5336,36.30231],[59.53368,36.3023],[59.53448,36.30244],[59.53456,36.30247],[59.53461,36.30253],[59.53465,36.30259],[59.53466,36.30266],[59.53464,36.30279],[59.53459,36.30292],[59.53454,36.30297],[59.53448,36.30302],[59.5344,36.30304],[59.53431,36.30306]]]}},{"type":"Feature","properties":{"name":"پینت بال ملت"},"geometry":{"type":"Polygon","coordinates":[[[59.53418,36.32105],[59.5341,36.32074],[59.53444,36.32067],[59.53452,36.321],[59.53418,36.32105]]]}},{"type":"Feature","properties":{},"geometry":{"type":"Polygon","coordinates":[[[59.53373,36.32113],[59.53364,36.3208],[59.53407,36.32073],[59.53416,36.32106],[59.53373,36.32113]]]}},{"type":"Feature","properties":{"name":"زمین فوتبال"},"geometry":{"type":"Polygon","coordinates":[[[59.53429,36.32308],[59.53398,36.3219],[59.53415,36.32172],[59.53435,36.32164],[59.53466,36.32164],[59.53489,36.32179],[59.53522,36.32292],[59.53514,36.32311],[59.53488,36.32325],[59.53456,36.32323],[59.53429,36.32308]]]}},{"type":"Feature","properties":{},"geometry":{"type":"Polygon","coordinates":[[[59.53434,36.32354],[59.53511,36.3234],[59.53531,36.32413],[59.53453,36.32427],[59.53434,36.32354]]]}},{"type":"Feature","properties":{"name":"زمین اسکیت"},"geometry":{"type":"Polygon","coordinates":[[[59.53382,36.32148],[59.53374,36.32118],[59.53451,36.32104],[59.5346,36.32135],[59.53382,36.32148]]]}},{"type":"Feature","properties":{"name":"بوستان سروش"},"geometry":{"type":"Polygon","coordinates":[[[59.52824,36.32879],[59.52809,36.32887],[59.52773,36.32891],[59.52672,36.32909],[59.52643,36.32911],[59.52637,36.32908],[59.52635,36.32904],[59.52643,36.32895],[59.52687,36.32879],[59.52855,36.32825],[59.52857,36.32831],[59.52848,36.32844],[59.52844,36.32855],[59.52838,36.32866],[59.52824,36.32879]]]}},{"type":"Feature","properties":{},"geometry":{"type":"Polygon","coordinates":[[[59.56179,36.31213],[59.56119,36.31159],[59.56121,36.31154],[59.5614,36.31147],[59.56148,36.31148],[59.56182,36.31208],[59.56179,36.31213]]]}},{"type":"Feature","properties":{"name":"باغ پرورش گل آستان قدس رضوی"},"geometry":{"type":"Polygon","coordinates":[[[59.57364,36.28798],[59.5741,36.28715],[59.57506,36.28749],[59.5746,36.28832],[59.57364,36.28798]]]}},{"type":"Feature","properties":{"name":"پارک کودک"},"geometry":{"type":"Polygon","coordinates":[[[59.60352,36.30514],[59.60467,36.3047],[59.6052,36.30529],[59.60488,36.30563],[59.60462,36.30554],[59.6044,36.30579],[59.60351,36.30519],[59.60352,36.30514]]]}},{"type":"Feature","properties":{"name":"بوستان ربیع"},"geometry":{"type":"Polygon","coordinates":[[[59.61124,36.32568],[59.61018,36.32613],[59.61013,36.32603],[59.61019,36.32595],[59.61108,36.32541],[59.61175,36.325],[59.6123,36.32467],[59.61271,36.32438],[59.61316,36.32399],[59.6135,36.32369],[59.61416,36.32319],[59.61466,36.32276],[59.61502,36.32246],[59.61568,36.32238],[59.61583,36.32247],[59.61467,36.32298],[59.61481,36.32319],[59.61371,36.32366],[59.61389,36.32398],[59.61287,36.3244],[59.61283,36.32451],[59.61291,36.32467],[59.61224,36.32493],[59.61216,36.32502],[59.61111,36.32544],[59.61124,36.32568]]]}},{"type":"Feature","properties":{},"geometry":{"type":"Polygon","coordinates":[[[59.61174,36.3286],[59.61151,36.32825],[59.61161,36.32817],[59.61373,36.32801],[59.613,36.32831],[59.61287,36.32813],[59.61174,36.3286]]]}},{"type":"Feature","properties":{"name":"پارک فجر"},"geometry":{"type":"Polygon","coordinates":[[[59.63298,36.32318],[59.63307,36.32328],[59.63375,36.32411],[59.63176,36.32512],[59.63174,36.32508],[59.63161,36.32493],[59.63153,36.32496],[59.6314,36.32474],[59.6312,36.32483],[59.63097,36.32493],[59.63073,36.3246],[59.63077,36.32458],[59.63095,36.32448],[59.63103,36.32445],[59.63146,36.32415],[59.63159,36.32406],[59.63214,36.3237],[59.63298,36.32318]]]}},{"type":"Feature","properties":{"name":"بوستان بلال"},"geometry":{"type":"Polygon","coordinates":[[[59.62926,36.32985],[59.62966,36.32981],[59.63,36.32977],[59.63015,36.33066],[59.62939,36.33059],[59.62933,36.33024],[59.62926,36.32985]]]}},{"type":"Feature","properties":{},"geometry":{"type":"Polygon","coordinates":[[[59.59961,36.26824],[59.59933,36.26852],[59.59934,36.26844],[59.59944,36.26828],[59.59947,36.2681],[59.59945,36.26792],[59.59936,36.26775],[59.59947,36.26758],[59.59948,36.26761],[59.5995,36.26764],[59.59953,36.26765],[59.59957,36.26766],[59.59961,36.26766],[59.59965,36.26765],[59.59968,36.26762],[59.59998,36.26782],[59.59999,36.26786],[59.59973,36.26812],[59.59971,36.2681],[59.59968,36.26809],[59.59964,36.26808],[59.59961,36.26809],[59.59958,36.2681],[59.59956,36.26812],[59.59954,36.26815],[59.59954,36.26818],[59.59956,36.26821],[59.59958,36.26823],[59.59961,36.26824]]]}},{"type":"Feature","properties":{},"geometry":{"type":"Polygon","coordinates":[[[59.59767,36.26797],[59.59734,36.26833],[59.59778,36.26864],[59.59752,36.26892],[59.59763,36.26895],[59.59789,36.26869],[59.59796,36.26863],[59.598,36.26856],[59.59802,36.26849],[59.598,36.26842],[59.5979,36.26822],[59.59787,36.268],[59.59794,36.26779],[59.59805,36.2676],[59.59805,36.26752],[59.59782,36.26773],[59.59787,36.26776],[59.59779,36.26784],[59.59781,36.26785],[59.59783,36.26787],[59.59784,36.2679],[59.59784,36.26792],[59.59783,36.26795],[59.59781,36.26797],[59.59778,36.26799],[59.59775,36.26799],[59.59771,36.26799],[59.59768,36.26798],[59.59767,36.26797]]]}},{"type":"Feature","properties":{},"geometry":{"type":"Polygon","coordinates":[[[59.59838,36.26717],[59.59823,36.26731],[59.59826,36.26735],[59.59831,36.26738],[59.59837,36.2674],[59.59843,36.26741],[59.59868,36.26738],[59.59892,36.26741],[59.59898,36.26741],[59.59903,36.2674],[59.59907,36.26738],[59.59911,36.26734],[59.59907,36.26735],[59.59904,36.26734],[59.59901,36.26733],[59.59898,36.26731],[59.59896,36.26729],[59.59896,36.26726],[59.59896,36.26723],[59.59898,36.26721],[59.599,36.26719],[59.59875,36.26701],[59.59872,36.267],[59.5987,36.26699],[59.59867,36.26699],[59.59864,36.267],[59.59862,36.26701],[59.59843,36.2672],[59.59838,36.26717]]]}},{"type":"Feature","properties":{},"geometry":{"type":"Polygon","coordinates":[[[59.59894,36.26877],[59.59837,36.26867],[59.59829,36.26868],[59.59821,36.2687],[59.59815,36.26873],[59.59805,36.26882],[59.59824,36.26895],[59.59827,36.26892],[59.59863,36.26918],[59.59889,36.26894],[59.59886,36.26892],[59.59884,36.26889],[59.59884,36.26885],[59.59884,36.26882],[59.59887,36.2688],[59.5989,36.26878],[59.59894,36.26877]]]}},{"type":"Feature","properties":{},"geometry":{"type":"Polygon","coordinates":[[[59.59277,36.26106],[59.59307,36.26142],[59.59324,36.2613],[59.59338,36.26117],[59.59311,36.261],[59.59277,36.26106]]]}},{"type":"Feature","properties":{},"geometry":{"type":"Polygon","coordinates":[[[59.59242,36.26046],[59.59223,36.26035],[59.59227,36.26027],[59.5924,36.26024],[59.59254,36.26034],[59.59242,36.26046]]]}},{"type":"Feature","properties":{},"geometry":{"type":"Polygon","coordinates":[[[59.59818,36.25568],[59.59819,36.25553],[59.59826,36.25544],[59.59842,36.25534],[59.59858,36.25531],[59.59878,36.25534],[59.59896,36.25544],[59.59906,36.25555],[59.59934,36.25586],[59.59941,36.25599],[59.59941,36.2561],[59.59938,36.25622],[59.59931,36.2563],[59.59917,36.25638],[59.59897,36.25643],[59.59882,36.25642],[59.59869,36.25635],[59.59855,36.25625],[59.59836,36.25604],[59.59822,36.25582],[59.59818,36.25568]]]}},{"type":"Feature","properties":{"name":"بوستان فرهیختگان"},"geometry":{"type":"Polygon","coordinates":[[[59.49756,36.35202],[59.49803,36.35202],[59.4985,36.35201],[59.4985,36.35174],[59.49796,36.35175],[59.49796,36.35156],[59.49758,36.35155],[59.49756,36.35202]]]}},{"type":"Feature","properties":{},"geometry":{"type":"Polygon","coordinates":[[[59.5675,36.28648],[59.5675,36.28637],[59.56778,36.28645],[59.56762,36.28646],[59.5675,36.28648]]]}},{"type":"Feature","properties":{},"geometry":{"type":"Polygon","coordinates":[[[59.56724,36.28625],[59.56728,36.28627],[59.56732,36.2863],[59.56735,36.28633],[59.56737,36.28637],[59.56738,36.28641],[59.56738,36.28645],[59.56737,36.28648],[59.56735,36.2865],[59.56731,36.2865],[59.56728,36.2865],[59.56724,36.28647],[59.56721,36.28642],[59.56719,36.28638],[59.56717,36.28634],[59.56717,36.2863],[59.56719,36.28627],[59.56721,36.28626],[59.56724,36.28625]]]}},{"type":"Feature","properties":{},"geometry":{"type":"Polygon","coordinates":[[[59.56724,36.28614],[59.56717,36.28615],[59.56718,36.28608],[59.56724,36.28599],[59.56723,36.28609],[59.56724,36.28614]]]}},{"type":"Feature","properties":{"name":"بوستان آبرود"},"geometry":{"type":"Polygon","coordinates":[[[59.50086,36.3086],[59.5007,36.3084],[59.50192,36.30777],[59.50197,36.30786],[59.50197,36.3079],[59.50195,36.30795],[59.5019,36.30799],[59.50086,36.3086]]]}},{"type":"Feature","properties":{"name":"پارک شهید فهمیده"},"geometry":{"type":"Polygon","coordinates":[[[59.62118,36.27937],[59.621,36.27916],[59.62086,36.27894],[59.62074,36.27868],[59.62063,36.27846],[59.6204,36.27809],[59.62026,36.27811],[59.61935,36.27914],[59.61936,36.27919],[59.61988,36.27956],[59.61992,36.27967],[59.61996,36.27985],[59.62048,36.27973],[59.62054,36.2798],[59.62118,36.27937]]]}},{"type":"Feature","properties":{"name":"بوستان بهشت"},"geometry":{"type":"Polygon","coordinates":[[[59.65226,36.29367],[59.65097,36.29363],[59.65066,36.29312],[59.65056,36.293],[59.65046,36.29288],[59.65042,36.29274],[59.6502,36.29272],[59.64967,36.29147],[59.64945,36.29092],[59.64969,36.29045],[59.65034,36.29027],[59.65061,36.2902],[59.65095,36.29023],[59.65204,36.29035],[59.65271,36.2904],[59.65382,36.2905],[59.65597,36.29074],[59.65633,36.2909],[59.65621,36.29097],[59.65622,36.29124],[59.65636,36.2914],[59.65635,36.29157],[59.65599,36.29249],[59.65432,36.29205],[59.65418,36.29224],[59.65357,36.29226],[59.65226,36.29367]]]}},{"type":"Feature","properties":{"name":"بوستان بسیج"},"geometry":{"type":"Polygon","coordinates":[[[59.6631,36.30429],[59.66319,36.30427],[59.66377,36.30454],[59.66398,36.30464],[59.66404,36.30462],[59.66421,36.30444],[59.66441,36.30418],[59.66466,36.30379],[59.6648,36.30344],[59.66489,36.30308],[59.66492,36.30271],[59.6649,36.30238],[59.66481,36.30202],[59.66473,36.30193],[59.66456,36.30185],[59.6644,36.3019],[59.66308,36.30128],[59.66306,36.3012],[59.66259,36.30097],[59.66251,36.301],[59.66119,36.30039],[59.66113,36.3004],[59.6599,36.30313],[59.66287,36.30462],[59.6629,36.30458],[59.6631,36.30429]]]}},{"type":"Feature","properties":{"name":"پارک زهیر"},"geometry":{"type":"Polygon","coordinates":[[[59.51564,36.35652],[59.51492,36.35653],[59.51492,36.35632],[59.51529,36.35632],[59.51529,36.35615],[59.51548,36.35614],[59.51548,36.3562],[59.51563,36.3562],[59.51564,36.35652]]]}},{"type":"Feature","properties":{"name":"پیچک"},"geometry":{"type":"Polygon","coordinates":[[[59.50516,36.31485],[59.50555,36.31535],[59.5045,36.31582],[59.50416,36.31544],[59.50516,36.31485]]]}},{"type":"Feature","properties":{},"geometry":{"type":"Polygon","coordinates":[[[59.52943,36.35699],[59.52918,36.35686],[59.52931,36.35669],[59.52927,36.35667],[59.52957,36.35628],[59.53014,36.35657],[59.53002,36.35672],[59.52983,36.35663],[59.52975,36.35658],[59.52946,36.35696],[59.52943,36.35699]]]}},{"type":"Feature","properties":{},"geometry":{"type":"Polygon","coordinates":[[[59.51521,36.3624],[59.51513,36.36242],[59.51504,36.36242],[59.51496,36.3624],[59.51489,36.36237],[59.51483,36.36232],[59.51479,36.36226],[59.51477,36.3622],[59.51477,36.36213],[59.51479,36.36207],[59.51484,36.36201],[59.51489,36.36196],[59.51497,36.36193],[59.51505,36.36191],[59.51513,36.36191],[59.51521,36.36193],[59.51528,36.36196],[59.51534,36.36201],[59.51538,36.36207],[59.5154,36.36213],[59.5154,36.3622],[59.51538,36.36226],[59.51534,36.36232],[59.51528,36.36237],[59.51521,36.3624]]]}},{"type":"Feature","properties":{},"geometry":{"type":"Polygon","coordinates":[[[59.51266,36.35936],[59.51263,36.35926],[59.51265,36.35916],[59.5127,36.35908],[59.51278,36.359],[59.51289,36.35896],[59.51301,36.35894],[59.51313,36.35895],[59.51324,36.35899],[59.51333,36.35906],[59.51339,36.35914],[59.51341,36.35924],[59.5134,36.35934],[59.51334,36.35943],[59.51326,36.3595],[59.51315,36.35954],[59.51304,36.35956],[59.51291,36.35955],[59.5128,36.35951],[59.51272,36.35944],[59.51266,36.35936]]]}},{"type":"Feature","properties":{"name":"بوستان پامچال"},"geometry":{"type":"Polygon","coordinates":[[[59.52545,36.35956],[59.52637,36.36004],[59.52669,36.35982],[59.52651,36.35957],[59.52632,36.35937],[59.52607,36.35957],[59.52561,36.35934],[59.52545,36.35956]]]}},{"type":"Feature","properties":{"name":"بوستان کاج"},"geometry":{"type":"Polygon","coordinates":[[[59.52089,36.36334],[59.52107,36.36311],[59.52174,36.36345],[59.52157,36.36368],[59.52089,36.36334]]]}},{"type":"Feature","properties":{"name":"مجموعه ورزشی بانوان"},"geometry":{"type":"Polygon","coordinates":[[[59.53557,36.32299],[59.53553,36.32285],[59.53548,36.3227],[59.5354,36.32248],[59.53538,36.32234],[59.53542,36.32225],[59.5355,36.32219],[59.53561,36.32215],[59.53569,36.32212],[59.53585,36.32215],[59.53594,36.32224],[59.53602,36.32236],[59.53606,36.32253],[59.53612,36.32269],[59.53616,36.32283],[59.5362,36.32293],[59.5363,36.32303],[59.53639,36.32316],[59.53641,36.3233],[59.5364,36.32334],[59.53636,36.32347],[59.53623,36.3236],[59.53609,36.32365],[59.53592,36.32365],[59.53578,36.3236],[59.53566,36.32352],[59.53555,36.32337],[59.53555,36.32324],[59.53556,36.32314],[59.53557,36.32309],[59.53557,36.32299]]]}},{"type":"Feature","properties":{"name":"بوستان رازقی"},"geometry":{"type":"Polygon","coordinates":[[[59.57783,36.34379],[59.57749,36.34356],[59.57802,36.34298],[59.57824,36.34311],[59.57895,36.34236],[59.57938,36.34262],[59.57783,36.34379]]]}},{"type":"Feature","properties":{"name":"بوستان پرنیان"},"geometry":{"type":"Polygon","coordinates":[[[59.59756,36.33372],[59.59566,36.33492],[59.59508,36.33437],[59.59615,36.33425],[59.59611,36.334],[59.59681,36.33393],[59.59679,36.33383],[59.59687,36.33382],[59.59684,36.33363],[59.59751,36.33356],[59.59756,36.33372]]]}},{"type":"Feature","properties":{},"geometry":{"type":"Polygon","coordinates":[[[59.4676,36.32229],[59.46774,36.32246],[59.46783,36.32242],[59.46807,36.32273],[59.46819,36.32288],[59.46788,36.32303],[59.4675,36.32321],[59.4674,36.32306],[59.46726,36.32313],[59.46694,36.32329],[59.4667,36.3234],[59.46651,36.32348],[59.46629,36.32352],[59.46612,36.32352],[59.46611,36.32335],[59.46618,36.32321],[59.46625,36.32308],[59.46637,36.32295],[59.46652,36.32283],[59.46673,36.32271],[59.46704,36.32256],[59.46755,36.32231],[59.4676,36.32229]]]}},{"type":"Feature","properties":{},"geometry":{"type":"Polygon","coordinates":[[[59.55582,36.27118],[59.55585,36.27121],[59.55657,36.27119],[59.55662,36.27116],[59.55642,36.2699],[59.55637,36.26987],[59.55582,36.26989],[59.5558,36.26992],[59.55582,36.27118]]]}},{"type":"Feature","properties":{},"geometry":{"type":"Polygon","coordinates":[[[59.553,36.2719],[59.55303,36.27261],[59.55309,36.27275],[59.55318,36.27283],[59.55329,36.27287],[59.55341,36.27288],[59.55353,36.27287],[59.55364,36.27283],[59.55374,36.27275],[59.55378,36.27267],[59.5538,36.2726],[59.55378,36.27186],[59.55374,36.27175],[59.55369,36.27168],[59.55359,36.27162],[59.55346,36.27157],[59.55336,36.27157],[59.55324,36.2716],[59.55314,36.27165],[59.55307,36.27171],[59.55303,36.27177],[59.55301,36.27183],[59.553,36.2719]]]}},{"type":"Feature","properties":{},"geometry":{"type":"Polygon","coordinates":[[[59.60603,36.24367],[59.60587,36.24358],[59.60563,36.2437],[59.60566,36.24374],[59.60493,36.24408],[59.60521,36.24419],[59.60536,36.24429],[59.60546,36.24438],[59.60561,36.24452],[59.60585,36.24404],[59.60585,36.24394],[59.60591,36.24382],[59.60599,36.24375],[59.60603,36.24367]]]}},{"type":"Feature","properties":{},"geometry":{"type":"Polygon","coordinates":[[[59.48492,36.31707],[59.48475,36.31699],[59.48462,36.31691],[59.48457,36.31687],[59.48453,36.31681],[59.48452,36.31675],[59.48455,36.31669],[59.48471,36.31662],[59.4848,36.3166],[59.48489,36.31659],[59.48496,36.31661],[59.48505,36.31666],[59.4851,36.3167],[59.48513,36.31677],[59.48515,36.31684],[59.48515,36.31691],[59.48513,36.31698],[59.48509,36.31703],[59.48501,36.31707],[59.48492,36.31707]]]}},{"type":"Feature","properties":{},"geometry":{"type":"Polygon","coordinates":[[[59.36711,36.31336],[59.36711,36.31331],[59.36713,36.31326],[59.36718,36.31323],[59.36728,36.31321],[59.36763,36.31321],[59.3678,36.31321],[59.36784,36.31325],[59.36786,36.3133],[59.36783,36.31334],[59.36775,36.31339],[59.36753,36.31343],[59.36733,36.31345],[59.36719,36.31343],[59.36712,36.3134],[59.36711,36.31336]]]}},{"type":"Feature","properties":{},"geometry":{"type":"Polygon","coordinates":[[[59.42097,36.32725],[59.41857,36.32604],[59.41844,36.32567],[59.41857,36.32529],[59.41868,36.32513],[59.41825,36.32451],[59.41793,36.32415],[59.41765,36.32343],[59.41782,36.3233],[59.41709,36.32219],[59.4155,36.3204],[59.41282,36.31869],[59.4114,36.31767],[59.41056,36.317],[59.41007,36.31599],[59.4096,36.31538],[59.40914,36.31516],[59.40858,36.31508],[59.40678,36.31621],[59.40634,36.31613],[59.40556,36.3157],[59.40504,36.31536],[59.40504,36.31456],[59.40504,36.31432],[59.40629,36.31439],[59.40757,36.31543],[59.40831,36.31504],[59.40742,36.31393],[59.40732,36.31341],[59.40656,36.31261],[59.40596,36.31224],[59.40604,36.31191],[59.40609,36.31173],[59.40602,36.31154],[59.40595,36.31137],[59.40501,36.31106],[59.40439,36.31076],[59.40408,36.31053],[59.40385,36.31008],[59.40289,36.31015],[59.40213,36.31078],[59.40222,36.31162],[59.40232,36.3123],[59.40266,36.3128],[59.40176,36.31263],[59.40059,36.3123],[59.40004,36.31292],[59.39785,36.31482],[59.39833,36.31515],[59.40039,36.31501],[59.4007,36.31527],[59.40297,36.31497],[59.40377,36.31568],[59.40461,36.31623],[59.4055,36.31661],[59.40629,36.3169],[59.40781,36.31732],[59.40844,36.31889],[59.40897,36.31925],[59.40933,36.31965],[59.41044,36.31952],[59.41038,36.31898],[59.41019,36.31851],[59.41051,36.31816],[59.41091,36.31838],[59.41072,36.31875],[59.41101,36.31923],[59.41154,36.31936],[59.4118,36.31967],[59.41183,36.32042],[59.41158,36.32073],[59.41102,36.32048],[59.41097,36.32108],[59.41074,36.32142],[59.41106,36.3225],[59.41062,36.32254],[59.41046,36.32301],[59.41092,36.32325],[59.41129,36.32346],[59.41156,36.32359],[59.4133,36.32423],[59.41423,36.32445],[59.41443,36.32409],[59.41569,36.32442],[59.41529,36.32484],[59.41621,36.32547],[59.41685,36.32498],[59.4175,36.3258],[59.41701,36.32619],[59.41744,36.32654],[59.41705,36.32684],[59.4186,36.32755],[59.41894,36.32718],[59.41927,36.32746],[59.41967,36.32765],[59.42009,36.32779],[59.42036,36.3278],[59.42097,36.32725]]]}},{"type":"Feature","properties":{"name":"قبرستان حصار گلستان"},"geometry":{"type":"Polygon","coordinates":[[[59.41007,36.32376],[59.41042,36.32322],[59.41046,36.32322],[59.41068,36.32335],[59.41109,36.32349],[59.41125,36.32356],[59.41174,36.3238],[59.41215,36.32389],[59.41209,36.32396],[59.41169,36.32447],[59.41165,36.32447],[59.4101,36.32383],[59.41007,36.32376]]]}},{"type":"Feature","properties":{"name":"باغ بزرک وکیل آباد"},"geometry":{"type":"Polygon","coordinates":[[[59.44617,36.33608],[59.44589,36.33573],[59.44577,36.33526],[59.44577,36.33514],[59.44551,36.33479],[59.4454,36.33441],[59.44512,36.33394],[59.44476,36.3337],[59.44455,36.33354],[59.44419,36.33294],[59.4442,36.33281],[59.44387,36.33266],[59.44374,36.3323],[59.44384,36.33198],[59.44415,36.33176],[59.44373,36.33128],[59.44303,36.33088],[59.44223,36.3305],[59.44167,36.33022],[59.44119,36.32998],[59.4406,36.32974],[59.4401,36.32925],[59.43978,36.32861],[59.43779,36.32863],[59.43712,36.32889],[59.43809,36.32939],[59.4386,36.33021],[59.43849,36.33028],[59.43755,36.33065],[59.43808,36.33099],[59.43851,36.33074],[59.43889,36.33085],[59.4389,36.33106],[59.43836,36.33109],[59.43887,36.33135],[59.439,36.3314],[59.43917,36.33144],[59.43994,36.33172],[59.44008,36.33177],[59.44081,36.33214],[59.44101,36.33229],[59.44132,36.3325],[59.44135,36.33259],[59.4413,36.33268],[59.44119,36.33277],[59.44106,36.3328],[59.44085,36.33274],[59.44037,36.33266],[59.4403,36.33267],[59.44025,36.3327],[59.44019,36.33278],[59.44022,36.33282],[59.44043,36.33292],[59.4415,36.33341],[59.44199,36.33378],[59.44177,36.33397],[59.44182,36.33435],[59.44187,36.33464],[59.4417,36.33468],[59.44114,36.3347],[59.44106,36.3348],[59.44066,36.33485],[59.44062,36.33491],[59.4408,36.33506],[59.44102,36.33511],[59.44147,36.33511],[59.44225,36.33535],[59.44238,36.33544],[59.44232,36.33557],[59.44202,36.33568],[59.4419,36.33589],[59.44208,36.33599],[59.44205,36.33611],[59.44162,36.33643],[59.44156,36.33657],[59.44128,36.33675],[59.44061,36.33698],[59.43976,36.33733],[59.43941,36.33758],[59.43937,36.33766],[59.43946,36.33775],[59.44022,36.3382],[59.44091,36.33842],[59.44095,36.33868],[59.44066,36.33903],[59.44162,36.33963],[59.44225,36.33986],[59.44229,36.33996],[59.44232,36.34051],[59.44223,36.34171],[59.44253,36.34212],[59.44288,36.34232],[59.44335,36.34252],[59.44371,36.34276],[59.44432,36.34291],[59.44482,36.34299],[59.44513,36.34287],[59.44528,36.34257],[59.44541,36.34202],[59.44564,36.34116],[59.44581,36.34085],[59.44468,36.3392],[59.44487,36.33888],[59.44529,36.33865],[59.44509,36.33827],[59.445,36.33801],[59.44493,36.33745],[59.44517,36.33716],[59.44543,36.33704],[59.44617,36.33608]]]}},{"type":"Feature","properties":{},"geometry":{"type":"Polygon","coordinates":[[[59.58019,36.34753],[59.58009,36.34753],[59.57841,36.34861],[59.57803,36.34869],[59.57776,36.3489],[59.57904,36.34851],[59.58049,36.34789],[59.58053,36.34781],[59.58019,36.34753]]]}},{"type":"Feature","properties":{},"geometry":{"type":"Polygon","coordinates":[[[59.57816,36.34138],[59.57813,36.34147],[59.57818,36.3416],[59.57829,36.34171],[59.57845,36.34178],[59.57861,36.34179],[59.57875,36.34174],[59.57938,36.34106],[59.57879,36.34071],[59.57816,36.34138]]]}},{"type":"Feature","properties":{},"geometry":{"type":"Polygon","coordinates":[[[59.58021,36.34742],[59.58052,36.34768],[59.58469,36.34508],[59.58446,36.34485],[59.58021,36.34742]]]}},{"type":"Feature","properties":{},"geometry":{"type":"Polygon","coordinates":[[[59.57895,36.34816],[59.57956,36.34749],[59.57978,36.34763],[59.57895,36.34816]]]}},{"type":"Feature","properties":{},"geometry":{"type":"Polygon","coordinates":[[[59.44921,36.34101],[59.4494,36.34138],[59.44907,36.34181],[59.44897,36.34183],[59.44845,36.34149],[59.44863,36.3413],[59.44906,36.34106],[59.44921,36.34101]]]}},{"type":"Feature","properties":{"name":"بوستان رز"},"geometry":{"type":"Polygon","coordinates":[[[59.62667,36.27823],[59.62735,36.27759],[59.62677,36.27718],[59.62707,36.2769],[59.62661,36.27657],[59.62518,36.27789],[59.62571,36.27826],[59.6259,36.27808],[59.62613,36.27787],[59.62667,36.27823]]]}},{"type":"Feature","properties":{"name":"بوستان ادیب"},"geometry":{"type":"Polygon","coordinates":[[[59.50508,36.35574],[59.50504,36.35526],[59.50547,36.35524],[59.50549,36.35571],[59.50508,36.35574]]]}},{"type":"Feature","properties":{},"geometry":{"type":"Polygon","coordinates":[[[59.5026,36.366],[59.50283,36.36601],[59.50281,36.36631],[59.50346,36.36634],[59.50348,36.36605],[59.50312,36.36603],[59.50314,36.36571],[59.50262,36.36568],[59.5026,36.366]]]}},{"type":"Feature","properties":{"name":"پارک ورزش زنبق"},"geometry":{"type":"Polygon","coordinates":[[[59.50248,36.36249],[59.50251,36.36199],[59.5015,36.36195],[59.50113,36.36244],[59.50248,36.36249]]]}},{"type":"Feature","properties":{"name":"پارک"},"geometry":{"type":"Polygon","coordinates":[[[59.50209,36.36557],[59.50279,36.3656],[59.50284,36.36494],[59.5018,36.3649],[59.50178,36.36524],[59.50212,36.36525],[59.50209,36.36557]]]}},{"type":"Feature","properties":{},"geometry":{"type":"Polygon","coordinates":[[[59.63088,36.29171],[59.63091,36.29201],[59.63091,36.2922],[59.63085,36.29244],[59.63089,36.29244],[59.63092,36.29237],[59.63096,36.2922],[59.631,36.29201],[59.63099,36.29171],[59.63076,36.29028],[59.6307,36.29026],[59.63065,36.2903],[59.63088,36.29171]]]}},{"type":"Feature","properties":{"name":"بوستان میرزا کوچک خان"},"geometry":{"type":"Polygon","coordinates":[[[59.63057,36.29124],[59.63014,36.29091],[59.63,36.29077],[59.62996,36.29066],[59.62996,36.29055],[59.63,36.29048],[59.63012,36.29041],[59.63048,36.29036],[59.63057,36.29124]]]}},{"type":"Feature","properties":{},"geometry":{"type":"Polygon","coordinates":[[[59.63028,36.28763],[59.63046,36.28899],[59.63051,36.289],[59.63054,36.28899],[59.6305,36.28864],[59.63049,36.2884],[59.63036,36.28762],[59.6303,36.28744],[59.6302,36.28722],[59.62997,36.28694],[59.62995,36.28696],[59.63015,36.28724],[59.63023,36.28745],[59.63028,36.28763]]]}},{"type":"Feature","properties":{},"geometry":{"type":"Polygon","coordinates":[[[59.6306,36.29],[59.63063,36.29021],[59.63068,36.29019],[59.63074,36.2902],[59.63062,36.28929],[59.63059,36.28927],[59.63055,36.28928],[59.63054,36.28935],[59.6306,36.28974],[59.6306,36.29]]]}},{"type":"Feature","properties":{"name":"بوستان افرا"},"geometry":{"type":"Polygon","coordinates":[[[59.64528,36.26808],[59.64549,36.26842],[59.64471,36.26874],[59.6445,36.26839],[59.64528,36.26808]]]}},{"type":"Feature","properties":{},"geometry":{"type":"Polygon","coordinates":[[[59.5645,36.27741],[59.56519,36.27766],[59.56479,36.2784],[59.56409,36.27816],[59.5645,36.27741]]]}},{"type":"Feature","properties":{},"geometry":{"type":"Polygon","coordinates":[[[59.56062,36.275],[59.56168,36.27492],[59.56162,36.27436],[59.56056,36.27443],[59.56062,36.275]]]}},{"type":"Feature","properties":{},"geometry":{"type":"Polygon","coordinates":[[[59.61803,36.32357],[59.61783,36.32314],[59.61801,36.32307],[59.61809,36.32327],[59.61823,36.3232],[59.61833,36.32344],[59.61803,36.32357]]]}},{"type":"Feature","properties":{"name":"بوستان ترنج"},"geometry":{"type":"Polygon","coordinates":[[[59.58638,36.3279],[59.58689,36.32855],[59.58632,36.32889],[59.586,36.32855],[59.58579,36.3283],[59.58638,36.3279]]]}},{"type":"Feature","properties":{},"geometry":{"type":"Polygon","coordinates":[[[59.62245,36.24365],[59.62232,36.24385],[59.62217,36.24411],[59.62214,36.24411],[59.62236,36.24305],[59.62248,36.24254],[59.6226,36.24229],[59.6227,36.24218],[59.62283,36.24208],[59.62304,36.24196],[59.62305,36.24198],[59.62286,36.24209],[59.62272,36.24221],[59.62269,36.24233],[59.62271,36.24248],[59.6228,36.24262],[59.62296,36.24273],[59.62314,36.24282],[59.62278,36.24312],[59.62292,36.24316],[59.62254,36.24353],[59.62245,36.24365]]]}},{"type":"Feature","properties":{},"geometry":{"type":"Polygon","coordinates":[[[59.62462,36.24176],[59.62372,36.24177],[59.62352,36.24171],[59.62335,36.2419],[59.62318,36.242],[59.62285,36.24223],[59.62281,36.24231],[59.62282,36.24242],[59.62285,36.24249],[59.62291,36.24256],[59.62299,36.24261],[59.62308,36.24268],[59.62318,36.24271],[59.62331,36.24272],[59.62344,36.24272],[59.62413,36.24219],[59.62462,36.24176]]]}},{"type":"Feature","properties":{"name":"پارک بانوان ریحانه"},"geometry":{"type":"Polygon","coordinates":[[[59.62062,36.24572],[59.61706,36.24931],[59.61548,36.25088],[59.61478,36.25157],[59.6145,36.2517],[59.61418,36.25169],[59.61391,36.25162],[59.61293,36.25104],[59.61227,36.25074],[59.61216,36.25062],[59.61213,36.25064],[59.61197,36.25043],[59.61191,36.25014],[59.6119,36.24992],[59.61205,36.24959],[59.6121,36.2496],[59.61217,36.24951],[59.6123,36.24938],[59.61321,36.24888],[59.61326,36.2489],[59.61345,36.24873],[59.61495,36.24788],[59.61585,36.24739],[59.61709,36.24674],[59.6181,36.24621],[59.61868,36.24584],[59.61927,36.24533],[59.61969,36.24491],[59.62062,36.24572]]]}},{"type":"Feature","properties":{},"geometry":{"type":"Polygon","coordinates":[[[59.50269,36.31457],[59.50267,36.31456],[59.50265,36.31454],[59.50264,36.31451],[59.50264,36.31449],[59.50265,36.31447],[59.50267,36.31444],[59.50269,36.31443],[59.50272,36.31442],[59.50275,36.31441],[59.50278,36.31441],[59.5028,36.31442],[59.50283,36.31443],[59.50285,36.31445],[59.50286,36.31447],[59.50287,36.31449],[59.50287,36.31452],[59.50286,36.31454],[59.50285,36.31456],[59.50283,36.31458],[59.5028,36.31459],[59.50277,36.31459],[59.50274,36.31459],[59.50271,36.31459],[59.50269,36.31457]]]}},{"type":"Feature","properties":{},"geometry":{"type":"Polygon","coordinates":[[[59.50411,36.3187],[59.5041,36.31866],[59.50411,36.31861],[59.50414,36.31858],[59.50419,36.31855],[59.50424,36.31854],[59.50429,36.31855],[59.50434,36.31857],[59.50438,36.3186],[59.5044,36.31863],[59.5044,36.31868],[59.50439,36.31872],[59.50436,36.31875],[59.50432,36.31878],[59.50427,36.31879],[59.50421,36.31878],[59.50416,36.31877],[59.50413,36.31874],[59.50411,36.3187]]]}},{"type":"Feature","properties":{},"geometry":{"type":"Polygon","coordinates":[[[59.59687,36.34555],[59.59682,36.34554],[59.59677,36.34552],[59.59673,36.3455],[59.59669,36.34546],[59.59665,36.3454],[59.59663,36.34533],[59.59665,36.34527],[59.59668,36.34521],[59.59673,36.34516],[59.5968,36.34512],[59.59687,36.3451],[59.59696,36.3451],[59.59704,36.34513],[59.59713,36.34518],[59.59718,36.34525],[59.59719,36.34532],[59.59719,36.34538],[59.59716,36.34544],[59.59711,36.34549],[59.59705,36.34552],[59.59699,36.34554],[59.59693,36.34555],[59.59687,36.34555]]]}},{"type":"Feature","properties":{},"geometry":{"type":"Polygon","coordinates":[[[59.59345,36.34955],[59.59319,36.3493],[59.59354,36.34906],[59.5938,36.3493],[59.59345,36.34955]]]}},{"type":"Feature","properties":{},"geometry":{"type":"Polygon","coordinates":[[[59.62585,36.21416],[59.62596,36.21433],[59.62616,36.21465],[59.62666,36.2152],[59.627,36.2149],[59.62746,36.21457],[59.62739,36.21452],[59.62712,36.21455],[59.6268,36.21452],[59.62648,36.21444],[59.6262,36.21429],[59.62596,36.21411],[59.62585,36.21416]]]}},{"type":"Feature","properties":{"name":"آرامستان بهشت رضا"},"geometry":{"type":"Polygon","coordinates":[[[59.70452,36.17046],[59.70499,36.16984],[59.70692,36.16851],[59.70757,36.16813],[59.70832,36.1679],[59.7085,36.16775],[59.70852,36.1676],[59.70367,36.16282],[59.70334,36.16249],[59.70314,36.16228],[59.70029,36.15947],[59.70017,36.15934],[59.70011,36.15928],[59.69404,36.16332],[59.69405,36.16341],[59.69404,36.16345],[59.69401,36.16364],[59.69398,36.16368],[59.6939,36.16378],[59.69384,36.16386],[59.69369,36.16379],[59.69356,36.16376],[59.69323,36.1639],[59.69287,36.16411],[59.69285,36.16443],[59.69063,36.16591],[59.69037,36.16587],[59.69024,36.16586],[59.69008,36.16585],[59.68998,36.16589],[59.68998,36.16597],[59.68998,36.16603],[59.68604,36.16865],[59.6859,36.16862],[59.68569,36.16874],[59.68579,36.16878],[59.68619,36.16895],[59.69103,36.17096],[59.69115,36.17101],[59.6916,36.1712],[59.69155,36.17127],[59.69275,36.17175],[59.69296,36.17185],[59.69317,36.17193],[59.69794,36.17389],[59.698,36.17388],[59.69805,36.17386],[59.69936,36.17231],[59.69943,36.17226],[59.69952,36.17223],[59.69963,36.17224],[59.70023,36.17234],[59.70037,36.17235],[59.70048,36.17233],[59.70058,36.17228],[59.7014,36.17171],[59.70164,36.17153],[59.7017,36.17148],[59.70177,36.17147],[59.70182,36.17148],[59.70202,36.17161],[59.70267,36.17195],[59.70274,36.17197],[59.70279,36.17198],[59.70285,36.17197],[59.70291,36.17197],[59.70298,36.17198],[59.70315,36.17203],[59.70333,36.17206],[59.70472,36.17214],[59.70519,36.17216],[59.70522,36.17217],[59.70551,36.17202],[59.70569,36.17184],[59.70581,36.17157],[59.70575,36.17143],[59.70452,36.17046]]]}},{"type":"Feature","properties":{"name":"بوستان شب بو"},"geometry":{"type":"Polygon","coordinates":[[[59.64242,36.26025],[59.64198,36.26005],[59.64254,36.25969],[59.64296,36.25978],[59.64296,36.25992],[59.64242,36.26025]]]}},{"type":"Feature","properties":{},"geometry":{"type":"Polygon","coordinates":[[[59.57745,36.32438],[59.5777,36.32445],[59.57789,36.32446],[59.57812,36.32444],[59.57833,36.32439],[59.57847,36.32433],[59.57872,36.32415],[59.57889,36.32391],[59.57895,36.32364],[59.57891,36.32337],[59.57887,36.32329],[59.57873,36.3231],[59.57854,36.32295],[59.5783,36.32284],[59.57804,36.32278],[59.57776,36.32278],[59.5775,36.32284],[59.57726,36.32295],[59.57707,36.32311],[59.57694,36.3233],[59.57687,36.32351],[59.57686,36.3236],[59.57686,36.3237],[59.57692,36.32391],[59.57704,36.3241],[59.57722,36.32426],[59.57745,36.32438]]]}},{"type":"Feature","properties":{"name":"بوستان سرور"},"geometry":{"type":"Polygon","coordinates":[[[59.59828,36.24004],[59.59848,36.24032],[59.60042,36.23941],[59.60016,36.23904],[59.60013,36.23905],[59.60008,36.23907],[59.59994,36.23914],[59.59948,36.23935],[59.59917,36.2395],[59.59923,36.23959],[59.5992,36.23961],[59.59869,36.23985],[59.59828,36.24004]]]}},{"type":"Feature","properties":{},"geometry":{"type":"Polygon","coordinates":[[[59.67013,36.30548],[59.67063,36.30401],[59.67136,36.30431],[59.67138,36.30439],[59.67102,36.30525],[59.67095,36.3056],[59.67088,36.30574],[59.67078,36.30575],[59.67013,36.30548]]]}},{"type":"Feature","properties":{},"geometry":{"type":"Polygon","coordinates":[[[59.65847,36.30495],[59.65879,36.30515],[59.65883,36.30508],[59.65888,36.30504],[59.65896,36.30503],[59.65897,36.30498],[59.659,36.3047],[59.65876,36.30454],[59.65874,36.30465],[59.65867,36.30476],[59.65847,36.30495]]]}},{"type":"Feature","properties":{},"geometry":{"type":"Polygon","coordinates":[[[59.52412,36.3625],[59.52511,36.363],[59.52522,36.36311],[59.52525,36.36323],[59.52521,36.36338],[59.52513,36.3635],[59.52507,36.3636],[59.52493,36.36368],[59.52476,36.36371],[59.52458,36.36369],[59.52359,36.36319],[59.52352,36.36312],[59.52349,36.363],[59.52349,36.36287],[59.52353,36.36273],[59.52361,36.36261],[59.52374,36.36253],[59.52388,36.36249],[59.52402,36.36248],[59.52412,36.3625]]]}},{"type":"Feature","properties":{},"geometry":{"type":"Polygon","coordinates":[[[59.52602,36.36361],[59.52567,36.36342],[59.52598,36.36305],[59.52633,36.36323],[59.52602,36.36361]]]}},{"type":"Feature","properties":{},"geometry":{"type":"Polygon","coordinates":[[[59.65472,36.29043],[59.65463,36.29037],[59.65455,36.2903],[59.65451,36.29022],[59.65449,36.2901],[59.65454,36.28998],[59.65463,36.28989],[59.65471,36.28984],[59.65483,36.2898],[59.65599,36.28993],[59.6561,36.28998],[59.6562,36.29006],[59.65624,36.29017],[59.65624,36.29029],[59.65618,36.2904],[59.65611,36.29049],[59.656,36.29054],[59.65587,36.29056],[59.65472,36.29043]]]}},{"type":"Feature","properties":{},"geometry":{"type":"Polygon","coordinates":[[[59.64698,36.2664],[59.64729,36.26603],[59.64797,36.2664],[59.64766,36.26677],[59.64698,36.2664]]]}},{"type":"Feature","properties":{},"geometry":{"type":"Polygon","coordinates":[[[59.64662,36.26681],[59.64733,36.26721],[59.6476,36.26688],[59.64689,36.26649],[59.64662,36.26681]]]}},{"type":"Feature","properties":{"name":"بوستان اطلسی"},"geometry":{"type":"Polygon","coordinates":[[[59.52213,36.36542],[59.52228,36.3655],[59.5226,36.36565],[59.52272,36.36571],[59.52285,36.36556],[59.52297,36.36538],[59.52284,36.36532],[59.52238,36.36509],[59.52213,36.36542]]]}},{"type":"Feature","properties":{},"geometry":{"type":"Polygon","coordinates":[[[59.51801,36.36045],[59.51782,36.36036],[59.51782,36.36032],[59.5178,36.36022],[59.51774,36.36016],[59.51764,36.36014],[59.51754,36.36018],[59.5175,36.36025],[59.51751,36.36032],[59.51752,36.36035],[59.51737,36.36028],[59.51728,36.36024],[59.51631,36.36084],[59.51694,36.36003],[59.51725,36.35964],[59.51734,36.35951],[59.5175,36.35945],[59.51782,36.35933],[59.5183,36.35929],[59.51861,36.3593],[59.51889,36.35934],[59.51865,36.35964],[59.51846,36.35988],[59.51827,36.36012],[59.51801,36.36045]]]}},{"type":"Feature","properties":{},"geometry":{"type":"Polygon","coordinates":[[[59.6335,36.25643],[59.63375,36.25638],[59.63365,36.25602],[59.63341,36.25606],[59.6335,36.25643]]]}},{"type":"Feature","properties":{},"geometry":{"type":"Polygon","coordinates":[[[59.52522,36.35666],[59.52546,36.35678],[59.52567,36.35651],[59.52543,36.35639],[59.52522,36.35666]]]}},{"type":"Feature","properties":{},"geometry":{"type":"Polygon","coordinates":[[[59.66595,36.29373],[59.66569,36.29304],[59.66724,36.29267],[59.6675,36.29335],[59.66595,36.29373]]]}},{"type":"Feature","properties":{},"geometry":{"type":"Polygon","coordinates":[[[59.67714,36.30288],[59.67649,36.30277],[59.67667,36.3023],[59.67699,36.30239],[59.67717,36.30193],[59.67749,36.30201],[59.67714,36.30288]]]}},{"type":"Feature","properties":{"name":"بوستان آزادی"},"geometry":{"type":"Polygon","coordinates":[[[59.62878,36.33759],[59.62837,36.33714],[59.62813,36.33728],[59.62793,36.33705],[59.62852,36.33671],[59.62915,36.33743],[59.62878,36.33759]]]}},{"type":"Feature","properties":{},"geometry":{"type":"Polygon","coordinates":[[[59.63857,36.33727],[59.63857,36.33766],[59.63902,36.33728],[59.63961,36.33683],[59.63993,36.33666],[59.64019,36.33643],[59.64039,36.33607],[59.63857,36.33727]]]}},{"type":"Feature","properties":{"name":"بوستان سراج"},"geometry":{"type":"Polygon","coordinates":[[[59.62912,36.28648],[59.62758,36.28556],[59.62756,36.28561],[59.62795,36.28626],[59.62834,36.28612],[59.62859,36.28663],[59.62912,36.28648]]]}},{"type":"Feature","properties":{"name":"بوستان نیلوفر"},"geometry":{"type":"Polygon","coordinates":[[[59.61944,36.30369],[59.61953,36.30391],[59.6189,36.30412],[59.61863,36.30416],[59.61847,36.30412],[59.61944,36.30369]]]}},{"type":"Feature","properties":{"name":"پارک گلشهر"},"geometry":{"type":"Polygon","coordinates":[[[59.66622,36.29851],[59.66653,36.2978],[59.66569,36.29747],[59.6647,36.29761],[59.66622,36.29851]]]}},{"type":"Feature","properties":{"name":"پارک شباهنگ"},"geometry":{"type":"Polygon","coordinates":[[[59.51412,36.32817],[59.51401,36.32795],[59.51386,36.32765],[59.51435,36.32752],[59.51424,36.32811],[59.51412,36.32817]]]}},{"type":"Feature","properties":{"name":"بوستان سلام"},"geometry":{"type":"Polygon","coordinates":[[[59.61052,36.25723],[59.61009,36.25691],[59.61068,36.25632],[59.61072,36.25633],[59.61097,36.25608],[59.61098,36.25601],[59.61348,36.25353],[59.61374,36.25331],[59.61399,36.25322],[59.61423,36.25318],[59.61447,36.2532],[59.61471,36.25329],[59.61443,36.25353],[59.61431,36.25347],[59.61418,36.25352],[59.61118,36.2566],[59.61113,36.25657],[59.61085,36.25685],[59.6109,36.25688],[59.61052,36.25723]]]}},{"type":"Feature","properties":{"name":"پارک رستگار مقدم"},"geometry":{"type":"Polygon","coordinates":[[[59.64019,36.28969],[59.63992,36.28946],[59.63968,36.28917],[59.63948,36.28896],[59.63922,36.28885],[59.63927,36.28877],[59.63908,36.28835],[59.6399,36.28813],[59.63996,36.28811],[59.64126,36.28775],[59.64109,36.28831],[59.641,36.28832],[59.64088,36.28881],[59.64082,36.28909],[59.64062,36.28925],[59.64044,36.2895],[59.64019,36.28969]]]}},{"type":"Feature","properties":{"name":"بوستان رضائیه"},"geometry":{"type":"Polygon","coordinates":[[[59.63065,36.28823],[59.6306,36.2879],[59.63059,36.28784],[59.63066,36.2878],[59.63073,36.28776],[59.63081,36.28771],[59.63094,36.28764],[59.6314,36.2878],[59.63065,36.28823]]]}},{"type":"Feature","properties":{"name":"ایمان"},"geometry":{"type":"Polygon","coordinates":[[[59.59136,36.24908],[59.59129,36.24899],[59.59105,36.2487],[59.59061,36.24821],[59.59098,36.24822],[59.59188,36.24826],[59.59198,36.24832],[59.59221,36.24859],[59.59198,36.24873],[59.59136,36.24908]]]}},{"type":"Feature","properties":{},"geometry":{"type":"Polygon","coordinates":[[[59.60615,36.24677],[59.60568,36.24589],[59.60564,36.24579],[59.60566,36.24564],[59.60606,36.2449],[59.60637,36.2448],[59.60641,36.24481],[59.60643,36.24489],[59.60647,36.24496],[59.60665,36.24507],[59.60687,36.24511],[59.60697,36.24515],[59.60701,36.24521],[59.60702,36.24527],[59.60698,36.24536],[59.60638,36.24653],[59.60634,36.24651],[59.6062,36.24677],[59.60615,36.24677]]]}},{"type":"Feature","properties":{"name":"بوستان نرگس"},"geometry":{"type":"Polygon","coordinates":[[[59.50717,36.36624],[59.50739,36.36637],[59.50948,36.36501],[59.50879,36.36469],[59.50862,36.36491],[59.50872,36.36496],[59.50818,36.36565],[59.50717,36.36624]]]}},{"type":"Feature","properties":{},"geometry":{"type":"Polygon","coordinates":[[[59.51434,36.3699],[59.51429,36.36984],[59.51429,36.3698],[59.51431,36.36974],[59.51444,36.36958],[59.5145,36.36953],[59.51457,36.36951],[59.51463,36.36952],[59.51468,36.36957],[59.5147,36.36963],[59.51468,36.3697],[59.51459,36.36979],[59.51453,36.36982],[59.51451,36.36985],[59.51447,36.36989],[59.51442,36.36991],[59.51434,36.3699]]]}},{"type":"Feature","properties":{},"geometry":{"type":"Polygon","coordinates":[[[59.50857,36.30854],[59.50901,36.30884],[59.50915,36.3087],[59.50872,36.3084],[59.50857,36.30854]]]}},{"type":"Feature","properties":{},"geometry":{"type":"Polygon","coordinates":[[[59.51682,36.31384],[59.51663,36.31371],[59.5171,36.31337],[59.51759,36.31303],[59.51778,36.31295],[59.51805,36.31287],[59.51833,36.31284],[59.51893,36.31287],[59.51937,36.31327],[59.51873,36.31309],[59.51835,36.31302],[59.51809,36.31304],[59.51786,36.31312],[59.51768,36.31324],[59.51723,36.31351],[59.51682,36.31384]]]}},{"type":"Feature","properties":{},"geometry":{"type":"Polygon","coordinates":[[[59.50882,36.30387],[59.50901,36.3041],[59.50933,36.30449],[59.50937,36.30454],[59.51012,36.30414],[59.50983,36.30379],[59.5093,36.30407],[59.50904,36.30375],[59.50882,36.30387]]]}},{"type":"Feature","properties":{},"geometry":{"type":"Polygon","coordinates":[[[59.50677,36.30528],[59.50657,36.30503],[59.50711,36.30474],[59.50729,36.30498],[59.50677,36.30528]]]}},{"type":"Feature","properties":{},"geometry":{"type":"Polygon","coordinates":[[[59.51254,36.37391],[59.5123,36.37377],[59.51248,36.37356],[59.51272,36.37371],[59.51254,36.37391]]]}},{"type":"Feature","properties":{},"geometry":{"type":"Polygon","coordinates":[[[59.63016,36.34301],[59.62986,36.3427],[59.63021,36.34248],[59.63051,36.3428],[59.63016,36.34301]]]}},{"type":"Feature","properties":{},"geometry":{"type":"Polygon","coordinates":[[[59.62797,36.33673],[59.62786,36.33667],[59.62784,36.33657],[59.62795,36.33662],[59.62797,36.33673]]]}},{"type":"Feature","properties":{"name":"پارک سرو"},"geometry":{"type":"Polygon","coordinates":[[[59.6595,36.31294],[59.65864,36.31249],[59.65906,36.31204],[59.65921,36.31213],[59.65926,36.31208],[59.65969,36.31227],[59.65963,36.3124],[59.6599,36.31252],[59.6595,36.31294]]]}},{"type":"Feature","properties":{"name":"بوستان اقاقیا"},"geometry":{"type":"Polygon","coordinates":[[[59.66498,36.20393],[59.66673,36.20466],[59.66595,36.20589],[59.66403,36.20535],[59.66498,36.20393]]]}},{"type":"Feature","properties":{},"geometry":{"type":"Polygon","coordinates":[[[59.62916,36.20143],[59.62948,36.20182],[59.62874,36.20221],[59.62843,36.20183],[59.62813,36.20199],[59.62763,36.20139],[59.62906,36.20063],[59.62955,36.20122],[59.62916,36.20143]]]}},{"type":"Feature","properties":{"name":"پارک پروین اعتصامی"},"geometry":{"type":"Polygon","coordinates":[[[59.60891,36.25746],[59.60884,36.25751],[59.60878,36.25754],[59.60867,36.25754],[59.60855,36.25753],[59.60839,36.25748],[59.60831,36.25745],[59.60907,36.25665],[59.60904,36.25663],[59.60927,36.25638],[59.60952,36.25654],[59.60967,36.25639],[59.60964,36.25636],[59.6097,36.25631],[59.60988,36.25644],[59.60891,36.25746]]]}},{"type":"Feature","properties":{"name":"بهشت جوادالائمه"},"geometry":{"type":"Polygon","coordinates":[[[59.66446,36.18092],[59.66545,36.18199],[59.66051,36.18519],[59.65949,36.18415],[59.66446,36.18092]]]}},{"type":"Feature","properties":{},"geometry":{"type":"Polygon","coordinates":[[[59.64199,36.26114],[59.64102,36.26162],[59.64144,36.26218],[59.64206,36.26189],[59.64237,36.26189],[59.64252,36.2618],[59.64253,36.26168],[59.64199,36.26114]]]}},{"type":"Feature","properties":{},"geometry":{"type":"Polygon","coordinates":[[[59.63125,36.263],[59.63122,36.26258],[59.6315,36.26256],[59.63146,36.26214],[59.6321,36.2621],[59.63217,36.26285],[59.6318,36.26287],[59.6318,36.26296],[59.63125,36.263]]]}},{"type":"Feature","properties":{},"geometry":{"type":"Polygon","coordinates":[[[59.47872,36.35695],[59.479,36.35734],[59.47921,36.35763],[59.47947,36.35751],[59.47978,36.35737],[59.47962,36.35715],[59.47949,36.35696],[59.47932,36.35673],[59.47912,36.35683],[59.47909,36.35678],[59.47872,36.35695]]]}},{"type":"Feature","properties":{"name":"بوستان سنجاقک"},"geometry":{"type":"Polygon","coordinates":[[[59.19633,36.58376],[59.20052,36.57998],[59.20119,36.58025],[59.20196,36.58055],[59.20224,36.58075],[59.20234,36.58084],[59.20259,36.58116],[59.20274,36.5814],[59.20278,36.58165],[59.20277,36.58186],[59.20276,36.58193],[59.20263,36.58238],[59.2025,36.58265],[59.20209,36.58333],[59.20169,36.58322],[59.20126,36.58323],[59.20086,36.58334],[59.20053,36.58356],[59.2003,36.58385],[59.20021,36.58418],[59.19994,36.58458],[59.19954,36.58489],[59.19905,36.5851],[59.19849,36.58519],[59.1981,36.58516],[59.19772,36.58504],[59.19742,36.58484],[59.1972,36.58457],[59.19709,36.58432],[59.1969,36.58411],[59.19633,36.58376]]]}},{"type":"Feature","properties":{},"geometry":{"type":"Polygon","coordinates":[[[59.52638,36.29751],[59.52623,36.29761],[59.52617,36.29763],[59.52581,36.29785],[59.52557,36.29796],[59.52535,36.29813],[59.5247,36.29851],[59.52461,36.29843],[59.52473,36.29832],[59.52481,36.29839],[59.52498,36.29829],[59.52494,36.29826],[59.52517,36.29812],[59.52581,36.29764],[59.52586,36.2977],[59.52608,36.29756],[59.52602,36.29751],[59.52624,36.29737],[59.52638,36.29751]]]}},{"type":"Feature","properties":{"name":"بوستان نرگس"},"geometry":{"type":"Polygon","coordinates":[[[59.51547,36.30543],[59.51485,36.3053],[59.51436,36.30512],[59.51403,36.30495],[59.51364,36.30472],[59.51341,36.30457],[59.51363,36.30446],[59.51378,36.30462],[59.51402,36.30475],[59.51424,36.30466],[59.5144,36.30485],[59.51456,36.30477],[59.51474,36.30498],[59.51494,36.30487],[59.51511,36.30507],[59.51527,36.30499],[59.5156,36.30522],[59.51547,36.30543]]]}},{"type":"Feature","properties":{},"geometry":{"type":"Polygon","coordinates":[[[59.51348,36.30419],[59.51488,36.30327],[59.51505,36.30341],[59.51348,36.30419]]]}},{"type":"Feature","properties":{},"geometry":{"type":"Polygon","coordinates":[[[59.51529,36.30331],[59.51524,36.30326],[59.51633,36.3025],[59.51644,36.30261],[59.51622,36.3028],[59.51529,36.30331]]]}},{"type":"Feature","properties":{},"geometry":{"type":"Polygon","coordinates":[[[59.77034,36.36867],[59.76959,36.36832],[59.77011,36.36747],[59.77083,36.36769],[59.77082,36.36786],[59.77034,36.36867]]]}},{"type":"Feature","properties":{},"geometry":{"type":"Polygon","coordinates":[[[59.50877,36.34059],[59.50846,36.33964],[59.50927,36.33947],[59.50957,36.34042],[59.50877,36.34059]]]}},{"type":"Feature","properties":{},"geometry":{"type":"Polygon","coordinates":[[[59.50601,36.3479],[59.50597,36.3469],[59.50681,36.34688],[59.50685,36.34787],[59.50601,36.3479]]]}},{"type":"Feature","properties":{},"geometry":{"type":"Polygon","coordinates":[[[59.50493,36.34725],[59.50489,36.34627],[59.50573,36.34624],[59.50577,36.34723],[59.50493,36.34725]]]}},{"type":"Feature","properties":{},"geometry":{"type":"Polygon","coordinates":[[[59.56818,36.36001],[59.56683,36.35854],[59.56794,36.35785],[59.5686,36.35857],[59.56929,36.35933],[59.56818,36.36001]]]}},{"type":"Feature","properties":{"name":"Sanat Park"},"geometry":{"type":"Polygon","coordinates":[[[59.66566,36.45701],[59.66664,36.4596],[59.66566,36.45852],[59.66561,36.45846],[59.66549,36.45806],[59.66548,36.45789],[59.66566,36.45701]]]}},{"type":"Feature","properties":{},"geometry":{"type":"Polygon","coordinates":[[[59.56994,36.26796],[59.56948,36.26871],[59.56934,36.26876],[59.56915,36.26877],[59.569,36.26874],[59.56887,36.26865],[59.5688,36.26855],[59.56878,36.2684],[59.56926,36.26768],[59.56944,36.2676],[59.56962,36.26759],[59.56978,36.26766],[59.56988,36.26775],[59.56992,36.26784],[59.56994,36.26796]]]}},{"type":"Feature","properties":{},"geometry":{"type":"Polygon","coordinates":[[[59.56946,36.26912],[59.56948,36.26919],[59.56946,36.26925],[59.56942,36.26928],[59.56936,36.2693],[59.56929,36.26929],[59.56924,36.26927],[59.5692,36.26924],[59.56919,36.2692],[59.5692,36.26913],[59.56924,36.26909],[59.5693,36.26906],[59.56937,36.26906],[59.56943,36.26909],[59.56946,36.26912]]]}},{"type":"Feature","properties":{},"geometry":{"type":"Polygon","coordinates":[[[59.57063,36.26961],[59.57064,36.26968],[59.57062,36.26974],[59.57059,36.26976],[59.57053,36.26979],[59.57046,36.26978],[59.5704,36.26976],[59.57037,36.26972],[59.57035,36.26968],[59.57036,36.26962],[59.5704,36.26958],[59.57046,36.26955],[59.57053,36.26955],[59.57059,36.26958],[59.57063,36.26961]]]}},{"type":"Feature","properties":{},"geometry":{"type":"Polygon","coordinates":[[[59.47561,36.35332],[59.47621,36.35365],[59.47624,36.35336],[59.47561,36.35332]]]}},{"type":"Feature","properties":{},"geometry":{"type":"Polygon","coordinates":[[[59.47841,36.3548],[59.47842,36.35439],[59.47749,36.35434],[59.47841,36.3548]]]}},{"type":"Feature","properties":{},"geometry":{"type":"Polygon","coordinates":[[[59.68085,36.25897],[59.68059,36.25855],[59.68069,36.25826],[59.6811,36.25837],[59.68085,36.25897]]]}},{"type":"Feature","properties":{"name":"بوستان شقایق"},"geometry":{"type":"Polygon","coordinates":[[[59.65045,36.25618],[59.6504,36.25657],[59.65025,36.25657],[59.65006,36.25829],[59.64978,36.25828],[59.64954,36.25811],[59.64921,36.25809],[59.64923,36.25786],[59.64863,36.25783],[59.65045,36.25618]]]}},{"type":"Feature","properties":{"name":"پارک محله ی حافظ"},"geometry":{"type":"Polygon","coordinates":[[[59.49219,36.32583],[59.49213,36.32586],[59.49211,36.32589],[59.49212,36.32594],[59.49236,36.32644],[59.49297,36.32626],[59.49278,36.32584],[59.49272,36.3258],[59.49258,36.32574],[59.49253,36.32573],[59.49246,36.32574],[59.49219,36.32583]]]}},{"type":"Feature","properties":{},"geometry":{"type":"Polygon","coordinates":[[[59.77334,36.28567],[59.77318,36.28571],[59.77332,36.28606],[59.7733,36.28621],[59.77312,36.28638],[59.77292,36.28684],[59.77284,36.28733],[59.77373,36.28698],[59.77398,36.28679],[59.77425,36.28669],[59.77462,36.28625],[59.77477,36.28593],[59.77334,36.28567]]]}},{"type":"Feature","properties":{},"geometry":{"type":"Polygon","coordinates":[[[59.77528,36.28356],[59.77448,36.28364],[59.77403,36.28379],[59.77362,36.28404],[59.77348,36.28426],[59.77349,36.28461],[59.77347,36.28499],[59.77328,36.28517],[59.77307,36.28546],[59.77308,36.28566],[59.77316,36.28566],[59.77335,36.28562],[59.77482,36.28591],[59.77465,36.28626],[59.77428,36.28672],[59.77375,36.28706],[59.7729,36.28743],[59.77235,36.28754],[59.77236,36.2878],[59.77273,36.28805],[59.77213,36.28892],[59.7708,36.29005],[59.77011,36.29074],[59.77057,36.29092],[59.77094,36.29061],[59.77154,36.29045],[59.77229,36.29058],[59.77337,36.29013],[59.77348,36.28965],[59.7735,36.28936],[59.77483,36.28787],[59.775,36.28689],[59.77525,36.28651],[59.77547,36.28617],[59.77747,36.28449],[59.77774,36.28439],[59.77821,36.28445],[59.77835,36.28439],[59.77561,36.28351],[59.77528,36.28356]]]}},{"type":"Feature","properties":{"name":"بوستان مهر"},"geometry":{"type":"Polygon","coordinates":[[[59.64056,36.26959],[59.6409,36.26947],[59.64048,36.26874],[59.64015,36.26886],[59.64056,36.26959]]]}},{"type":"Feature","properties":{"name":"پارک کارمندان"},"geometry":{"type":"Polygon","coordinates":[[[59.64237,36.27188],[59.64214,36.27196],[59.64202,36.27172],[59.64222,36.27164],[59.64215,36.2715],[59.64236,36.27143],[59.64225,36.27125],[59.64254,36.27114],[59.64261,36.27132],[59.64283,36.27125],[59.64288,36.27136],[59.6433,36.27121],[59.64365,36.27186],[59.64321,36.27201],[59.64341,36.27245],[59.64312,36.27286],[59.64268,36.272],[59.64248,36.27206],[59.64237,36.27188]]]}},{"type":"Feature","properties":{},"geometry":{"type":"Polygon","coordinates":[[[59.64192,36.27174],[59.64205,36.272],[59.64058,36.27253],[59.64124,36.27168],[59.64136,36.27194],[59.64192,36.27174]]]}},{"type":"Feature","properties":{"name":"پارک آبرود"},"geometry":{"type":"Polygon","coordinates":[[[59.46916,36.33447],[59.46992,36.33423],[59.47011,36.33463],[59.46931,36.33489],[59.46919,36.33489],[59.4691,36.33483],[59.46916,36.33447]]]}},{"type":"Feature","properties":{"name":"بوستان یاقوت"},"geometry":{"type":"Polygon","coordinates":[[[59.49739,36.35149],[59.49743,36.35036],[59.49743,36.35035],[59.49728,36.35023],[59.49621,36.35022],[59.4962,36.35087],[59.49585,36.35087],[59.49542,36.35086],[59.49536,36.35155],[59.49509,36.35154],[59.49464,36.35152],[59.49463,36.35156],[59.49461,36.35188],[59.4943,36.35189],[59.4943,36.35208],[59.49504,36.3521],[59.49677,36.35118],[59.49739,36.35149]]]}},{"type":"Feature","properties":{"name":"آرامستان شهرک حجت"},"geometry":{"type":"Polygon","coordinates":[[[59.5569,36.36218],[59.55785,36.36319],[59.55737,36.36341],[59.55635,36.36254],[59.5569,36.36218]]]}},{"type":"Feature","properties":{},"geometry":{"type":"Polygon","coordinates":[[[59.47201,36.33168],[59.47249,36.33175],[59.4725,36.33152],[59.47201,36.33168]]]}},{"type":"Feature","properties":{},"geometry":{"type":"Polygon","coordinates":[[[59.4734,36.33425],[59.47336,36.33413],[59.47336,36.33405],[59.47373,36.3341],[59.47372,36.33414],[59.4734,36.33425]]]}},{"type":"Feature","properties":{"name":"سالن ورزشی چند منظوره"},"geometry":{"type":"Polygon","coordinates":[[[59.54951,36.28117],[59.54977,36.28097],[59.54931,36.28057],[59.54918,36.28064],[59.54903,36.28074],[59.54904,36.28075],[59.5491,36.2808],[59.5493,36.28097],[59.54951,36.28117]]]}},{"type":"Feature","properties":{},"geometry":{"type":"Polygon","coordinates":[[[59.4663,36.33685],[59.46619,36.33663],[59.46668,36.33672],[59.4663,36.33685]]]}},{"type":"Feature","properties":{},"geometry":{"type":"Polygon","coordinates":[[[59.46466,36.33675],[59.46451,36.33638],[59.46542,36.33651],[59.46466,36.33675]]]}},{"type":"Feature","properties":{},"geometry":{"type":"Polygon","coordinates":[[[59.4676,36.33583],[59.46769,36.33533],[59.46853,36.33548],[59.46853,36.33552],[59.4676,36.33583]]]}},{"type":"Feature","properties":{},"geometry":{"type":"Polygon","coordinates":[[[59.48232,36.34893],[59.4822,36.34882],[59.48252,36.34861],[59.48264,36.34873],[59.48232,36.34893]]]}},{"type":"Feature","properties":{},"geometry":{"type":"Polygon","coordinates":[[[59.4798,36.3498],[59.47966,36.34965],[59.48001,36.34944],[59.48014,36.34959],[59.4798,36.3498]]]}},{"type":"Feature","properties":{},"geometry":{"type":"Polygon","coordinates":[[[59.48089,36.35053],[59.48075,36.35039],[59.48108,36.35017],[59.48122,36.35031],[59.48089,36.35053]]]}},{"type":"Feature","properties":{},"geometry":{"type":"Polygon","coordinates":[[[59.47679,36.34996],[59.47698,36.34955],[59.47723,36.34902],[59.47748,36.34849],[59.47758,36.34862],[59.47761,36.34867],[59.47788,36.34903],[59.47759,36.3492],[59.47746,36.34928],[59.47733,36.34951],[59.47742,36.3496],[59.47722,36.34972],[59.47679,36.34996]]]}},{"type":"Feature","properties":{"name":"بوستان فلاح"},"geometry":{"type":"Polygon","coordinates":[[[59.49196,36.35783],[59.49172,36.35765],[59.49254,36.35723],[59.49258,36.35728],[59.49213,36.35781],[59.49208,36.35785],[59.49203,36.35785],[59.49196,36.35783]]]}},{"type":"Feature","properties":{},"geometry":{"type":"Polygon","coordinates":[[[59.498,36.35759],[59.49794,36.35743],[59.49832,36.35745],[59.49834,36.35749],[59.498,36.35759]]]}},{"type":"Feature","properties":{"name":"بوستان فروغ"},"geometry":{"type":"Polygon","coordinates":[[[59.49518,36.35703],[59.49519,36.35714],[59.49433,36.3582],[59.49308,36.35757],[59.49354,36.35701],[59.49372,36.35698],[59.49518,36.35703]]]}},{"type":"Feature","properties":{"name":"بوستان ریحان"},"geometry":{"type":"Polygon","coordinates":[[[59.49543,36.36142],[59.49446,36.36093],[59.49464,36.3607],[59.49512,36.36093],[59.4952,36.36082],[59.49571,36.36107],[59.49543,36.36142]]]}},{"type":"Feature","properties":{},"geometry":{"type":"Polygon","coordinates":[[[59.48816,36.36083],[59.48848,36.36085],[59.48904,36.36087],[59.48921,36.36088],[59.48922,36.36073],[59.48924,36.3605],[59.48848,36.36047],[59.48819,36.36046],[59.48818,36.36053],[59.48816,36.36083]]]}},{"type":"Feature","properties":{"name":"بوستان مهنه"},"geometry":{"type":"Polygon","coordinates":[[[59.49125,36.35917],[59.49139,36.35899],[59.49146,36.35896],[59.49155,36.35894],[59.49166,36.35894],[59.49178,36.35895],[59.49183,36.35897],[59.49239,36.35924],[59.49125,36.35917]]]}},{"type":"Feature","properties":{},"geometry":{"type":"Polygon","coordinates":[[[59.48497,36.3172],[59.48504,36.31752],[59.48508,36.31774],[59.48509,36.31746],[59.48509,36.31717],[59.48497,36.3172]]]}},{"type":"Feature","properties":{},"geometry":{"type":"Polygon","coordinates":[[[59.4863,36.31857],[59.48629,36.31898],[59.48632,36.31902],[59.48658,36.31902],[59.48662,36.31899],[59.48697,36.31861],[59.4863,36.31857]]]}},{"type":"Feature","properties":{},"geometry":{"type":"Polygon","coordinates":[[[59.48525,36.31734],[59.48529,36.31739],[59.48538,36.31742],[59.48531,36.31747],[59.48525,36.31753],[59.48526,36.31744],[59.48525,36.31734]]]}},{"type":"Feature","properties":{"name":"بوستان یاس"},"geometry":{"type":"Polygon","coordinates":[[[59.49838,36.36205],[59.49766,36.36167],[59.498,36.36126],[59.49833,36.36143],[59.49842,36.36131],[59.49882,36.36152],[59.49838,36.36205]]]}},{"type":"Feature","properties":{"name":"بوستان یاس"},"geometry":{"type":"Polygon","coordinates":[[[59.50127,36.36477],[59.5013,36.36418],[59.50081,36.36416],[59.50082,36.36387],[59.50044,36.36387],[59.50045,36.36358],[59.50075,36.36358],[59.50187,36.36419],[59.50243,36.36445],[59.50284,36.36459],[59.50311,36.36465],[59.50334,36.36468],[59.50338,36.36468],[59.50357,36.3649],[59.50356,36.365],[59.50335,36.36499],[59.50336,36.36482],[59.50312,36.36481],[59.50312,36.36489],[59.5025,36.36484],[59.50251,36.36457],[59.50204,36.36454],[59.50202,36.3648],[59.50127,36.36477]]]}},{"type":"Feature","properties":{"name":"بوستان پونه"},"geometry":{"type":"Polygon","coordinates":[[[59.49618,36.36201],[59.49564,36.362],[59.49557,36.36198],[59.49551,36.36196],[59.49548,36.36193],[59.49545,36.36188],[59.49542,36.36182],[59.49542,36.36179],[59.49549,36.36171],[59.4962,36.36175],[59.49618,36.36201]]]}},{"type":"Feature","properties":{},"geometry":{"type":"Polygon","coordinates":[[[59.49894,36.36962],[59.49885,36.36968],[59.49874,36.3697],[59.4982,36.36932],[59.49893,36.36934],[59.49894,36.36962]]]}},{"type":"Feature","properties":{},"geometry":{"type":"Polygon","coordinates":[[[59.50002,36.33053],[59.5001,36.33057],[59.50019,36.3306],[59.50029,36.33058],[59.50038,36.33054],[59.50044,36.33048],[59.50046,36.3304],[59.50045,36.33032],[59.5004,36.33026],[59.50032,36.33021],[59.50022,36.33019],[59.50013,36.3302],[59.50004,36.33024],[59.49998,36.3303],[59.49995,36.33038],[59.49997,36.33046],[59.50002,36.33053]]]}},{"type":"Feature","properties":{},"geometry":{"type":"Polygon","coordinates":[[[59.46787,36.36091],[59.46789,36.36086],[59.46792,36.36084],[59.46795,36.36083],[59.46799,36.36084],[59.46802,36.36086],[59.46804,36.36088],[59.46802,36.36094],[59.468,36.36096],[59.46797,36.36098],[59.46793,36.36098],[59.4679,36.36097],[59.46787,36.36094],[59.46787,36.36091]]]}},{"type":"Feature","properties":{},"geometry":{"type":"Polygon","coordinates":[[[59.4685,36.35879],[59.46849,36.35878],[59.46853,36.35863],[59.46855,36.35861],[59.46857,36.35861],[59.46867,36.35863],[59.46869,36.35864],[59.46869,36.35867],[59.46865,36.35881],[59.46862,36.35882],[59.4685,36.35879]]]}},{"type":"Feature","properties":{},"geometry":{"type":"Polygon","coordinates":[[[59.47008,36.35904],[59.47022,36.35856],[59.47064,36.35865],[59.47066,36.35871],[59.47055,36.35908],[59.47048,36.35912],[59.47008,36.35904]]]}},{"type":"Feature","properties":{},"geometry":{"type":"Polygon","coordinates":[[[59.46762,36.36006],[59.46777,36.35952],[59.46801,36.35957],[59.46786,36.3601],[59.46762,36.36006]]]}},{"type":"Feature","properties":{},"geometry":{"type":"Polygon","coordinates":[[[59.46811,36.3601],[59.4682,36.35977],[59.46823,36.35974],[59.46826,36.35974],[59.46832,36.35975],[59.46834,36.35977],[59.46835,36.35981],[59.46825,36.36012],[59.46823,36.36014],[59.4682,36.36015],[59.46815,36.36014],[59.46812,36.36013],[59.46811,36.3601]]]}},{"type":"Feature","properties":{},"geometry":{"type":"Polygon","coordinates":[[[59.46899,36.36239],[59.46901,36.36229],[59.46882,36.36226],[59.46891,36.36194],[59.46953,36.36206],[59.46943,36.36238],[59.46923,36.36234],[59.4692,36.36243],[59.46899,36.36239]]]}},{"type":"Feature","properties":{},"geometry":{"type":"Polygon","coordinates":[[[59.47248,36.35756],[59.47259,36.35719],[59.47312,36.35729],[59.47301,36.35767],[59.47248,36.35756]]]}},{"type":"Feature","properties":{},"geometry":{"type":"Polygon","coordinates":[[[59.47481,36.35804],[59.47485,36.35799],[59.47539,36.35835],[59.47537,36.35851],[59.47517,36.35847],[59.47524,36.3583],[59.47481,36.35804]]]}},{"type":"Feature","properties":{},"geometry":{"type":"Polygon","coordinates":[[[59.47773,36.34399],[59.4771,36.34419],[59.47725,36.3445],[59.47788,36.3443],[59.47773,36.34399]]]}},{"type":"Feature","properties":{},"geometry":{"type":"Polygon","coordinates":[[[59.47921,36.3448],[59.47908,36.34451],[59.47946,36.3444],[59.47935,36.34417],[59.47955,36.34411],[59.47949,36.34394],[59.47979,36.34384],[59.47974,36.3437],[59.47984,36.34366],[59.47987,36.34374],[59.47942,36.34458],[59.47921,36.3448]]]}},{"type":"Feature","properties":{"name":"پارک زمرد"},"geometry":{"type":"Polygon","coordinates":[[[59.48293,36.33646],[59.48301,36.33663],[59.48228,36.33687],[59.48194,36.33619],[59.48294,36.33586],[59.4832,36.33637],[59.48293,36.33646]]]}},{"type":"Feature","properties":{"name":"تربیت"},"geometry":{"type":"Polygon","coordinates":[[[59.48315,36.33589],[59.48307,36.33573],[59.48508,36.3351],[59.48516,36.33527],[59.48315,36.33589]]]}},{"type":"Feature","properties":{},"geometry":{"type":"Polygon","coordinates":[[[59.44386,36.43596],[59.44354,36.43571],[59.44394,36.43533],[59.44428,36.4356],[59.44386,36.43596]]]}},{"type":"Feature","properties":{"name":"بوستان آذر"},"geometry":{"type":"Polygon","coordinates":[[[59.48454,36.31653],[59.48442,36.31651],[59.48432,36.31646],[59.48381,36.31586],[59.48467,36.3157],[59.48481,36.31631],[59.48478,36.31641],[59.48472,36.31647],[59.48463,36.31651],[59.48454,36.31653]]]}},{"type":"Feature","properties":{},"geometry":{"type":"Polygon","coordinates":[[[59.47765,36.31794],[59.47669,36.31821],[59.47657,36.31821],[59.47645,36.31816],[59.47638,36.31811],[59.47632,36.31805],[59.47629,36.31796],[59.47629,36.31787],[59.47631,36.31779],[59.47636,36.31771],[59.4764,36.31768],[59.47742,36.31738],[59.47754,36.3174],[59.47762,36.31743],[59.4777,36.31749],[59.47775,36.31754],[59.47778,36.3176],[59.4778,36.31769],[59.47778,36.31778],[59.47772,36.31785],[59.47765,36.31794]]]}},{"type":"Feature","properties":{"name":"بوستان کوکب"},"geometry":{"type":"Polygon","coordinates":[[[59.49535,36.30845],[59.49587,36.30818],[59.49621,36.30861],[59.49569,36.30887],[59.49535,36.30845]]]}},{"type":"Feature","properties":{"name":"بوستان آلاله"},"geometry":{"type":"Polygon","coordinates":[[[59.55428,36.34349],[59.55409,36.34282],[59.55408,36.34276],[59.55411,36.34252],[59.55414,36.34204],[59.55426,36.34206],[59.55425,36.34218],[59.55429,36.34219],[59.55435,36.3422],[59.55443,36.34214],[59.55465,36.34218],[59.55454,36.34259],[59.55446,36.34285],[59.55428,36.34349]]]}},{"type":"Feature","properties":{"name":"بوستان محتشمی"},"geometry":{"type":"Polygon","coordinates":[[[59.57695,36.28939],[59.57623,36.28914],[59.5763,36.28902],[59.57702,36.28927],[59.57695,36.28939]]]}},{"type":"Feature","properties":{},"geometry":{"type":"Polygon","coordinates":[[[59.45707,36.34063],[59.45646,36.33932],[59.45623,36.33881],[59.45642,36.33875],[59.45726,36.34057],[59.45707,36.34063]]]}},{"type":"Feature","properties":{"name":"بوستان گلنار"},"geometry":{"type":"Polygon","coordinates":[[[59.49758,36.30637],[59.49723,36.30595],[59.49749,36.30581],[59.49783,36.30623],[59.49758,36.30637]]]}},{"type":"Feature","properties":{"name":"بوستان آسمان"},"geometry":{"type":"Polygon","coordinates":[[[59.49599,36.31154],[59.49594,36.31149],[59.49581,36.31136],[59.49552,36.31107],[59.49654,36.31056],[59.49724,36.31022],[59.49718,36.31014],[59.49739,36.31004],[59.49745,36.31012],[59.49749,36.31019],[59.49752,36.31028],[59.49753,36.31038],[59.49749,36.31048],[59.49744,36.31054],[59.49665,36.31102],[59.49641,36.3112],[59.49599,36.31154]]]}},{"type":"Feature","properties":{"name":"بوستان گلاب"},"geometry":{"type":"Polygon","coordinates":[[[59.49792,36.30557],[59.49827,36.30598],[59.49802,36.30612],[59.49767,36.30571],[59.49792,36.30557]]]}},{"type":"Feature","properties":{},"geometry":{"type":"Polygon","coordinates":[[[59.50709,36.28586],[59.5069,36.28583],[59.50676,36.28577],[59.5066,36.28572],[59.5064,36.28568],[59.50623,36.28568],[59.50607,36.28575],[59.50689,36.28613],[59.50709,36.28586]]]}},{"type":"Feature","properties":{"name":"بوستان پگاه"},"geometry":{"type":"Polygon","coordinates":[[[59.50449,36.29308],[59.50438,36.29324],[59.50433,36.29314],[59.50391,36.29331],[59.50383,36.29313],[59.50352,36.29326],[59.50357,36.29368],[59.50369,36.29363],[59.50384,36.29383],[59.50379,36.29386],[59.50394,36.29408],[59.50388,36.29412],[59.50419,36.29472],[59.50482,36.29448],[59.50485,36.29441],[59.50473,36.29422],[59.50466,36.29392],[59.50464,36.29371],[59.50466,36.29345],[59.50473,36.29322],[59.50483,36.29301],[59.50491,36.29284],[59.50496,36.29271],[59.50495,36.29258],[59.5049,36.29248],[59.50483,36.29243],[59.50473,36.29241],[59.50451,36.2925],[59.50462,36.29288],[59.50442,36.29294],[59.50449,36.29308]]]}},{"type":"Feature","properties":{},"geometry":{"type":"Polygon","coordinates":[[[59.49636,36.30663],[59.49622,36.30643],[59.49595,36.30656],[59.49593,36.30661],[59.49595,36.30665],[59.49607,36.30686],[59.49612,36.307],[59.49614,36.30706],[59.49619,36.30703],[59.49625,36.30699],[59.49633,36.30697],[59.49638,36.30695],[59.49621,36.30672],[59.49636,36.30663]]]}},{"type":"Feature","properties":{"name":"پارک"},"geometry":{"type":"Polygon","coordinates":[[[59.52336,36.29686],[59.52333,36.29683],[59.52326,36.29676],[59.52294,36.29646],[59.52292,36.29644],[59.52349,36.29605],[59.52345,36.29601],[59.52363,36.29588],[59.52385,36.29573],[59.52391,36.29579],[59.52403,36.29591],[59.52404,36.29592],[59.52383,36.29606],[59.52408,36.2963],[59.52412,36.29634],[59.52336,36.29686]]]}},{"type":"Feature","properties":{"name":"بوستان رز"},"geometry":{"type":"Polygon","coordinates":[[[59.51596,36.30128],[59.51572,36.30105],[59.51558,36.30091],[59.5153,36.30064],[59.51537,36.30059],[59.51552,36.30049],[59.51606,36.30013],[59.51616,36.30022],[59.51623,36.30029],[59.51644,36.30015],[59.51669,36.30039],[59.51673,36.30043],[59.51621,36.30078],[59.51641,36.30097],[59.51603,36.30123],[59.51596,36.30128]]]}},{"type":"Feature","properties":{},"geometry":{"type":"Polygon","coordinates":[[[59.54346,36.29123],[59.54331,36.29134],[59.54388,36.29184],[59.54404,36.29172],[59.54346,36.29123]]]}},{"type":"Feature","properties":{},"geometry":{"type":"Polygon","coordinates":[[[59.54339,36.29117],[59.54324,36.29128],[59.54265,36.29078],[59.5428,36.29067],[59.54339,36.29117]]]}},{"type":"Feature","properties":{},"geometry":{"type":"Polygon","coordinates":[[[59.54587,36.31714],[59.54562,36.31715],[59.54585,36.31699],[59.54587,36.31714]]]}},{"type":"Feature","properties":{},"geometry":{"type":"Polygon","coordinates":[[[59.54343,36.32678],[59.54314,36.32575],[59.5429,36.32584],[59.54273,36.32599],[59.54264,36.32618],[59.54264,36.32638],[59.54275,36.32657],[59.54293,36.32671],[59.54317,36.32679],[59.54343,36.32678]]]}},{"type":"Feature","properties":{},"geometry":{"type":"Polygon","coordinates":[[[59.54361,36.32569],[59.5439,36.32672],[59.54413,36.32663],[59.54431,36.32648],[59.5444,36.32629],[59.54439,36.32609],[59.54429,36.3259],[59.5441,36.32576],[59.54386,36.32568],[59.54361,36.32569]]]}},{"type":"Feature","properties":{},"geometry":{"type":"Polygon","coordinates":[[[59.54086,36.31474],[59.54075,36.31467],[59.54061,36.31464],[59.54047,36.31465],[59.54031,36.31471],[59.54019,36.31481],[59.5401,36.31495],[59.54008,36.31505],[59.54009,36.31515],[59.54034,36.31501],[59.54076,36.3148],[59.54086,36.31474]]]}},{"type":"Feature","properties":{},"geometry":{"type":"Polygon","coordinates":[[[59.54026,36.31541],[59.54034,36.31547],[59.54051,36.31553],[59.54069,36.31554],[59.54086,36.31549],[59.541,36.31537],[59.54105,36.31524],[59.54107,36.31513],[59.54106,36.31503],[59.54078,36.31518],[59.5405,36.31531],[59.54026,36.31541]]]}},{"type":"Feature","properties":{},"geometry":{"type":"Polygon","coordinates":[[[59.49115,36.31416],[59.49055,36.31419],[59.49113,36.3138],[59.4911,36.31393],[59.4911,36.31408],[59.49115,36.31416]]]}},{"type":"Feature","properties":{},"geometry":{"type":"Polygon","coordinates":[[[59.56837,36.3256],[59.56846,36.32649],[59.56932,36.32644],[59.56923,36.32554],[59.56837,36.3256]]]}},{"type":"Feature","properties":{},"geometry":{"type":"Polygon","coordinates":[[[59.56617,36.31014],[59.56598,36.30994],[59.56646,36.30974],[59.5665,36.30975],[59.56653,36.30979],[59.56617,36.31014]]]}},{"type":"Feature","properties":{},"geometry":{"type":"Polygon","coordinates":[[[59.56849,36.32733],[59.56851,36.32753],[59.56943,36.32747],[59.5694,36.32726],[59.56916,36.32728],[59.56893,36.3273],[59.5687,36.32732],[59.56849,36.32733]]]}},{"type":"Feature","properties":{"name":"بوستان نوفل"},"geometry":{"type":"Polygon","coordinates":[[[59.54371,36.29863],[59.54275,36.29783],[59.54292,36.29771],[59.54387,36.2985],[59.54371,36.29863]]]}},{"type":"Feature","properties":{},"geometry":{"type":"Polygon","coordinates":[[[59.20105,36.44746],[59.20161,36.44761],[59.20233,36.44727],[59.20271,36.4471],[59.2036,36.44695],[59.20356,36.4467],[59.20351,36.44649],[59.20317,36.44628],[59.20284,36.4462],[59.20248,36.44627],[59.20185,36.44653],[59.20152,36.44665],[59.20131,36.44725],[59.20105,36.44746]]]}},{"type":"Feature","properties":{"name":"قبرستان دولت اباد"},"geometry":{"type":"Polygon","coordinates":[[[59.1741,36.44358],[59.17452,36.44395],[59.17497,36.44426],[59.17508,36.44418],[59.17574,36.44467],[59.17582,36.44457],[59.17554,36.44415],[59.17505,36.44392],[59.1747,36.4437],[59.17443,36.4436],[59.1741,36.44358]]]}},{"type":"Feature","properties":{},"geometry":{"type":"Polygon","coordinates":[[[59.16274,36.43357],[59.16155,36.43219],[59.16111,36.43158],[59.16113,36.43135],[59.16074,36.4309],[59.16045,36.43078],[59.16026,36.42999],[59.1597,36.43025],[59.15949,36.43004],[59.15951,36.42964],[59.1586,36.42851],[59.15805,36.42802],[59.15778,36.42753],[59.15756,36.42712],[59.15757,36.42676],[59.15721,36.42665],[59.15702,36.42641],[59.1569,36.42621],[59.15694,36.42611],[59.15739,36.42637],[59.15766,36.42632],[59.15806,36.42656],[59.15808,36.42699],[59.15814,36.42733],[59.15845,36.42739],[59.15897,36.42769],[59.15925,36.42802],[59.15968,36.42823],[59.16009,36.42859],[59.16,36.42906],[59.1607,36.42977],[59.16082,36.43035],[59.16111,36.4308],[59.16199,36.43112],[59.16248,36.43186],[59.16302,36.43234],[59.16395,36.43284],[59.16511,36.43306],[59.16584,36.43322],[59.16613,36.43296],[59.16665,36.43336],[59.16759,36.43363],[59.16796,36.43406],[59.16919,36.43436],[59.16998,36.43498],[59.17013,36.43539],[59.17139,36.43577],[59.17292,36.43666],[59.17396,36.43752],[59.1749,36.43775],[59.17553,36.43824],[59.17541,36.43859],[59.17576,36.43921],[59.17602,36.4391],[59.17629,36.43959],[59.17804,36.43994],[59.17872,36.44017],[59.17909,36.44004],[59.18004,36.44062],[59.18077,36.4407],[59.18279,36.44129],[59.18361,36.44138],[59.18492,36.44125],[59.18628,36.44145],[59.1874,36.44199],[59.18902,36.44151],[59.18991,36.44189],[59.191,36.44131],[59.1918,36.4416],[59.1931,36.4405],[59.1951,36.44083],[59.19379,36.44134],[59.19651,36.44241],[59.19974,36.44282],[59.20276,36.44244],[59.2043,36.44243],[59.20538,36.44273],[59.20538,36.44287],[59.20197,36.44317],[59.20128,36.44361],[59.20089,36.44422],[59.20201,36.44446],[59.20146,36.44568],[59.20064,36.44643],[59.19847,36.4469],[59.19675,36.44685],[59.19684,36.44649],[59.19841,36.44627],[59.19958,36.44583],[59.19858,36.44562],[59.19824,36.44496],[59.19489,36.44431],[59.19426,36.44487],[59.18953,36.44382],[59.18546,36.44307],[59.1833,36.44287],[59.17853,36.44191],[59.17569,36.44109],[59.17353,36.44056],[59.17205,36.4414],[59.17057,36.44047],[59.16988,36.43984],[59.16923,36.43886],[59.16948,36.4386],[59.16802,36.43755],[59.16754,36.43645],[59.16643,36.43584],[59.16575,36.43463],[59.16567,36.43414],[59.16392,36.43397],[59.16331,36.43363],[59.16274,36.43357]]]}},{"type":"Feature","properties":{"name":"فلکه آب"},"geometry":{"type":"Polygon","coordinates":[[[59.61191,36.28369],[59.61198,36.28363],[59.61208,36.2836],[59.61218,36.28359],[59.61228,36.28361],[59.61236,36.28365],[59.61243,36.28371],[59.61246,36.28379],[59.61247,36.28387],[59.61244,36.28395],[59.61238,36.28401],[59.61229,36.28406],[59.6122,36.28408],[59.6121,36.28408],[59.612,36.28405],[59.61192,36.28399],[59.61187,36.28392],[59.61185,36.28384],[59.61187,36.28376],[59.61191,36.28369]]]}},{"type":"Feature","properties":{},"geometry":{"type":"Polygon","coordinates":[[[59.59757,36.28399],[59.59763,36.284],[59.59767,36.28404],[59.59769,36.28408],[59.59769,36.28413],[59.59766,36.28417],[59.59761,36.2842],[59.59755,36.28421],[59.59749,36.28419],[59.59745,36.28416],[59.59743,36.28411],[59.59743,36.28406],[59.59746,36.28402],[59.59751,36.284],[59.59757,36.28399]]]}},{"type":"Feature","properties":{},"geometry":{"type":"Polygon","coordinates":[[[59.38379,36.42649],[59.38381,36.42549],[59.38459,36.4255],[59.38457,36.4265],[59.38399,36.42649],[59.38379,36.42649]]]}},{"type":"Feature","properties":{},"geometry":{"type":"Polygon","coordinates":[[[59.37869,36.30977],[59.379,36.3098],[59.37887,36.30963],[59.37869,36.30977]]]}},{"type":"Feature","properties":{},"geometry":{"type":"Polygon","coordinates":[[[59.52774,36.31614],[59.52742,36.31624],[59.52743,36.3163],[59.52725,36.31635],[59.527,36.31642],[59.52669,36.31651],[59.52652,36.31616],[59.52678,36.31608],[59.52669,36.3159],[59.5285,36.31533],[59.52874,36.31582],[59.52774,36.31614]]]}},{"type":"Feature","properties":{},"geometry":{"type":"Polygon","coordinates":[[[59.57929,36.32999],[59.5792,36.33],[59.57912,36.33],[59.57904,36.32997],[59.57897,36.32992],[59.57893,36.32986],[59.579,36.32956],[59.57904,36.32935],[59.57904,36.3291],[59.57906,36.32902],[59.57911,36.32894],[59.57919,36.32889],[59.57928,36.32885],[59.57939,36.32884],[59.57949,36.32885],[59.57993,36.32902],[59.57999,36.32909],[59.58003,36.32916],[59.58004,36.32925],[59.58001,36.32933],[59.57997,36.3294],[59.57961,36.32969],[59.57929,36.32999]]]}},{"type":"Feature","properties":{"name":"فلکه ضد"},"geometry":{"type":"Polygon","coordinates":[[[59.59834,36.26823],[59.59844,36.26831],[59.59856,36.26836],[59.59869,36.26837],[59.59881,36.26835],[59.59893,36.26831],[59.59902,36.26823],[59.59908,36.26814],[59.59909,36.26804],[59.59907,36.26793],[59.59901,36.26784],[59.59892,36.26777],[59.59879,36.26772],[59.59865,36.26771],[59.59851,36.26774],[59.59839,36.2678],[59.59831,36.2679],[59.59827,36.26801],[59.59828,36.26813],[59.59834,36.26823]]]}},{"type":"Feature","properties":{},"geometry":{"type":"Polygon","coordinates":[[[59.6035,36.27376],[59.60345,36.27377],[59.60336,36.27376],[59.60328,36.27373],[59.60323,36.27367],[59.60321,36.2736],[59.60322,36.27353],[59.60326,36.27348],[59.6035,36.27376]]]}},{"type":"Feature","properties":{},"geometry":{"type":"Polygon","coordinates":[[[59.47201,36.36145],[59.47197,36.36137],[59.47197,36.36128],[59.47201,36.3612],[59.47209,36.36114],[59.47219,36.3611],[59.4723,36.3611],[59.4724,36.36114],[59.47248,36.3612],[59.47252,36.36128],[59.47252,36.36137],[59.47248,36.36145],[59.4724,36.36151],[59.4723,36.36155],[59.47219,36.36155],[59.47209,36.36152],[59.47201,36.36145]]]}},{"type":"Feature","properties":{"name":"بوستان ارغوان"},"geometry":{"type":"Polygon","coordinates":[[[59.46989,36.38734],[59.47046,36.38741],[59.47104,36.38748],[59.47114,36.38687],[59.47125,36.38626],[59.47068,36.3862],[59.47011,36.38613],[59.47,36.38673],[59.46989,36.38734]]]}},{"type":"Feature","properties":{},"geometry":{"type":"Polygon","coordinates":[[[59.46525,36.3819],[59.46586,36.38197],[59.46648,36.38204],[59.46655,36.38162],[59.46662,36.38121],[59.46601,36.38114],[59.4654,36.38107],[59.46533,36.38149],[59.46525,36.3819]]]}},{"type":"Feature","properties":{"name":"بوستان یاسمین"},"geometry":{"type":"Polygon","coordinates":[[[59.46131,36.37829],[59.46148,36.3779],[59.46164,36.37753],[59.46208,36.37766],[59.46251,36.37778],[59.46234,36.37816],[59.46218,36.37853],[59.46175,36.37841],[59.46131,36.37829]]]}},{"type":"Feature","properties":{},"geometry":{"type":"Polygon","coordinates":[[[59.45775,36.37484],[59.4583,36.375],[59.4586,36.37506],[59.45875,36.37472],[59.45889,36.37439],[59.45867,36.37432],[59.45805,36.37415],[59.45775,36.37484]]]}},{"type":"Feature","properties":{},"geometry":{"type":"Polygon","coordinates":[[[59.62197,36.29193],[59.622,36.2919],[59.62202,36.29186],[59.62202,36.29182],[59.62201,36.29178],[59.62198,36.29175],[59.62194,36.29173],[59.62189,36.29172],[59.62184,36.29172],[59.62179,36.29174],[59.62176,36.29177],[59.62174,36.29181],[59.62173,36.29185],[59.62175,36.29188],[59.62177,36.29191],[59.6218,36.29194],[59.62185,36.29195],[59.62189,36.29195],[59.62193,36.29194],[59.62197,36.29193]]]}},{"type":"Feature","properties":{},"geometry":{"type":"Polygon","coordinates":[[[59.63787,36.29708],[59.63788,36.29705],[59.63786,36.29702],[59.63784,36.29699],[59.6378,36.29698],[59.63777,36.29698],[59.63773,36.29699],[59.6377,36.29701],[59.63768,36.29703],[59.63768,36.29706],[59.63769,36.29709],[59.63771,36.29712],[59.63775,36.29713],[59.63779,36.29714],[59.63782,36.29713],[59.63785,36.29711],[59.63787,36.29708]]]}},{"type":"Feature","properties":{},"geometry":{"type":"Polygon","coordinates":[[[59.5071,36.36638],[59.50721,36.36642],[59.50722,36.36645],[59.50722,36.36648],[59.50618,36.36714],[59.50598,36.36702],[59.5071,36.36638]]]}},{"type":"Feature","properties":{},"geometry":{"type":"Polygon","coordinates":[[[59.50563,36.36749],[59.50549,36.36742],[59.50586,36.36719],[59.506,36.36726],[59.50563,36.36749]]]}},{"type":"Feature","properties":{"name":"پارک ارم"},"geometry":{"type":"Polygon","coordinates":[[[59.67857,36.30739],[59.67616,36.31128],[59.67608,36.31136],[59.67598,36.31137],[59.67532,36.31117],[59.67515,36.31123],[59.67507,36.31123],[59.67419,36.31093],[59.67351,36.31006],[59.67422,36.30895],[59.67447,36.30893],[59.67495,36.30818],[59.67481,36.30799],[59.67568,36.30653],[59.67585,36.30626],[59.6764,36.30649],[59.67651,36.30653],[59.67662,36.30658],[59.67676,36.30664],[59.67857,36.30739]]]}},{"type":"Feature","properties":{"name":"بوستان یاس"},"geometry":{"type":"Polygon","coordinates":[[[59.65732,36.31813],[59.65559,36.31704],[59.65636,36.31649],[59.65803,36.31744],[59.65732,36.31813]]]}},{"type":"Feature","properties":{},"geometry":{"type":"Polygon","coordinates":[[[59.65894,36.29724],[59.65967,36.29727],[59.65939,36.29755],[59.65894,36.29724]]]}},{"type":"Feature","properties":{"name":"بوستان فروغی بسطامی"},"geometry":{"type":"Polygon","coordinates":[[[59.63251,36.29056],[59.63213,36.29033],[59.63171,36.29031],[59.63134,36.29015],[59.63189,36.28974],[59.63274,36.29029],[59.63251,36.29056]]]}},{"type":"Feature","properties":{},"geometry":{"type":"Polygon","coordinates":[[[59.61708,36.27675],[59.61698,36.2767],[59.61689,36.27663],[59.61683,36.27654],[59.6168,36.27647],[59.61681,36.2764],[59.61685,36.27632],[59.61694,36.27625],[59.6171,36.27621],[59.61724,36.2762],[59.6173,36.27621],[59.61738,36.27622],[59.61753,36.27626],[59.61767,36.27632],[59.61774,36.2764],[59.61779,36.27647],[59.61781,36.27656],[59.61779,36.27663],[59.61773,36.2767],[59.61766,36.27676],[59.61753,36.2768],[59.6174,36.27682],[59.61732,36.27682],[59.6172,36.2768],[59.61708,36.27675]]]}},{"type":"Feature","properties":{},"geometry":{"type":"Polygon","coordinates":[[[59.63776,36.28259],[59.63749,36.28269],[59.63704,36.28389],[59.63712,36.28422],[59.63776,36.28259]]]}},{"type":"Feature","properties":{"name":"فلکه برق"},"geometry":{"type":"Polygon","coordinates":[[[59.60357,36.27371],[59.60333,36.27345],[59.60339,36.27344],[59.60347,36.27345],[59.60355,36.27348],[59.60359,36.27354],[59.60361,36.2736],[59.6036,36.27367],[59.60357,36.27371]]]}},{"type":"Feature","properties":{},"geometry":{"type":"Polygon","coordinates":[[[59.66036,36.27619],[59.66018,36.27604],[59.66019,36.2759],[59.66149,36.27592],[59.66036,36.27619]]]}},{"type":"Feature","properties":{},"geometry":{"type":"Polygon","coordinates":[[[59.19325,36.56914],[59.19322,36.56908],[59.19313,36.56905],[59.19295,36.56899],[59.19271,36.56895],[59.19255,36.56894],[59.19247,36.56894],[59.19244,36.56898],[59.19218,36.56984],[59.19221,36.56989],[59.19229,36.56993],[59.19248,36.56998],[59.19272,36.57003],[59.19288,36.57003],[59.19296,36.57003],[59.19299,36.57],[59.19325,36.56914]]]}},{"type":"Feature","properties":{"name":"بوستان خاوران"},"geometry":{"type":"Polygon","coordinates":[[[59.1951,36.5653],[59.19551,36.56395],[59.19478,36.56381],[59.19438,36.56516],[59.1951,36.5653]]]}},{"type":"Feature","properties":{"name":"بوستان پرند"},"geometry":{"type":"Polygon","coordinates":[[[59.18697,36.57294],[59.18691,36.57286],[59.18715,36.57205],[59.18725,36.57169],[59.1887,36.57197],[59.18875,36.57204],[59.18875,36.57207],[59.18873,36.57211],[59.1884,36.57322],[59.18697,36.57294]]]}},{"type":"Feature","properties":{},"geometry":{"type":"Polygon","coordinates":[[[59.19948,36.56873],[59.19965,36.56813],[59.20036,36.56825],[59.20045,36.56836],[59.2003,36.56888],[59.19948,36.56873]]]}},{"type":"Feature","properties":{"name":"بوستان گلشن"},"geometry":{"type":"Polygon","coordinates":[[[59.18424,36.56162],[59.18374,36.56174],[59.18167,36.56133],[59.18168,36.56127],[59.18155,36.56125],[59.18151,36.56128],[59.18144,36.56129],[59.18104,36.5612],[59.181,36.56121],[59.18063,36.56149],[59.18057,36.56171],[59.18066,36.56182],[59.18083,36.56191],[59.18116,36.5619],[59.18154,36.56201],[59.18162,36.56173],[59.1825,36.56189],[59.18238,36.56231],[59.18303,36.56244],[59.18314,36.56201],[59.18418,36.56221],[59.18433,36.56226],[59.18444,36.56232],[59.18455,36.56241],[59.18424,36.56162]]]}},{"type":"Feature","properties":{},"geometry":{"type":"Polygon","coordinates":[[[59.18101,36.56128],[59.1814,36.56131],[59.18136,36.56162],[59.18101,36.56159],[59.18097,36.56156],[59.18101,36.56128]]]}},{"type":"Feature","properties":{"name":"آرامستان فارمد"},"geometry":{"type":"Polygon","coordinates":[[[59.70662,36.44282],[59.70676,36.4419],[59.70742,36.44189],[59.70765,36.4423],[59.7085,36.44224],[59.7098,36.44214],[59.70976,36.44331],[59.70929,36.44313],[59.70896,36.44318],[59.70809,36.44283],[59.70802,36.4429],[59.70793,36.44287],[59.70769,36.4427],[59.70755,36.44269],[59.70736,36.44277],[59.70729,36.44285],[59.70685,36.44276],[59.70683,36.44284],[59.70662,36.44282]]]}},{"type":"Feature","properties":{},"geometry":{"type":"Polygon","coordinates":[[[59.67541,36.40402],[59.67389,36.40463],[59.67427,36.40505],[59.67586,36.40463],[59.67612,36.40433],[59.67624,36.40412],[59.67631,36.40392],[59.67634,36.4037],[59.67541,36.40402]]]}},{"type":"Feature","properties":{"name":"قبرستان شاندیز"},"geometry":{"type":"Polygon","coordinates":[[[59.28739,36.39331],[59.28735,36.39324],[59.28626,36.39312],[59.28617,36.39349],[59.28623,36.39412],[59.28644,36.39445],[59.28678,36.39452],[59.28694,36.39418],[59.28731,36.39415],[59.28739,36.39331]]]}},{"type":"Feature","properties":{"name":"قبرستان خادر"},"geometry":{"type":"Polygon","coordinates":[[[59.30305,36.38799],[59.30302,36.38758],[59.30328,36.38735],[59.30419,36.38701],[59.3046,36.38704],[59.30471,36.38728],[59.30384,36.38806],[59.3044,36.38834],[59.30457,36.38875],[59.30409,36.38852],[59.30353,36.3884],[59.30339,36.38828],[59.30313,36.38834],[59.303,36.38827],[59.30305,36.38799]]]}},{"type":"Feature","properties":{"name":"مجموعه سوارکاری و کارتینگ ارشاد"},"geometry":{"type":"Polygon","coordinates":[[[59.44907,36.35231],[59.45104,36.35229],[59.45198,36.35273],[59.45224,36.35163],[59.45219,36.35099],[59.45219,36.35086],[59.45226,36.35073],[59.45249,36.35039],[59.45269,36.35015],[59.4527,36.35001],[59.45265,36.34987],[59.45254,36.34976],[59.45239,36.34969],[59.45058,36.34972],[59.45064,36.35015],[59.45046,36.35018],[59.44991,36.35025],[59.44967,36.35026],[59.44931,36.35021],[59.44888,36.35022],[59.44898,36.35111],[59.44905,36.35202],[59.44907,36.35231]]]}},{"type":"Feature","properties":{"name":"پارک بوستان"},"geometry":{"type":"Polygon","coordinates":[[[59.40493,36.32089],[59.40485,36.32091],[59.40361,36.32035],[59.40345,36.32031],[59.40336,36.32027],[59.40332,36.32024],[59.40332,36.32018],[59.40362,36.31976],[59.40403,36.31923],[59.40419,36.31932],[59.40423,36.31943],[59.40443,36.31954],[59.40455,36.31953],[59.40498,36.31968],[59.405,36.31977],[59.40538,36.31988],[59.40546,36.31986],[59.40562,36.31994],[59.40493,36.32089]]]}},{"type":"Feature","properties":{"name":"استادیوم ورزشی"},"geometry":{"type":"Polygon","coordinates":[[[59.3998,36.31722],[59.39917,36.31783],[59.39903,36.31791],[59.39886,36.31792],[59.3987,36.31789],[59.39857,36.3178],[59.39849,36.31768],[59.39849,36.31754],[59.39855,36.31742],[59.39918,36.3168],[59.3993,36.31671],[59.39946,36.31667],[59.39962,36.31668],[59.39976,36.31674],[59.39986,36.31685],[59.39991,36.31697],[59.39989,36.3171],[59.3998,36.31722]]]}},{"type":"Feature","properties":{},"geometry":{"type":"Polygon","coordinates":[[[59.64696,36.26795],[59.64658,36.2678],[59.64655,36.26776],[59.64642,36.2678],[59.64634,36.26767],[59.64609,36.26756],[59.64577,36.26757],[59.64557,36.26744],[59.64478,36.26732],[59.64473,36.2673],[59.64468,36.26726],[59.64466,36.26722],[59.64466,36.2672],[59.64466,36.26718],[59.64468,36.26717],[59.64469,36.26716],[59.64471,36.26715],[59.64474,36.26716],[59.64593,36.26745],[59.64694,36.26779],[59.64696,36.26795]]]}},{"type":"Feature","properties":{"name":"بوستان ثامن"},"geometry":{"type":"Polygon","coordinates":[[[59.61834,36.27737],[59.61775,36.27713],[59.61783,36.27699],[59.61794,36.2769],[59.6181,36.27686],[59.61831,36.27686],[59.61839,36.27688],[59.61848,36.27694],[59.61853,36.27703],[59.6185,36.2771],[59.61834,36.27737]]]}},{"type":"Feature","properties":{},"geometry":{"type":"Polygon","coordinates":[[[59.56768,36.34381],[59.56841,36.34285],[59.56462,36.34096],[59.56388,36.34191],[59.56768,36.34381]]]}},{"type":"Feature","properties":{"name":"بوستان بزرگ نصرت"},"geometry":{"type":"Polygon","coordinates":[[[59.67125,36.27654],[59.67124,36.27665],[59.67118,36.27675],[59.67108,36.27683],[59.6685,36.27769],[59.66828,36.27768],[59.66807,36.2776],[59.66792,36.27746],[59.66768,36.27723],[59.66744,36.27692],[59.66725,36.27663],[59.66715,36.27636],[59.66707,36.27623],[59.66693,36.27614],[59.6667,36.2761],[59.66659,36.27605],[59.66473,36.27394],[59.66482,36.27378],[59.66717,36.27276],[59.66742,36.273],[59.66764,36.27306],[59.66806,36.27324],[59.66831,36.27337],[59.66852,36.27349],[59.66886,36.27375],[59.66926,36.27411],[59.66945,36.27431],[59.66963,36.27458],[59.66978,36.27475],[59.67065,36.27577],[59.67125,36.27654]]]}},{"type":"Feature","properties":{},"geometry":{"type":"Polygon","coordinates":[[[59.66163,36.27372],[59.66142,36.27313],[59.65977,36.27265],[59.65963,36.27264],[59.65893,36.2724],[59.65877,36.2724],[59.65854,36.27234],[59.65851,36.27236],[59.65848,36.27237],[59.65844,36.27237],[59.65841,36.27236],[59.65838,36.27234],[59.65837,36.27231],[59.65837,36.27228],[59.65839,36.27225],[59.65835,36.2722],[59.65826,36.27226],[59.65825,36.27259],[59.65829,36.27274],[59.65829,36.27296],[59.6592,36.27314],[59.65967,36.27338],[59.66022,36.27352],[59.66033,36.27351],[59.66041,36.27336],[59.66046,36.27334],[59.66163,36.27372]]]}},{"type":"Feature","properties":{},"geometry":{"type":"Polygon","coordinates":[[[59.66435,36.27454],[59.66378,36.2739],[59.66172,36.27325],[59.66191,36.27381],[59.66435,36.27454]]]}},{"type":"Feature","properties":{"name":"بوستان شبنم"},"geometry":{"type":"Polygon","coordinates":[[[59.60109,36.33556],[59.5999,36.3363],[59.59951,36.3358],[59.60067,36.33509],[59.60109,36.33556]]]}},{"type":"Feature","properties":{},"geometry":{"type":"Polygon","coordinates":[[[59.5996,36.3333],[59.59981,36.33354],[59.60023,36.33335],[59.60033,36.33344],[59.60064,36.33324],[59.6016,36.33289],[59.60139,36.33269],[59.5996,36.3333]]]}},{"type":"Feature","properties":{"name":"بوستان گلسا"},"geometry":{"type":"Polygon","coordinates":[[[59.50848,36.33779],[59.50865,36.33815],[59.50709,36.33851],[59.50693,36.33847],[59.50686,36.33829],[59.50824,36.33787],[59.50848,36.33779]]]}},{"type":"Feature","properties":{"name":"بوستان نیایش"},"geometry":{"type":"Polygon","coordinates":[[[59.4717,36.36113],[59.47141,36.361],[59.47105,36.36108],[59.4711,36.36119],[59.47044,36.36138],[59.47093,36.35972],[59.4714,36.35979],[59.47152,36.35947],[59.47163,36.35944],[59.47243,36.3596],[59.47255,36.35955],[59.4735,36.35976],[59.47337,36.3602],[59.47321,36.36026],[59.47328,36.36038],[59.47275,36.36056],[59.47272,36.36049],[59.47249,36.36057],[59.47249,36.36086],[59.47223,36.36083],[59.47203,36.36087],[59.47186,36.36097],[59.4717,36.36113]]]}},{"type":"Feature","properties":{},"geometry":{"type":"Polygon","coordinates":[[[59.32033,36.35165],[59.31968,36.3517],[59.31978,36.35254],[59.32043,36.3525],[59.32033,36.35165]]]}},{"type":"Feature","properties":{},"geometry":{"type":"Polygon","coordinates":[[[59.60653,36.34542],[59.60645,36.34541],[59.60639,36.34538],[59.60635,36.34535],[59.60632,36.34531],[59.6063,36.34525],[59.60631,36.3452],[59.60633,36.34515],[59.60637,36.3451],[59.60644,36.34507],[59.60652,36.34506],[59.60662,36.34508],[59.60669,36.34512],[59.60674,36.34519],[59.60675,36.34527],[59.60672,36.34533],[59.60666,36.34538],[59.60661,36.34541],[59.60653,36.34542]]]}},{"type":"Feature","properties":{},"geometry":{"type":"Polygon","coordinates":[[[59.64297,36.33188],[59.64301,36.33191],[59.64304,36.33195],[59.64306,36.332],[59.64304,36.33207],[59.64302,36.33211],[59.64297,36.33215],[59.64291,36.33218],[59.64285,36.33219],[59.64278,36.33218],[59.64271,36.33215],[59.64266,36.3321],[59.64264,36.33206],[59.64263,36.332],[59.64265,36.33193],[59.6427,36.33189],[59.64277,36.33185],[59.64284,36.33184],[59.64292,36.33185],[59.64297,36.33188]]]}},{"type":"Feature","properties":{},"geometry":{"type":"Polygon","coordinates":[[[59.62807,36.34761],[59.62878,36.34857],[59.6296,36.34818],[59.62888,36.34721],[59.62807,36.34761]]]}},{"type":"Feature","properties":{},"geometry":{"type":"Polygon","coordinates":[[[59.44113,36.34076],[59.44122,36.34102],[59.4414,36.34098],[59.44131,36.34072],[59.44113,36.34076]]]}},{"type":"Feature","properties":{"name":"بوستان لاله"},"geometry":{"type":"Polygon","coordinates":[[[59.63827,36.25812],[59.63815,36.25833],[59.63852,36.25836],[59.63909,36.25848],[59.63917,36.25845],[59.63919,36.25838],[59.63901,36.25814],[59.63886,36.25802],[59.63862,36.25789],[59.63843,36.25769],[59.63827,36.25812]]]}},{"type":"Feature","properties":{},"geometry":{"type":"Polygon","coordinates":[[[59.67025,36.29047],[59.67031,36.29046],[59.67038,36.29048],[59.67045,36.29055],[59.67048,36.29062],[59.67049,36.29069],[59.67048,36.29075],[59.67046,36.2908],[59.67043,36.29082],[59.67038,36.29083],[59.67031,36.29083],[59.67025,36.29079],[59.67019,36.29074],[59.67015,36.29069],[59.67014,36.29063],[59.67015,36.29055],[59.67017,36.29051],[59.6702,36.29049],[59.67025,36.29047]]]}},{"type":"Feature","properties":{},"geometry":{"type":"Polygon","coordinates":[[[59.67067,36.28668],[59.67042,36.28587],[59.67169,36.28523],[59.67229,36.2859],[59.67153,36.28634],[59.67105,36.28655],[59.67067,36.28668]]]}},{"type":"Feature","properties":{},"geometry":{"type":"Polygon","coordinates":[[[59.66991,36.26658],[59.67004,36.26651],[59.67067,36.26645],[59.67134,36.26718],[59.67106,36.26734],[59.67092,36.26735],[59.67079,36.26726],[59.66991,36.26658]]]}},{"type":"Feature","properties":{},"geometry":{"type":"Polygon","coordinates":[[[59.537,36.30213],[59.53687,36.30195],[59.53686,36.30189],[59.53696,36.30154],[59.53704,36.30136],[59.53735,36.30085],[59.53764,36.30057],[59.53774,36.30066],[59.53753,36.30096],[59.53724,36.30144],[59.53716,36.30162],[59.537,36.30213]]]}},{"type":"Feature","properties":{},"geometry":{"type":"Polygon","coordinates":[[[59.67168,36.25635],[59.67102,36.25654],[59.67064,36.2557],[59.6713,36.2555],[59.67168,36.25635]]]}},{"type":"Feature","properties":{},"geometry":{"type":"Polygon","coordinates":[[[59.49933,36.29062],[59.49955,36.29072],[59.49993,36.2902],[59.49971,36.2901],[59.49933,36.29062]]]}},{"type":"Feature","properties":{},"geometry":{"type":"Polygon","coordinates":[[[59.49636,36.29013],[59.49681,36.29032],[59.49685,36.29044],[59.49631,36.29105],[59.49588,36.29083],[59.49636,36.29013]]]}},{"type":"Feature","properties":{"name":"قبرستان"},"geometry":{"type":"Polygon","coordinates":[[[59.66283,36.21304],[59.66279,36.21378],[59.6628,36.21413],[59.66343,36.21439],[59.66376,36.2147],[59.66407,36.21502],[59.6643,36.21524],[59.66442,36.21551],[59.6653,36.21591],[59.66603,36.21577],[59.66634,36.21549],[59.66654,36.21524],[59.66671,36.21475],[59.66559,36.21403],[59.6651,36.21377],[59.66504,36.21375],[59.66353,36.21317],[59.66283,36.21304]]]}},{"type":"Feature","properties":{"name":"بوستان نرگس"},"geometry":{"type":"Polygon","coordinates":[[[59.64667,36.28348],[59.64696,36.28374],[59.647,36.28375],[59.64761,36.28347],[59.64728,36.28307],[59.64667,36.28348]]]}},{"type":"Feature","properties":{"name":"بوستان انار"},"geometry":{"type":"Polygon","coordinates":[[[59.50734,36.29315],[59.50754,36.29335],[59.50767,36.29326],[59.50797,36.29355],[59.50811,36.29346],[59.50828,36.29363],[59.50847,36.2935],[59.50856,36.29358],[59.50888,36.29371],[59.50939,36.29416],[59.50965,36.29399],[59.509,36.29337],[59.50889,36.29343],[59.50858,36.29315],[59.50844,36.29324],[59.50824,36.29304],[59.50809,36.29313],[59.50801,36.29306],[59.50793,36.29312],[59.50772,36.29289],[59.50734,36.29315]]]}},{"type":"Feature","properties":{"name":"بوستان عباسقلی خان"},"geometry":{"type":"Polygon","coordinates":[[[59.61646,36.28381],[59.61622,36.2836],[59.61645,36.28344],[59.61666,36.28371],[59.61646,36.28381]]]}},{"type":"Feature","properties":{"name":"بوستان ابریشم"},"geometry":{"type":"Polygon","coordinates":[[[59.64311,36.26991],[59.64299,36.26972],[59.64291,36.26976],[59.64282,36.26962],[59.64291,36.26958],[59.64279,36.26939],[59.64311,36.26926],[59.64323,36.26945],[59.64333,36.26942],[59.64341,36.26955],[59.64332,36.26959],[59.64344,36.26978],[59.64311,36.26991]]]}},{"type":"Feature","properties":{"name":"بوستان اطلسی"},"geometry":{"type":"Polygon","coordinates":[[[59.64226,36.26831],[59.64218,36.26835],[59.64248,36.26886],[59.6429,36.2687],[59.64263,36.26826],[59.64252,36.26823],[59.64236,36.26799],[59.64213,36.26808],[59.64226,36.26831]]]}},{"type":"Feature","properties":{"name":"بوستان بزرگ بهار"},"geometry":{"type":"Polygon","coordinates":[[[59.62557,36.33082],[59.62536,36.33087],[59.6252,36.33097],[59.6251,36.33115],[59.62506,36.33131],[59.62506,36.33151],[59.62527,36.33252],[59.62542,36.33263],[59.62548,36.33271],[59.62579,36.33424],[59.62569,36.33452],[59.6258,36.33508],[59.62586,36.33517],[59.62613,36.33529],[59.62624,36.33531],[59.62631,36.3353],[59.62652,36.33523],[59.62759,36.33507],[59.62773,36.33507],[59.62886,36.33486],[59.62941,36.33483],[59.63013,36.33489],[59.63073,36.33496],[59.63238,36.33518],[59.63286,36.33521],[59.63345,36.33515],[59.6339,36.33503],[59.63446,36.33478],[59.63954,36.33152],[59.64002,36.33129],[59.64044,36.33115],[59.64088,36.33109],[59.64117,36.3311],[59.64131,36.3311],[59.64139,36.33111],[59.64196,36.33124],[59.64219,36.33134],[59.64249,36.3315],[59.64259,36.33155],[59.64262,36.33156],[59.6428,36.33167],[59.64295,36.33169],[59.64313,36.33168],[59.6433,36.33163],[59.64354,36.33148],[59.64362,36.33142],[59.64451,36.33084],[59.64461,36.33077],[59.64566,36.33008],[59.64578,36.32995],[59.64581,36.32981],[59.64577,36.32963],[59.64536,36.32911],[59.64436,36.32806],[59.6442,36.32792],[59.6434,36.32721],[59.64334,36.32715],[59.64277,36.32663],[59.64252,36.3264],[59.64224,36.32609],[59.64169,36.32649],[59.6415,36.32681],[59.64145,36.32697],[59.64134,36.32722],[59.64047,36.32781],[59.63936,36.32813],[59.63857,36.32851],[59.63786,36.3286],[59.63711,36.32893],[59.63627,36.32936],[59.63434,36.33018],[59.63002,36.3311],[59.62941,36.33113],[59.6284,36.33106],[59.62672,36.33087],[59.62557,36.33082]]]}},{"type":"Feature","properties":{"name":"بوستان عیدگاه"},"geometry":{"type":"Polygon","coordinates":[[[59.61402,36.28326],[59.61379,36.28306],[59.61408,36.28288],[59.61418,36.28295],[59.61402,36.28326]]]}},{"type":"Feature","properties":{"name":"بوستان گل ختمی"},"geometry":{"type":"Polygon","coordinates":[[[59.61957,36.26124],[59.6193,36.26093],[59.61938,36.26089],[59.61936,36.26087],[59.61923,36.26072],[59.61934,36.26066],[59.61962,36.2605],[59.61962,36.26058],[59.61967,36.26058],[59.61968,36.26072],[59.61963,36.26072],[59.61963,36.26081],[59.61963,36.26082],[59.61967,36.26082],[59.61968,36.26095],[59.61964,36.26095],[59.61964,36.26101],[59.61998,36.26101],[59.61999,36.26118],[59.61965,36.26119],[59.61961,36.26122],[59.61957,36.26124]]]}},{"type":"Feature","properties":{"name":"باغ خونی"},"geometry":{"type":"Polygon","coordinates":[[[59.60921,36.27528],[59.60892,36.27507],[59.60884,36.27511],[59.60852,36.27498],[59.60655,36.27332],[59.60867,36.27215],[59.61056,36.27443],[59.60969,36.27493],[59.60958,36.27499],[59.60921,36.27528]]]}},{"type":"Feature","properties":{"name":"بوستان مریم"},"geometry":{"type":"Polygon","coordinates":[[[59.63898,36.27503],[59.63887,36.27483],[59.63767,36.27528],[59.63778,36.27548],[59.63898,36.27503]]]}},{"type":"Feature","properties":{"name":"بوستان میخک"},"geometry":{"type":"Polygon","coordinates":[[[59.63705,36.27421],[59.63701,36.27413],[59.63769,36.27387],[59.63761,36.27375],[59.63812,36.27355],[59.63823,36.27375],[59.63705,36.27421]]]}},{"type":"Feature","properties":{"name":"بوستان نارنج"},"geometry":{"type":"Polygon","coordinates":[[[59.58632,36.32889],[59.58561,36.32941],[59.58504,36.32898],[59.58504,36.32884],[59.58579,36.3283],[59.586,36.32855],[59.58632,36.32889]]]}},{"type":"Feature","properties":{"name":"بوستان نرگس"},"geometry":{"type":"Polygon","coordinates":[[[59.63461,36.27503],[59.63452,36.27496],[59.63513,36.27446],[59.63527,36.27457],[59.63551,36.27484],[59.63536,36.27495],[59.63511,36.27467],[59.63461,36.27503]]]}},{"type":"Feature","properties":{"name":"بوستان شفا"},"geometry":{"type":"Polygon","coordinates":[[[59.58199,36.33109],[59.58238,36.33074],[59.5828,36.33053],[59.58278,36.33081],[59.58266,36.33103],[59.58199,36.33109]]]}},{"type":"Feature","properties":{"name":"بوستان شمشاد"},"geometry":{"type":"Polygon","coordinates":[[[59.58622,36.26415],[59.58601,36.26398],[59.58565,36.26421],[59.58574,36.26403],[59.586,36.2638],[59.58641,36.26358],[59.58646,36.26358],[59.58656,36.26354],[59.5868,36.26358],[59.58622,36.26415]]]}},{"type":"Feature","properties":{"name":"بوستان زنبق"},"geometry":{"type":"Polygon","coordinates":[[[59.63823,36.27456],[59.63792,36.27467],[59.63777,36.2744],[59.63808,36.27428],[59.63823,36.27456]]]}},{"type":"Feature","properties":{"name":"بوستان زنبق ۲"},"geometry":{"type":"Polygon","coordinates":[[[59.63695,36.27502],[59.63672,36.27511],[59.63657,36.27486],[59.63682,36.27477],[59.63695,36.27502]]]}},{"type":"Feature","properties":{},"geometry":{"type":"Polygon","coordinates":[[[59.63708,36.27574],[59.63646,36.27597],[59.63663,36.27622],[59.63648,36.27629],[59.63624,36.27607],[59.63587,36.27632],[59.63575,36.2762],[59.6364,36.27575],[59.63697,36.27552],[59.63708,36.27574]]]}},{"type":"Feature","properties":{"name":"باغ گلها"},"geometry":{"type":"Polygon","coordinates":[[[59.48034,36.34299],[59.47973,36.34174],[59.48124,36.34132],[59.48139,36.34137],[59.48146,36.34137],[59.48184,36.34137],[59.48201,36.34172],[59.48167,36.34181],[59.48188,36.34224],[59.48173,36.34234],[59.48151,36.3424],[59.48088,36.34265],[59.4805,36.34286],[59.48034,36.34299]]]}},{"type":"Feature","properties":{},"geometry":{"type":"Polygon","coordinates":[[[59.486,36.34177],[59.48577,36.3412],[59.48562,36.34088],[59.4864,36.34065],[59.48695,36.3417],[59.486,36.34177]]]}},{"type":"Feature","properties":{"name":"بوستان شقایق"},"geometry":{"type":"Polygon","coordinates":[[[59.52896,36.29997],[59.52869,36.29998],[59.52836,36.29995],[59.52812,36.29962],[59.52692,36.29942],[59.52742,36.29916],[59.52847,36.29936],[59.52896,36.29997]]]}},{"type":"Feature","properties":{"name":"شکوفه ها"},"geometry":{"type":"Polygon","coordinates":[[[59.53458,36.29933],[59.53343,36.29993],[59.53361,36.30001],[59.53395,36.30007],[59.53431,36.30006],[59.53469,36.29999],[59.53499,36.29985],[59.53458,36.29933]]]}},{"type":"Feature","properties":{"name":"سایت جنوبی بوستان کوهسنگی"},"geometry":{"type":"Polygon","coordinates":[[[59.56053,36.27446],[59.56058,36.27503],[59.56165,36.27495],[59.56168,36.2753],[59.56147,36.27546],[59.5614,36.27572],[59.56144,36.27595],[59.56154,36.27619],[59.56174,36.27635],[59.56208,36.27644],[59.56244,36.27645],[59.56246,36.27655],[59.56247,36.27665],[59.56181,36.27681],[59.56119,36.27706],[59.56095,36.27722],[59.56077,36.2775],[59.56065,36.27765],[59.56051,36.27791],[59.56051,36.27814],[59.56066,36.27853],[59.56077,36.27877],[59.56074,36.27895],[59.56062,36.27908],[59.56039,36.27913],[59.55957,36.27885],[59.55935,36.27851],[59.55935,36.27823],[59.55924,36.27796],[59.55923,36.27781],[59.55909,36.27764],[59.55895,36.2776],[59.55882,36.27755],[59.55871,36.27738],[59.55851,36.27718],[59.55827,36.27712],[59.55765,36.2775],[59.55722,36.27789],[59.55676,36.27844],[59.55648,36.27892],[59.5558,36.27855],[59.55598,36.2782],[59.55623,36.27789],[59.55632,36.27761],[59.55666,36.27735],[59.55691,36.27708],[59.55705,36.27667],[59.55729,36.27552],[59.55746,36.27519],[59.55775,36.27496],[59.55813,36.27483],[59.55872,36.27478],[59.55892,36.27461],[59.55907,36.27458],[59.5592,36.27456],[59.56053,36.27446]]]}},{"type":"Feature","properties":{},"geometry":{"type":"Polygon","coordinates":[[[59.48682,36.35607],[59.48692,36.35615],[59.48722,36.35601],[59.48728,36.356],[59.48733,36.35602],[59.48748,36.35616],[59.48767,36.35581],[59.48772,36.35563],[59.48682,36.35607]]]}},{"type":"Feature","properties":{"name":"بوستان سرو"},"geometry":{"type":"Polygon","coordinates":[[[59.48547,36.35548],[59.48548,36.3552],[59.48587,36.3552],[59.48591,36.35471],[59.48603,36.35471],[59.48602,36.35482],[59.48652,36.35483],[59.48646,36.35582],[59.48602,36.35548],[59.48547,36.35548]]]}},{"type":"Feature","properties":{},"geometry":{"type":"Polygon","coordinates":[[[59.51373,36.37179],[59.51371,36.37183],[59.51367,36.37186],[59.51363,36.37188],[59.51358,36.3719],[59.51353,36.3719],[59.51347,36.37189],[59.51342,36.37188],[59.51338,36.37185],[59.51335,36.37181],[59.51334,36.37177],[59.51333,36.37173],[59.51334,36.37169],[59.51336,36.37165],[59.5134,36.37161],[59.51344,36.37159],[59.51349,36.37158],[59.51355,36.37157],[59.5136,36.37158],[59.51365,36.3716],[59.51369,36.37163],[59.51372,36.37166],[59.51374,36.3717],[59.51374,36.37175],[59.51373,36.37179]]]}},{"type":"Feature","properties":{"name":"بوستان نیلوفر"},"geometry":{"type":"Polygon","coordinates":[[[59.51047,36.35672],[59.51025,36.35672],[59.51026,36.35665],[59.50936,36.35667],[59.50936,36.35647],[59.50979,36.35645],[59.5098,36.35615],[59.51042,36.35644],[59.51042,36.35662],[59.51046,36.35662],[59.51047,36.35672]]]}},{"type":"Feature","properties":{},"geometry":{"type":"Polygon","coordinates":[[[59.50546,36.37396],[59.50492,36.37388],[59.50491,36.37405],[59.50494,36.37424],[59.50501,36.3744],[59.5051,36.3745],[59.50561,36.37501],[59.50567,36.37501],[59.50569,36.37497],[59.50554,36.37456],[59.50547,36.37422],[59.50546,36.37396]]]}},{"type":"Feature","properties":{},"geometry":{"type":"Polygon","coordinates":[[[59.50298,36.34776],[59.503,36.34827],[59.50243,36.34829],[59.50244,36.34849],[59.50177,36.34851],[59.50177,36.34858],[59.50161,36.34863],[59.50157,36.34815],[59.50213,36.34815],[59.50214,36.34791],[59.50272,36.34789],[59.50298,36.34776]]]}},{"type":"Feature","properties":{},"geometry":{"type":"Polygon","coordinates":[[[59.51132,36.37452],[59.51138,36.37457],[59.51143,36.37465],[59.51168,36.37403],[59.51176,36.37386],[59.5124,36.37315],[59.51224,36.37309],[59.5119,36.37343],[59.51175,36.37361],[59.51158,36.37385],[59.51146,36.37411],[59.51132,36.37452]]]}},{"type":"Feature","properties":{},"geometry":{"type":"Polygon","coordinates":[[[59.50312,36.3476],[59.50312,36.3481],[59.50327,36.34809],[59.50328,36.34797],[59.50351,36.34786],[59.50416,36.34784],[59.50417,36.34758],[59.50453,36.34757],[59.50454,36.34736],[59.50399,36.34737],[59.50343,36.34759],[59.50312,36.3476]]]}},{"type":"Feature","properties":{},"geometry":{"type":"Polygon","coordinates":[[[59.51143,36.37727],[59.51149,36.37719],[59.51057,36.37675],[59.51084,36.37622],[59.51135,36.37484],[59.51121,36.37482],[59.51109,36.3751],[59.51106,36.37531],[59.51094,36.37557],[59.51088,36.37569],[59.51065,36.37627],[59.51063,36.37635],[59.51041,36.37677],[59.51143,36.37727]]]}},{"type":"Feature","properties":{"name":"بوستان ابریشم"},"geometry":{"type":"Polygon","coordinates":[[[59.51706,36.36767],[59.51687,36.36765],[59.51769,36.36667],[59.5176,36.3666],[59.51751,36.36657],[59.51331,36.36557],[59.51335,36.36545],[59.51764,36.36648],[59.51769,36.36651],[59.51774,36.36656],[59.51778,36.36661],[59.5178,36.36667],[59.51781,36.36673],[59.51706,36.36767]]]}},{"type":"Feature","properties":{},"geometry":{"type":"Polygon","coordinates":[[[59.50919,36.36856],[59.5103,36.36714],[59.51178,36.36526],[59.51296,36.36552],[59.51303,36.3654],[59.51287,36.36537],[59.51279,36.36537],[59.51243,36.36528],[59.51235,36.36525],[59.51176,36.36512],[59.51164,36.36513],[59.50914,36.3683],[59.50909,36.36843],[59.50909,36.36854],[59.50911,36.36864],[59.50917,36.36873],[59.50924,36.36879],[59.50943,36.3689],[59.50957,36.369],[59.50966,36.36909],[59.50983,36.36926],[59.5099,36.36935],[59.50995,36.36937],[59.51001,36.36936],[59.51009,36.36929],[59.50997,36.36915],[59.50972,36.3689],[59.50955,36.36877],[59.50919,36.36856]]]}},{"type":"Feature","properties":{},"geometry":{"type":"Polygon","coordinates":[[[59.51253,36.36327],[59.51232,36.36316],[59.51428,36.36191],[59.51446,36.36205],[59.51253,36.36327]]]}},{"type":"Feature","properties":{},"geometry":{"type":"Polygon","coordinates":[[[59.5127,36.3729],[59.5126,36.37286],[59.51286,36.37261],[59.51295,36.37267],[59.5127,36.3729]]]}},{"type":"Feature","properties":{"name":"بوستان خانواده"},"geometry":{"type":"Polygon","coordinates":[[[59.52003,36.37412],[59.52086,36.37456],[59.52008,36.37553],[59.51925,36.37509],[59.52003,36.37412]]]}},{"type":"Feature","properties":{},"geometry":{"type":"Polygon","coordinates":[[[59.51278,36.37224],[59.51259,36.37216],[59.5121,36.37266],[59.5123,36.37269],[59.51278,36.37224]]]}},{"type":"Feature","properties":{"name":"بوستان ابریشم"},"geometry":{"type":"Polygon","coordinates":[[[59.52156,36.36753],[59.52161,36.36741],[59.52011,36.36706],[59.51858,36.36669],[59.51833,36.36677],[59.52006,36.36718],[59.52156,36.36753]]]}},{"type":"Feature","properties":{"name":"بوستان آبنوس"},"geometry":{"type":"Polygon","coordinates":[[[59.5185,36.37922],[59.51946,36.37971],[59.51867,36.3807],[59.51771,36.38021],[59.5185,36.37922]]]}},{"type":"Feature","properties":{},"geometry":{"type":"Polygon","coordinates":[[[59.51299,36.37262],[59.51289,36.37256],[59.51305,36.37241],[59.51325,36.37238],[59.51299,36.37262]]]}},{"type":"Feature","properties":{"name":"بوستان شهاب"},"geometry":{"type":"Polygon","coordinates":[[[59.50405,36.36603],[59.50398,36.36605],[59.50373,36.36592],[59.50377,36.36494],[59.5039,36.36479],[59.50405,36.36473],[59.50404,36.36506],[59.50405,36.36603]]]}},{"type":"Feature","properties":{},"geometry":{"type":"Polygon","coordinates":[[[59.50807,36.36892],[59.50823,36.369],[59.50689,36.3707],[59.50674,36.37073],[59.50666,36.37071],[59.50807,36.36892]]]}},{"type":"Feature","properties":{},"geometry":{"type":"Polygon","coordinates":[[[59.51029,36.37628],[59.51021,36.37625],[59.5104,36.37572],[59.51052,36.37575],[59.51036,36.37621],[59.51029,36.37628]]]}},{"type":"Feature","properties":{},"geometry":{"type":"Polygon","coordinates":[[[59.5083,36.36892],[59.5077,36.36862],[59.5078,36.3685],[59.50825,36.36871],[59.50837,36.36854],[59.50848,36.36859],[59.5085,36.36867],[59.5083,36.36892]]]}},{"type":"Feature","properties":{},"geometry":{"type":"Polygon","coordinates":[[[59.51091,36.37821],[59.51085,36.3782],[59.51069,36.37815],[59.5104,36.37806],[59.51032,36.37802],[59.51021,36.37796],[59.51012,36.37786],[59.5101,36.3778],[59.51008,36.37776],[59.51005,36.37765],[59.51005,36.37754],[59.51004,36.37748],[59.5101,36.37733],[59.5103,36.37698],[59.51044,36.37701],[59.51042,36.37705],[59.51015,36.37749],[59.51014,36.37751],[59.51109,36.37796],[59.51091,36.37821]]]}},{"type":"Feature","properties":{"name":"فضای سبز"},"geometry":{"type":"Polygon","coordinates":[[[59.51589,36.36973],[59.5158,36.36971],[59.51576,36.36967],[59.51718,36.36794],[59.51729,36.36794],[59.51736,36.36795],[59.51589,36.36973]]]}},{"type":"Feature","properties":{},"geometry":{"type":"Polygon","coordinates":[[[59.51042,36.37556],[59.51051,36.37558],[59.51057,36.37557],[59.51091,36.37466],[59.5109,36.37461],[59.51081,36.37456],[59.51042,36.37556]]]}},{"type":"Feature","properties":{},"geometry":{"type":"Polygon","coordinates":[[[59.50037,36.34929],[59.50034,36.34891],[59.50096,36.34863],[59.50104,36.34861],[59.50109,36.34863],[59.5011,36.34899],[59.50037,36.34929]]]}},{"type":"Feature","properties":{"name":"فضای سبز"},"geometry":{"type":"Polygon","coordinates":[[[59.51457,36.37053],[59.51449,36.37049],[59.51515,36.3697],[59.51532,36.36978],[59.51484,36.37036],[59.51468,36.37052],[59.51457,36.37053]]]}},{"type":"Feature","properties":{},"geometry":{"type":"Polygon","coordinates":[[[59.51088,36.37436],[59.51104,36.37392],[59.51116,36.37402],[59.51111,36.37419],[59.51105,36.37436],[59.51098,36.37434],[59.51088,36.37436]]]}},{"type":"Feature","properties":{"name":"فضای سبز"},"geometry":{"type":"Polygon","coordinates":[[[59.51576,36.36988],[59.51567,36.36988],[59.51557,36.3699],[59.51492,36.37064],[59.51495,36.3707],[59.51502,36.37075],[59.51576,36.36988]]]}},{"type":"Feature","properties":{},"geometry":{"type":"Polygon","coordinates":[[[59.51238,36.3633],[59.51223,36.36323],[59.51144,36.3637],[59.51094,36.36402],[59.51055,36.36433],[59.51057,36.36446],[59.51238,36.3633]]]}},{"type":"Feature","properties":{"name":"فضای سبز"},"geometry":{"type":"Polygon","coordinates":[[[59.51749,36.3678],[59.51741,36.3677],[59.51772,36.3673],[59.51784,36.36721],[59.51814,36.36684],[59.51827,36.3669],[59.51749,36.3678]]]}},{"type":"Feature","properties":{},"geometry":{"type":"Polygon","coordinates":[[[59.50652,36.37088],[59.50663,36.37096],[59.50662,36.37102],[59.50603,36.37178],[59.50594,36.37181],[59.50585,36.37182],[59.50576,36.37183],[59.50652,36.37088]]]}},{"type":"Feature","properties":{"name":"فضای سبز"},"geometry":{"type":"Polygon","coordinates":[[[59.51486,36.37088],[59.5148,36.37085],[59.51473,36.37085],[59.51444,36.37111],[59.51449,36.37115],[59.51455,36.37111],[59.51461,36.37116],[59.51486,36.37088]]]}},{"type":"Feature","properties":{"name":"بوستان ابریشم"},"geometry":{"type":"Polygon","coordinates":[[[59.52389,36.36807],[59.52396,36.36795],[59.52308,36.36775],[59.52289,36.36775],[59.52252,36.36766],[59.52242,36.36761],[59.52184,36.36747],[59.5218,36.36758],[59.52389,36.36807]]]}},{"type":"Feature","properties":{},"geometry":{"type":"Polygon","coordinates":[[[59.50885,36.36896],[59.50912,36.36911],[59.5093,36.36926],[59.50955,36.36951],[59.50973,36.36976],[59.50979,36.36968],[59.5098,36.36963],[59.50979,36.36958],[59.50957,36.36934],[59.50937,36.36913],[59.50919,36.369],[59.50905,36.36892],[59.50891,36.36889],[59.50878,36.3689],[59.50868,36.36894],[59.50858,36.36902],[59.50524,36.37326],[59.50562,36.37339],[59.50569,36.37318],[59.50588,36.37288],[59.50633,36.37227],[59.50823,36.36978],[59.50885,36.36896]]]}},{"type":"Feature","properties":{"name":"بوستان غنچه"},"geometry":{"type":"Polygon","coordinates":[[[59.51732,36.36991],[59.5179,36.36923],[59.51932,36.36957],[59.5191,36.37019],[59.51892,36.37014],[59.51877,36.37011],[59.51858,36.37012],[59.51734,36.36995],[59.51732,36.36991]]]}},{"type":"Feature","properties":{},"geometry":{"type":"Polygon","coordinates":[[[59.52512,36.37259],[59.52466,36.3723],[59.5242,36.37201],[59.52436,36.37181],[59.52446,36.3716],[59.52452,36.37137],[59.52566,36.37155],[59.52556,36.37192],[59.52537,36.37227],[59.52512,36.37259]]]}},{"type":"Feature","properties":{},"geometry":{"type":"Polygon","coordinates":[[[59.52304,36.35726],[59.52294,36.35719],[59.52294,36.35713],[59.5231,36.35696],[59.52492,36.35601],[59.52504,36.35606],[59.52469,36.35625],[59.52478,36.35636],[59.52304,36.35726]]]}},{"type":"Feature","properties":{},"geometry":{"type":"Polygon","coordinates":[[[59.50919,36.37774],[59.50989,36.37675],[59.51002,36.37692],[59.5096,36.3776],[59.50954,36.37765],[59.50946,36.37769],[59.50937,36.37772],[59.50928,36.37774],[59.50919,36.37774]]]}},{"type":"Feature","properties":{"name":"بوستان ارغوان"},"geometry":{"type":"Polygon","coordinates":[[[59.50458,36.37351],[59.50447,36.37346],[59.50556,36.37206],[59.50564,36.37207],[59.50571,36.3721],[59.50573,36.37214],[59.50571,36.3722],[59.50474,36.37344],[59.50458,36.37351]]]}},{"type":"Feature","properties":{},"geometry":{"type":"Polygon","coordinates":[[[59.51202,36.37295],[59.51172,36.37325],[59.51147,36.3735],[59.5113,36.37375],[59.51113,36.37375],[59.51119,36.37364],[59.51135,36.37341],[59.51191,36.37283],[59.51194,36.37287],[59.51202,36.37295]]]}},{"type":"Feature","properties":{"name":"فضای سبز"},"geometry":{"type":"Polygon","coordinates":[[[59.51542,36.36964],[59.51528,36.36957],[59.51674,36.36779],[59.51687,36.36785],[59.51689,36.36788],[59.51602,36.36893],[59.51588,36.36906],[59.51571,36.36927],[59.51564,36.36939],[59.51542,36.36964]]]}},{"type":"Feature","properties":{},"geometry":{"type":"Polygon","coordinates":[[[59.46099,36.34463],[59.45992,36.34499],[59.45986,36.34503],[59.45981,36.34509],[59.45978,36.34515],[59.45976,36.34522],[59.45976,36.34528],[59.45978,36.34535],[59.45981,36.34541],[59.45986,36.34547],[59.45992,36.34552],[59.45999,36.34555],[59.46007,36.34558],[59.46015,36.34559],[59.46023,36.34559],[59.4613,36.34523],[59.46137,36.34518],[59.46142,36.34513],[59.46145,36.34507],[59.46147,36.345],[59.46148,36.34493],[59.46146,36.34486],[59.46143,36.3448],[59.46138,36.34474],[59.46132,36.34469],[59.46124,36.34466],[59.46116,36.34463],[59.46108,36.34462],[59.46099,36.34463]]]}},{"type":"Feature","properties":{},"geometry":{"type":"Polygon","coordinates":[[[59.56233,36.32355],[59.56243,36.32431],[59.5631,36.32398],[59.5632,36.3239],[59.56316,36.3235],[59.56233,36.32355]]]}},{"type":"Feature","properties":{},"geometry":{"type":"Polygon","coordinates":[[[59.59246,36.26168],[59.59236,36.26141],[59.59255,36.26117],[59.59285,36.26153],[59.59268,36.26161],[59.59246,36.26168]]]}},{"type":"Feature","properties":{},"geometry":{"type":"Polygon","coordinates":[[[59.58893,36.26117],[59.58903,36.26115],[59.58946,36.26122],[59.58951,36.2613],[59.58953,36.26137],[59.58952,36.26142],[59.58947,36.26147],[59.58922,36.26173],[59.58876,36.26205],[59.58893,36.26117]]]}},{"type":"Feature","properties":{"name":"کوهستان پارک خورشید"},"geometry":{"type":"Polygon","coordinates":[[[59.49072,36.29712],[59.49225,36.29651],[59.49149,36.29458],[59.49083,36.29476],[59.48898,36.29483],[59.48709,36.29302],[59.48916,36.29131],[59.48817,36.29078],[59.47862,36.29343],[59.47728,36.29465],[59.47652,36.29509],[59.47615,36.29563],[59.47564,36.29603],[59.47537,36.29617],[59.47529,36.2964],[59.47493,36.29678],[59.47478,36.29733],[59.47511,36.29813],[59.47483,36.29872],[59.47562,36.29932],[59.4766,36.29952],[59.47737,36.29984],[59.47847,36.30038],[59.47995,36.30108],[59.48122,36.30122],[59.48307,36.30121],[59.48404,36.30099],[59.48519,36.30034],[59.48526,36.29987],[59.4863,36.29878],[59.48841,36.29793],[59.49072,36.29712]]]}},{"type":"Feature","properties":{"name":"پارک آبشار"},"geometry":{"type":"Polygon","coordinates":[[[59.51125,36.27679],[59.50802,36.27775],[59.50894,36.2794],[59.5094,36.28008],[59.50922,36.28021],[59.50919,36.28027],[59.50995,36.28102],[59.51158,36.28255],[59.51173,36.2831],[59.51159,36.28378],[59.51134,36.28456],[59.51253,36.28434],[59.51321,36.28342],[59.51385,36.28304],[59.51412,36.28206],[59.51463,36.28076],[59.51505,36.28025],[59.5151,36.27927],[59.5146,36.27848],[59.51434,36.27766],[59.51401,36.27682],[59.51364,36.27611],[59.51125,36.27679]]]}},{"type":"Feature","properties":{"name":"باغ پاچنار"},"geometry":{"type":"Polygon","coordinates":[[[59.46546,36.32876],[59.46522,36.3281],[59.46567,36.32781],[59.46551,36.32756],[59.46511,36.32705],[59.46596,36.32632],[59.46594,36.32623],[59.46743,36.32587],[59.4679,36.32575],[59.46812,36.32566],[59.46833,36.32557],[59.46854,36.32545],[59.46878,36.3253],[59.4693,36.32487],[59.4694,36.32483],[59.4695,36.32481],[59.46958,36.32486],[59.46996,36.32547],[59.47021,36.3255],[59.47225,36.32498],[59.47233,36.32506],[59.47231,36.32589],[59.47085,36.32653],[59.47085,36.32667],[59.47101,36.32713],[59.47039,36.32725],[59.46927,36.32728],[59.46794,36.32769],[59.46682,36.32831],[59.46693,36.32852],[59.46546,36.32876]]]}},{"type":"Feature","properties":{},"geometry":{"type":"Polygon","coordinates":[[[59.46741,36.3294],[59.46774,36.3293],[59.46729,36.32922],[59.46741,36.3294]]]}},{"type":"Feature","properties":{"name":"سالن ورزشی"},"geometry":{"type":"Polygon","coordinates":[[[59.46535,36.33528],[59.46614,36.3354],[59.46632,36.33461],[59.46578,36.33453],[59.46561,36.3345],[59.46553,36.33449],[59.46535,36.33528]]]}},{"type":"Feature","properties":{},"geometry":{"type":"Polygon","coordinates":[[[59.46571,36.33345],[59.46576,36.33323],[59.46529,36.33338],[59.46571,36.33345]]]}},{"type":"Feature","properties":{},"geometry":{"type":"Polygon","coordinates":[[[59.46343,36.33774],[59.46385,36.33762],[59.46346,36.33756],[59.46343,36.33774]]]}},{"type":"Feature","properties":{},"geometry":{"type":"Polygon","coordinates":[[[59.46212,36.33814],[59.46262,36.33799],[59.46216,36.33792],[59.46212,36.33814]]]}},{"type":"Feature","properties":{},"geometry":{"type":"Polygon","coordinates":[[[59.46708,36.33599],[59.46744,36.33588],[59.46712,36.33582],[59.46708,36.33599]]]}},{"type":"Feature","properties":{},"geometry":{"type":"Polygon","coordinates":[[[59.51888,36.35895],[59.51941,36.35908],[59.52061,36.35847],[59.51981,36.35807],[59.51973,36.35817],[59.51968,36.35832],[59.5197,36.35848],[59.51975,36.35863],[59.51975,36.35875],[59.51967,36.35884],[59.51953,36.35886],[59.51919,36.35878],[59.51888,36.35895]]]}},{"type":"Feature","properties":{},"geometry":{"type":"Polygon","coordinates":[[[59.52036,36.3582],[59.52063,36.35836],[59.52228,36.35752],[59.52262,36.35725],[59.52203,36.35702],[59.52164,36.3569],[59.52137,36.35741],[59.52119,36.35777],[59.52036,36.3582]]]}},{"type":"Feature","properties":{},"geometry":{"type":"Polygon","coordinates":[[[59.51117,36.37318],[59.51149,36.37286],[59.51107,36.37263],[59.51079,36.37302],[59.51117,36.37318]]]}},{"type":"Feature","properties":{"name":"بوستان مهتاب"},"geometry":{"type":"Polygon","coordinates":[[[59.50976,36.37378],[59.51014,36.3731],[59.50906,36.37258],[59.50862,36.3732],[59.50976,36.37378]]]}},{"type":"Feature","properties":{"name":"بوستان رازی"},"geometry":{"type":"Polygon","coordinates":[[[59.53909,36.35699],[59.53917,36.35698],[59.53928,36.3567],[59.53831,36.35635],[59.53792,36.35639],[59.53909,36.35699]]]}},{"type":"Feature","properties":{},"geometry":{"type":"Polygon","coordinates":[[[59.53299,36.35728],[59.53337,36.35684],[59.53237,36.35691],[59.52963,36.35549],[59.52954,36.35556],[59.53299,36.35728]]]}},{"type":"Feature","properties":{},"geometry":{"type":"Polygon","coordinates":[[[59.53088,36.35358],[59.53122,36.35316],[59.53115,36.35312],[59.53058,36.35342],[59.53088,36.35358]]]}},{"type":"Feature","properties":{},"geometry":{"type":"Polygon","coordinates":[[[59.51954,36.35205],[59.52017,36.3523],[59.52028,36.35197],[59.51954,36.35205]]]}},{"type":"Feature","properties":{"name":"بوستان شیرین"},"geometry":{"type":"Polygon","coordinates":[[[59.51778,36.35223],[59.51809,36.35169],[59.5172,36.3514],[59.5171,36.35156],[59.51739,36.35176],[59.51751,36.35179],[59.51741,36.35211],[59.51778,36.35223]]]}},{"type":"Feature","properties":{},"geometry":{"type":"Polygon","coordinates":[[[59.52267,36.35205],[59.52273,36.352],[59.5274,36.35437],[59.52732,36.35443],[59.52267,36.35205]]]}},{"type":"Feature","properties":{},"geometry":{"type":"Polygon","coordinates":[[[59.52151,36.35029],[59.52136,36.35103],[59.52129,36.35102],[59.52123,36.35098],[59.5212,36.35094],[59.52145,36.3503],[59.52151,36.35029]]]}},{"type":"Feature","properties":{},"geometry":{"type":"Polygon","coordinates":[[[59.52032,36.35049],[59.52082,36.35048],[59.5208,36.35025],[59.52091,36.35024],[59.5209,36.34999],[59.5211,36.34999],[59.52079,36.35073],[59.52032,36.35049]]]}},{"type":"Feature","properties":{},"geometry":{"type":"Polygon","coordinates":[[[59.52737,36.36146],[59.52738,36.36142],[59.52715,36.36118],[59.52684,36.36074],[59.5266,36.36103],[59.52737,36.36146]]]}},{"type":"Feature","properties":{},"geometry":{"type":"Polygon","coordinates":[[[59.55075,36.34644],[59.55126,36.34626],[59.55181,36.34615],[59.55229,36.34613],[59.55168,36.34603],[59.55113,36.346],[59.5495,36.34573],[59.54976,36.34596],[59.54986,36.34615],[59.5499,36.34634],[59.54987,36.34656],[59.54977,36.34677],[59.5496,36.34694],[59.54939,36.34705],[59.54914,36.34712],[59.54886,36.34714],[59.54862,36.34709],[59.54842,36.34702],[59.54824,36.34691],[59.54808,36.34672],[59.548,36.34654],[59.54793,36.34673],[59.5476,36.34741],[59.54731,36.34783],[59.54711,36.34813],[59.54697,36.34839],[59.54687,36.34857],[59.54702,36.34841],[59.54727,36.3482],[59.54755,36.34802],[59.55075,36.34644]]]}},{"type":"Feature","properties":{},"geometry":{"type":"Polygon","coordinates":[[[59.54952,36.34522],[59.55097,36.34545],[59.55184,36.34567],[59.55229,36.34575],[59.55186,36.34554],[59.55151,36.34531],[59.55083,36.34465],[59.55043,36.34427],[59.55012,36.34396],[59.54997,36.34382],[59.54976,36.34369],[59.54954,36.34358],[59.5493,36.34347],[59.54899,36.34337],[59.54858,36.34328],[59.54827,36.34325],[59.54836,36.34371],[59.54838,36.34408],[59.54861,36.34384],[59.54882,36.34372],[59.54902,36.34366],[59.54925,36.34363],[59.5495,36.34366],[59.54974,36.34373],[59.54993,36.34385],[59.55009,36.34399],[59.55021,36.34417],[59.55027,36.3444],[59.55023,36.34466],[59.55008,36.3449],[59.54986,36.34508],[59.54952,36.34522]]]}},{"type":"Feature","properties":{},"geometry":{"type":"Polygon","coordinates":[[[59.54555,36.34641],[59.54544,36.34617],[59.54532,36.34583],[59.54529,36.34544],[59.54511,36.34544],[59.54449,36.34536],[59.54374,36.34536],[59.54418,36.34543],[59.54451,36.34555],[59.5449,36.34576],[59.54519,36.34598],[59.54555,36.34641]]]}},{"type":"Feature","properties":{},"geometry":{"type":"Polygon","coordinates":[[[59.54554,36.34448],[59.54587,36.34405],[59.54615,36.34379],[59.54641,36.34359],[59.54701,36.34331],[59.54759,36.34315],[59.54758,36.34305],[59.54735,36.34211],[59.54731,36.34243],[59.54712,36.34279],[59.54685,36.3431],[59.54639,36.34348],[59.54528,36.34436],[59.54495,36.34461],[59.54459,36.3448],[59.54418,36.34493],[59.5438,36.34499],[59.54443,36.34499],[59.54534,36.34493],[59.54554,36.34448]]]}},{"type":"Feature","properties":{},"geometry":{"type":"Polygon","coordinates":[[[59.54822,36.34312],[59.54856,36.34316],[59.54903,36.34326],[59.54938,36.34338],[59.54988,36.34363],[59.54817,36.34189],[59.54793,36.34161],[59.54796,36.34173],[59.54798,36.34187],[59.54809,36.34232],[59.54818,36.34286],[59.54822,36.34312]]]}},{"type":"Feature","properties":{},"geometry":{"type":"Polygon","coordinates":[[[59.54774,36.34412],[59.54762,36.34331],[59.54713,36.34342],[59.54662,36.34363],[59.5462,36.34393],[59.54589,36.34425],[59.54566,36.34456],[59.54549,36.34493],[59.54655,36.34496],[59.54636,36.34484],[59.54622,36.3447],[59.54613,36.34447],[59.54616,36.34421],[59.54627,36.34402],[59.54649,36.34384],[59.54676,36.34376],[59.54709,36.34376],[59.54735,36.34383],[59.54756,36.34394],[59.54774,36.34412]]]}},{"type":"Feature","properties":{},"geometry":{"type":"Polygon","coordinates":[[[59.54603,36.34668],[59.54584,36.34648],[59.54574,36.34627],[59.54573,36.34604],[59.54581,36.34581],[59.54597,36.34562],[59.54613,36.34552],[59.54631,36.34545],[59.54545,36.34544],[59.54547,36.3458],[59.54557,36.34614],[59.54577,36.3465],[59.54637,36.34735],[59.54649,36.34761],[59.54656,36.34793],[59.54654,36.34826],[59.54678,36.34785],[59.54696,36.34734],[59.54733,36.34655],[59.54711,36.34675],[59.54684,36.34684],[59.54654,36.34687],[59.54626,36.3468],[59.54603,36.34668]]]}},{"type":"Feature","properties":{},"geometry":{"type":"Polygon","coordinates":[[[59.46492,36.33165],[59.46515,36.33118],[59.46523,36.33101],[59.46502,36.33108],[59.46484,36.33165],[59.46492,36.33165]]]}},{"type":"Feature","properties":{},"geometry":{"type":"Polygon","coordinates":[[[59.46528,36.33085],[59.46529,36.33041],[59.46528,36.33028],[59.46517,36.33033],[59.46515,36.3307],[59.46515,36.33087],[59.46528,36.33085]]]}},{"type":"Feature","properties":{"name":"فروشگاه نهال و گل"},"geometry":{"type":"Polygon","coordinates":[[[59.52884,36.37882],[59.53037,36.38037],[59.53418,36.37695],[59.53353,36.37655],[59.53385,36.37606],[59.53143,36.37506],[59.53122,36.37529],[59.53045,36.37642],[59.52982,36.37739],[59.52884,36.37882]]]}},{"type":"Feature","properties":{"name":"بوستان شیرین"},"geometry":{"type":"Polygon","coordinates":[[[59.53375,36.38021],[59.53428,36.37993],[59.53403,36.3798],[59.53375,36.38021]]]}},{"type":"Feature","properties":{},"geometry":{"type":"Polygon","coordinates":[[[59.55593,36.28591],[59.55557,36.28578],[59.55571,36.28559],[59.5559,36.28546],[59.55615,36.28539],[59.55639,36.28539],[59.55667,36.28548],[59.55686,36.28563],[59.55697,36.28583],[59.55705,36.28612],[59.55706,36.28645],[59.55701,36.28668],[59.55663,36.28635],[59.55639,36.28617],[59.55616,36.28602],[59.55593,36.28591]]]}},{"type":"Feature","properties":{},"geometry":{"type":"Polygon","coordinates":[[[59.55569,36.28682],[59.55594,36.28697],[59.55623,36.28705],[59.55649,36.28702],[59.55682,36.28688],[59.55676,36.28678],[59.5566,36.28663],[59.55644,36.28649],[59.55621,36.28633],[59.55601,36.28621],[59.55579,36.28609],[59.55551,36.28599],[59.5555,36.28627],[59.55555,36.28658],[59.55569,36.28682]]]}},{"type":"Feature","properties":{},"geometry":{"type":"Polygon","coordinates":[[[59.53944,36.27463],[59.54066,36.27415],[59.54066,36.2738],[59.53859,36.27313],[59.53846,36.2738],[59.53815,36.27508],[59.53816,36.27529],[59.53831,36.27542],[59.53899,36.2745],[59.53944,36.27463]]]}},{"type":"Feature","properties":{},"geometry":{"type":"Polygon","coordinates":[[[59.56866,36.32698],[59.56845,36.32699],[59.56849,36.32733],[59.5687,36.32732],[59.56866,36.32698]]]}},{"type":"Feature","properties":{},"geometry":{"type":"Polygon","coordinates":[[[59.56916,36.32728],[59.5694,36.32726],[59.56937,36.32692],[59.56913,36.32694],[59.56916,36.32728]]]}},{"type":"Feature","properties":{},"geometry":{"type":"Polygon","coordinates":[[[59.56893,36.3273],[59.56916,36.32728],[59.56913,36.32694],[59.5689,36.32696],[59.56893,36.3273]]]}},{"type":"Feature","properties":{},"geometry":{"type":"Polygon","coordinates":[[[59.5687,36.32732],[59.56893,36.3273],[59.5689,36.32696],[59.56866,36.32698],[59.5687,36.32732]]]}},{"type":"Feature","properties":{},"geometry":{"type":"Polygon","coordinates":[[[59.56934,36.32671],[59.56932,36.32644],[59.56846,36.32649],[59.56839,36.3265],[59.56842,36.32677],[59.56934,36.32671]]]}},{"type":"Feature","properties":{},"geometry":{"type":"Polygon","coordinates":[[[59.56887,36.32674],[59.56842,36.32677],[59.56845,36.32699],[59.56866,36.32698],[59.5689,36.32696],[59.56887,36.32674]]]}},{"type":"Feature","properties":{},"geometry":{"type":"Polygon","coordinates":[[[59.5689,36.32696],[59.56913,36.32694],[59.56937,36.32692],[59.56934,36.32671],[59.56887,36.32674],[59.5689,36.32696]]]}},{"type":"Feature","properties":{},"geometry":{"type":"Polygon","coordinates":[[[59.53868,36.36835],[59.53874,36.36827],[59.53883,36.36831],[59.539,36.36807],[59.5387,36.36793],[59.53859,36.36796],[59.5384,36.36822],[59.53868,36.36835]]]}},{"type":"Feature","properties":{},"geometry":{"type":"Polygon","coordinates":[[[59.50495,36.35914],[59.50664,36.35939],[59.50663,36.35945],[59.50465,36.35947],[59.50495,36.35914]]]}},{"type":"Feature","properties":{},"geometry":{"type":"Polygon","coordinates":[[[59.50742,36.35891],[59.50735,36.35907],[59.50723,36.35913],[59.5058,36.35903],[59.5058,36.35898],[59.5058,36.3589],[59.50742,36.35891]]]}},{"type":"Feature","properties":{"name":"بوستان ماهور"},"geometry":{"type":"Polygon","coordinates":[[[59.4987,36.35495],[59.49873,36.35451],[59.49785,36.35447],[59.49784,36.35469],[59.49793,36.35469],[59.49791,36.35492],[59.4987,36.35495]]]}},{"type":"Feature","properties":{"name":"بوستان زیتون"},"geometry":{"type":"Polygon","coordinates":[[[59.58655,36.32083],[59.58768,36.32018],[59.58698,36.31934],[59.58583,36.32003],[59.58655,36.32083]]]}},{"type":"Feature","properties":{},"geometry":{"type":"Polygon","coordinates":[[[59.59851,36.29379],[59.59878,36.29359],[59.59838,36.29325],[59.59813,36.29346],[59.59851,36.29379]]]}},{"type":"Feature","properties":{},"geometry":{"type":"Polygon","coordinates":[[[59.58567,36.29903],[59.58619,36.29886],[59.58594,36.2986],[59.58589,36.29865],[59.58589,36.29873],[59.58565,36.29901],[59.58567,36.29903]]]}},{"type":"Feature","properties":{},"geometry":{"type":"Polygon","coordinates":[[[59.55469,36.28752],[59.55521,36.28705],[59.55529,36.28696],[59.55533,36.28684],[59.55534,36.28676],[59.55529,36.28663],[59.55525,36.2865],[59.55524,36.28635],[59.55523,36.28624],[59.55518,36.28614],[59.55508,36.28602],[59.55494,36.28593],[59.55477,36.28587],[59.55446,36.28579],[59.55477,36.28594],[59.55492,36.28602],[59.55505,36.28612],[59.55516,36.2863],[59.5552,36.28647],[59.55523,36.28667],[59.55515,36.28696],[59.55461,36.28745],[59.55469,36.28752]]]}},{"type":"Feature","properties":{},"geometry":{"type":"Polygon","coordinates":[[[59.53398,36.28832],[59.53406,36.28824],[59.53407,36.2881],[59.53402,36.28804],[59.53398,36.28807],[59.53399,36.28812],[59.53397,36.28816],[59.53393,36.28817],[59.53386,36.28814],[59.53019,36.29005],[59.53018,36.29008],[59.53029,36.29019],[59.53034,36.2902],[59.5304,36.29019],[59.53398,36.28832]]]}},{"type":"Feature","properties":{},"geometry":{"type":"Polygon","coordinates":[[[59.52434,36.29375],[59.5243,36.29368],[59.52118,36.29525],[59.52136,36.29546],[59.52215,36.29491],[59.52268,36.29457],[59.52434,36.29375]]]}},{"type":"Feature","properties":{},"geometry":{"type":"Polygon","coordinates":[[[59.51827,36.29691],[59.51899,36.29653],[59.5191,36.29661],[59.51963,36.29617],[59.51976,36.29628],[59.52109,36.2954],[59.52102,36.29535],[59.51958,36.29609],[59.51948,36.29618],[59.51929,36.29627],[59.51916,36.2963],[59.51831,36.29676],[59.51827,36.29691]]]}},{"type":"Feature","properties":{},"geometry":{"type":"Polygon","coordinates":[[[59.51394,36.29371],[59.51428,36.29348],[59.51287,36.29214],[59.51253,36.29236],[59.51394,36.29371]]]}},{"type":"Feature","properties":{},"geometry":{"type":"Polygon","coordinates":[[[59.50973,36.29901],[59.50988,36.29892],[59.5097,36.29872],[59.50979,36.29867],[59.50943,36.29826],[59.50947,36.29824],[59.50929,36.29802],[59.50936,36.29797],[59.50915,36.29778],[59.50924,36.29772],[59.50905,36.29755],[59.50913,36.29748],[59.50892,36.2973],[59.50873,36.29743],[59.50973,36.29901]]]}},{"type":"Feature","properties":{},"geometry":{"type":"Polygon","coordinates":[[[59.48915,36.31335],[59.48938,36.31319],[59.48891,36.31277],[59.48874,36.31288],[59.48915,36.31335]]]}},{"type":"Feature","properties":{},"geometry":{"type":"Polygon","coordinates":[[[59.48684,36.31103],[59.48854,36.31003],[59.48844,36.30988],[59.4881,36.30998],[59.48771,36.30953],[59.4873,36.30931],[59.48698,36.30905],[59.48732,36.30891],[59.48756,36.30899],[59.48772,36.30898],[59.48788,36.30892],[59.488,36.30878],[59.48817,36.30833],[59.48839,36.30805],[59.48863,36.30759],[59.48842,36.3076],[59.48824,36.30773],[59.48788,36.30806],[59.48752,36.30816],[59.48712,36.30771],[59.48693,36.30789],[59.48668,36.30798],[59.4864,36.30785],[59.48622,36.30762],[59.4856,36.30818],[59.48521,36.30841],[59.48587,36.30884],[59.48606,36.30891],[59.48621,36.30928],[59.48618,36.30957],[59.48623,36.30976],[59.48614,36.30978],[59.48619,36.31047],[59.4865,36.31037],[59.48666,36.3108],[59.48684,36.31103]]]}},{"type":"Feature","properties":{},"geometry":{"type":"Polygon","coordinates":[[[59.46788,36.30944],[59.46929,36.30934],[59.46982,36.30949],[59.46983,36.30898],[59.46972,36.30858],[59.4696,36.30848],[59.46818,36.30836],[59.46788,36.30944]]]}},{"type":"Feature","properties":{},"geometry":{"type":"Polygon","coordinates":[[[59.41765,36.36458],[59.41783,36.36459],[59.4181,36.3645],[59.41822,36.36384],[59.4184,36.36317],[59.41884,36.36256],[59.41922,36.36226],[59.41966,36.36195],[59.42017,36.36167],[59.42018,36.36161],[59.42025,36.36158],[59.42027,36.36157],[59.42039,36.36157],[59.42232,36.36083],[59.4218,36.36015],[59.42162,36.36],[59.42111,36.3599],[59.42104,36.35986],[59.42098,36.35973],[59.42097,36.35954],[59.42102,36.35938],[59.42125,36.35915],[59.42101,36.35906],[59.42032,36.35835],[59.41968,36.35767],[59.41872,36.35698],[59.41873,36.35673],[59.41881,36.35658],[59.41894,36.35647],[59.41922,36.35628],[59.41937,36.35609],[59.41954,36.35574],[59.41963,36.35528],[59.41966,36.35468],[59.41964,36.35423],[59.41956,36.3539],[59.41944,36.35363],[59.41944,36.35331],[59.41941,36.35295],[59.41935,36.35269],[59.41926,36.3525],[59.41875,36.35189],[59.41873,36.35128],[59.41881,36.35086],[59.41766,36.35084],[59.41751,36.35076],[59.41748,36.35067],[59.41774,36.34996],[59.41629,36.3499],[59.41603,36.34967],[59.41614,36.34861],[59.41591,36.34734],[59.41582,36.34626],[59.41564,36.34586],[59.41521,36.34513],[59.41417,36.34513],[59.41059,36.34511],[59.40937,36.34535],[59.40859,36.34555],[59.40897,36.34694],[59.40918,36.34747],[59.40935,36.34785],[59.40958,36.34868],[59.40996,36.34889],[59.40994,36.34935],[59.41158,36.35051],[59.41163,36.35072],[59.4117,36.35072],[59.41191,36.3508],[59.41196,36.35084],[59.41208,36.35115],[59.41203,36.35139],[59.41214,36.35185],[59.41213,36.35201],[59.41223,36.35212],[59.41221,36.35216],[59.4122,36.35231],[59.41234,36.35255],[59.41246,36.35289],[59.41276,36.35323],[59.41267,36.3533],[59.41248,36.35332],[59.41237,36.35337],[59.41218,36.35361],[59.41128,36.35437],[59.41101,36.35445],[59.41092,36.35454],[59.41096,36.35473],[59.41114,36.35489],[59.41157,36.35477],[59.41183,36.35473],[59.41188,36.35477],[59.41199,36.35496],[59.41236,36.35512],[59.41235,36.3552],[59.41422,36.35496],[59.41449,36.35493],[59.41461,36.35497],[59.41485,36.35527],[59.41473,36.35563],[59.41473,36.35602],[59.41468,36.35627],[59.4146,36.35637],[59.41455,36.35638],[59.41446,36.35633],[59.41418,36.35619],[59.41398,36.35623],[59.4142,36.35656],[59.41431,36.35674],[59.41407,36.35704],[59.4141,36.35716],[59.41444,36.35718],[59.4148,36.3571],[59.41485,36.35711],[59.41535,36.35761],[59.41485,36.35806],[59.41482,36.35834],[59.41438,36.35843],[59.41406,36.35863],[59.41404,36.35876],[59.41367,36.35899],[59.41347,36.3593],[59.41401,36.35962],[59.41368,36.35999],[59.41366,36.36002],[59.41765,36.36458]]]}},{"type":"Feature","properties":{},"geometry":{"type":"Polygon","coordinates":[[[59.38412,36.40267],[59.38442,36.40277],[59.38601,36.40227],[59.38675,36.40187],[59.386,36.4007],[59.38697,36.39857],[59.38817,36.39789],[59.38715,36.39721],[59.38636,36.39809],[59.38516,36.39864],[59.38496,36.40013],[59.38476,36.40056],[59.3839,36.40066],[59.38293,36.40066],[59.38206,36.40042],[59.38162,36.40016],[59.38143,36.39975],[59.38143,36.39973],[59.38144,36.39941],[59.38133,36.3993],[59.38095,36.39947],[59.3801,36.39946],[59.37984,36.39953],[59.37978,36.39991],[59.37973,36.40011],[59.37975,36.40036],[59.37965,36.40054],[59.37937,36.40087],[59.37901,36.40103],[59.37883,36.40124],[59.3785,36.40141],[59.37802,36.40149],[59.37779,36.40138],[59.37752,36.40137],[59.37685,36.40155],[59.37666,36.40188],[59.37618,36.40212],[59.37619,36.40237],[59.37588,36.40276],[59.37547,36.4029],[59.37445,36.40252],[59.3749,36.40308],[59.37389,36.40356],[59.37549,36.40622],[59.37794,36.40493],[59.38129,36.40371],[59.38191,36.40288],[59.3821,36.40292],[59.38248,36.40279],[59.38386,36.40249],[59.38412,36.40267]]]}},{"type":"Feature","properties":{},"geometry":{"type":"Polygon","coordinates":[[[59.37202,36.40259],[59.37269,36.40273],[59.37304,36.40288],[59.37359,36.40258],[59.3741,36.40229],[59.37412,36.40211],[59.37417,36.40161],[59.37425,36.4013],[59.37441,36.40104],[59.37447,36.40073],[59.37445,36.40062],[59.37434,36.40045],[59.37422,36.40036],[59.37412,36.4003],[59.37403,36.40025],[59.37389,36.40023],[59.37364,36.40029],[59.37336,36.40041],[59.37312,36.40046],[59.37274,36.4005],[59.37254,36.40054],[59.3724,36.40064],[59.37223,36.40088],[59.37163,36.40149],[59.37116,36.40176],[59.37109,36.40196],[59.37121,36.40224],[59.3711,36.40238],[59.37133,36.40255],[59.3718,36.40279],[59.37202,36.40259]]]}},{"type":"Feature","properties":{},"geometry":{"type":"Polygon","coordinates":[[[59.37128,36.40831],[59.36986,36.40625],[59.37162,36.40546],[59.37101,36.40459],[59.37143,36.40426],[59.37131,36.40396],[59.37136,36.40364],[59.37162,36.40352],[59.37179,36.40368],[59.37241,36.4035],[59.37346,36.40351],[59.37279,36.40314],[59.37252,36.40307],[59.3723,36.40307],[59.37197,36.40309],[59.37161,36.40321],[59.37142,36.40325],[59.37092,36.40298],[59.37068,36.40296],[59.36963,36.40278],[59.36961,36.40287],[59.36951,36.40306],[59.3693,36.40324],[59.36871,36.40365],[59.368,36.40401],[59.36735,36.40412],[59.36667,36.40454],[59.36657,36.40467],[59.36661,36.40481],[59.36683,36.40487],[59.36797,36.40519],[59.36838,36.40505],[59.36868,36.40515],[59.36883,36.40524],[59.36872,36.40544],[59.3685,36.40543],[59.36832,36.40544],[59.36789,36.40524],[59.36719,36.40542],[59.36721,36.4055],[59.36733,36.40549],[59.36775,36.4054],[59.36814,36.40558],[59.3682,36.40575],[59.368,36.40587],[59.36775,36.4059],[59.36702,36.40592],[59.36675,36.4061],[59.36659,36.40632],[59.36661,36.40654],[59.36645,36.4065],[59.3662,36.40679],[59.36611,36.40674],[59.3663,36.40644],[59.36621,36.40639],[59.36593,36.40657],[59.36578,36.40682],[59.3654,36.40694],[59.36507,36.40709],[59.36486,36.40736],[59.36462,36.40755],[59.36429,36.40785],[59.36393,36.40818],[59.36352,36.40839],[59.36319,36.4086],[59.36301,36.40879],[59.36293,36.40909],[59.36273,36.40955],[59.36279,36.41012],[59.3626,36.41091],[59.36124,36.41185],[59.36058,36.41331],[59.37128,36.40831]]]}},{"type":"Feature","properties":{"name":"پارک شهرک باهنر"},"geometry":{"type":"Polygon","coordinates":[[[59.71533,36.24865],[59.71568,36.24911],[59.71539,36.24931],[59.71526,36.24923],[59.71516,36.24934],[59.71399,36.24866],[59.7139,36.24874],[59.71353,36.24854],[59.71363,36.24845],[59.71329,36.2482],[59.71306,36.24827],[59.71293,36.2481],[59.71389,36.24775],[59.71444,36.24826],[59.7148,36.24817],[59.71511,36.24864],[59.71517,36.24862],[59.71522,36.2487],[59.71533,36.24865]]]}},{"type":"Feature","properties":{},"geometry":{"type":"Polygon","coordinates":[[[59.49926,36.41178],[59.49892,36.41214],[59.49855,36.41256],[59.4984,36.41283],[59.49813,36.41309],[59.49784,36.41293],[59.49795,36.41282],[59.49788,36.41277],[59.49798,36.41262],[59.49771,36.41261],[59.49772,36.41249],[59.49749,36.41247],[59.49749,36.41225],[59.49795,36.41186],[59.49803,36.41189],[59.49847,36.41154],[59.49874,36.41157],[59.49892,36.41168],[59.49917,36.41172],[59.49926,36.41178]]]}},{"type":"Feature","properties":{},"geometry":{"type":"Polygon","coordinates":[[[59.64238,36.31767],[59.63941,36.31933],[59.63723,36.3204],[59.63727,36.32046],[59.6373,36.32053],[59.63728,36.32062],[59.63949,36.31939],[59.64243,36.31776],[59.64544,36.31631],[59.64701,36.31546],[59.64873,36.31444],[59.65129,36.31293],[59.6513,36.31289],[59.65126,36.31284],[59.65122,36.31283],[59.64865,36.31435],[59.64691,36.31537],[59.64537,36.31623],[59.64238,36.31767]]]}},{"type":"Feature","properties":{},"geometry":{"type":"Polygon","coordinates":[[[59.65372,36.3204],[59.65413,36.32066],[59.65384,36.32099],[59.65337,36.32072],[59.65372,36.3204]]]}},{"type":"Feature","properties":{},"geometry":{"type":"Polygon","coordinates":[[[59.63707,36.32052],[59.63714,36.32051],[59.63719,36.32052],[59.63722,36.32055],[59.6372,36.3206],[59.63716,36.32063],[59.63492,36.32172],[59.63278,36.32279],[59.63255,36.32293],[59.63234,36.32309],[59.63183,36.32351],[59.63142,36.3238],[59.63091,36.32412],[59.62938,36.32492],[59.62858,36.32529],[59.62852,36.32521],[59.62931,36.32483],[59.63085,36.32406],[59.63136,36.32374],[59.63177,36.32344],[59.63229,36.32303],[59.63249,36.32288],[59.63274,36.32273],[59.63488,36.32168],[59.63707,36.32052]]]}},{"type":"Feature","properties":{"name":"زمین چمن مصنوعی"},"geometry":{"type":"Polygon","coordinates":[[[59.53463,36.29772],[59.53428,36.29728],[59.53459,36.29712],[59.53494,36.29756],[59.53463,36.29772]]]}},{"type":"Feature","properties":{},"geometry":{"type":"Polygon","coordinates":[[[59.59196,36.27521],[59.59186,36.27523],[59.59171,36.2752],[59.59159,36.27509],[59.59155,36.27498],[59.59156,36.27487],[59.59178,36.27457],[59.59195,36.27442],[59.5923,36.27426],[59.59237,36.27425],[59.59243,36.27427],[59.59248,36.27432],[59.59248,36.27439],[59.59237,36.27469],[59.59222,36.27509],[59.59213,36.27518],[59.59203,36.27521],[59.59196,36.27521]]]}},{"type":"Feature","properties":{},"geometry":{"type":"Polygon","coordinates":[[[59.59316,36.28876],[59.59305,36.28885],[59.59292,36.2889],[59.59276,36.28892],[59.59261,36.2889],[59.59248,36.28883],[59.59238,36.28874],[59.59232,36.28863],[59.59231,36.2885],[59.59235,36.28838],[59.59244,36.28828],[59.59256,36.28821],[59.59271,36.28817],[59.59286,36.28817],[59.59301,36.28822],[59.59313,36.2883],[59.59321,36.2884],[59.59324,36.28852],[59.59322,36.28864],[59.59316,36.28876]]]}},{"type":"Feature","properties":{},"geometry":{"type":"Polygon","coordinates":[[[59.63299,36.29822],[59.63349,36.2977],[59.63251,36.29709],[59.63201,36.2976],[59.63299,36.29822]]]}},{"type":"Feature","properties":{},"geometry":{"type":"Polygon","coordinates":[[[59.37416,36.41849],[59.37342,36.41874],[59.37388,36.41964],[59.37462,36.41939],[59.37416,36.41849]]]}},{"type":"Feature","properties":{},"geometry":{"type":"Polygon","coordinates":[[[59.47016,36.3164],[59.46736,36.32002],[59.46747,36.32008],[59.46761,36.31991],[59.46775,36.31976],[59.46801,36.31954],[59.46844,36.31926],[59.46866,36.31913],[59.469,36.31894],[59.46908,36.3189],[59.46897,36.31867],[59.47034,36.31679],[59.47016,36.3164]]]}},{"type":"Feature","properties":{},"geometry":{"type":"Polygon","coordinates":[[[59.63743,36.3244],[59.63755,36.32463],[59.63746,36.32466],[59.6374,36.32471],[59.63738,36.32479],[59.63686,36.32479],[59.63644,36.32495],[59.63634,36.32495],[59.63618,36.32474],[59.63639,36.3248],[59.6365,36.32476],[59.63648,36.3247],[59.63703,36.32455],[59.63743,36.3244]]]}},{"type":"Feature","properties":{},"geometry":{"type":"Polygon","coordinates":[[[59.63606,36.32485],[59.63602,36.32487],[59.63595,36.32502],[59.63508,36.32539],[59.63483,36.32538],[59.63494,36.32553],[59.63503,36.32554],[59.63613,36.32509],[59.63618,36.32503],[59.63606,36.32485]]]}},{"type":"Feature","properties":{},"geometry":{"type":"Polygon","coordinates":[[[59.63467,36.32545],[59.63462,36.32559],[59.63444,36.32567],[59.63438,36.32559],[59.63234,36.32646],[59.63239,36.32654],[59.63202,36.32671],[59.63208,36.32679],[59.63218,36.32681],[59.63478,36.32568],[59.6348,36.32562],[59.63467,36.32545]]]}},{"type":"Feature","properties":{},"geometry":{"type":"Polygon","coordinates":[[[59.62738,36.32741],[59.62738,36.32748],[59.62779,36.32746],[59.62784,36.32744],[59.62785,36.32724],[59.62778,36.32722],[59.62738,36.32741]]]}},{"type":"Feature","properties":{},"geometry":{"type":"Polygon","coordinates":[[[59.48803,36.35663],[59.48813,36.35662],[59.48821,36.35657],[59.48826,36.35648],[59.48867,36.357],[59.48876,36.35709],[59.48874,36.35712],[59.48845,36.35692],[59.48818,36.35673],[59.48803,36.35663]]]}},{"type":"Feature","properties":{},"geometry":{"type":"Polygon","coordinates":[[[59.48767,36.3562],[59.4877,36.35615],[59.48772,36.35613],[59.48778,36.3561],[59.48786,36.3561],[59.48795,36.3561],[59.48802,36.35613],[59.48807,36.35616],[59.4881,36.3562],[59.48814,36.35624],[59.48816,36.35631],[59.48814,36.35636],[59.48811,36.35642],[59.48805,36.35649],[59.48797,36.35652],[59.4879,36.35652],[59.48785,36.35652],[59.48777,36.35649],[59.48772,36.35644],[59.48768,36.35637],[59.48767,36.35629],[59.48767,36.3562]]]}},{"type":"Feature","properties":{},"geometry":{"type":"Polygon","coordinates":[[[59.48745,36.35637],[59.48747,36.35647],[59.48751,36.35653],[59.48741,36.35653],[59.48732,36.35655],[59.48728,36.35652],[59.48745,36.35637]]]}},{"type":"Feature","properties":{},"geometry":{"type":"Polygon","coordinates":[[[59.48781,36.35594],[59.48787,36.35593],[59.48794,36.35593],[59.48801,36.35594],[59.48808,36.35598],[59.48807,36.35586],[59.48799,36.35587],[59.48793,36.35586],[59.48789,36.35584],[59.48787,36.3558],[59.48781,36.35594]]]}},{"type":"Feature","properties":{},"geometry":{"type":"Polygon","coordinates":[[[59.48793,36.35575],[59.48795,36.35578],[59.48799,36.35579],[59.48802,36.35578],[59.48803,36.35575],[59.48805,36.35522],[59.48793,36.35571],[59.48793,36.35575]]]}},{"type":"Feature","properties":{"name":"بوستان شهرسنگ"},"geometry":{"type":"Polygon","coordinates":[[[59.55275,36.27874],[59.5528,36.27893],[59.55261,36.27898],[59.55266,36.2793],[59.55204,36.27879],[59.55264,36.2785],[59.55277,36.27851],[59.5533,36.27824],[59.55323,36.27814],[59.55333,36.27809],[59.55426,36.27763],[59.55422,36.27799],[59.55425,36.27819],[59.5536,36.27832],[59.55366,36.27852],[59.55283,36.27866],[59.55275,36.27874]]]}},{"type":"Feature","properties":{},"geometry":{"type":"Polygon","coordinates":[[[59.55433,36.28886],[59.55515,36.28824],[59.55567,36.28868],[59.55485,36.2893],[59.55433,36.28886]]]}},{"type":"Feature","properties":{},"geometry":{"type":"Polygon","coordinates":[[[59.52269,36.33913],[59.52271,36.33927],[59.52293,36.33946],[59.52307,36.33951],[59.52326,36.33946],[59.5234,36.33936],[59.52356,36.33927],[59.53097,36.33793],[59.53097,36.33783],[59.52298,36.33927],[59.52269,36.33913]]]}},{"type":"Feature","properties":{"name":"بوستان آفتاب"},"geometry":{"type":"Polygon","coordinates":[[[59.52214,36.34584],[59.52041,36.34586],[59.52041,36.34584],[59.52023,36.34584],[59.52024,36.34592],[59.52007,36.34592],[59.52007,36.34581],[59.5164,36.34591],[59.5164,36.34566],[59.51649,36.34558],[59.51733,36.34556],[59.51767,36.34551],[59.51804,36.34549],[59.51848,36.34549],[59.51904,36.34555],[59.52009,36.34558],[59.52065,36.34558],[59.52108,36.34562],[59.52212,36.3458],[59.52214,36.34584]]]}},{"type":"Feature","properties":{},"geometry":{"type":"Polygon","coordinates":[[[59.51875,36.34791],[59.51838,36.34791],[59.51832,36.3467],[59.51843,36.3467],[59.5184,36.34599],[59.51865,36.34598],[59.51873,36.34751],[59.51875,36.34791]]]}},{"type":"Feature","properties":{},"geometry":{"type":"Polygon","coordinates":[[[59.51534,36.34592],[59.51426,36.34597],[59.51421,36.34593],[59.51423,36.34585],[59.51426,36.34577],[59.51432,36.34569],[59.51439,36.34563],[59.51448,36.34559],[59.51533,36.34558],[59.51534,36.34572],[59.51534,36.34592]]]}},{"type":"Feature","properties":{},"geometry":{"type":"Polygon","coordinates":[[[59.61038,36.31648],[59.61045,36.31665],[59.61103,36.31648],[59.61096,36.31635],[59.61038,36.31648]]]}},{"type":"Feature","properties":{},"geometry":{"type":"Polygon","coordinates":[[[59.50409,36.30428],[59.5039,36.30402],[59.50404,36.30396],[59.5041,36.30386],[59.50416,36.30378],[59.50438,36.30363],[59.50447,36.30353],[59.50519,36.30313],[59.50457,36.3038],[59.50409,36.30428]]]}},{"type":"Feature","properties":{"name":"بوستان دیبا"},"geometry":{"type":"Polygon","coordinates":[[[59.50277,36.32429],[59.50272,36.32417],[59.50354,36.32391],[59.50374,36.32397],[59.50387,36.32391],[59.50408,36.32405],[59.50403,36.32408],[59.50393,36.32405],[59.50369,36.32404],[59.50277,36.32429]]]}},{"type":"Feature","properties":{"name":"بوستان پگاه"},"geometry":{"type":"Polygon","coordinates":[[[59.5045,36.29476],[59.50485,36.2946],[59.50493,36.29461],[59.50509,36.29487],[59.50536,36.29525],[59.50572,36.29562],[59.50599,36.29583],[59.5063,36.29604],[59.50647,36.29614],[59.50648,36.29622],[59.50635,36.29635],[59.50491,36.29527],[59.5045,36.29476]]]}},{"type":"Feature","properties":{"name":"بوستان سرافرازان"},"geometry":{"type":"Polygon","coordinates":[[[59.50674,36.29596],[59.50646,36.29589],[59.50616,36.29569],[59.50591,36.29548],[59.50557,36.29513],[59.50532,36.29479],[59.50512,36.29437],[59.50499,36.29403],[59.50515,36.29397],[59.50518,36.29422],[59.50541,36.29445],[59.50533,36.29452],[59.50564,36.29482],[59.50557,36.29487],[59.50622,36.29548],[59.50629,36.29545],[59.50653,36.29567],[59.50659,36.29564],[59.50685,36.29588],[59.50674,36.29596]]]}},{"type":"Feature","properties":{},"geometry":{"type":"Polygon","coordinates":[[[59.62643,36.21522],[59.62639,36.21545],[59.62623,36.21555],[59.62606,36.21557],[59.62591,36.21551],[59.62583,36.21542],[59.62581,36.21529],[59.62587,36.21516],[59.62602,36.2151],[59.62624,36.21512],[59.62643,36.21522]]]}},{"type":"Feature","properties":{},"geometry":{"type":"Polygon","coordinates":[[[59.6252,36.32709],[59.62306,36.32809],[59.62314,36.32812],[59.62325,36.32816],[59.6234,36.32818],[59.62354,36.32818],[59.62369,36.32817],[59.62384,36.32815],[59.62401,36.32812],[59.62433,36.32802],[59.62463,36.32786],[59.62489,36.32765],[59.62507,36.32743],[59.62517,36.32723],[59.6252,36.32709]]]}},{"type":"Feature","properties":{},"geometry":{"type":"Polygon","coordinates":[[[59.62286,36.32772],[59.62505,36.32669],[59.62498,36.32663],[59.62489,36.32661],[59.62477,36.3266],[59.62462,36.32661],[59.62423,36.32667],[59.62395,36.32676],[59.62361,36.32691],[59.62337,36.32706],[59.62317,36.32725],[59.62297,36.32746],[59.62287,36.32762],[59.62286,36.32772]]]}},{"type":"Feature","properties":{},"geometry":{"type":"Polygon","coordinates":[[[59.59295,36.28903],[59.59295,36.28908],[59.59295,36.28913],[59.59299,36.28918],[59.59289,36.28916],[59.59278,36.28915],[59.59267,36.28917],[59.59255,36.28923],[59.59263,36.28909],[59.59266,36.28903],[59.5928,36.28905],[59.59295,36.28903]]]}},{"type":"Feature","properties":{},"geometry":{"type":"Polygon","coordinates":[[[59.59289,36.28808],[59.59304,36.2881],[59.59316,36.28817],[59.59341,36.28793],[59.59289,36.28808]]]}},{"type":"Feature","properties":{},"geometry":{"type":"Polygon","coordinates":[[[59.57437,36.29899],[59.57411,36.29874],[59.57442,36.29853],[59.57468,36.29877],[59.57437,36.29899]]]}},{"type":"Feature","properties":{},"geometry":{"type":"Polygon","coordinates":[[[59.54086,36.31433],[59.54077,36.31428],[59.5407,36.31421],[59.54064,36.31412],[59.54061,36.31403],[59.54019,36.31246],[59.53985,36.31059],[59.53981,36.31045],[59.53989,36.31043],[59.54084,36.31406],[59.54092,36.31417],[59.54101,36.31422],[59.54086,36.31433]]]}},{"type":"Feature","properties":{},"geometry":{"type":"Polygon","coordinates":[[[59.53783,36.30276],[59.53779,36.30274],[59.53774,36.30286],[59.53773,36.30304],[59.53776,36.30324],[59.5379,36.30372],[59.53796,36.30371],[59.53805,36.304],[59.53798,36.30402],[59.53854,36.30654],[59.5393,36.30931],[59.53939,36.30956],[59.53949,36.30977],[59.53971,36.31006],[59.53978,36.31034],[59.53986,36.31033],[59.53834,36.30465],[59.53783,36.30276]]]}},{"type":"Feature","properties":{},"geometry":{"type":"Polygon","coordinates":[[[59.53901,36.31062],[59.53864,36.30914],[59.53869,36.30887],[59.53869,36.30872],[59.53918,36.31057],[59.53911,36.31061],[59.53901,36.31062]]]}},{"type":"Feature","properties":{},"geometry":{"type":"Polygon","coordinates":[[[59.53974,36.31306],[59.53954,36.31273],[59.53911,36.31106],[59.5392,36.31104],[59.53928,36.31125],[59.53939,36.31145],[59.53948,36.31174],[59.53959,36.31252],[59.53974,36.31306]]]}},{"type":"Feature","properties":{},"geometry":{"type":"Polygon","coordinates":[[[59.53858,36.30914],[59.53728,36.30421],[59.53733,36.30414],[59.5374,36.30422],[59.53748,36.30431],[59.53758,36.30452],[59.53814,36.30668],[59.53861,36.30851],[59.53861,36.30885],[59.53858,36.30914]]]}},{"type":"Feature","properties":{},"geometry":{"type":"Polygon","coordinates":[[[59.5958,36.27533],[59.59533,36.27553],[59.59564,36.27521],[59.5958,36.27533]]]}},{"type":"Feature","properties":{},"geometry":{"type":"Polygon","coordinates":[[[59.59419,36.27599],[59.59378,36.27616],[59.59411,36.27578],[59.59411,36.27592],[59.59419,36.27599]]]}},{"type":"Feature","properties":{},"geometry":{"type":"Polygon","coordinates":[[[59.66867,36.28749],[59.66841,36.28726],[59.66813,36.28698],[59.66773,36.28648],[59.66742,36.28606],[59.66742,36.28579],[59.66758,36.2854],[59.66785,36.28525],[59.66806,36.28584],[59.66777,36.28598],[59.668,36.28634],[59.66839,36.28683],[59.66865,36.28709],[59.66894,36.28734],[59.66867,36.28749]]]}},{"type":"Feature","properties":{},"geometry":{"type":"Polygon","coordinates":[[[59.67326,36.28826],[59.67068,36.28874],[59.66904,36.28776],[59.66935,36.28759],[59.67078,36.28847],[59.67103,36.28832],[59.6715,36.28811],[59.6714,36.28769],[59.67229,36.28756],[59.67241,36.28808],[59.67318,36.28796],[59.67326,36.28826]]]}},{"type":"Feature","properties":{"name":"پارک ترافیک مشهد"},"geometry":{"type":"Polygon","coordinates":[[[59.60528,36.24871],[59.60623,36.24898],[59.60629,36.2494],[59.6062,36.2499],[59.60615,36.25001],[59.60567,36.25048],[59.60556,36.25052],[59.60542,36.2505],[59.60532,36.25044],[59.60476,36.24972],[59.60528,36.24871]]]}},{"type":"Feature","properties":{},"geometry":{"type":"Polygon","coordinates":[[[59.48334,36.3271],[59.48326,36.32679],[59.48385,36.32659],[59.48369,36.32627],[59.48429,36.32596],[59.48435,36.32598],[59.48472,36.3266],[59.48522,36.32683],[59.4854,36.3274],[59.48558,36.3277],[59.48545,36.32775],[59.48519,36.32728],[59.485,36.32707],[59.48466,36.32714],[59.48446,36.32665],[59.48429,36.32672],[59.48431,36.32678],[59.48334,36.3271]]]}},{"type":"Feature","properties":{"name":"فنس ورزشی صیاد"},"geometry":{"type":"Polygon","coordinates":[[[59.48478,36.33209],[59.48469,36.33186],[59.48464,36.33173],[59.48491,36.33162],[59.48501,36.33192],[59.48495,36.33204],[59.48478,36.33209]]]}},{"type":"Feature","properties":{},"geometry":{"type":"Polygon","coordinates":[[[59.48406,36.35833],[59.48408,36.35836],[59.4841,36.35837],[59.48413,36.35838],[59.48423,36.3583],[59.48419,36.35827],[59.48417,36.35829],[59.48411,36.35831],[59.48406,36.35833],[59.48406,36.35833]]]}},{"type":"Feature","properties":{},"geometry":{"type":"Polygon","coordinates":[[[59.48407,36.35839],[59.48404,36.35842],[59.48407,36.35844],[59.4841,36.35841],[59.48408,36.3584],[59.48407,36.35839]]]}},{"type":"Feature","properties":{},"geometry":{"type":"Polygon","coordinates":[[[59.48398,36.35832],[59.48394,36.35835],[59.48397,36.35837],[59.48401,36.35834],[59.48398,36.35832]]]}},{"type":"Feature","properties":{},"geometry":{"type":"Polygon","coordinates":[[[59.48394,36.35843],[59.48396,36.35844],[59.48397,36.35844],[59.48398,36.35845],[59.48401,36.35842],[59.48398,36.3584],[59.48394,36.35843]]]}},{"type":"Feature","properties":{},"geometry":{"type":"Polygon","coordinates":[[[59.48398,36.35848],[59.48396,36.35851],[59.48399,36.35852],[59.48401,36.3585],[59.48398,36.35848]]]}},{"type":"Feature","properties":{},"geometry":{"type":"Polygon","coordinates":[[[59.48405,36.3583],[59.48408,36.35829],[59.48411,36.35828],[59.48413,36.35828],[59.48415,36.35826],[59.48416,36.35825],[59.48413,36.35823],[59.48411,36.35825],[59.48409,36.35825],[59.48405,36.3583]]]}},{"type":"Feature","properties":{},"geometry":{"type":"Polygon","coordinates":[[[59.51565,36.48589],[59.51731,36.48457],[59.51899,36.48593],[59.51738,36.48721],[59.51712,36.48699],[59.51706,36.48704],[59.51626,36.48639],[59.5162,36.48634],[59.51597,36.48615],[59.5159,36.48609],[59.51565,36.48589]]]}},{"type":"Feature","properties":{"name":"زمین فوتبال"},"geometry":{"type":"Polygon","coordinates":[[[59.63583,36.32427],[59.63618,36.32474],[59.63639,36.3248],[59.6365,36.32476],[59.63648,36.3247],[59.63621,36.32413],[59.63614,36.32415],[59.63583,36.32427]]]}},{"type":"Feature","properties":{"name":"میدان غدیر"},"geometry":{"type":"Polygon","coordinates":[[[59.1881,36.57093],[59.18812,36.57089],[59.18814,36.57087],[59.18818,36.57084],[59.18822,36.57083],[59.18826,36.57082],[59.1883,36.57083],[59.18834,36.57084],[59.18838,36.57086],[59.18841,36.57089],[59.18842,36.57092],[59.18843,36.57095],[59.18843,36.57099],[59.18841,36.57102],[59.18839,36.57105],[59.18835,36.57107],[59.18831,36.57108],[59.18827,36.57109],[59.18823,36.57109],[59.18819,36.57107],[59.18815,36.57105],[59.18812,36.57103],[59.18811,36.57099],[59.1881,36.57096],[59.1881,36.57093]]]}},{"type":"Feature","properties":{"name":"پارک خطی"},"geometry":{"type":"Polygon","coordinates":[[[59.64929,36.31466],[59.6493,36.31469],[59.64851,36.3152],[59.64866,36.31536],[59.64847,36.31553],[59.64869,36.31578],[59.64908,36.31624],[59.64834,36.31662],[59.64794,36.31689],[59.64767,36.31659],[59.64708,36.31692],[59.64656,36.31621],[59.64846,36.31513],[59.64929,36.31466]]]}},{"type":"Feature","properties":{},"geometry":{"type":"Polygon","coordinates":[[[59.58023,36.32934],[59.58022,36.32942],[59.58027,36.3295],[59.58059,36.32965],[59.5822,36.33],[59.58218,36.33008],[59.58055,36.32974],[59.58016,36.32967],[59.58002,36.32966],[59.57982,36.3297],[59.58023,36.32934]]]}},{"type":"Feature","properties":{},"geometry":{"type":"Polygon","coordinates":[[[59.5792,36.33011],[59.57906,36.33009],[59.57896,36.33004],[59.57887,36.32997],[59.57871,36.33036],[59.57854,36.33069],[59.57836,36.33094],[59.57818,36.33115],[59.57823,36.33119],[59.57843,36.33098],[59.57864,36.33077],[59.57895,36.33041],[59.5792,36.33011]]]}},{"type":"Feature","properties":{},"geometry":{"type":"Polygon","coordinates":[[[59.57904,36.32858],[59.57912,36.3286],[59.57918,36.32857],[59.57919,36.32851],[59.57892,36.32749],[59.57886,36.32749],[59.57898,36.32852],[59.57904,36.32858]]]}},{"type":"Feature","properties":{"name":"پارک خطی صیاد شیرزای"},"geometry":{"type":"Polygon","coordinates":[[[59.48546,36.32807],[59.4855,36.32787],[59.48628,36.32763],[59.4864,36.32777],[59.48546,36.32807]]]}},{"type":"Feature","properties":{"name":"پارک خطی صیاد شیرازی"},"geometry":{"type":"Polygon","coordinates":[[[59.48654,36.32775],[59.48645,36.32758],[59.48797,36.32706],[59.48815,36.32721],[59.48654,36.32775]]]}},{"type":"Feature","properties":{"name":"پارک خطی صیاد شیرازی"},"geometry":{"type":"Polygon","coordinates":[[[59.48837,36.32713],[59.48817,36.32698],[59.48955,36.32652],[59.48965,36.32656],[59.48974,36.32669],[59.48911,36.3269],[59.48856,36.32707],[59.48837,36.32713]]]}},{"type":"Feature","properties":{},"geometry":{"type":"Polygon","coordinates":[[[59.48091,36.33098],[59.48088,36.33092],[59.47963,36.33131],[59.47975,36.33167],[59.47983,36.33166],[59.47994,36.33145],[59.4802,36.33124],[59.48031,36.33116],[59.48091,36.33098]]]}},{"type":"Feature","properties":{"name":"زمین تنیس"},"geometry":{"type":"Polygon","coordinates":[[[59.53435,36.29823],[59.5341,36.29793],[59.53439,36.29775],[59.53467,36.29806],[59.53435,36.29823]]]}},{"type":"Feature","properties":{},"geometry":{"type":"Polygon","coordinates":[[[59.72757,36.23841],[59.72755,36.23839],[59.72752,36.23839],[59.72751,36.23837],[59.72749,36.23836],[59.72751,36.23834],[59.72751,36.23832],[59.72753,36.23831],[59.72755,36.2383],[59.72757,36.23831],[59.7276,36.23831],[59.7276,36.23833],[59.72762,36.23834],[59.72761,36.23836],[59.72761,36.23838],[59.72758,36.23839],[59.72757,36.23841]]]}},{"type":"Feature","properties":{},"geometry":{"type":"Polygon","coordinates":[[[59.72757,36.23833],[59.72758,36.23833],[59.72759,36.23834],[59.72759,36.23835],[59.72759,36.23835],[59.72758,36.23836],[59.72758,36.23837],[59.72757,36.23837],[59.72756,36.23837],[59.72755,36.23837],[59.72754,36.23837],[59.72754,36.23836],[59.72753,36.23836],[59.72753,36.23835],[59.72753,36.23834],[59.72754,36.23833],[59.72754,36.23833],[59.72755,36.23833],[59.72756,36.23833],[59.72757,36.23833]]]}},{"type":"Feature","properties":{"name":"بوستان سهره"},"geometry":{"type":"Polygon","coordinates":[[[59.48364,36.35761],[59.48391,36.35749],[59.48393,36.35739],[59.48389,36.35733],[59.48241,36.35682],[59.48213,36.35673],[59.48195,36.35681],[59.48258,36.35701],[59.48281,36.35734],[59.48303,36.35723],[59.48308,36.35729],[59.48325,36.35722],[59.48342,36.35746],[59.48352,36.35742],[59.48364,36.35761]]]}},{"type":"Feature","properties":{},"geometry":{"type":"Polygon","coordinates":[[[59.48484,36.35848],[59.48464,36.35835],[59.48452,36.35847],[59.48472,36.3586],[59.48484,36.35848]]]}},{"type":"Feature","properties":{},"geometry":{"type":"Polygon","coordinates":[[[59.48185,36.35934],[59.48162,36.35951],[59.48273,36.36044],[59.48296,36.36025],[59.48185,36.35934]]]}},{"type":"Feature","properties":{},"geometry":{"type":"Polygon","coordinates":[[[59.605,36.29429],[59.6051,36.29441],[59.60503,36.29444],[59.60494,36.29432],[59.605,36.29429]]]}},{"type":"Feature","properties":{},"geometry":{"type":"Polygon","coordinates":[[[59.60522,36.29461],[59.60517,36.29463],[59.60526,36.29474],[59.60531,36.29471],[59.60522,36.29461]]]}},{"type":"Feature","properties":{},"geometry":{"type":"Polygon","coordinates":[[[59.60534,36.29443],[59.6054,36.2944],[59.60535,36.29431],[59.60528,36.29434],[59.60534,36.29443]]]}},{"type":"Feature","properties":{},"geometry":{"type":"Polygon","coordinates":[[[59.60524,36.29427],[59.6053,36.29424],[59.60523,36.29416],[59.60517,36.29418],[59.60524,36.29427]]]}},{"type":"Feature","properties":{},"geometry":{"type":"Polygon","coordinates":[[[59.60526,36.29434],[59.60503,36.29444],[59.6051,36.29454],[59.60532,36.29444],[59.60526,36.29434]]]}},{"type":"Feature","properties":{},"geometry":{"type":"Polygon","coordinates":[[[59.62941,36.28031],[59.62965,36.28043],[59.62748,36.28086],[59.62746,36.28078],[59.62941,36.28031]]]}},{"type":"Feature","properties":{"name":"حصار"},"geometry":{"type":"Polygon","coordinates":[[[59.4036,36.30883],[59.40281,36.30931],[59.40216,36.3097],[59.40216,36.30927],[59.4017,36.30879],[59.40117,36.30864],[59.40067,36.30912],[59.40074,36.30952],[59.40027,36.30968],[59.39958,36.30904],[59.39966,36.30843],[59.39937,36.30822],[59.39848,36.30845],[59.39885,36.30781],[59.39859,36.30714],[59.39928,36.30637],[59.39906,36.30561],[59.39767,36.30584],[59.39707,36.30662],[59.39683,36.30699],[59.39589,36.30729],[59.39525,36.30721],[59.39478,36.3074],[59.39403,36.307],[59.3937,36.30724],[59.3936,36.30645],[59.39404,36.30625],[59.39479,36.3064],[59.39447,36.30682],[59.39527,36.3067],[59.39657,36.30647],[59.39584,36.30635],[59.39496,36.30619],[59.39447,36.30601],[59.39398,36.30562],[59.3937,36.30529],[59.39337,36.30556],[59.39297,36.30604],[59.39282,36.30538],[59.39277,36.30497],[59.39211,36.30498],[59.39161,36.30522],[59.39129,36.30489],[59.39059,36.30499],[59.39026,36.30504],[59.38992,36.30554],[59.38924,36.30537],[59.38933,36.30498],[59.3893,36.30496],[59.3891,36.30479],[59.38893,36.3044],[59.38832,36.30422],[59.38791,36.3038],[59.38742,36.3036],[59.38675,36.3037],[59.38638,36.30347],[59.38537,36.30372],[59.38586,36.30322],[59.38516,36.30319],[59.38506,36.30316],[59.38447,36.30293],[59.38387,36.30249],[59.38388,36.30219],[59.38346,36.30189],[59.38305,36.30206],[59.38268,36.30186],[59.38209,36.30203],[59.3816,36.30261],[59.38198,36.30285],[59.38239,36.30257],[59.38249,36.30316],[59.38181,36.3035],[59.38167,36.30312],[59.38038,36.30375],[59.37988,36.30339],[59.38002,36.30296],[59.37962,36.30278],[59.37914,36.30302],[59.37882,36.30298],[59.37825,36.30286],[59.3778,36.30301],[59.3774,36.30313],[59.37753,36.30366],[59.37697,36.30368],[59.37699,36.30337],[59.37602,36.30381],[59.37606,36.30332],[59.37711,36.30288],[59.37717,36.30245],[59.37631,36.30248],[59.37618,36.30296],[59.37575,36.30306],[59.37555,36.30374],[59.37473,36.30374],[59.37492,36.30303],[59.37459,36.30265],[59.37378,36.30213],[59.37311,36.30207],[59.37246,36.30223],[59.37212,36.30298],[59.37134,36.30251],[59.37209,36.30232],[59.37208,36.30174],[59.37169,36.30142],[59.37179,36.30092],[59.37151,36.30038],[59.37059,36.3],[59.3708,36.29957],[59.37004,36.29921],[59.36953,36.29962],[59.36957,36.2991],[59.36896,36.29903],[59.36871,36.29937],[59.36804,36.29886],[59.36762,36.29866],[59.36751,36.2982],[59.36715,36.29809],[59.36754,36.29775],[59.36704,36.29781],[59.36696,36.29702],[59.36656,36.29698],[59.36627,36.29724],[59.36515,36.29747],[59.36472,36.29712],[59.36496,36.29684],[59.36489,36.29657],[59.36445,36.29654],[59.36387,36.2965],[59.36367,36.29611],[59.36322,36.29604],[59.36309,36.29554],[59.36266,36.29542],[59.36228,36.29497],[59.36135,36.29511],[59.36104,36.2944],[59.36061,36.29409],[59.36046,36.29357],[59.36024,36.29349],[59.36022,36.29336],[59.36068,36.29313],[59.36042,36.29283],[59.36033,36.29276],[59.3602,36.29269],[59.35981,36.29254],[59.35964,36.29246],[59.35942,36.29233],[59.3593,36.29225],[59.35913,36.29216],[59.35936,36.29189],[59.36022,36.2924],[59.36179,36.29318],[59.362,36.29416],[59.36327,36.29441],[59.36407,36.2953],[59.36564,36.29552],[59.36697,36.29637],[59.36795,36.29613],[59.36914,36.29693],[59.36914,36.29798],[59.37012,36.29793],[59.37112,36.29788],[59.37145,36.2983],[59.37215,36.29857],[59.37293,36.29846],[59.37247,36.29757],[59.37396,36.29757],[59.37354,36.29815],[59.3737,36.29866],[59.37464,36.29841],[59.37665,36.29901],[59.37776,36.29953],[59.37817,36.29914],[59.37743,36.2976],[59.37782,36.29718],[59.37846,36.29744],[59.37842,36.29819],[59.37918,36.29909],[59.38019,36.29933],[59.38079,36.29962],[59.38159,36.2998],[59.38159,36.3005],[59.38306,36.3002],[59.38348,36.3009],[59.38519,36.30074],[59.38519,36.29991],[59.38648,36.29939],[59.38752,36.30013],[59.38688,36.30097],[59.38738,36.30127],[59.3873,36.30188],[59.38796,36.30232],[59.38891,36.30227],[59.38959,36.30262],[59.39242,36.30278],[59.39285,36.30323],[59.39447,36.3034],[59.39562,36.3039],[59.3967,36.30434],[59.39789,36.30442],[59.39815,36.30411],[59.39787,36.30366],[59.39869,36.30337],[59.3998,36.30326],[59.3992,36.30252],[59.39982,36.30153],[59.39959,36.30067],[59.39888,36.30011],[59.39853,36.29965],[59.39906,36.2988],[59.39959,36.29888],[59.39941,36.29931],[59.39984,36.29977],[59.3993,36.30006],[59.40011,36.30057],[59.40035,36.30119],[59.40084,36.30167],[59.40072,36.30209],[59.40023,36.30236],[59.40038,36.30293],[59.40062,36.30335],[59.40051,36.30343],[59.40051,36.3038],[59.40052,36.30387],[59.40049,36.30415],[59.40033,36.30431],[59.40037,36.30453],[59.40025,36.30484],[59.40036,36.30505],[59.40081,36.30526],[59.40106,36.30556],[59.40062,36.30579],[59.40053,36.30592],[59.40068,36.30621],[59.40083,36.30654],[59.40081,36.30682],[59.40043,36.307],[59.40058,36.30724],[59.40002,36.30748],[59.40042,36.30786],[59.40108,36.30812],[59.40171,36.30816],[59.40196,36.30814],[59.40232,36.30797],[59.40252,36.30793],[59.40249,36.30813],[59.40325,36.30854],[59.4036,36.30883]]]}},{"type":"Feature","properties":{"name":"بهشت ثامن الائمه"},"geometry":{"type":"Polygon","coordinates":[[[59.61635,36.28781],[59.61638,36.28778],[59.61642,36.28774],[59.6168,36.28739],[59.61698,36.28723],[59.61686,36.28714],[59.61673,36.28705],[59.61658,36.28694],[59.61593,36.28751],[59.61635,36.28781]]]}},{"type":"Feature","properties":{"name":"آرامستان صحن جمهوری اسلامی"},"geometry":{"type":"Polygon","coordinates":[[[59.61463,36.28942],[59.61491,36.28915],[59.61517,36.28891],[59.61509,36.28885],[59.61499,36.28878],[59.61497,36.28878],[59.61485,36.28869],[59.61485,36.28868],[59.61475,36.2886],[59.61469,36.28865],[59.6146,36.28865],[59.61429,36.28843],[59.6141,36.2883],[59.61374,36.28863],[59.61386,36.28871],[59.61422,36.28896],[59.61424,36.28905],[59.61418,36.2891],[59.61443,36.28928],[59.61463,36.28942]]]}},{"type":"Feature","properties":{},"geometry":{"type":"Polygon","coordinates":[[[59.59261,36.26087],[59.59277,36.26078],[59.59301,36.26093],[59.59271,36.26097],[59.59261,36.26087]]]}},{"type":"Feature","properties":{"name":"بوستان قائم"},"geometry":{"type":"Polygon","coordinates":[[[59.46735,36.36259],[59.4669,36.3622],[59.46744,36.36231],[59.46735,36.36259]]]}},{"type":"Feature","properties":{"name":"رود پارک"},"geometry":{"type":"Polygon","coordinates":[[[59.4625,36.34439],[59.46239,36.34446],[59.46237,36.34458],[59.4624,36.34477],[59.46244,36.34501],[59.46359,36.34729],[59.46398,36.34781],[59.46492,36.34915],[59.46523,36.34938],[59.46558,36.34953],[59.46605,36.34964],[59.46644,36.34963],[59.46685,36.34954],[59.46717,36.34924],[59.4669,36.34893],[59.46706,36.34852],[59.46619,36.34793],[59.46601,36.34766],[59.46597,36.34738],[59.46602,36.34711],[59.46614,36.34687],[59.46628,36.34669],[59.46676,36.34642],[59.46698,36.34633],[59.4675,36.34625],[59.46775,36.34625],[59.46799,36.34629],[59.46981,36.34683],[59.46987,36.34676],[59.46994,36.34675],[59.47018,36.34682],[59.47007,36.3471],[59.47019,36.34719],[59.47058,36.34705],[59.47111,36.34688],[59.47169,36.34674],[59.47218,36.34666],[59.47281,36.34657],[59.47338,36.34654],[59.47413,36.34653],[59.48063,36.34649],[59.48173,36.34648],[59.48299,36.34655],[59.4846,36.34655],[59.48507,36.34651],[59.48567,36.34652],[59.48586,36.34649],[59.48706,36.34651],[59.48833,36.34653],[59.48996,36.34647],[59.49302,36.34626],[59.49501,36.34606],[59.49726,36.34579],[59.50044,36.34508],[59.50107,36.345],[59.50209,36.34496],[59.50527,36.3451],[59.50669,36.3451],[59.50694,36.34507],[59.50755,36.34506],[59.50771,36.34501],[59.50784,36.34494],[59.50791,36.34486],[59.50799,36.34473],[59.508,36.34457],[59.50797,36.34426],[59.5068,36.34396],[59.50372,36.34418],[59.50351,36.34334],[59.49645,36.34405],[59.49548,36.34406],[59.49498,36.34383],[59.49193,36.34428],[59.48944,36.34465],[59.48916,36.34346],[59.48796,36.34353],[59.48658,36.34376],[59.48619,36.34381],[59.48493,36.34381],[59.48342,36.34427],[59.48311,36.3443],[59.48282,36.34427],[59.48244,36.34412],[59.48176,36.34427],[59.48131,36.34458],[59.48036,36.3452],[59.48024,36.34525],[59.48015,36.34525],[59.48007,36.34521],[59.47996,36.34503],[59.47989,36.34498],[59.47981,36.34497],[59.47974,36.34504],[59.47963,36.34508],[59.47947,36.34509],[59.47931,36.34506],[59.47921,36.34504],[59.4788,36.34507],[59.47842,36.34512],[59.47748,36.34535],[59.47682,36.3454],[59.47655,36.34537],[59.47614,36.34525],[59.47562,36.34508],[59.47428,36.34463],[59.47286,36.34424],[59.47267,36.34417],[59.4726,36.34412],[59.47256,36.344],[59.47195,36.34423],[59.4717,36.34432],[59.47118,36.34441],[59.47065,36.34441],[59.4703,36.34433],[59.47015,36.34434],[59.46978,36.34429],[59.46971,36.34424],[59.46932,36.34415],[59.46867,36.34415],[59.46802,36.34418],[59.46791,36.34417],[59.467,36.34411],[59.46658,36.34413],[59.46567,36.34419],[59.46554,36.34424],[59.46516,36.34428],[59.46507,36.34425],[59.46444,36.34432],[59.46379,36.34444],[59.46334,36.34446],[59.4625,36.34439]]]}},{"type":"Feature","properties":{},"geometry":{"type":"Polygon","coordinates":[[[59.48729,36.35521],[59.48729,36.35533],[59.48748,36.35555],[59.48771,36.35542],[59.48777,36.35534],[59.4878,36.35527],[59.48781,36.35521],[59.48729,36.35521]]]}},{"type":"Feature","properties":{},"geometry":{"type":"Polygon","coordinates":[[[59.49008,36.36392],[59.48973,36.3639],[59.48994,36.36405],[59.48998,36.36405],[59.49002,36.36405],[59.49005,36.36403],[59.49007,36.36401],[59.49008,36.36398],[59.49008,36.36392]]]}},{"type":"Feature","properties":{},"geometry":{"type":"Polygon","coordinates":[[[59.54277,36.32638],[59.54276,36.32633],[59.54278,36.32628],[59.54282,36.32625],[59.54287,36.32622],[59.54293,36.32621],[59.54298,36.32621],[59.54303,36.32623],[59.54307,36.32626],[59.5431,36.3263],[59.54311,36.32634],[59.5431,36.32639],[59.54308,36.32643],[59.54304,36.32646],[59.543,36.32648],[59.54294,36.32649],[59.54288,36.32648],[59.54283,36.32646],[59.54279,36.32642],[59.54277,36.32638]]]}},{"type":"Feature","properties":{},"geometry":{"type":"Polygon","coordinates":[[[59.54389,36.32624],[59.54386,36.32619],[59.54386,36.32613],[59.54388,36.32608],[59.54392,36.32604],[59.54397,36.326],[59.54404,36.32599],[59.54411,36.32599],[59.54418,36.32601],[59.54423,36.32605],[59.54427,36.3261],[59.54428,36.32615],[59.54427,36.32621],[59.54423,36.32626],[59.54418,36.3263],[59.54411,36.32632],[59.54405,36.32632],[59.54398,36.32631],[59.54393,36.32628],[59.54389,36.32624]]]}},{"type":"Feature","properties":{},"geometry":{"type":"Polygon","coordinates":[[[59.486,36.35792],[59.48621,36.35791],[59.48622,36.3577],[59.486,36.35792]]]}},{"type":"Feature","properties":{},"geometry":{"type":"Polygon","coordinates":[[[59.48568,36.35833],[59.4856,36.35833],[59.48505,36.35887],[59.48546,36.35888],[59.48546,36.3586],[59.48566,36.35861],[59.48568,36.35833]]]}},{"type":"Feature","properties":{},"geometry":{"type":"Polygon","coordinates":[[[59.48497,36.35896],[59.48496,36.35924],[59.48476,36.35923],[59.48474,36.35948],[59.48448,36.35947],[59.48497,36.35896]]]}},{"type":"Feature","properties":{},"geometry":{"type":"Polygon","coordinates":[[[59.48436,36.35959],[59.48433,36.35959],[59.48384,36.36007],[59.48379,36.36013],[59.48376,36.36023],[59.48377,36.36032],[59.48383,36.3604],[59.4843,36.36068],[59.48444,36.36068],[59.48445,36.36045],[59.48397,36.36045],[59.48398,36.3602],[59.48394,36.36015],[59.48395,36.36008],[59.4842,36.36009],[59.48421,36.35983],[59.48435,36.35983],[59.48436,36.35959]]]}},{"type":"Feature","properties":{},"geometry":{"type":"Polygon","coordinates":[[[59.63694,36.32846],[59.63698,36.32853],[59.63688,36.32859],[59.63701,36.3287],[59.63786,36.32827],[59.63861,36.32819],[59.63922,36.32789],[59.64023,36.32761],[59.64111,36.32712],[59.64132,36.32661],[59.6416,36.32621],[59.64197,36.32593],[59.64195,36.32588],[59.64168,36.32596],[59.64138,36.32624],[59.64124,36.32638],[59.64109,36.32668],[59.64091,36.32706],[59.64017,36.32747],[59.6399,36.32757],[59.6393,36.32774],[59.63848,36.32793],[59.63806,36.32805],[59.63796,36.32816],[59.63773,36.32818],[59.63694,36.32846]]]}},{"type":"Feature","properties":{"name":"بوستان نعناع"},"geometry":{"type":"Polygon","coordinates":[[[59.53434,36.36434],[59.5343,36.36436],[59.53426,36.36433],[59.53427,36.3643],[59.53509,36.36347],[59.53516,36.36351],[59.53434,36.36434]]]}},{"type":"Feature","properties":{"name":"بوستان شقایق"},"geometry":{"type":"Polygon","coordinates":[[[59.53483,36.36406],[59.53523,36.36424],[59.53536,36.36403],[59.53501,36.36388],[59.53494,36.36391],[59.53483,36.36406]]]}},{"type":"Feature","properties":{},"geometry":{"type":"Polygon","coordinates":[[[59.48417,36.35823],[59.48419,36.35824],[59.48424,36.35819],[59.48423,36.35818],[59.48417,36.35823]]]}},{"type":"Feature","properties":{},"geometry":{"type":"Polygon","coordinates":[[[59.48427,36.35819],[59.48429,36.35822],[59.48433,36.35817],[59.48431,36.35815],[59.48427,36.35819]]]}},{"type":"Feature","properties":{},"geometry":{"type":"Polygon","coordinates":[[[59.4843,36.35823],[59.48435,36.35826],[59.48442,36.3582],[59.48435,36.35818],[59.4843,36.35823]]]}},{"type":"Feature","properties":{},"geometry":{"type":"Polygon","coordinates":[[[59.48437,36.35816],[59.48444,36.35818],[59.48451,36.35811],[59.48445,36.35808],[59.48437,36.35816]]]}},{"type":"Feature","properties":{},"geometry":{"type":"Polygon","coordinates":[[[59.59293,36.29484],[59.59299,36.29495],[59.59314,36.2949],[59.5931,36.29484],[59.59307,36.29482],[59.59303,36.29481],[59.59299,36.29482],[59.59293,36.29484]]]}},{"type":"Feature","properties":{},"geometry":{"type":"Polygon","coordinates":[[[59.48487,36.35846],[59.48498,36.35835],[59.48478,36.35821],[59.48466,36.35833],[59.48487,36.35846]]]}},{"type":"Feature","properties":{"name":"بوستان وفا"},"geometry":{"type":"Polygon","coordinates":[[[59.52733,36.29441],[59.52595,36.2936],[59.52587,36.29351],[59.52567,36.2934],[59.52555,36.29337],[59.52539,36.29322],[59.52537,36.29313],[59.52539,36.29308],[59.52548,36.29299],[59.52614,36.29266],[59.52621,36.29275],[59.52588,36.29288],[59.52603,36.29299],[59.526,36.293],[59.52608,36.29305],[59.52598,36.29317],[59.52629,36.29329],[59.52667,36.29337],[59.52697,36.29343],[59.52706,36.29347],[59.52705,36.29349],[59.52729,36.29364],[59.52734,36.29358],[59.52749,36.29371],[59.52761,36.29391],[59.52765,36.29403],[59.52762,36.29417],[59.52747,36.29437],[59.52739,36.29441],[59.52733,36.29441]]]}},{"type":"Feature","properties":{},"geometry":{"type":"Polygon","coordinates":[[[59.56362,36.30088],[59.56364,36.30087],[59.56366,36.30086],[59.5637,36.30085],[59.56374,36.30085],[59.5636,36.30058],[59.56347,36.30062],[59.56362,36.30088]]]}},{"type":"Feature","properties":{},"geometry":{"type":"Polygon","coordinates":[[[59.56366,36.30092],[59.56369,36.30091],[59.56372,36.3009],[59.56376,36.30091],[59.56416,36.30174],[59.56412,36.30176],[59.56366,36.30092]]]}},{"type":"Feature","properties":{},"geometry":{"type":"Polygon","coordinates":[[[59.59225,36.29405],[59.59207,36.29411],[59.592,36.294],[59.59145,36.2942],[59.59153,36.29436],[59.59134,36.29442],[59.59091,36.29425],[59.59106,36.29397],[59.59119,36.29402],[59.59132,36.29379],[59.5916,36.29382],[59.59225,36.29405]]]}},{"type":"Feature","properties":{},"geometry":{"type":"Polygon","coordinates":[[[59.48437,36.35862],[59.48441,36.35867],[59.4844,36.35868],[59.4844,36.35869],[59.48432,36.35867],[59.48437,36.35862]]]}},{"type":"Feature","properties":{},"geometry":{"type":"Polygon","coordinates":[[[59.48458,36.35875],[59.48451,36.35873],[59.4845,36.35874],[59.48449,36.35875],[59.48453,36.35879],[59.48458,36.35875]]]}},{"type":"Feature","properties":{},"geometry":{"type":"Polygon","coordinates":[[[59.48455,36.35863],[59.4845,36.35868],[59.4845,36.35868],[59.48451,36.35869],[59.48454,36.35869],[59.48458,36.35868],[59.4846,36.35866],[59.48455,36.35863]]]}},{"type":"Feature","properties":{},"geometry":{"type":"Polygon","coordinates":[[[59.48436,36.35879],[59.48441,36.35874],[59.4844,36.35874],[59.48439,36.35873],[59.48436,36.35873],[59.48434,36.35873],[59.48431,36.35875],[59.48436,36.35879]]]}},{"type":"Feature","properties":{},"geometry":{"type":"Polygon","coordinates":[[[59.48443,36.35883],[59.48445,36.35881],[59.48446,36.35879],[59.48445,36.35876],[59.48444,36.35876],[59.48442,36.35875],[59.48438,36.3588],[59.48443,36.35883]]]}},{"type":"Feature","properties":{},"geometry":{"type":"Polygon","coordinates":[[[59.48453,36.35862],[59.48449,36.35867],[59.48447,36.35866],[59.48446,36.35866],[59.48445,36.35864],[59.48445,36.35861],[59.48448,36.35859],[59.48453,36.35862]]]}},{"type":"Feature","properties":{},"geometry":{"type":"Polygon","coordinates":[[[59.48431,36.35868],[59.48439,36.3587],[59.48439,36.3587],[59.48439,36.35871],[59.48436,36.35871],[59.48433,36.35872],[59.4843,36.35874],[59.48426,36.35872],[59.48431,36.35868]]]}},{"type":"Feature","properties":{},"geometry":{"type":"Polygon","coordinates":[[[59.48446,36.35858],[59.48444,36.35861],[59.48443,36.35864],[59.48444,36.35866],[59.48443,36.35866],[59.48442,36.35867],[59.48437,36.35861],[59.48443,36.35856],[59.48446,36.35858]]]}},{"type":"Feature","properties":{},"geometry":{"type":"Polygon","coordinates":[[[59.48461,36.35867],[59.48459,36.35869],[59.48455,36.35871],[59.48451,36.35871],[59.48451,36.35872],[59.48451,36.35872],[59.48458,36.35874],[59.48464,36.35868],[59.48461,36.35867]]]}},{"type":"Feature","properties":{},"geometry":{"type":"Polygon","coordinates":[[[59.48452,36.3588],[59.48448,36.35875],[59.48448,36.35876],[59.48447,36.35876],[59.48448,36.35879],[59.48447,36.35881],[59.48444,36.35884],[59.48447,36.35886],[59.48452,36.3588]]]}},{"type":"Feature","properties":{},"geometry":{"type":"Polygon","coordinates":[[[59.55712,36.28758],[59.55703,36.28739],[59.55697,36.28732],[59.5569,36.28727],[59.5568,36.28723],[59.55667,36.28721],[59.55655,36.28722],[59.55643,36.28724],[59.55632,36.28725],[59.55621,36.28725],[59.55606,36.28723],[59.55595,36.28724],[59.55584,36.28726],[59.55573,36.2873],[59.55563,36.28736],[59.55527,36.28766],[59.55546,36.28757],[59.55569,36.28746],[59.55588,36.28738],[59.55608,36.28732],[59.55631,36.28727],[59.55652,36.28724],[59.55665,36.28725],[59.55675,36.28726],[59.55683,36.28729],[59.55693,36.28734],[59.55703,36.28743],[59.55712,36.28758]]]}},{"type":"Feature","properties":{},"geometry":{"type":"Polygon","coordinates":[[[59.573,36.29742],[59.57313,36.29737],[59.57313,36.29769],[59.57317,36.29792],[59.57312,36.29789],[59.57306,36.29788],[59.57304,36.29789],[59.57301,36.2979],[59.573,36.29789],[59.57299,36.29776],[59.573,36.29742]]]}},{"type":"Feature","properties":{},"geometry":{"type":"Polygon","coordinates":[[[59.57286,36.29774],[59.57272,36.29763],[59.57256,36.29755],[59.57284,36.29748],[59.57286,36.29774]]]}},{"type":"Feature","properties":{},"geometry":{"type":"Polygon","coordinates":[[[59.57338,36.2966],[59.57337,36.29674],[59.5735,36.29668],[59.57338,36.2966]]]}},{"type":"Feature","properties":{"name":"بوستان مینیاتوری"},"geometry":{"type":"Polygon","coordinates":[[[59.47733,36.37617],[59.47724,36.37625],[59.47654,36.37628],[59.47883,36.37816],[59.48069,36.37707],[59.48081,36.37686],[59.47919,36.37549],[59.4791,36.37547],[59.47877,36.37519],[59.47875,36.37513],[59.47796,36.37446],[59.47714,36.37522],[59.47721,36.37565],[59.47726,36.37565],[59.47733,36.37617]]]}},{"type":"Feature","properties":{},"geometry":{"type":"Polygon","coordinates":[[[59.48413,36.3582],[59.48415,36.35821],[59.48425,36.35812],[59.48423,36.3581],[59.48413,36.3582]]]}},{"type":"Feature","properties":{},"geometry":{"type":"Polygon","coordinates":[[[59.47534,36.36175],[59.47549,36.3618],[59.47564,36.36183],[59.47569,36.36129],[59.47575,36.36051],[59.47559,36.36061],[59.47546,36.36066],[59.47539,36.36128],[59.47534,36.36175]]]}},{"type":"Feature","properties":{},"geometry":{"type":"Polygon","coordinates":[[[59.6432,36.32807],[59.64357,36.3284],[59.64394,36.32813],[59.64358,36.3278],[59.6432,36.32807]]]}},{"type":"Feature","properties":{},"geometry":{"type":"Polygon","coordinates":[[[59.64412,36.32827],[59.64338,36.32877],[59.6436,36.32898],[59.64434,36.32848],[59.64412,36.32827]]]}},{"type":"Feature","properties":{},"geometry":{"type":"Polygon","coordinates":[[[59.64259,36.33155],[59.64262,36.33156],[59.6428,36.33167],[59.64295,36.33169],[59.64313,36.33168],[59.6433,36.33163],[59.64354,36.33148],[59.64342,36.33144],[59.64334,36.33149],[59.6432,36.33154],[59.64307,36.33156],[59.64293,36.33155],[59.64279,36.33152],[59.64272,36.33149],[59.64259,36.33155]]]}},{"type":"Feature","properties":{},"geometry":{"type":"Polygon","coordinates":[[[59.64315,36.33145],[59.64314,36.3314],[59.64355,36.33114],[59.64357,36.33113],[59.64427,36.33063],[59.64451,36.33084],[59.64362,36.33142],[59.64339,36.33134],[59.64327,36.33141],[59.64315,36.33145]]]}},{"type":"Feature","properties":{},"geometry":{"type":"Polygon","coordinates":[[[59.64436,36.33056],[59.64461,36.33077],[59.64566,36.33008],[59.64578,36.32995],[59.64581,36.32981],[59.64577,36.32963],[59.64536,36.32911],[59.64436,36.32806],[59.6443,36.3281],[59.64425,36.32805],[59.64408,36.32817],[59.64441,36.32848],[59.64468,36.32876],[59.64505,36.32914],[59.64534,36.32946],[59.64509,36.32966],[59.64527,36.32983],[59.64457,36.33031],[59.64453,36.33028],[59.64443,36.33034],[59.64453,36.33044],[59.64436,36.33056]]]}},{"type":"Feature","properties":{},"geometry":{"type":"Polygon","coordinates":[[[59.64402,36.32812],[59.64418,36.32801],[59.64414,36.32796],[59.6442,36.32792],[59.6434,36.32721],[59.64318,36.32736],[59.6434,36.32756],[59.64359,36.32776],[59.64402,36.32812]]]}},{"type":"Feature","properties":{},"geometry":{"type":"Polygon","coordinates":[[[59.64312,36.3273],[59.64334,36.32715],[59.64277,36.32663],[59.64226,36.32697],[59.64216,36.3271],[59.64209,36.32733],[59.64268,36.32691],[59.64312,36.3273]]]}},{"type":"Feature","properties":{},"geometry":{"type":"Polygon","coordinates":[[[59.64249,36.3315],[59.64266,36.33141],[59.64281,36.33144],[59.64307,36.33147],[59.64306,36.33142],[59.64305,36.33141],[59.64265,36.33125],[59.64208,36.33097],[59.642,36.33093],[59.64181,36.33092],[59.64142,36.33079],[59.64136,36.33077],[59.64131,36.33095],[59.64131,36.3311],[59.64139,36.33111],[59.64196,36.33124],[59.64219,36.33134],[59.64249,36.3315]]]}},{"type":"Feature","properties":{},"geometry":{"type":"Polygon","coordinates":[[[59.6399,36.33101],[59.6401,36.3312],[59.64034,36.3311],[59.64049,36.33106],[59.64074,36.33102],[59.64068,36.3308],[59.64086,36.33078],[59.64104,36.33078],[59.64123,36.33079],[59.64117,36.3311],[59.64088,36.33109],[59.64044,36.33115],[59.64002,36.33129],[59.63954,36.33152],[59.63446,36.33478],[59.6339,36.33503],[59.63345,36.33515],[59.63286,36.33521],[59.63238,36.33518],[59.63073,36.33496],[59.63075,36.33469],[59.63156,36.33475],[59.63205,36.33483],[59.63203,36.33499],[59.63223,36.335],[59.63225,36.33486],[59.63252,36.33489],[59.63289,36.3349],[59.63319,36.33486],[59.63346,36.33472],[59.63408,36.33424],[59.63453,36.3341],[59.63488,36.33391],[59.6354,36.33363],[59.63633,36.33318],[59.63651,36.33296],[59.63682,36.33275],[59.63718,36.33254],[59.63774,36.33216],[59.6384,36.33169],[59.63905,36.3311],[59.6393,36.33136],[59.6399,36.33101]]]}},{"type":"Feature","properties":{},"geometry":{"type":"Polygon","coordinates":[[[59.76559,36.20632],[59.76636,36.20692],[59.7658,36.20742],[59.76569,36.20748],[59.76559,36.2075],[59.76472,36.20688],[59.76467,36.2068],[59.76465,36.20671],[59.76467,36.20662],[59.76472,36.20654],[59.76525,36.20609],[59.76544,36.20623],[59.76553,36.20615],[59.76543,36.20608],[59.76686,36.20479],[59.76714,36.20467],[59.76745,36.20461],[59.76751,36.20466],[59.76559,36.20632]]]}},{"type":"Feature","properties":{},"geometry":{"type":"Polygon","coordinates":[[[59.76796,36.20425],[59.76789,36.20418],[59.76815,36.20358],[59.77024,36.20179],[59.77051,36.202],[59.76796,36.20425]]]}},{"type":"Feature","properties":{},"geometry":{"type":"Polygon","coordinates":[[[59.59533,36.25562],[59.59535,36.25568],[59.59532,36.25575],[59.59527,36.25579],[59.59519,36.25581],[59.5951,36.25575],[59.59293,36.2534],[59.59243,36.25287],[59.59234,36.25282],[59.5926,36.25265],[59.59264,36.25271],[59.59321,36.25323],[59.59392,36.25397],[59.59533,36.25562]]]}},{"type":"Feature","properties":{},"geometry":{"type":"Polygon","coordinates":[[[59.5921,36.25242],[59.59215,36.25243],[59.59219,36.25242],[59.59221,36.25241],[59.59223,36.25239],[59.59222,36.25235],[59.59043,36.25032],[59.59038,36.25028],[59.59034,36.25029],[59.5903,36.25031],[59.59029,36.25035],[59.5903,36.25039],[59.59184,36.25217],[59.59192,36.25223],[59.5921,36.25242]]]}},{"type":"Feature","properties":{},"geometry":{"type":"Polygon","coordinates":[[[59.62588,36.29077],[59.62596,36.29088],[59.62561,36.29105],[59.62553,36.29094],[59.62588,36.29077]]]}},{"type":"Feature","properties":{},"geometry":{"type":"Polygon","coordinates":[[[59.53455,36.29963],[59.53474,36.29954],[59.53496,36.29985],[59.53478,36.29993],[59.53455,36.29963]]]}},{"type":"Feature","properties":{},"geometry":{"type":"Polygon","coordinates":[[[59.6122,36.2314],[59.61212,36.23139],[59.61204,36.2314],[59.61197,36.23144],[59.61191,36.23149],[59.61188,36.23155],[59.61188,36.23162],[59.6119,36.23168],[59.61195,36.23174],[59.61202,36.23178],[59.6121,36.23179],[59.61218,36.23179],[59.61226,36.23177],[59.61232,36.23172],[59.61236,36.23167],[59.61238,36.2316],[59.61237,36.23153],[59.61233,36.23147],[59.61228,36.23143],[59.6122,36.2314]]]}},{"type":"Feature","properties":{"name":"زمین بازی"},"geometry":{"type":"Polygon","coordinates":[[[59.60999,36.26596],[59.61029,36.26615],[59.61053,36.26591],[59.61023,36.26572],[59.60999,36.26596]]]}},{"type":"Feature","properties":{"name":"زمین بازی"},"geometry":{"type":"Polygon","coordinates":[[[59.61072,36.26524],[59.61101,36.26543],[59.61084,36.26558],[59.61056,36.26539],[59.61072,36.26524]]]}},{"type":"Feature","properties":{"name":"زمین چمن"},"geometry":{"type":"Polygon","coordinates":[[[59.47945,36.37372],[59.48,36.37416],[59.48031,36.3739],[59.47976,36.37347],[59.47945,36.37372]]]}},{"type":"Feature","properties":{},"geometry":{"type":"Polygon","coordinates":[[[59.54972,36.28154],[59.54992,36.28172],[59.55027,36.28146],[59.55008,36.28129],[59.54977,36.28151],[59.54972,36.28154]]]}},{"type":"Feature","properties":{},"geometry":{"type":"Polygon","coordinates":[[[59.54945,36.28121],[59.54977,36.28151],[59.55008,36.28129],[59.54975,36.28099],[59.54951,36.28117],[59.54945,36.28121]]]}},{"type":"Feature","properties":{},"geometry":{"type":"Polygon","coordinates":[[[59.54956,36.28271],[59.54989,36.28247],[59.55033,36.28286],[59.54999,36.28311],[59.54956,36.28271]]]}},{"type":"Feature","properties":{"name":"فضای سبز"},"geometry":{"type":"Polygon","coordinates":[[[59.54601,36.28333],[59.54607,36.28317],[59.54685,36.28335],[59.54761,36.2828],[59.54875,36.28382],[59.54867,36.28396],[59.54601,36.28333]]]}},{"type":"Feature","properties":{},"geometry":{"type":"Polygon","coordinates":[[[59.60542,36.40728],[59.60569,36.40685],[59.60597,36.40651],[59.60592,36.40625],[59.60579,36.40612],[59.60565,36.40607],[59.60552,36.4061],[59.60516,36.40644],[59.60473,36.40694],[59.60542,36.40728]]]}},{"type":"Feature","properties":{"name":"آرامستان بهشت رضوان"},"geometry":{"type":"Polygon","coordinates":[[[59.60042,36.45577],[59.60031,36.45579],[59.60025,36.45584],[59.60006,36.45578],[59.59994,36.45575],[59.59975,36.45568],[59.59973,36.4556],[59.59964,36.45555],[59.599,36.45572],[59.59697,36.45652],[59.59572,36.45684],[59.59534,36.45732],[59.59362,36.458],[59.59265,36.45819],[59.59231,36.45822],[59.59072,36.45816],[59.59063,36.45823],[59.59071,36.45851],[59.59001,36.45979],[59.58992,36.46007],[59.58995,36.46042],[59.59025,36.46122],[59.59371,36.46695],[59.59569,36.47006],[59.59693,36.4723],[59.59807,36.47392],[59.59975,36.47708],[59.60066,36.47859],[59.60346,36.47754],[59.60317,36.47694],[59.60299,36.47627],[59.60281,36.47471],[59.60222,36.47005],[59.60211,36.46951],[59.60194,36.46898],[59.60125,36.46665],[59.60116,36.46376],[59.60123,36.463],[59.60132,36.46247],[59.60135,36.46205],[59.60132,36.46167],[59.60104,36.4586],[59.60095,36.45817],[59.60042,36.45577]]]}},{"type":"Feature","properties":{"name":"قبرستان حاجی آباد"},"geometry":{"type":"Polygon","coordinates":[[[59.15016,36.47665],[59.15052,36.47642],[59.14963,36.47572],[59.14935,36.47532],[59.14875,36.47545],[59.14866,36.47589],[59.14919,36.47611],[59.14943,36.47617],[59.15016,36.47665]]]}},{"type":"Feature","properties":{"name":"پارک بنفشه"},"geometry":{"type":"Polygon","coordinates":[[[59.40286,36.3179],[59.40282,36.31784],[59.40271,36.31773],[59.40248,36.31745],[59.40262,36.31745],[59.40301,36.31744],[59.40302,36.31771],[59.403,36.31782],[59.40298,36.31787],[59.40286,36.3179]]]}},{"type":"Feature","properties":{},"geometry":{"type":"Polygon","coordinates":[[[59.486,36.35792],[59.48573,36.3582],[59.48598,36.3582],[59.486,36.35792]]]}},{"type":"Feature","properties":{},"geometry":{"type":"Polygon","coordinates":[[[59.60124,36.28204],[59.60185,36.28203],[59.6024,36.2819],[59.60279,36.28169],[59.60347,36.28133],[59.60358,36.28142],[59.60364,36.28147],[59.60319,36.28175],[59.60257,36.28209],[59.60211,36.28227],[59.60154,36.28227],[59.60139,36.28216],[59.60124,36.28204]]]}},{"type":"Feature","properties":{},"geometry":{"type":"Polygon","coordinates":[[[59.60466,36.28051],[59.60436,36.28047],[59.60414,36.28055],[59.60376,36.28074],[59.60367,36.28094],[59.60356,36.2811],[59.60371,36.28128],[59.60383,36.28115],[59.60401,36.28081],[59.60429,36.28067],[59.60465,36.28067],[59.60466,36.28051]]]}},{"type":"Feature","properties":{"name":"بوستان رضوی"},"geometry":{"type":"Polygon","coordinates":[[[59.60821,36.28069],[59.60809,36.28055],[59.60839,36.28042],[59.60873,36.28037],[59.60891,36.28032],[59.60903,36.28046],[59.60871,36.28064],[59.6086,36.28064],[59.60849,36.28063],[59.60821,36.28069]]]}},{"type":"Feature","properties":{"name":"صادقیه"},"geometry":{"type":"Polygon","coordinates":[[[59.46754,36.37999],[59.46974,36.38177],[59.4711,36.38051],[59.47046,36.38003],[59.47008,36.37968],[59.46977,36.37937],[59.4693,36.37884],[59.46918,36.37883],[59.46833,36.37941],[59.46825,36.37959],[59.46754,36.37999]]]}},{"type":"Feature","properties":{},"geometry":{"type":"Polygon","coordinates":[[[59.4835,36.3749],[59.48363,36.37452],[59.48376,36.37399],[59.48381,36.37396],[59.48409,36.37402],[59.48428,36.37412],[59.48449,36.37428],[59.4835,36.3749]]]}},{"type":"Feature","properties":{"name":"بوستان آراسته"},"geometry":{"type":"Polygon","coordinates":[[[59.47702,36.38894],[59.47625,36.38882],[59.47579,36.39068],[59.47652,36.39079],[59.47663,36.39074],[59.47667,36.39059],[59.47655,36.39058],[59.47667,36.3901],[59.47679,36.39012],[59.47706,36.38901],[59.47702,36.38894]]]}},{"type":"Feature","properties":{"name":"بوستان آرامش"},"geometry":{"type":"Polygon","coordinates":[[[59.46663,36.37394],[59.46571,36.37447],[59.46517,36.37393],[59.46465,36.37345],[59.46464,36.3734],[59.46467,36.37335],[59.46555,36.37274],[59.46565,36.37283],[59.46525,36.37308],[59.46584,36.37372],[59.46623,36.37351],[59.46663,36.37394]]]}},{"type":"Feature","properties":{},"geometry":{"type":"Polygon","coordinates":[[[59.48425,36.35816],[59.48426,36.35817],[59.48429,36.35814],[59.48427,36.35813],[59.48425,36.35816]]]}},{"type":"Feature","properties":{},"geometry":{"type":"Polygon","coordinates":[[[59.48421,36.35825],[59.48424,36.35827],[59.48427,36.35824],[59.48426,36.35821],[59.48421,36.35825]]]}},{"type":"Feature","properties":{},"geometry":{"type":"Polygon","coordinates":[[[59.43012,36.34511],[59.43105,36.34455],[59.43413,36.34463],[59.43406,36.34362],[59.43459,36.34349],[59.43219,36.34092],[59.43108,36.34164],[59.43084,36.34139],[59.42954,36.34223],[59.42987,36.34259],[59.42975,36.34289],[59.42954,36.34296],[59.42931,36.34291],[59.4288,36.34236],[59.42821,36.34277],[59.43012,36.34511]]]}},{"type":"Feature","properties":{},"geometry":{"type":"Polygon","coordinates":[[[59.43353,36.34656],[59.43257,36.34661],[59.43245,36.34486],[59.43344,36.34483],[59.43353,36.34656]]]}},{"type":"Feature","properties":{"name":"قبرستان"},"geometry":{"type":"Polygon","coordinates":[[[59.36958,36.315],[59.36955,36.31379],[59.36932,36.31375],[59.36908,36.31451],[59.36935,36.3148],[59.36944,36.31496],[59.36958,36.315]]]}},{"type":"Feature","properties":{"name":"شهرک پرستو"},"geometry":{"type":"Polygon","coordinates":[[[59.36812,36.41044],[59.36814,36.41069],[59.37222,36.41728],[59.37513,36.4163],[59.37619,36.4159],[59.3753,36.41569],[59.37465,36.4158],[59.37421,36.4156],[59.37468,36.41519],[59.37532,36.41486],[59.3755,36.41465],[59.37603,36.41461],[59.37567,36.41399],[59.37509,36.41393],[59.37581,36.41298],[59.37635,36.41234],[59.37673,36.4119],[59.37802,36.41065],[59.37793,36.41014],[59.37893,36.40933],[59.38079,36.40743],[59.38109,36.40626],[59.38017,36.40499],[59.37822,36.40554],[59.37634,36.40666],[59.37481,36.40742],[59.36812,36.41044]]]}},{"type":"Feature","properties":{},"geometry":{"type":"Polygon","coordinates":[[[59.3193,36.40864],[59.31906,36.40867],[59.31901,36.40837],[59.31872,36.4084],[59.31868,36.40812],[59.31921,36.40807],[59.3193,36.40864]]]}},{"type":"Feature","properties":{"name":"بوستان ادیب"},"geometry":{"type":"Polygon","coordinates":[[[59.20637,36.56986],[59.20529,36.56965],[59.20538,36.56935],[59.20554,36.56938],[59.20552,36.56945],[59.20643,36.56962],[59.20637,36.56986]]]}},{"type":"Feature","properties":{"name":"بوستان اندیشه"},"geometry":{"type":"Polygon","coordinates":[[[59.18117,36.56649],[59.18081,36.56768],[59.18063,36.56764],[59.18058,36.56755],[59.18001,36.56745],[59.17994,36.5675],[59.17976,36.56747],[59.18014,36.56631],[59.18028,36.56628],[59.18046,36.56575],[59.18099,36.56583],[59.18086,36.56639],[59.18117,36.56649]]]}},{"type":"Feature","properties":{},"geometry":{"type":"Polygon","coordinates":[[[59.20081,36.57697],[59.19978,36.57791],[59.19972,36.57793],[59.19966,36.57793],[59.1996,36.57792],[59.19915,36.57763],[59.19878,36.57741],[59.19843,36.57723],[59.19799,36.57706],[59.19759,36.57692],[59.19708,36.5768],[59.19633,36.57665],[59.19602,36.57659],[59.19621,36.57589],[59.19775,36.57618],[59.19775,36.57626],[59.19787,36.57629],[59.19791,36.57627],[59.19804,36.57628],[59.19885,36.57646],[59.1988,36.57663],[59.19872,36.5767],[59.1987,36.57676],[59.19871,36.57683],[59.19877,36.57689],[59.19885,36.57691],[59.19895,36.5769],[59.19902,36.57687],[59.19906,36.5768],[59.19906,36.57674],[59.19903,36.57668],[59.19904,36.57663],[59.20081,36.57697]]]}},{"type":"Feature","properties":{"name":"بوستان لاله"},"geometry":{"type":"Polygon","coordinates":[[[59.19968,36.57378],[59.19891,36.57364],[59.19802,36.57347],[59.19799,36.57353],[59.19753,36.57344],[59.1976,36.57326],[59.19745,36.57321],[59.19721,36.57332],[59.19696,36.57328],[59.19709,36.5732],[59.19722,36.57283],[59.19714,36.57266],[59.19743,36.57272],[59.19748,36.57287],[59.19813,36.573],[59.19819,36.57289],[59.19895,36.57304],[59.19941,36.57313],[59.19986,36.57321],[59.19968,36.57378]]]}},{"type":"Feature","properties":{},"geometry":{"type":"Polygon","coordinates":[[[59.19969,36.57435],[59.20053,36.5745],[59.20082,36.57437],[59.20105,36.57417],[59.20118,36.57393],[59.20121,36.57366],[59.20113,36.5734],[59.20095,36.57317],[59.20009,36.57299],[59.19969,36.57435]]]}},{"type":"Feature","properties":{},"geometry":{"type":"Polygon","coordinates":[[[59.17445,36.58638],[59.17467,36.58642],[59.17448,36.58656],[59.17502,36.58666],[59.17493,36.58647],[59.17515,36.58651],[59.17567,36.58475],[59.17557,36.58473],[59.17562,36.58454],[59.17512,36.58445],[59.17507,36.58463],[59.17496,36.58461],[59.17445,36.58638]]]}},{"type":"Feature","properties":{},"geometry":{"type":"Polygon","coordinates":[[[59.17597,36.55285],[59.174,36.55248],[59.1741,36.55207],[59.17421,36.55204],[59.17431,36.55198],[59.17438,36.5519],[59.17441,36.5518],[59.1744,36.5517],[59.17435,36.55161],[59.17427,36.55154],[59.17432,36.55132],[59.17631,36.55171],[59.17597,36.55285]]]}},{"type":"Feature","properties":{},"geometry":{"type":"Polygon","coordinates":[[[59.21002,36.57328],[59.20999,36.57322],[59.20998,36.57316],[59.21,36.5731],[59.21004,36.57304],[59.21011,36.57301],[59.21018,36.57298],[59.21026,36.57298],[59.21033,36.573],[59.21045,36.57289],[59.20996,36.57254],[59.20989,36.57256],[59.20982,36.57256],[59.20975,36.57255],[59.2094,36.57286],[59.20942,36.5729],[59.20943,36.57294],[59.20942,36.57298],[59.2094,36.57302],[59.2099,36.57339],[59.21002,36.57328]]]}},{"type":"Feature","properties":{},"geometry":{"type":"Polygon","coordinates":[[[59.20516,36.57764],[59.20513,36.57757],[59.20512,36.57751],[59.20514,36.57745],[59.20518,36.5774],[59.20525,36.57736],[59.20532,36.57734],[59.2054,36.57733],[59.20547,36.57735],[59.20559,36.57724],[59.2051,36.5769],[59.20503,36.57691],[59.20496,36.57692],[59.20489,36.5769],[59.20454,36.57721],[59.20456,36.57725],[59.20457,36.57729],[59.20456,36.57733],[59.20454,36.57737],[59.20504,36.57774],[59.20516,36.57764]]]}},{"type":"Feature","properties":{},"geometry":{"type":"Polygon","coordinates":[[[59.63224,36.3019],[59.63206,36.30196],[59.63189,36.302],[59.63176,36.30199],[59.63163,36.30197],[59.63147,36.30191],[59.63134,36.30184],[59.63128,36.30179],[59.63148,36.30164],[59.63156,36.30155],[59.63224,36.3019]]]}},{"type":"Feature","properties":{"name":"بوستان گل گندم"},"geometry":{"type":"Polygon","coordinates":[[[59.63306,36.30166],[59.63309,36.30162],[59.63267,36.30141],[59.63225,36.30189],[59.63286,36.30165],[59.63297,36.30164],[59.63306,36.30166]]]}},{"type":"Feature","properties":{},"geometry":{"type":"Polygon","coordinates":[[[59.31452,36.40532],[59.31332,36.40494],[59.31407,36.40377],[59.31448,36.40396],[59.31447,36.40405],[59.31454,36.40412],[59.31449,36.40424],[59.31475,36.40432],[59.31478,36.40439],[59.31485,36.40449],[59.3148,36.40462],[59.31477,36.40469],[59.31486,36.40478],[59.31475,36.40496],[59.31471,36.40508],[59.31467,36.40518],[59.31452,36.40532]]]}},{"type":"Feature","properties":{},"geometry":{"type":"Polygon","coordinates":[[[59.3153,36.40557],[59.31475,36.40538],[59.31529,36.40454],[59.31575,36.40484],[59.3153,36.40557]]]}},{"type":"Feature","properties":{},"geometry":{"type":"Polygon","coordinates":[[[59.32374,36.39152],[59.32227,36.39163],[59.32109,36.3912],[59.32089,36.39116],[59.32061,36.39124],[59.3204,36.39132],[59.31994,36.39125],[59.3203,36.39035],[59.32046,36.38987],[59.31982,36.38921],[59.31883,36.38959],[59.3181,36.38992],[59.3166,36.38983],[59.31465,36.3893],[59.31285,36.38819],[59.31152,36.38764],[59.30826,36.38746],[59.31009,36.38635],[59.3116,36.38658],[59.31192,36.38565],[59.31375,36.38479],[59.31448,36.38576],[59.31602,36.38612],[59.31684,36.38655],[59.31771,36.3865],[59.3185,36.38648],[59.31876,36.38669],[59.31903,36.38652],[59.31853,36.38576],[59.31795,36.38595],[59.31755,36.38573],[59.31658,36.38545],[59.31634,36.38463],[59.31726,36.3843],[59.31685,36.38385],[59.31615,36.38246],[59.31664,36.38166],[59.31688,36.38132],[59.31692,36.38125],[59.31759,36.3807],[59.31812,36.38038],[59.31836,36.37914],[59.3181,36.37855],[59.31759,36.37835],[59.31763,36.37791],[59.31688,36.37747],[59.31645,36.37724],[59.31714,36.37674],[59.31694,36.37625],[59.31609,36.37577],[59.31589,36.37536],[59.31568,36.37479],[59.31529,36.37465],[59.31561,36.37436],[59.31553,36.37378],[59.31535,36.37341],[59.31491,36.37316],[59.31435,36.37223],[59.3136,36.37135],[59.31343,36.37045],[59.31347,36.36952],[59.31349,36.36914],[59.3131,36.36898],[59.31255,36.36893],[59.31261,36.36935],[59.3122,36.3694],[59.31186,36.36853],[59.3119,36.3675],[59.31147,36.36722],[59.31072,36.36739],[59.31068,36.36717],[59.31029,36.36727],[59.30995,36.36701],[59.31016,36.36679],[59.31006,36.36591],[59.31036,36.36582],[59.30961,36.36516],[59.3089,36.36541],[59.30813,36.36478],[59.30823,36.36444],[59.30697,36.3633],[59.30703,36.36297],[59.30649,36.363],[59.30624,36.36259],[59.30467,36.36342],[59.3042,36.3634],[59.30435,36.36273],[59.30491,36.36254],[59.3045,36.36186],[59.30401,36.36113],[59.30349,36.36077],[59.30306,36.3605],[59.30242,36.36065],[59.30158,36.36098],[59.30099,36.36081],[59.30082,36.36062],[59.301,36.36039],[59.30246,36.36001],[59.30248,36.35953],[59.30164,36.35896],[59.30071,36.35988],[59.29925,36.35959],[59.29868,36.35862],[59.29893,36.35799],[59.29855,36.35764],[59.29693,36.35773],[59.29695,36.3569],[59.29863,36.3572],[59.29931,36.35702],[59.30015,36.35723],[59.30091,36.35737],[59.30107,36.35715],[59.30274,36.35751],[59.30387,36.35805],[59.30445,36.3584],[59.30488,36.35839],[59.30522,36.35817],[59.30596,36.35766],[59.306,36.35805],[59.30437,36.35958],[59.30452,36.35999],[59.30675,36.36052],[59.30731,36.36019],[59.30737,36.36075],[59.30714,36.36119],[59.30778,36.36184],[59.30855,36.36221],[59.30922,36.36293],[59.30975,36.36298],[59.30973,36.36252],[59.31027,36.36304],[59.31016,36.36338],[59.31066,36.36387],[59.31072,36.36475],[59.31074,36.36518],[59.31065,36.36566],[59.31095,36.36611],[59.3113,36.36629],[59.31188,36.36637],[59.31196,36.36672],[59.31261,36.36839],[59.31285,36.36814],[59.31345,36.36791],[59.31396,36.36784],[59.31431,36.36772],[59.31392,36.36817],[59.31383,36.36857],[59.31407,36.3696],[59.31379,36.37009],[59.31385,36.37057],[59.31439,36.37024],[59.31484,36.37083],[59.31531,36.3704],[59.316,36.37005],[59.31613,36.36952],[59.31628,36.37052],[59.31591,36.37078],[59.31583,36.37123],[59.31544,36.37149],[59.31602,36.37173],[59.31684,36.3713],[59.31716,36.37104],[59.31647,36.37211],[59.31692,36.37252],[59.31733,36.37296],[59.31769,36.37302],[59.31834,36.37351],[59.31864,36.37313],[59.31885,36.37409],[59.31868,36.37472],[59.31928,36.37513],[59.31883,36.37567],[59.31982,36.37784],[59.32055,36.37916],[59.32014,36.38019],[59.31954,36.38158],[59.32027,36.38393],[59.3214,36.38543],[59.32239,36.38686],[59.32207,36.38797],[59.32111,36.38897],[59.32055,36.38938],[59.32121,36.38976],[59.32188,36.39059],[59.32257,36.39027],[59.32346,36.39023],[59.32359,36.39073],[59.32306,36.39108],[59.32334,36.39132],[59.32374,36.39152]]]}},{"type":"Feature","properties":{},"geometry":{"type":"Polygon","coordinates":[[[59.31979,36.39034],[59.31757,36.39001],[59.317,36.39009],[59.31613,36.38986],[59.31431,36.38956],[59.31265,36.38852],[59.31186,36.38823],[59.31079,36.38809],[59.30894,36.38792],[59.30865,36.388],[59.3084,36.38804],[59.30803,36.38807],[59.30757,36.38811],[59.30675,36.38807],[59.30624,36.38843],[59.30562,36.38869],[59.30523,36.38902],[59.30433,36.38907],[59.30377,36.38913],[59.30315,36.38914],[59.30265,36.38886],[59.30227,36.38864],[59.30211,36.38878],[59.30276,36.38932],[59.30262,36.38982],[59.30352,36.39016],[59.30682,36.39163],[59.30712,36.39129],[59.308,36.39135],[59.30883,36.39159],[59.30937,36.39149],[59.30947,36.39185],[59.30956,36.39203],[59.31012,36.39199],[59.31042,36.3923],[59.31029,36.39262],[59.31141,36.39291],[59.31192,36.39308],[59.31141,36.39322],[59.31124,36.39341],[59.31175,36.39434],[59.31247,36.3941],[59.31367,36.39256],[59.31682,36.3927],[59.31973,36.39168],[59.32003,36.39054],[59.31979,36.39034]]]}},{"type":"Feature","properties":{},"geometry":{"type":"Polygon","coordinates":[[[59.30237,36.3902],[59.3018,36.3908],[59.30154,36.39078],[59.29978,36.39109],[59.29913,36.39137],[59.29888,36.39115],[59.29821,36.39128],[59.29786,36.3914],[59.29715,36.39138],[59.29658,36.39108],[59.29628,36.39077],[59.29598,36.39096],[59.29512,36.39122],[59.29333,36.3916],[59.29331,36.39123],[59.29399,36.39094],[59.29516,36.39061],[59.29617,36.38996],[59.29731,36.39058],[59.29779,36.3905],[59.30117,36.38957],[59.30197,36.38909],[59.30244,36.38937],[59.30229,36.3898],[59.30237,36.3902]]]}},{"type":"Feature","properties":{"name":"باغ تمشک"},"geometry":{"type":"Polygon","coordinates":[[[59.36801,36.30916],[59.36816,36.30774],[59.36791,36.30764],[59.36754,36.30752],[59.36711,36.30745],[59.3665,36.3076],[59.36639,36.30773],[59.36606,36.30783],[59.36556,36.30839],[59.3655,36.30852],[59.36594,36.3086],[59.36619,36.30867],[59.36622,36.30891],[59.36801,36.30916]]]}},{"type":"Feature","properties":{},"geometry":{"type":"Polygon","coordinates":[[[59.36337,36.31533],[59.3632,36.31524],[59.36318,36.31518],[59.36376,36.31497],[59.36404,36.31491],[59.36407,36.315],[59.36363,36.31511],[59.36346,36.31519],[59.36337,36.31533]]]}},{"type":"Feature","properties":{},"geometry":{"type":"Polygon","coordinates":[[[59.36417,36.31498],[59.36413,36.31489],[59.36437,36.31483],[59.36471,36.31468],[59.36487,36.31473],[59.36442,36.31492],[59.36417,36.31498]]]}},{"type":"Feature","properties":{},"geometry":{"type":"Polygon","coordinates":[[[59.35459,36.31634],[59.35476,36.31624],[59.3549,36.31619],[59.35535,36.31598],[59.35553,36.31591],[59.35559,36.31583],[59.35579,36.31588],[59.3562,36.31591],[59.35626,36.31599],[59.35642,36.31604],[59.35656,36.31609],[59.35672,36.31609],[59.35695,36.31623],[59.35706,36.31631],[59.35712,36.31623],[59.3573,36.31635],[59.35737,36.31649],[59.3573,36.31655],[59.35716,36.31648],[59.35707,36.31652],[59.35697,36.3165],[59.35697,36.31659],[59.35688,36.31667],[59.35685,36.31677],[59.35692,36.31687],[59.35681,36.31689],[59.35634,36.31646],[59.35612,36.31632],[59.35591,36.31627],[59.35522,36.31635],[59.35509,36.31636],[59.35486,36.31637],[59.35462,36.31642],[59.35459,36.31634]]]}},{"type":"Feature","properties":{},"geometry":{"type":"Polygon","coordinates":[[[59.63891,36.28522],[59.63921,36.28516],[59.63932,36.28553],[59.63903,36.28559],[59.63891,36.28522]]]}},{"type":"Feature","properties":{"name":"سالن ورزشی برادران شهید بختی"},"geometry":{"type":"Polygon","coordinates":[[[59.68978,36.2989],[59.6894,36.2985],[59.68907,36.2987],[59.68945,36.2991],[59.68978,36.2989]]]}},{"type":"Feature","properties":{"name":"پارک عزیز"},"geometry":{"type":"Polygon","coordinates":[[[59.40045,36.32639],[59.4001,36.32654],[59.40002,36.32669],[59.39945,36.32686],[59.39942,36.32647],[59.39949,36.32627],[59.39973,36.32603],[59.39987,36.32583],[59.40002,36.3259],[59.4003,36.32587],[59.40045,36.32639]]]}},{"type":"Feature","properties":{"name":"باغ شخصی"},"geometry":{"type":"Polygon","coordinates":[[[59.32184,36.28172],[59.32094,36.28209],[59.32043,36.28232],[59.32027,36.28228],[59.31975,36.2823],[59.31968,36.28222],[59.31926,36.28227],[59.31917,36.28214],[59.31962,36.28192],[59.31965,36.28177],[59.31902,36.28198],[59.31892,36.28178],[59.31989,36.28117],[59.32001,36.28139],[59.32027,36.2812],[59.32061,36.28117],[59.3208,36.2812],[59.32123,36.28124],[59.32075,36.28143],[59.32052,36.28158],[59.32043,36.28178],[59.32076,36.28171],[59.32126,36.28159],[59.3216,36.28145],[59.32186,36.2815],[59.32184,36.28172]]]}},{"type":"Feature","properties":{},"geometry":{"type":"Polygon","coordinates":[[[59.31068,36.27731],[59.31065,36.27719],[59.31077,36.27713],[59.31087,36.2772],[59.31095,36.27732],[59.31081,36.27733],[59.31068,36.27731]]]}},{"type":"Feature","properties":{},"geometry":{"type":"Polygon","coordinates":[[[59.30772,36.27727],[59.30753,36.27711],[59.30732,36.27713],[59.30724,36.27719],[59.30731,36.27725],[59.30739,36.27723],[59.30751,36.27729],[59.30772,36.27727]]]}},{"type":"Feature","properties":{},"geometry":{"type":"Polygon","coordinates":[[[59.30609,36.27697],[59.30582,36.27674],[59.3056,36.27652],[59.30543,36.27639],[59.30517,36.27639],[59.30514,36.27646],[59.30519,36.27654],[59.30538,36.27659],[59.30551,36.27667],[59.3057,36.27671],[59.30579,36.27684],[59.30587,36.27696],[59.30605,36.27705],[59.30609,36.27697]]]}},{"type":"Feature","properties":{},"geometry":{"type":"Polygon","coordinates":[[[59.30461,36.27698],[59.30446,36.27692],[59.30451,36.27683],[59.30459,36.27673],[59.30463,36.27681],[59.30461,36.27698]]]}},{"type":"Feature","properties":{},"geometry":{"type":"Polygon","coordinates":[[[59.31008,36.27497],[59.31014,36.2749],[59.31017,36.27484],[59.31012,36.27479],[59.30994,36.27489],[59.30991,36.27492],[59.31008,36.27497]]]}},{"type":"Feature","properties":{"name":"پارک طبیعی شاندیز"},"geometry":{"type":"Polygon","coordinates":[[[59.28605,36.39104],[59.28593,36.39135],[59.28547,36.39128],[59.28531,36.39096],[59.28538,36.39055],[59.28461,36.39021],[59.28404,36.39052],[59.28333,36.39032],[59.28304,36.38982],[59.28227,36.38976],[59.28169,36.38981],[59.28132,36.38957],[59.28309,36.38955],[59.28397,36.38976],[59.28432,36.38973],[59.28435,36.38987],[59.28529,36.3898],[59.28631,36.39001],[59.28662,36.39008],[59.28714,36.39016],[59.28779,36.39005],[59.28819,36.38984],[59.28908,36.38991],[59.28961,36.39014],[59.29044,36.39023],[59.291,36.39038],[59.29123,36.39091],[59.29155,36.3913],[59.29196,36.39136],[59.29317,36.39125],[59.29318,36.39162],[59.29259,36.39206],[59.29156,36.39205],[59.29097,36.3916],[59.29072,36.39083],[59.29041,36.39057],[59.28955,36.3906],[59.28906,36.39051],[59.28865,36.39046],[59.28844,36.39021],[59.28821,36.39053],[59.28762,36.39071],[59.28756,36.39084],[59.28818,36.39079],[59.28773,36.3916],[59.28718,36.39148],[59.2871,36.39116],[59.28605,36.39104]]]}},{"type":"Feature","properties":{},"geometry":{"type":"Polygon","coordinates":[[[59.47288,36.3532],[59.47246,36.35297],[59.47261,36.35279],[59.47303,36.35302],[59.47288,36.3532]]]}},{"type":"Feature","properties":{},"geometry":{"type":"Polygon","coordinates":[[[59.47502,36.35501],[59.4735,36.35417],[59.47425,36.35334],[59.47568,36.35412],[59.47502,36.35501]]]}},{"type":"Feature","properties":{},"geometry":{"type":"Polygon","coordinates":[[[59.31577,36.27925],[59.31572,36.27931],[59.31536,36.27908],[59.3154,36.27902],[59.31532,36.27896],[59.31523,36.27887],[59.31518,36.27881],[59.31541,36.27888],[59.31561,36.27891],[59.31562,36.27899],[59.31552,36.27902],[59.31577,36.27925]]]}},{"type":"Feature","properties":{"name":"ارغوان"},"geometry":{"type":"Polygon","coordinates":[[[59.33349,36.28413],[59.33346,36.28412],[59.33378,36.2838],[59.33388,36.28384],[59.33388,36.28387],[59.33379,36.28392],[59.33371,36.28399],[59.33363,36.28401],[59.33349,36.28413]]]}},{"type":"Feature","properties":{},"geometry":{"type":"Polygon","coordinates":[[[59.47282,36.3135],[59.47294,36.3132],[59.47297,36.31312],[59.47303,36.31277],[59.47303,36.3126],[59.47304,36.31243],[59.47308,36.31241],[59.47358,36.3121],[59.47366,36.3123],[59.47368,36.31236],[59.47343,36.31268],[59.47338,36.31274],[59.47282,36.3135]]]}},{"type":"Feature","properties":{},"geometry":{"type":"Polygon","coordinates":[[[59.47099,36.31474],[59.47092,36.31454],[59.47047,36.31466],[59.47,36.31476],[59.46975,36.31463],[59.46936,36.31374],[59.46916,36.31379],[59.46952,36.31465],[59.46968,36.31487],[59.46986,36.315],[59.47099,36.31474]]]}},{"type":"Feature","properties":{},"geometry":{"type":"Polygon","coordinates":[[[59.47102,36.31484],[59.47059,36.31496],[59.4708,36.31544],[59.47104,36.31537],[59.47108,36.31522],[59.47109,36.31504],[59.47102,36.31484]]]}},{"type":"Feature","properties":{"name":"بوستان مهتاب"},"geometry":{"type":"Polygon","coordinates":[[[59.49656,36.31263],[59.49643,36.31248],[59.49568,36.31292],[59.49581,36.31307],[59.49656,36.31263]]]}},{"type":"Feature","properties":{"name":"میدان هفت تیر"},"geometry":{"type":"Polygon","coordinates":[[[59.49718,36.32268],[59.49715,36.32275],[59.49716,36.32284],[59.49721,36.32291],[59.49729,36.32295],[59.49739,36.32297],[59.49749,36.32295],[59.49757,36.32291],[59.49762,36.32284],[59.49763,36.32276],[59.4976,36.32268],[59.49753,36.32262],[59.49744,36.32259],[59.49734,36.32259],[59.49725,36.32262],[59.49718,36.32268]]]}},{"type":"Feature","properties":{},"geometry":{"type":"Polygon","coordinates":[[[59.68774,36.29956],[59.6875,36.29932],[59.68679,36.29977],[59.68702,36.3],[59.68774,36.29956]]]}},{"type":"Feature","properties":{},"geometry":{"type":"Polygon","coordinates":[[[59.49981,36.34054],[59.49912,36.34051],[59.49908,36.34043],[59.49841,36.34062],[59.49843,36.34068],[59.49939,36.34071],[59.49941,36.34076],[59.49986,36.34064],[59.49981,36.34054]]]}},{"type":"Feature","properties":{},"geometry":{"type":"Polygon","coordinates":[[[59.61282,36.32706],[59.61231,36.32726],[59.6121,36.32691],[59.61261,36.32671],[59.61282,36.32706]]]}},{"type":"Feature","properties":{},"geometry":{"type":"Polygon","coordinates":[[[59.42153,36.32932],[59.42155,36.32938],[59.42117,36.32984],[59.42066,36.3304],[59.42028,36.33045],[59.41966,36.33014],[59.41948,36.32966],[59.41959,36.32961],[59.41951,36.32945],[59.41972,36.3292],[59.41998,36.3289],[59.42019,36.32879],[59.42029,36.3287],[59.42101,36.32902],[59.42153,36.32932]]]}},{"type":"Feature","properties":{"name":"پارک خطی نماز"},"geometry":{"type":"Polygon","coordinates":[[[59.5375,36.27228],[59.53416,36.2715],[59.53422,36.27131],[59.5353,36.27143],[59.53698,36.27157],[59.53751,36.27162],[59.53766,36.27165],[59.53764,36.2717],[59.53759,36.27188],[59.53759,36.27206],[59.5375,36.27228]]]}},{"type":"Feature","properties":{},"geometry":{"type":"Polygon","coordinates":[[[59.69507,36.1632],[59.69527,36.16332],[59.69554,36.16302],[59.69535,36.1629],[59.69507,36.1632]]]}},{"type":"Feature","properties":{"name":"پارک زمین بازی کودکان بلوک ۳۷"},"geometry":{"type":"Polygon","coordinates":[[[59.69878,36.16684],[59.69963,36.16725],[59.69974,36.1671],[59.69991,36.16719],[59.7001,36.16692],[59.69908,36.16641],[59.69878,36.16684]]]}},{"type":"Feature","properties":{},"geometry":{"type":"Polygon","coordinates":[[[59.51493,36.3129],[59.51499,36.31292],[59.51505,36.31292],[59.5151,36.31291],[59.51515,36.31288],[59.51518,36.31284],[59.5152,36.3128],[59.5152,36.31276],[59.51518,36.31271],[59.51515,36.31268],[59.5151,36.31265],[59.51505,36.31264],[59.51499,36.31264],[59.51494,36.31265],[59.51489,36.31268],[59.51486,36.31272],[59.51485,36.31277],[59.51486,36.31282],[59.51489,36.31286],[59.51493,36.3129]]]}},{"type":"Feature","properties":{},"geometry":{"type":"Polygon","coordinates":[[[59.66342,36.34662],[59.66287,36.346],[59.66339,36.34553],[59.66422,36.34515],[59.66452,36.34548],[59.6643,36.34569],[59.66415,36.34575],[59.66395,36.34578],[59.66384,36.34623],[59.66356,36.34654],[59.66342,36.34662]]]}},{"type":"Feature","properties":{"name":"بوستان فدک"},"geometry":{"type":"Polygon","coordinates":[[[59.5022,36.36972],[59.50049,36.36965],[59.50048,36.36963],[59.50047,36.36961],[59.50052,36.3689],[59.49981,36.36887],[59.49984,36.36822],[59.49984,36.36819],[59.50245,36.36829],[59.50239,36.36913],[59.50265,36.36914],[59.5027,36.36923],[59.5027,36.36934],[59.50267,36.36941],[59.5022,36.36972]]]}},{"type":"Feature","properties":{},"geometry":{"type":"Polygon","coordinates":[[[59.62396,36.33062],[59.62241,36.33081],[59.62015,36.3315],[59.61995,36.33162],[59.61881,36.33281],[59.61763,36.33404],[59.61749,36.33416],[59.61661,36.33463],[59.61606,36.33487],[59.61593,36.3349],[59.6156,36.3349],[59.61533,36.33502],[59.61533,36.3349],[59.61629,36.33443],[59.6168,36.33438],[59.61687,36.33434],[59.61685,36.33426],[59.61709,36.33422],[59.61707,36.33404],[59.61749,36.33398],[59.61748,36.33381],[59.61763,36.33379],[59.61776,36.33364],[59.61783,36.33352],[59.61792,36.33331],[59.61807,36.33316],[59.61849,36.33292],[59.61903,36.33235],[59.61902,36.33219],[59.61915,36.33203],[59.61913,36.332],[59.61919,36.33192],[59.61943,36.3318],[59.61936,36.3317],[59.61983,36.33122],[59.62019,36.33106],[59.62148,36.33069],[59.6224,36.33063],[59.62241,36.33068],[59.62392,36.33052],[59.62396,36.33062]]]}},{"type":"Feature","properties":{},"geometry":{"type":"Polygon","coordinates":[[[59.54181,36.36408],[59.54144,36.36392],[59.54132,36.3641],[59.54169,36.36426],[59.54181,36.36408]]]}},{"type":"Feature","properties":{"name":"پارک تقی پور"},"geometry":{"type":"Polygon","coordinates":[[[59.50537,36.36832],[59.50538,36.36807],[59.50598,36.36808],[59.50598,36.36787],[59.50704,36.36839],[59.50537,36.36832]]]}},{"type":"Feature","properties":{"name":"پارک پیروز"},"geometry":{"type":"Polygon","coordinates":[[[59.50408,36.36822],[59.50411,36.36828],[59.50396,36.36836],[59.50387,36.36835],[59.50352,36.36853],[59.50356,36.3686],[59.50366,36.36862],[59.50427,36.36842],[59.50556,36.3676],[59.50466,36.36712],[59.50405,36.36711],[59.50403,36.36739],[59.50426,36.36739],[59.50425,36.36762],[59.50454,36.36762],[59.50453,36.36795],[59.50408,36.36822]]]}},{"type":"Feature","properties":{"name":"بوستان اقدسیه"},"geometry":{"type":"Polygon","coordinates":[[[59.49196,36.37132],[59.49168,36.37128],[59.49144,36.37122],[59.49126,36.37116],[59.49122,36.37111],[59.49123,36.37103],[59.49139,36.37093],[59.49211,36.37051],[59.49196,36.37132]]]}},{"type":"Feature","properties":{},"geometry":{"type":"Polygon","coordinates":[[[59.4818,36.35679],[59.48182,36.35671],[59.48178,36.35663],[59.47986,36.35601],[59.47953,36.35603],[59.47971,36.35626],[59.47993,36.35617],[59.48037,36.35632],[59.4805,36.3565],[59.48066,36.35641],[59.48149,36.35667],[59.48166,36.35686],[59.4818,36.35679]]]}},{"type":"Feature","properties":{},"geometry":{"type":"Polygon","coordinates":[[[59.51388,36.3461],[59.5139,36.34602],[59.51394,36.34596],[59.51391,36.34574],[59.51386,36.34565],[59.51378,36.34558],[59.51367,36.34555],[59.51231,36.34543],[59.51214,36.34546],[59.51156,36.34549],[59.51083,36.34549],[59.51071,36.34553],[59.50977,36.34554],[59.50959,36.34559],[59.50958,36.34672],[59.51168,36.3466],[59.51331,36.34644],[59.51333,36.34612],[59.51388,36.3461]]]}},{"type":"Feature","properties":{"name":"بوستان موضوعی دانش"},"geometry":{"type":"Polygon","coordinates":[[[59.47691,36.34762],[59.47679,36.34756],[59.47681,36.34754],[59.47643,36.34741],[59.47637,36.34742],[59.4762,36.34734],[59.47588,36.34762],[59.47545,36.34775],[59.47478,36.34773],[59.47477,36.3479],[59.47402,36.34787],[59.47374,36.34791],[59.47365,36.34799],[59.47361,36.34796],[59.4735,36.34806],[59.47308,36.34773],[59.47301,36.34769],[59.47278,36.34767],[59.47279,36.34716],[59.47579,36.34711],[59.47621,36.34713],[59.47647,36.34717],[59.4767,36.3473],[59.47685,36.34747],[59.47691,36.34762]]]}},{"type":"Feature","properties":{},"geometry":{"type":"Polygon","coordinates":[[[59.48164,36.34711],[59.48099,36.34749],[59.47938,36.34756],[59.4791,36.34771],[59.47911,36.34782],[59.4786,36.3479],[59.47865,36.34813],[59.47796,36.34818],[59.47778,36.34845],[59.4775,36.34804],[59.47734,36.34777],[59.47722,36.34755],[59.47721,36.34739],[59.47727,36.34725],[59.47738,36.34713],[59.47756,36.34706],[59.47787,36.34705],[59.47829,36.34701],[59.48097,36.34699],[59.48223,36.34693],[59.48221,36.34695],[59.48187,36.34702],[59.48164,36.34711]]]}},{"type":"Feature","properties":{},"geometry":{"type":"Polygon","coordinates":[[[59.50493,36.30422],[59.50484,36.30411],[59.50462,36.30412],[59.5042,36.30459],[59.50416,36.30473],[59.50408,36.30485],[59.50399,36.30492],[59.50386,36.30516],[59.50316,36.30688],[59.50321,36.3069],[59.50344,36.30668],[59.50333,36.30661],[59.50377,36.30561],[59.50436,36.30484],[59.50493,36.30422]]]}},{"type":"Feature","properties":{},"geometry":{"type":"Polygon","coordinates":[[[59.51017,36.30117],[59.50953,36.30151],[59.50909,36.30173],[59.50505,36.30392],[59.50504,36.30375],[59.50508,36.30369],[59.50526,36.30355],[59.50605,36.30311],[59.5063,36.3031],[59.50679,36.30285],[59.50693,36.30265],[59.50706,36.30259],[59.50725,36.30253],[59.50799,36.30214],[59.50831,36.30198],[59.50846,36.30186],[59.5099,36.30111],[59.51002,36.3011],[59.51014,36.30112],[59.51017,36.30117]]]}},{"type":"Feature","properties":{"name":"بوستان خطی فکوری"},"geometry":{"type":"Polygon","coordinates":[[[59.52431,36.2931],[59.51778,36.29652],[59.51803,36.29655],[59.51812,36.29658],[59.51876,36.29623],[59.51884,36.29611],[59.51958,36.29574],[59.51981,36.29569],[59.52331,36.29387],[59.52336,36.29379],[59.52354,36.29369],[59.5237,36.29368],[59.52421,36.2934],[59.52429,36.29331],[59.52431,36.2931]]]}},{"type":"Feature","properties":{"name":"بوستان خطی فکوری"},"geometry":{"type":"Polygon","coordinates":[[[59.51749,36.29659],[59.51746,36.29678],[59.5174,36.29693],[59.51689,36.29719],[59.51675,36.29723],[59.51657,36.29732],[59.51651,36.29738],[59.5165,36.29739],[59.515,36.29819],[59.51494,36.29811],[59.51383,36.29867],[59.51389,36.29875],[59.51279,36.29933],[59.51267,36.29934],[59.51218,36.2996],[59.51212,36.29967],[59.51094,36.30029],[59.51081,36.30028],[59.51067,36.30027],[59.51043,36.30021],[59.51713,36.29678],[59.51749,36.29659]]]}},{"type":"Feature","properties":{},"geometry":{"type":"Polygon","coordinates":[[[59.51497,36.29865],[59.51489,36.29861],[59.51476,36.29859],[59.51168,36.30017],[59.51158,36.30027],[59.51141,36.30037],[59.51129,36.3004],[59.51099,36.30056],[59.5109,36.30067],[59.51078,36.30082],[59.51252,36.29985],[59.51264,36.29996],[59.51276,36.29989],[59.51275,36.29985],[59.51302,36.29969],[59.5131,36.29969],[59.51314,36.29971],[59.51329,36.29961],[59.51331,36.29954],[59.51336,36.29948],[59.51351,36.29939],[59.51366,36.29955],[59.51497,36.29865]]]}},{"type":"Feature","properties":{},"geometry":{"type":"Polygon","coordinates":[[[59.51117,36.30291],[59.51091,36.30263],[59.51071,36.30258],[59.51047,36.3024],[59.50989,36.3021],[59.50971,36.3021],[59.50964,36.3021],[59.50946,36.30192],[59.50914,36.3017],[59.50958,36.30149],[59.50964,36.30153],[59.51019,36.30185],[59.51068,36.30225],[59.51113,36.30249],[59.51118,36.30248],[59.51135,36.30274],[59.5113,36.30285],[59.51117,36.30291]]]}},{"type":"Feature","properties":{},"geometry":{"type":"Polygon","coordinates":[[[59.6405,36.25867],[59.6389,36.25858],[59.63747,36.25856],[59.63267,36.2583],[59.63168,36.25817],[59.63061,36.25811],[59.63202,36.2583],[59.64025,36.25878],[59.6405,36.25867]]]}},{"type":"Feature","properties":{},"geometry":{"type":"Polygon","coordinates":[[[59.65163,36.28311],[59.6514,36.28274],[59.65101,36.28283],[59.65113,36.28323],[59.65163,36.28311]]]}},{"type":"Feature","properties":{},"geometry":{"type":"Polygon","coordinates":[[[59.62774,36.25931],[59.62778,36.25915],[59.62783,36.25899],[59.62788,36.25886],[59.62785,36.2588],[59.62778,36.25876],[59.62697,36.25873],[59.62691,36.25874],[59.62686,36.25878],[59.62682,36.25882],[59.62681,36.25887],[59.62682,36.25892],[59.62684,36.25897],[59.62782,36.26013],[59.62788,36.2601],[59.62781,36.25993],[59.62772,36.25972],[59.62772,36.25951],[59.62774,36.25931]]]}},{"type":"Feature","properties":{"name":"بوستان ارغوان"},"geometry":{"type":"Polygon","coordinates":[[[59.63151,36.25896],[59.63151,36.25889],[59.62865,36.2587],[59.62842,36.25872],[59.62829,36.25877],[59.6282,36.25883],[59.62813,36.25896],[59.62785,36.25946],[59.62782,36.2596],[59.62783,36.25971],[59.62787,36.25983],[59.628,36.26003],[59.62867,36.26076],[59.62885,36.26076],[59.62812,36.25995],[59.628,36.25979],[59.62796,36.25967],[59.62796,36.25958],[59.62798,36.25945],[59.62826,36.25897],[59.62826,36.25891],[59.62835,36.25888],[59.62845,36.25895],[59.6308,36.25904],[59.63117,36.25897],[59.63151,36.25896]]]}},{"type":"Feature","properties":{},"geometry":{"type":"Polygon","coordinates":[[[59.65427,36.22284],[59.65358,36.22227],[59.65349,36.22221],[59.65337,36.22219],[59.65326,36.22219],[59.65315,36.22222],[59.65305,36.22227],[59.64817,36.22606],[59.64928,36.22698],[59.64949,36.22691],[59.65421,36.22325],[59.65428,36.22319],[59.65432,36.2231],[59.65434,36.22301],[59.65432,36.22292],[59.65427,36.22284]]]}},{"type":"Feature","properties":{},"geometry":{"type":"Polygon","coordinates":[[[59.65472,36.22263],[59.6539,36.22197],[59.65386,36.22186],[59.65387,36.22175],[59.65391,36.22165],[59.65399,36.22156],[59.6541,36.22149],[59.65423,36.22146],[59.65437,36.22146],[59.6545,36.22149],[59.65531,36.22216],[59.65534,36.22228],[59.65532,36.2224],[59.65525,36.2225],[59.65515,36.22259],[59.65501,36.22264],[59.65486,36.22266],[59.65472,36.22263]]]}},{"type":"Feature","properties":{},"geometry":{"type":"Polygon","coordinates":[[[59.49914,36.3525],[59.49906,36.3525],[59.49892,36.3524],[59.49892,36.35228],[59.49913,36.35229],[59.49914,36.3525]]]}},{"type":"Feature","properties":{},"geometry":{"type":"Polygon","coordinates":[[[59.49855,36.35152],[59.49888,36.35152],[59.49888,36.35129],[59.49855,36.3513],[59.49855,36.35152]]]}},{"type":"Feature","properties":{},"geometry":{"type":"Polygon","coordinates":[[[59.49897,36.3515],[59.49926,36.3515],[59.49925,36.35129],[59.49896,36.35129],[59.49897,36.3515]]]}},{"type":"Feature","properties":{},"geometry":{"type":"Polygon","coordinates":[[[59.50838,36.31365],[59.50842,36.31362],[59.50848,36.3136],[59.50855,36.31361],[59.5086,36.31348],[59.50856,36.31346],[59.5082,36.31358],[59.50838,36.31365]]]}},{"type":"Feature","properties":{},"geometry":{"type":"Polygon","coordinates":[[[59.50867,36.31378],[59.50881,36.31384],[59.50882,36.31373],[59.50878,36.31355],[59.50867,36.31349],[59.50861,36.31362],[59.50865,36.31364],[59.50868,36.31375],[59.50867,36.31378]]]}},{"type":"Feature","properties":{},"geometry":{"type":"Polygon","coordinates":[[[59.50886,36.31371],[59.50903,36.31371],[59.509,36.31355],[59.50884,36.31355],[59.50886,36.31371]]]}},{"type":"Feature","properties":{},"geometry":{"type":"Polygon","coordinates":[[[59.50886,36.31375],[59.50904,36.31375],[59.50907,36.31391],[59.50887,36.31386],[59.50886,36.31375]]]}},{"type":"Feature","properties":{},"geometry":{"type":"Polygon","coordinates":[[[59.50868,36.31345],[59.5088,36.31322],[59.50893,36.31317],[59.50899,36.31351],[59.50882,36.31352],[59.50868,36.31345]]]}},{"type":"Feature","properties":{},"geometry":{"type":"Polygon","coordinates":[[[59.50829,36.31378],[59.50835,36.31377],[59.50836,36.31369],[59.50817,36.31362],[59.50814,36.31371],[59.50824,36.31374],[59.50829,36.31378]]]}},{"type":"Feature","properties":{},"geometry":{"type":"Polygon","coordinates":[[[59.50836,36.31401],[59.50826,36.31396],[59.5083,36.3139],[59.5083,36.31381],[59.50837,36.31379],[59.50844,36.31385],[59.50836,36.31401]]]}},{"type":"Feature","properties":{},"geometry":{"type":"Polygon","coordinates":[[[59.50866,36.31381],[59.50863,36.31384],[59.50856,36.31386],[59.50848,36.31387],[59.50836,36.31407],[59.50893,36.31394],[59.50866,36.31381]]]}},{"type":"Feature","properties":{},"geometry":{"type":"Polygon","coordinates":[[[59.50855,36.31341],[59.50864,36.31343],[59.50874,36.31323],[59.50849,36.31331],[59.50855,36.31341]]]}},{"type":"Feature","properties":{},"geometry":{"type":"Polygon","coordinates":[[[59.50825,36.3135],[59.50819,36.3134],[59.50794,36.31347],[59.50814,36.31355],[59.50825,36.3135]]]}},{"type":"Feature","properties":{},"geometry":{"type":"Polygon","coordinates":[[[59.5081,36.31382],[59.50809,36.31372],[59.50812,36.31359],[59.50787,36.31349],[59.50789,36.31355],[59.50803,36.31384],[59.5081,36.31382]]]}},{"type":"Feature","properties":{},"geometry":{"type":"Polygon","coordinates":[[[59.50812,36.31387],[59.50805,36.31389],[59.50818,36.31416],[59.50834,36.31407],[59.50821,36.31398],[59.50815,36.31391],[59.50812,36.31387]]]}},{"type":"Feature","properties":{},"geometry":{"type":"Polygon","coordinates":[[[59.51371,36.30706],[59.51383,36.30709],[59.51379,36.30701],[59.51371,36.30706]]]}},{"type":"Feature","properties":{},"geometry":{"type":"Polygon","coordinates":[[[59.50557,36.31534],[59.50544,36.31517],[59.5058,36.315],[59.50593,36.31518],[59.50557,36.31534]]]}},{"type":"Feature","properties":{},"geometry":{"type":"Polygon","coordinates":[[[59.51033,36.31244],[59.51028,36.31233],[59.51058,36.31222],[59.51033,36.31244]]]}},{"type":"Feature","properties":{},"geometry":{"type":"Polygon","coordinates":[[[59.33942,36.41954],[59.3411,36.4204],[59.34221,36.41999],[59.34295,36.41928],[59.34411,36.42077],[59.3458,36.42158],[59.34919,36.42112],[59.35165,36.42088],[59.35057,36.41821],[59.35092,36.41774],[59.35409,36.41646],[59.35326,36.4156],[59.35294,36.41485],[59.35251,36.41506],[59.35224,36.4153],[59.35182,36.41528],[59.35021,36.41388],[59.34912,36.41302],[59.34926,36.41283],[59.34976,36.41221],[59.34891,36.41162],[59.34829,36.41117],[59.34704,36.41056],[59.34625,36.41029],[59.34224,36.40781],[59.34134,36.40863],[59.34102,36.40879],[59.34029,36.40936],[59.34154,36.41037],[59.34322,36.41202],[59.34316,36.41268],[59.34231,36.41372],[59.34262,36.41479],[59.3426,36.41542],[59.34241,36.41566],[59.34193,36.41541],[59.33994,36.41737],[59.33942,36.41954]]]}},{"type":"Feature","properties":{"name":"فضای سبز"},"geometry":{"type":"Polygon","coordinates":[[[59.50138,36.34654],[59.50145,36.34642],[59.50155,36.34635],[59.50175,36.34622],[59.50178,36.34645],[59.50158,36.34648],[59.50159,36.34682],[59.5014,36.34683],[59.50138,36.34654]]]}},{"type":"Feature","properties":{},"geometry":{"type":"Polygon","coordinates":[[[59.60639,36.33667],[59.60634,36.33685],[59.60638,36.33709],[59.60629,36.33697],[59.60616,36.33689],[59.60599,36.33684],[59.60584,36.33687],[59.6057,36.33693],[59.6056,36.33702],[59.60555,36.33713],[59.60555,36.33723],[59.60559,36.33735],[59.60568,36.33744],[59.60582,36.33752],[59.60594,36.33758],[59.60573,36.33755],[59.60485,36.33763],[59.60415,36.33773],[59.60384,36.3378],[59.60436,36.33756],[59.60451,36.33752],[59.60478,36.33742],[59.60495,36.33728],[59.60648,36.33655],[59.60639,36.33667]]]}},{"type":"Feature","properties":{},"geometry":{"type":"Polygon","coordinates":[[[59.60404,36.3369],[59.60421,36.33672],[59.6044,36.33638],[59.60452,36.33605],[59.60452,36.3361],[59.60453,36.33622],[59.60457,36.33632],[59.60465,36.3364],[59.60477,36.33647],[59.60492,36.33649],[59.60506,36.33647],[59.60522,36.33639],[59.60533,36.33629],[59.60537,36.33618],[59.60536,36.33608],[59.60531,36.33598],[59.60519,36.33587],[59.6056,36.33589],[59.60609,36.33583],[59.60645,36.33577],[59.60646,36.33579],[59.60487,36.33658],[59.60469,36.33663],[59.60439,36.33677],[59.60421,36.33689],[59.60374,36.3371],[59.60404,36.3369]]]}},{"type":"Feature","properties":{"name":"بوستان ستایش"},"geometry":{"type":"Polygon","coordinates":[[[59.49202,36.37767],[59.49162,36.37733],[59.49235,36.37686],[59.4927,36.37721],[59.49202,36.37767]]]}},{"type":"Feature","properties":{},"geometry":{"type":"Polygon","coordinates":[[[59.55045,36.20217],[59.55045,36.20097],[59.55032,36.20045],[59.55006,36.20051],[59.54987,36.2],[59.54969,36.19975],[59.54942,36.19952],[59.54904,36.19928],[59.54888,36.19909],[59.54879,36.19896],[59.54873,36.19881],[59.54869,36.19867],[59.5487,36.19854],[59.54878,36.19836],[59.54872,36.19826],[59.54874,36.19816],[59.54874,36.19808],[59.5488,36.19804],[59.54886,36.19802],[59.54893,36.19804],[59.54906,36.19816],[59.54927,36.19818],[59.54952,36.19821],[59.54979,36.1983],[59.54985,36.1982],[59.5497,36.1981],[59.54956,36.19794],[59.54952,36.19791],[59.54943,36.19762],[59.54972,36.19752],[59.54982,36.1975],[59.55023,36.19785],[59.55031,36.19791],[59.55045,36.19798],[59.55045,36.19802],[59.55051,36.19807],[59.55073,36.19809],[59.55081,36.19813],[59.55097,36.19795],[59.55135,36.19796],[59.55187,36.19814],[59.55206,36.19826],[59.55217,36.1984],[59.55228,36.19853],[59.55225,36.19874],[59.55229,36.199],[59.55237,36.19922],[59.5526,36.19954],[59.55241,36.1996],[59.55201,36.19972],[59.55182,36.19974],[59.55172,36.19986],[59.55186,36.19987],[59.55202,36.19979],[59.55225,36.1998],[59.5525,36.19991],[59.55269,36.19988],[59.55282,36.19995],[59.5529,36.20017],[59.55315,36.20013],[59.55334,36.20069],[59.55343,36.20093],[59.55298,36.20112],[59.55285,36.20128],[59.55255,36.20128],[59.55235,36.20132],[59.55187,36.2015],[59.55157,36.20142],[59.55149,36.20149],[59.55121,36.2015],[59.5511,36.20158],[59.55101,36.20192],[59.55069,36.20184],[59.55055,36.20203],[59.55053,36.20218],[59.55045,36.20217]]]}},{"type":"Feature","properties":{},"geometry":{"type":"Polygon","coordinates":[[[59.53065,36.31533],[59.53045,36.31486],[59.53019,36.31481],[59.52926,36.31509],[59.52953,36.3157],[59.53065,36.31533]]]}},{"type":"Feature","properties":{},"geometry":{"type":"Polygon","coordinates":[[[59.53049,36.31457],[59.53113,36.31422],[59.53141,36.31402],[59.53174,36.31412],[59.53226,36.31509],[59.5321,36.31515],[59.53225,36.31556],[59.532,36.31563],[59.53178,36.31555],[59.53165,36.31547],[59.53153,36.31543],[59.53145,36.31557],[59.53152,36.31566],[59.53192,36.3158],[59.53201,36.316],[59.53181,36.31638],[59.53204,36.31647],[59.53211,36.31636],[59.53209,36.31631],[59.53215,36.31621],[59.53221,36.31609],[59.53232,36.31605],[59.53244,36.31601],[59.53269,36.31641],[59.53151,36.31681],[59.53077,36.3153],[59.53055,36.31486],[59.53053,36.31471],[59.53049,36.31457]]]}},{"type":"Feature","properties":{},"geometry":{"type":"Polygon","coordinates":[[[59.56346,36.32485],[59.56365,36.32482],[59.56382,36.32477],[59.56396,36.32469],[59.56411,36.3246],[59.56416,36.32448],[59.56414,36.32439],[59.56408,36.3243],[59.56398,36.32425],[59.56384,36.32421],[59.56364,36.32416],[59.56349,36.32415],[59.56332,36.32415],[59.56314,36.32419],[59.56295,36.32427],[59.56278,36.32439],[59.56271,36.32451],[59.56275,36.32464],[59.5629,36.32474],[59.56316,36.32482],[59.56332,36.32485],[59.56346,36.32485]]]}},{"type":"Feature","properties":{},"geometry":{"type":"Polygon","coordinates":[[[59.4879,36.33587],[59.48814,36.33579],[59.48838,36.33572],[59.48846,36.3357],[59.48874,36.33561],[59.48902,36.33552],[59.48909,36.3355],[59.48934,36.33543],[59.48967,36.33533],[59.48982,36.33528],[59.48973,36.33508],[59.48964,36.33488],[59.48948,36.33493],[59.48915,36.33503],[59.48892,36.3351],[59.48884,36.33513],[59.48856,36.33522],[59.48828,36.33531],[59.4882,36.33533],[59.48795,36.33541],[59.48771,36.33549],[59.4879,36.33587]]]}},{"type":"Feature","properties":{},"geometry":{"type":"Polygon","coordinates":[[[59.53783,36.30077],[59.53785,36.30062],[59.53783,36.3005],[59.53778,36.3004],[59.53787,36.30044],[59.53796,36.30046],[59.53815,36.30047],[59.53783,36.30077]]]}},{"type":"Feature","properties":{},"geometry":{"type":"Polygon","coordinates":[[[59.52476,36.31945],[59.5248,36.31941],[59.52494,36.31951],[59.52493,36.31955],[59.52489,36.31958],[59.52486,36.31958],[59.52482,36.31956],[59.52477,36.31949],[59.52476,36.31945]]]}},{"type":"Feature","properties":{"name":"باغ اوقاف"},"geometry":{"type":"Polygon","coordinates":[[[59.58603,36.30047],[59.58688,36.3021],[59.58701,36.30205],[59.58723,36.30247],[59.58766,36.30233],[59.58744,36.30191],[59.58799,36.30173],[59.58821,36.30214],[59.58862,36.30199],[59.58845,36.30167],[59.58873,36.30158],[59.58868,36.30148],[59.58886,36.30141],[59.58841,36.30055],[59.58882,36.3004],[59.58872,36.30017],[59.58853,36.30023],[59.58843,36.30002],[59.58799,36.30017],[59.58783,36.29982],[59.58603,36.30047]]]}},{"type":"Feature","properties":{},"geometry":{"type":"Polygon","coordinates":[[[59.62517,36.28017],[59.62591,36.27947],[59.62596,36.27952],[59.62603,36.27967],[59.62601,36.27983],[59.62593,36.27996],[59.62578,36.28009],[59.62561,36.28015],[59.62545,36.28018],[59.62525,36.28021],[59.62517,36.28017]]]}},{"type":"Feature","properties":{},"geometry":{"type":"Polygon","coordinates":[[[59.62493,36.28007],[59.62573,36.27934],[59.62568,36.27931],[59.6255,36.27927],[59.62531,36.27928],[59.62514,36.27934],[59.625,36.27944],[59.62491,36.27957],[59.62487,36.27972],[59.62486,36.27986],[59.6249,36.28002],[59.62493,36.28007]]]}},{"type":"Feature","properties":{"name":"قبرستان کوشک مهدی"},"geometry":{"type":"Polygon","coordinates":[[[59.56427,36.38858],[59.56407,36.38847],[59.56396,36.38836],[59.56404,36.3881],[59.56436,36.38815],[59.56448,36.38816],[59.5645,36.38812],[59.56476,36.38818],[59.56487,36.38807],[59.56506,36.38815],[59.56501,36.38824],[59.56507,36.38828],[59.56505,36.38832],[59.56519,36.38838],[59.56506,36.38852],[59.56479,36.38856],[59.56455,36.38858],[59.56427,36.38858]]]}},{"type":"Feature","properties":{},"geometry":{"type":"Polygon","coordinates":[[[59.49524,36.36734],[59.49481,36.36707],[59.49481,36.36672],[59.49502,36.36673],[59.49501,36.36697],[59.49526,36.36699],[59.49524,36.36734]]]}},{"type":"Feature","properties":{"name":"بوستان گلها"},"geometry":{"type":"Polygon","coordinates":[[[59.63165,36.31272],[59.63175,36.31273],[59.63225,36.31248],[59.6322,36.3124],[59.63151,36.31263],[59.63165,36.31272]]]}},{"type":"Feature","properties":{"name":"زمین بازی"},"geometry":{"type":"Polygon","coordinates":[[[59.59431,36.33135],[59.59481,36.33129],[59.59476,36.33104],[59.59426,36.3311],[59.59431,36.33135]]]}},{"type":"Feature","properties":{"name":"فضای سبز"},"geometry":{"type":"Polygon","coordinates":[[[59.51319,36.37012],[59.51326,36.37006],[59.5132,36.37001],[59.51306,36.36993],[59.51279,36.3698],[59.51263,36.36974],[59.51242,36.36972],[59.51223,36.36973],[59.51202,36.36978],[59.51184,36.36989],[59.51172,36.37001],[59.51156,36.37021],[59.5115,36.37034],[59.51156,36.37042],[59.5116,36.3706],[59.51173,36.37071],[59.51192,36.37082],[59.51197,36.37078],[59.51186,36.37073],[59.51172,36.37064],[59.51165,36.37053],[59.51163,36.37041],[59.51165,36.37031],[59.51172,36.37019],[59.51187,36.37005],[59.51201,36.36993],[59.51217,36.36988],[59.51231,36.36983],[59.51248,36.36984],[59.51261,36.36985],[59.51273,36.36988],[59.51295,36.37],[59.51319,36.37012]]]}},{"type":"Feature","properties":{"name":"فضای سبز"},"geometry":{"type":"Polygon","coordinates":[[[59.51559,36.36841],[59.51565,36.36832],[59.51569,36.36819],[59.51534,36.36811],[59.51528,36.36824],[59.51557,36.36843],[59.51559,36.36841]]]}},{"type":"Feature","properties":{},"geometry":{"type":"Polygon","coordinates":[[[59.59204,36.33316],[59.59195,36.333],[59.59296,36.33288],[59.59301,36.3329],[59.593,36.33293],[59.59292,36.33297],[59.59204,36.33316]]]}},{"type":"Feature","properties":{"name":"بوستان گل محمدی"},"geometry":{"type":"Polygon","coordinates":[[[59.48161,36.35191],[59.48182,36.35172],[59.48263,36.35191],[59.48161,36.35191]]]}},{"type":"Feature","properties":{"name":"بوستان آفرینش"},"geometry":{"type":"Polygon","coordinates":[[[59.48075,36.36292],[59.48004,36.36283],[59.48015,36.36226],[59.48086,36.36234],[59.48075,36.36292]]]}},{"type":"Feature","properties":{"name":"کیان"},"geometry":{"type":"Polygon","coordinates":[[[59.49824,36.36547],[59.49769,36.36543],[59.49766,36.36577],[59.49791,36.36578],[59.49788,36.36608],[59.49851,36.36612],[59.49854,36.36585],[59.4982,36.36583],[59.49824,36.36547]]]}},{"type":"Feature","properties":{"name":"بوستان نسترن"},"geometry":{"type":"Polygon","coordinates":[[[59.64748,36.29202],[59.64653,36.29305],[59.647,36.29333],[59.64755,36.29323],[59.64821,36.29346],[59.64878,36.29284],[59.64748,36.29202]]]}},{"type":"Feature","properties":{},"geometry":{"type":"Polygon","coordinates":[[[59.6295,36.31369],[59.62956,36.31369],[59.62973,36.31362],[59.62981,36.31358],[59.62991,36.31354],[59.63002,36.31349],[59.63011,36.31345],[59.6302,36.31341],[59.63028,36.31337],[59.63038,36.31333],[59.63051,36.31328],[59.63063,36.31322],[59.63075,36.31317],[59.63088,36.31311],[59.631,36.31306],[59.63107,36.31303],[59.63114,36.313],[59.63124,36.31295],[59.63133,36.31291],[59.63142,36.31287],[59.63147,36.31285],[59.6314,36.31275],[59.63121,36.31283],[59.63107,36.31288],[59.63092,36.31295],[59.63076,36.31301],[59.63049,36.31312],[59.63019,36.31324],[59.62999,36.31332],[59.62984,36.31339],[59.62971,36.31344],[59.62965,36.31346],[59.62942,36.31356],[59.62946,36.31364],[59.6295,36.31369]]]}},{"type":"Feature","properties":{"name":"مجموعه فرهنگی ورزشی صدر"},"geometry":{"type":"Polygon","coordinates":[[[59.4917,36.37457],[59.49128,36.37481],[59.49145,36.375],[59.49187,36.37476],[59.4917,36.37457]]]}},{"type":"Feature","properties":{},"geometry":{"type":"Polygon","coordinates":[[[59.62785,36.25785],[59.62544,36.2577],[59.62495,36.25759],[59.62487,36.25752],[59.62562,36.25764],[59.62653,36.25749],[59.62658,36.25766],[59.62695,36.25758],[59.62699,36.25772],[59.62741,36.25765],[59.62745,36.25771],[59.62767,36.25768],[59.62771,36.25778],[59.62782,36.25775],[59.62785,36.25785]]]}},{"type":"Feature","properties":{},"geometry":{"type":"Polygon","coordinates":[[[59.63119,36.25789],[59.63115,36.25796],[59.63107,36.25802],[59.62898,36.25791],[59.63017,36.25771],[59.63021,36.25784],[59.63119,36.25789]]]}},{"type":"Feature","properties":{},"geometry":{"type":"Polygon","coordinates":[[[59.63425,36.25822],[59.63421,36.25808],[59.63139,36.25792],[59.63153,36.25803],[59.6317,36.25808],[59.63425,36.25822]]]}},{"type":"Feature","properties":{},"geometry":{"type":"Polygon","coordinates":[[[59.65387,36.25491],[59.65391,36.25453],[59.65489,36.2546],[59.65486,36.25498],[59.65387,36.25491]]]}},{"type":"Feature","properties":{},"geometry":{"type":"Polygon","coordinates":[[[59.67411,36.2881],[59.67409,36.28784],[59.6774,36.28728],[59.67743,36.2875],[59.67411,36.2881]]]}},{"type":"Feature","properties":{"name":"بوستان امت"},"geometry":{"type":"Polygon","coordinates":[[[59.64362,36.29188],[59.64551,36.29307],[59.64585,36.29314],[59.64646,36.29255],[59.64628,36.29237],[59.64592,36.29224],[59.64584,36.29218],[59.64572,36.2921],[59.64561,36.29176],[59.64537,36.29178],[59.64516,36.29152],[59.64435,36.29185],[59.64362,36.29188]]]}},{"type":"Feature","properties":{"name":"فضای سبز"},"geometry":{"type":"Polygon","coordinates":[[[59.51098,36.378],[59.51005,36.37754],[59.5101,36.3778],[59.51032,36.37802],[59.51069,36.37815],[59.51085,36.3782],[59.51098,36.378]]]}},{"type":"Feature","properties":{"name":"فضایی سبز"},"geometry":{"type":"Polygon","coordinates":[[[59.51337,36.36994],[59.51343,36.36988],[59.51305,36.36967],[59.51284,36.36957],[59.51261,36.36952],[59.51249,36.36949],[59.5125,36.36961],[59.51273,36.36965],[59.5129,36.36971],[59.51302,36.36976],[59.51337,36.36994]]]}},{"type":"Feature","properties":{"name":"فضای سبز"},"geometry":{"type":"Polygon","coordinates":[[[59.5124,36.36961],[59.51239,36.36949],[59.51214,36.36952],[59.51175,36.36967],[59.51145,36.36994],[59.51126,36.37007],[59.51097,36.37012],[59.51081,36.37005],[59.51047,36.36978],[59.51016,36.36947],[59.51009,36.36955],[59.51028,36.36978],[59.51049,36.36998],[59.51069,36.37012],[59.51087,36.37023],[59.51099,36.37025],[59.51123,36.37025],[59.51136,36.37025],[59.51151,36.37006],[59.51163,36.36993],[59.51174,36.36981],[59.51198,36.36968],[59.51219,36.36961],[59.5124,36.36961]]]}},{"type":"Feature","properties":{"name":"فضای سبز"},"geometry":{"type":"Polygon","coordinates":[[[59.51633,36.36721],[59.51642,36.36691],[59.51612,36.36684],[59.51599,36.36713],[59.51615,36.36717],[59.51633,36.36721]]]}},{"type":"Feature","properties":{},"geometry":{"type":"Polygon","coordinates":[[[59.4991,36.36678],[59.49869,36.36677],[59.4987,36.3665],[59.49839,36.36649],[59.4984,36.3662],[59.49887,36.36621],[59.49886,36.3665],[59.49911,36.36651],[59.4991,36.36678]]]}},{"type":"Feature","properties":{},"geometry":{"type":"Polygon","coordinates":[[[59.47817,36.36933],[59.47842,36.36922],[59.47819,36.36889],[59.47791,36.36897],[59.47817,36.36933]]]}},{"type":"Feature","properties":{"name":"فضای سبز"},"geometry":{"type":"Polygon","coordinates":[[[59.51314,36.36832],[59.51339,36.36766],[59.51279,36.3675],[59.5126,36.36818],[59.51314,36.36832]]]}},{"type":"Feature","properties":{"name":"فضای سبز"},"geometry":{"type":"Polygon","coordinates":[[[59.51134,36.37221],[59.51141,36.37214],[59.51098,36.37186],[59.51082,36.37161],[59.51083,36.37134],[59.51096,36.37113],[59.51117,36.37101],[59.51147,36.3709],[59.51151,36.37084],[59.51139,36.37082],[59.51112,36.37087],[59.51097,36.37095],[59.51079,36.37114],[59.5107,36.37134],[59.51069,36.37154],[59.51075,36.37175],[59.51093,36.37196],[59.51134,36.37221]]]}},{"type":"Feature","properties":{"name":"فضای سبز"},"geometry":{"type":"Polygon","coordinates":[[[59.51083,36.37217],[59.51092,36.37208],[59.51072,36.37194],[59.51058,36.3717],[59.51056,36.37143],[59.51059,36.37121],[59.51075,36.37099],[59.51089,36.3708],[59.51081,36.37057],[59.5107,36.37042],[59.51039,36.37022],[59.51003,36.36988],[59.50987,36.36986],[59.50982,36.36989],[59.51007,36.37014],[59.51034,36.37034],[59.51056,36.37048],[59.51065,36.37063],[59.5107,36.3708],[59.5106,36.37099],[59.51047,36.37121],[59.51049,36.37156],[59.51052,36.37174],[59.51054,36.37188],[59.51064,36.37203],[59.51083,36.37217]]]}},{"type":"Feature","properties":{},"geometry":{"type":"Polygon","coordinates":[[[59.62809,36.34174],[59.62834,36.342],[59.62887,36.34168],[59.62861,36.34141],[59.62809,36.34174]]]}},{"type":"Feature","properties":{},"geometry":{"type":"Polygon","coordinates":[[[59.62901,36.34181],[59.6292,36.342],[59.62904,36.34209],[59.62926,36.34232],[59.62888,36.34256],[59.62848,36.34214],[59.62901,36.34181]]]}},{"type":"Feature","properties":{},"geometry":{"type":"Polygon","coordinates":[[[59.63007,36.34216],[59.63045,36.34191],[59.6303,36.34176],[59.62992,36.34201],[59.63007,36.34216]]]}},{"type":"Feature","properties":{},"geometry":{"type":"Polygon","coordinates":[[[59.62932,36.34163],[59.62949,36.3418],[59.62969,36.34167],[59.62991,36.34188],[59.63023,36.34167],[59.62985,36.34129],[59.62932,36.34163]]]}},{"type":"Feature","properties":{},"geometry":{"type":"Polygon","coordinates":[[[59.62896,36.34122],[59.62919,36.34146],[59.62967,36.34114],[59.62944,36.34091],[59.62896,36.34122]]]}},{"type":"Feature","properties":{},"geometry":{"type":"Polygon","coordinates":[[[59.62897,36.34263],[59.62911,36.34277],[59.62946,36.34253],[59.62932,36.3424],[59.62897,36.34263]]]}},{"type":"Feature","properties":{"name":"میدان امام علی"},"geometry":{"type":"Polygon","coordinates":[[[59.15857,36.48213],[59.15856,36.48215],[59.15855,36.48217],[59.15855,36.4822],[59.15855,36.48222],[59.15857,36.48224],[59.15859,36.48226],[59.15862,36.48228],[59.15866,36.48228],[59.15869,36.48228],[59.15872,36.48227],[59.15875,36.48225],[59.15877,36.48222],[59.15877,36.48219],[59.15877,36.48216],[59.15875,36.48214],[59.15873,36.48212],[59.15869,36.4821],[59.15866,36.4821],[59.15862,36.4821],[59.1586,36.48211],[59.15857,36.48213]]]}},{"type":"Feature","properties":{"name":"باغ۱"},"geometry":{"type":"Polygon","coordinates":[[[59.1567,36.48358],[59.15685,36.48381],[59.15698,36.48393],[59.15712,36.48384],[59.15739,36.48402],[59.15754,36.48387],[59.15765,36.4837],[59.15772,36.48366],[59.1576,36.48346],[59.15735,36.4836],[59.1571,36.48337],[59.15689,36.48349],[59.15698,36.48357],[59.15689,36.48361],[59.15678,36.48348],[59.15668,36.48354],[59.1567,36.48358]]]}},{"type":"Feature","properties":{"name":"باغ های منطقه ۸ آباد"},"geometry":{"type":"Polygon","coordinates":[[[59.15867,36.48562],[59.15846,36.48526],[59.15818,36.48492],[59.15781,36.48446],[59.15805,36.48429],[59.1582,36.48414],[59.15846,36.48399],[59.15861,36.48411],[59.15878,36.48428],[59.15894,36.48428],[59.15909,36.48456],[59.15918,36.48474],[59.15918,36.48497],[59.15914,36.48522],[59.15923,36.48537],[59.15911,36.48548],[59.15906,36.4854],[59.15894,36.48543],[59.15876,36.48552],[59.15867,36.48562]]]}},{"type":"Feature","properties":{"name":"باغ های منطقه جنت آباد"},"geometry":{"type":"Polygon","coordinates":[[[59.16021,36.48621],[59.16072,36.48629],[59.16117,36.48596],[59.16123,36.48581],[59.16097,36.48548],[59.16042,36.48385],[59.1602,36.48395],[59.15947,36.48318],[59.1593,36.48327],[59.15934,36.48342],[59.15892,36.48369],[59.15896,36.48395],[59.15937,36.48459],[59.15927,36.48469],[59.15961,36.48547],[59.16021,36.48621]]]}},{"type":"Feature","properties":{"name":"قبرستان محله پایین"},"geometry":{"type":"Polygon","coordinates":[[[59.16929,36.47802],[59.16985,36.47751],[59.17003,36.47734],[59.17012,36.4771],[59.17015,36.47685],[59.17012,36.47662],[59.16994,36.47622],[59.16992,36.476],[59.17012,36.47566],[59.17031,36.47559],[59.17006,36.47535],[59.16972,36.47531],[59.16945,36.47549],[59.16929,36.47528],[59.16867,36.47546],[59.16899,36.47597],[59.16895,36.47619],[59.16881,36.47637],[59.16872,36.47657],[59.16868,36.47675],[59.1687,36.47698],[59.16868,36.47723],[59.16867,36.47739],[59.16871,36.47751],[59.16876,36.4777],[59.16879,36.47791],[59.16895,36.47806],[59.16909,36.47808],[59.1692,36.47807],[59.16929,36.47802]]]}},{"type":"Feature","properties":{"name":"بوستان کوچک"},"geometry":{"type":"Polygon","coordinates":[[[59.56152,36.29071],[59.56134,36.29104],[59.56134,36.29106],[59.56139,36.29105],[59.56142,36.29105],[59.56146,36.29105],[59.5615,36.29107],[59.5615,36.29109],[59.56148,36.2911],[59.56154,36.29121],[59.56157,36.2912],[59.56152,36.29071]]]}},{"type":"Feature","properties":{"name":"گلخانه"},"geometry":{"type":"Polygon","coordinates":[[[59.49167,36.36512],[59.49179,36.36519],[59.49277,36.36523],[59.49292,36.36456],[59.49182,36.36451],[59.49167,36.36512]]]}},{"type":"Feature","properties":{"name":"بوستان گل سوسن"},"geometry":{"type":"Polygon","coordinates":[[[59.56111,36.28724],[59.56142,36.28729],[59.56145,36.2869],[59.56141,36.28684],[59.56134,36.28686],[59.56111,36.28724]]]}},{"type":"Feature","properties":{"name":"پارک حاشیه ای"},"geometry":{"type":"Polygon","coordinates":[[[59.49724,36.36207],[59.49782,36.36209],[59.49784,36.36204],[59.49759,36.36192],[59.4975,36.36191],[59.49739,36.36193],[59.4973,36.36198],[59.49724,36.36207]]]}},{"type":"Feature","properties":{},"geometry":{"type":"Polygon","coordinates":[[[59.6081,36.23612],[59.60788,36.2366],[59.60911,36.23697],[59.60933,36.2365],[59.6081,36.23612]]]}},{"type":"Feature","properties":{"name":"بوستان گلایل"},"geometry":{"type":"Polygon","coordinates":[[[59.6401,36.33382],[59.64095,36.33471],[59.64105,36.33475],[59.64111,36.33474],[59.64116,36.3347],[59.64137,36.33427],[59.64137,36.33424],[59.64147,36.33392],[59.6423,36.33258],[59.64232,36.33243],[59.6401,36.33382]]]}},{"type":"Feature","properties":{},"geometry":{"type":"Polygon","coordinates":[[[59.51067,36.28582],[59.51047,36.28609],[59.51028,36.28599],[59.51034,36.28592],[59.51009,36.28578],[59.51003,36.28575],[59.50978,36.28571],[59.50991,36.28552],[59.51047,36.2858],[59.51051,36.28574],[59.51067,36.28582]]]}},{"type":"Feature","properties":{},"geometry":{"type":"Polygon","coordinates":[[[59.61381,36.33642],[59.61319,36.33652],[59.61294,36.33658],[59.61274,36.33673],[59.61266,36.33683],[59.61264,36.33692],[59.61264,36.33702],[59.61313,36.33723],[59.61349,36.3371],[59.61391,36.33682],[59.61388,36.33657],[59.61381,36.33642]]]}},{"type":"Feature","properties":{"name":"بوستان ادب"},"geometry":{"type":"Polygon","coordinates":[[[59.58897,36.29636],[59.58876,36.29638],[59.58859,36.2965],[59.58837,36.29635],[59.58933,36.29544],[59.58941,36.29555],[59.58927,36.29562],[59.58916,36.29591],[59.58934,36.29624],[59.58897,36.29636]]]}},{"type":"Feature","properties":{},"geometry":{"type":"Polygon","coordinates":[[[59.46848,36.36431],[59.46867,36.36416],[59.46913,36.36454],[59.46893,36.36469],[59.46848,36.36431]]]}},{"type":"Feature","properties":{},"geometry":{"type":"Polygon","coordinates":[[[59.47597,36.3627],[59.47568,36.36245],[59.47564,36.36236],[59.47564,36.36227],[59.47566,36.36222],[59.47609,36.36198],[59.47597,36.3627]]]}},{"type":"Feature","properties":{},"geometry":{"type":"Polygon","coordinates":[[[59.59164,36.33969],[59.59221,36.33967],[59.59223,36.34026],[59.59208,36.3404],[59.59211,36.34075],[59.5917,36.3408],[59.59144,36.34067],[59.59132,36.3405],[59.59166,36.3403],[59.59164,36.33969]]]}},{"type":"Feature","properties":{"name":"بوستان رز"},"geometry":{"type":"Polygon","coordinates":[[[59.62796,36.33039],[59.62684,36.33048],[59.6252,36.33034],[59.62507,36.3304],[59.62494,36.33055],[59.62497,36.33068],[59.62502,36.33073],[59.62661,36.33079],[59.62751,36.33084],[59.62893,36.33098],[59.62945,36.331],[59.62982,36.33098],[59.63435,36.33001],[59.63429,36.32985],[59.63309,36.32985],[59.63258,36.33018],[59.63122,36.3305],[59.63105,36.3305],[59.63093,36.3304],[59.63052,36.33056],[59.63017,36.33055],[59.63007,36.32976],[59.62926,36.32985],[59.62939,36.3306],[59.62911,36.3307],[59.62819,36.33041],[59.62796,36.33039]]]}},{"type":"Feature","properties":{},"geometry":{"type":"Polygon","coordinates":[[[59.49189,36.34901],[59.49106,36.34899],[59.49105,36.34927],[59.49094,36.34926],[59.49099,36.34806],[59.4911,36.34806],[59.49109,36.34836],[59.49192,36.34838],[59.49191,36.34858],[59.4923,36.34859],[59.49228,36.34892],[59.49189,36.34891],[59.49189,36.34901]]]}},{"type":"Feature","properties":{},"geometry":{"type":"Polygon","coordinates":[[[59.517,36.35117],[59.51692,36.3512],[59.51445,36.35097],[59.51444,36.35095],[59.517,36.35087],[59.517,36.35117]]]}},{"type":"Feature","properties":{"name":"بوستان بانوان وحدت"},"geometry":{"type":"Polygon","coordinates":[[[59.62923,36.28297],[59.62809,36.28202],[59.62734,36.28199],[59.6275,36.28268],[59.62731,36.28275],[59.62755,36.28297],[59.6276,36.28329],[59.62775,36.28347],[59.62793,36.28358],[59.62923,36.28297]]]}},{"type":"Feature","properties":{},"geometry":{"type":"Polygon","coordinates":[[[59.4673,36.36423],[59.46771,36.36456],[59.46819,36.3642],[59.46821,36.36409],[59.46812,36.36398],[59.46786,36.36418],[59.46779,36.36412],[59.46772,36.36418],[59.46749,36.36402],[59.46738,36.36412],[59.46741,36.36415],[59.4673,36.36423]]]}},{"type":"Feature","properties":{"name":"قبرستان گراخک"},"geometry":{"type":"Polygon","coordinates":[[[59.24063,36.4171],[59.241,36.41683],[59.24131,36.41639],[59.24109,36.41619],[59.24044,36.41618],[59.23983,36.41623],[59.23949,36.41667],[59.24003,36.41698],[59.24063,36.4171]]]}},{"type":"Feature","properties":{},"geometry":{"type":"Polygon","coordinates":[[[59.59045,36.32639],[59.59041,36.32641],[59.59036,36.32642],[59.59032,36.32639],[59.59018,36.32614],[59.59032,36.32611],[59.59045,36.32639]]]}},{"type":"Feature","properties":{},"geometry":{"type":"Polygon","coordinates":[[[59.42707,36.17503],[59.42669,36.17479],[59.42666,36.17522],[59.42684,36.1755],[59.42707,36.17503]]]}},{"type":"Feature","properties":{},"geometry":{"type":"Polygon","coordinates":[[[59.49405,36.52743],[59.49335,36.52771],[59.49328,36.52784],[59.49328,36.52792],[59.49333,36.52798],[59.49342,36.528],[59.49356,36.52798],[59.49376,36.52789],[59.49392,36.52782],[59.49402,36.52771],[59.49408,36.52754],[59.49405,36.52743]]]}},{"type":"Feature","properties":{},"geometry":{"type":"Polygon","coordinates":[[[59.64975,36.41915],[59.64915,36.41827],[59.64848,36.41831],[59.64861,36.41913],[59.64897,36.42038],[59.64968,36.42035],[59.64998,36.41975],[59.64987,36.41965],[59.64975,36.41915]]]}},{"type":"Feature","properties":{},"geometry":{"type":"Polygon","coordinates":[[[59.67315,36.40302],[59.67292,36.40267],[59.67318,36.40256],[59.6734,36.40292],[59.67315,36.40302]]]}},{"type":"Feature","properties":{"name":"پارک گنبد"},"geometry":{"type":"Polygon","coordinates":[[[59.67358,36.39921],[59.67324,36.39883],[59.67362,36.39864],[59.67394,36.39903],[59.67358,36.39921]]]}},{"type":"Feature","properties":{},"geometry":{"type":"Polygon","coordinates":[[[59.67133,36.40233],[59.6712,36.40193],[59.67112,36.40191],[59.67098,36.40207],[59.67078,36.40234],[59.67056,36.40273],[59.67041,36.40309],[59.67033,36.40347],[59.67032,36.40383],[59.67032,36.40404],[59.67081,36.40414],[59.67052,36.40372],[59.6706,36.40306],[59.67074,36.40302],[59.67068,36.4029],[59.67082,36.4026],[59.67077,36.4025],[59.67092,36.40245],[59.67093,36.40249],[59.67133,36.40233]]]}},{"type":"Feature","properties":{},"geometry":{"type":"Polygon","coordinates":[[[59.59809,36.2952],[59.59812,36.29513],[59.59829,36.29504],[59.59795,36.29465],[59.59773,36.29477],[59.59761,36.29465],[59.59721,36.2949],[59.59809,36.2952]]]}},{"type":"Feature","properties":{},"geometry":{"type":"Polygon","coordinates":[[[59.58937,36.33069],[59.5891,36.33047],[59.58907,36.33041],[59.5894,36.33038],[59.58952,36.33034],[59.5896,36.33028],[59.58967,36.33019],[59.58969,36.33014],[59.58974,36.33018],[59.58977,36.33023],[59.58979,36.3303],[59.58978,36.33036],[59.58969,36.33057],[59.58965,36.33063],[59.58961,36.33066],[59.58955,36.33069],[59.58951,36.33071],[59.58946,36.33072],[59.58942,36.33071],[59.58937,36.33069]]]}},{"type":"Feature","properties":{},"geometry":{"type":"Polygon","coordinates":[[[59.58936,36.33086],[59.58944,36.33081],[59.58938,36.33077],[59.58928,36.33072],[59.58916,36.33062],[59.58899,36.33048],[59.58891,36.33044],[59.58884,36.33044],[59.58874,36.33045],[59.58874,36.33055],[59.58883,36.33054],[59.58891,36.33055],[59.58898,36.33056],[59.58905,36.3306],[59.58918,36.33069],[59.58928,36.33078],[59.58936,36.33086]]]}},{"type":"Feature","properties":{},"geometry":{"type":"Polygon","coordinates":[[[59.15039,36.47683],[59.15039,36.47686],[59.15037,36.47689],[59.15034,36.47691],[59.15031,36.47692],[59.15028,36.47693],[59.15024,36.47692],[59.15021,36.47691],[59.15018,36.47689],[59.15016,36.47686],[59.15016,36.47683],[59.15017,36.4768],[59.15019,36.47677],[59.15022,36.47675],[59.15026,36.47674],[59.1503,36.47675],[59.15033,36.47676],[59.15036,36.47678],[59.15038,36.4768],[59.15039,36.47683]]]}},{"type":"Feature","properties":{"name":"میدان عفاف"},"geometry":{"type":"Polygon","coordinates":[[[59.51106,36.37066],[59.51103,36.37061],[59.51102,36.37055],[59.51103,36.3705],[59.51107,36.37044],[59.51112,36.37041],[59.51119,36.37038],[59.51126,36.37038],[59.51133,36.3704],[59.51139,36.37043],[59.51143,36.37047],[59.51145,36.37053],[59.51145,36.37058],[59.51143,36.37064],[59.51139,36.37068],[59.51133,36.37072],[59.51126,36.37073],[59.51119,36.37073],[59.51112,36.3707],[59.51106,36.37066]]]}},{"type":"Feature","properties":{},"geometry":{"type":"Polygon","coordinates":[[[59.44271,36.34734],[59.44224,36.34779],[59.44213,36.34731],[59.44239,36.34737],[59.44255,36.34737],[59.44271,36.34734]]]}},{"type":"Feature","properties":{},"geometry":{"type":"Polygon","coordinates":[[[59.29523,36.39804],[59.29504,36.39791],[59.29511,36.3981],[59.29516,36.39806],[59.29523,36.39804]]]}},{"type":"Feature","properties":{},"geometry":{"type":"Polygon","coordinates":[[[59.30932,36.3953],[59.30912,36.39525],[59.30906,36.39522],[59.30905,36.39519],[59.30906,36.39517],[59.3091,36.39517],[59.30915,36.39518],[59.30932,36.3953]]]}},{"type":"Feature","properties":{},"geometry":{"type":"Polygon","coordinates":[[[59.30121,36.4141],[59.3016,36.41439],[59.3017,36.4145],[59.30172,36.41455],[59.30169,36.41458],[59.30164,36.4146],[59.30158,36.41457],[59.30147,36.41445],[59.30121,36.4141]]]}},{"type":"Feature","properties":{},"geometry":{"type":"Polygon","coordinates":[[[59.63684,36.32026],[59.63677,36.32016],[59.6367,36.32011],[59.63655,36.3201],[59.63858,36.31928],[59.63857,36.31935],[59.63684,36.32026]]]}},{"type":"Feature","properties":{},"geometry":{"type":"Polygon","coordinates":[[[59.46946,36.36158],[59.46984,36.36166],[59.47004,36.36104],[59.46963,36.36095],[59.46946,36.36158]]]}},{"type":"Feature","properties":{},"geometry":{"type":"Polygon","coordinates":[[[59.46374,36.36523],[59.46316,36.36566],[59.46233,36.36493],[59.46291,36.3645],[59.46332,36.36486],[59.46333,36.36493],[59.46339,36.365],[59.46345,36.36506],[59.46363,36.36514],[59.46374,36.36523]]]}},{"type":"Feature","properties":{},"geometry":{"type":"Polygon","coordinates":[[[59.63688,36.20109],[59.63684,36.20118],[59.63677,36.20126],[59.63667,36.20131],[59.63655,36.20134],[59.63643,36.20133],[59.63632,36.2013],[59.63623,36.20123],[59.63617,36.20114],[59.63615,36.20104],[59.63617,36.20094],[59.63623,36.20086],[59.63632,36.20079],[59.63643,36.20075],[59.63656,36.20074],[59.63667,36.20077],[59.63677,36.20083],[59.63685,36.2009],[59.63688,36.201],[59.63688,36.20109]]]}},{"type":"Feature","properties":{},"geometry":{"type":"Polygon","coordinates":[[[59.62403,36.19957],[59.62411,36.19953],[59.62422,36.19952],[59.62429,36.19955],[59.62438,36.19959],[59.62437,36.1994],[59.62428,36.19885],[59.62418,36.19823],[59.62401,36.19735],[59.62397,36.19788],[59.624,36.19874],[59.62403,36.19957]]]}},{"type":"Feature","properties":{},"geometry":{"type":"Polygon","coordinates":[[[59.56776,36.32514],[59.56804,36.32513],[59.56807,36.32551],[59.56779,36.32553],[59.56776,36.32514]]]}},{"type":"Feature","properties":{},"geometry":{"type":"Polygon","coordinates":[[[59.53128,36.33777],[59.53136,36.33786],[59.53724,36.3368],[59.53729,36.3367],[59.53128,36.33777]]]}},{"type":"Feature","properties":{},"geometry":{"type":"Polygon","coordinates":[[[59.69133,36.28884],[59.69202,36.28948],[59.69202,36.28981],[59.69196,36.28989],[59.69135,36.29022],[59.69118,36.29021],[59.69113,36.29018],[59.69066,36.28951],[59.69067,36.2894],[59.69072,36.2893],[59.69133,36.28884]]]}},{"type":"Feature","properties":{"name":"قبرستان کریم اباد"},"geometry":{"type":"Polygon","coordinates":[[[59.69499,36.29186],[59.69439,36.29236],[59.69375,36.29138],[59.69344,36.2912],[59.6932,36.29117],[59.69288,36.29105],[59.69226,36.29073],[59.69149,36.29031],[59.69149,36.29025],[59.69198,36.28996],[59.69209,36.28988],[59.69212,36.28979],[59.69209,36.28961],[59.69212,36.28954],[59.69258,36.28996],[59.69286,36.29019],[59.69282,36.29024],[59.69309,36.29037],[59.69338,36.29064],[59.69369,36.29091],[59.69389,36.29103],[59.6942,36.29119],[59.6945,36.29141],[59.69499,36.29186]]]}},{"type":"Feature","properties":{},"geometry":{"type":"Polygon","coordinates":[[[59.6902,36.28431],[59.69054,36.2848],[59.69008,36.28512],[59.68982,36.28505],[59.68958,36.28479],[59.6902,36.28431]]]}},{"type":"Feature","properties":{},"geometry":{"type":"Polygon","coordinates":[[[59.65484,36.25501],[59.65461,36.25499],[59.65458,36.25541],[59.65481,36.25542],[59.65484,36.25501]]]}},{"type":"Feature","properties":{},"geometry":{"type":"Polygon","coordinates":[[[59.47642,36.35379],[59.47685,36.35383],[59.4769,36.35333],[59.47647,36.3533],[59.47642,36.35379]]]}},{"type":"Feature","properties":{},"geometry":{"type":"Polygon","coordinates":[[[59.47244,36.34757],[59.47239,36.3476],[59.47201,36.34756],[59.47175,36.34776],[59.47157,36.34764],[59.47159,36.34761],[59.4716,36.34757],[59.47159,36.34754],[59.47158,36.34751],[59.47155,36.34748],[59.47151,36.34746],[59.47146,36.34746],[59.47142,36.34746],[59.47138,36.34748],[59.4713,36.34749],[59.47152,36.3474],[59.47176,36.34736],[59.472,36.34733],[59.47223,36.34733],[59.47222,36.34738],[59.47255,36.34738],[59.47256,36.34755],[59.47244,36.34757]]]}},{"type":"Feature","properties":{},"geometry":{"type":"Polygon","coordinates":[[[59.47058,36.34842],[59.47003,36.34843],[59.47033,36.34823],[59.4704,36.34823],[59.47062,36.34838],[59.47058,36.34842]]]}},{"type":"Feature","properties":{},"geometry":{"type":"Polygon","coordinates":[[[59.56987,36.3261],[59.57047,36.32566],[59.57123,36.32634],[59.57063,36.32677],[59.56987,36.3261]]]}},{"type":"Feature","properties":{},"geometry":{"type":"Polygon","coordinates":[[[59.63021,36.32466],[59.63006,36.32474],[59.6297,36.32494],[59.62942,36.32513],[59.62906,36.32531],[59.62752,36.32606],[59.62737,36.32616],[59.62704,36.32632],[59.62694,36.32634],[59.62674,36.32644],[59.62692,36.3264],[59.62953,36.32513],[59.62978,36.32499],[59.63,36.32488],[59.63009,36.3248],[59.63021,36.32466]]]}},{"type":"Feature","properties":{},"geometry":{"type":"Polygon","coordinates":[[[59.62558,36.32622],[59.62563,36.32627],[59.62612,36.32605],[59.62623,36.32596],[59.62659,36.32581],[59.62681,36.32573],[59.62708,36.3256],[59.62718,36.32551],[59.62739,36.3254],[59.62738,36.32537],[59.62733,36.32536],[59.62698,36.32555],[59.62598,36.32604],[59.62558,36.32622]]]}},{"type":"Feature","properties":{},"geometry":{"type":"Polygon","coordinates":[[[59.63029,36.32469],[59.63044,36.32456],[59.63072,36.32437],[59.6311,36.32415],[59.63187,36.32362],[59.6324,36.32322],[59.63276,36.32296],[59.63453,36.32209],[59.63458,36.32218],[59.63456,36.32224],[59.63451,36.32228],[59.63444,36.32233],[59.633,36.32302],[59.63228,36.32352],[59.63105,36.32435],[59.63067,36.32454],[59.63023,36.32477],[59.63029,36.32469]]]}},{"type":"Feature","properties":{},"geometry":{"type":"Polygon","coordinates":[[[59.63148,36.32329],[59.63053,36.32387],[59.62974,36.32428],[59.6293,36.32456],[59.6305,36.32406],[59.6311,36.32373],[59.63211,36.32297],[59.63209,36.32296],[59.63195,36.32298],[59.63187,36.32298],[59.63148,36.32329]]]}},{"type":"Feature","properties":{"name":"میدان کوهنورد"},"geometry":{"type":"Polygon","coordinates":[[[59.28678,36.39297],[59.28626,36.39294],[59.28611,36.39293],[59.28598,36.39284],[59.28593,36.39273],[59.28597,36.39261],[59.28606,36.39251],[59.28621,36.39246],[59.28639,36.39243],[59.28647,36.39245],[59.28655,36.39249],[59.28666,36.3926],[59.28681,36.39276],[59.28689,36.39287],[59.28692,36.39293],[59.28678,36.39297]]]}},{"type":"Feature","properties":{},"geometry":{"type":"Polygon","coordinates":[[[59.54763,36.27621],[59.54759,36.27638],[59.54716,36.27631],[59.5472,36.27614],[59.54763,36.27621]]]}},{"type":"Feature","properties":{},"geometry":{"type":"Polygon","coordinates":[[[59.5902,36.30117],[59.58976,36.30031],[59.59045,36.30008],[59.59088,36.30095],[59.5902,36.30117]]]}},{"type":"Feature","properties":{},"geometry":{"type":"Polygon","coordinates":[[[59.49974,36.36748],[59.49972,36.36775],[59.49994,36.36776],[59.49992,36.36805],[59.50059,36.36808],[59.50061,36.36781],[59.50016,36.36779],[59.50017,36.36749],[59.49974,36.36748]]]}},{"type":"Feature","properties":{},"geometry":{"type":"Polygon","coordinates":[[[59.51276,36.29178],[59.51255,36.2916],[59.51279,36.29139],[59.51278,36.29106],[59.51231,36.28953],[59.51198,36.28967],[59.51203,36.28958],[59.51266,36.28929],[59.51279,36.2893],[59.51289,36.28924],[59.51296,36.28931],[59.51275,36.28946],[59.51277,36.28972],[59.51301,36.29015],[59.51316,36.29054],[59.51328,36.29099],[59.51332,36.29128],[59.5133,36.29146],[59.51285,36.29178],[59.51276,36.29178]]]}},{"type":"Feature","properties":{},"geometry":{"type":"Polygon","coordinates":[[[59.51218,36.28892],[59.51214,36.28879],[59.51097,36.28833],[59.51105,36.28823],[59.51112,36.28818],[59.51183,36.28847],[59.51185,36.2885],[59.51211,36.28862],[59.51228,36.28862],[59.51246,36.28867],[59.5125,36.28873],[59.51251,36.28879],[59.51248,36.28886],[59.5122,36.28899],[59.51218,36.28892]]]}},{"type":"Feature","properties":{},"geometry":{"type":"Polygon","coordinates":[[[59.55409,36.27682],[59.55377,36.2769],[59.55267,36.27721],[59.55111,36.27669],[59.55118,36.27668],[59.55254,36.27674],[59.55307,36.27677],[59.55409,36.27682]]]}},{"type":"Feature","properties":{},"geometry":{"type":"Polygon","coordinates":[[[59.60953,36.23046],[59.60914,36.23044],[59.60901,36.23041],[59.60896,36.23041],[59.60868,36.23032],[59.60875,36.2302],[59.60953,36.23046]]]}},{"type":"Feature","properties":{},"geometry":{"type":"Polygon","coordinates":[[[59.61102,36.23107],[59.61071,36.23083],[59.6098,36.23054],[59.60943,36.23054],[59.6095,36.23059],[59.61102,36.23107]]]}},{"type":"Feature","properties":{},"geometry":{"type":"Polygon","coordinates":[[[59.61103,36.23094],[59.61107,36.23103],[59.61128,36.23117],[59.6116,36.23126],[59.61166,36.23114],[59.61103,36.23094]]]}},{"type":"Feature","properties":{},"geometry":{"type":"Polygon","coordinates":[[[59.61411,36.23189],[59.6126,36.2314],[59.61274,36.23156],[59.61308,36.23167],[59.61315,36.23172],[59.61329,36.23176],[59.61337,36.23176],[59.61388,36.23192],[59.61402,36.23192],[59.61411,36.23189]]]}},{"type":"Feature","properties":{},"geometry":{"type":"Polygon","coordinates":[[[59.61602,36.23263],[59.61607,36.23251],[59.61447,36.232],[59.61461,36.23213],[59.61476,36.23223],[59.61491,36.23229],[59.61505,36.23229],[59.61528,36.23236],[59.61536,36.23243],[59.61602,36.23263]]]}},{"type":"Feature","properties":{},"geometry":{"type":"Polygon","coordinates":[[[59.61793,36.23324],[59.61797,36.23313],[59.61622,36.23257],[59.61616,36.23267],[59.6172,36.23302],[59.61729,36.23302],[59.61756,36.23309],[59.6176,36.23314],[59.61793,36.23324]]]}},{"type":"Feature","properties":{},"geometry":{"type":"Polygon","coordinates":[[[59.61322,36.23225],[59.6123,36.23194],[59.61248,36.2319],[59.61266,36.2319],[59.61331,36.23211],[59.61322,36.23225]]]}},{"type":"Feature","properties":{},"geometry":{"type":"Polygon","coordinates":[[[59.6139,36.23246],[59.61339,36.2323],[59.61347,36.23216],[59.61374,36.23225],[59.61383,36.23233],[59.6139,36.23246]]]}},{"type":"Feature","properties":{},"geometry":{"type":"Polygon","coordinates":[[[59.61004,36.23124],[59.61011,36.23115],[59.61015,36.23113],[59.61054,36.23122],[59.61063,36.23129],[59.61088,36.23137],[59.61098,36.23136],[59.6114,36.2315],[59.61151,36.23158],[59.61145,36.2317],[59.61004,36.23124]]]}},{"type":"Feature","properties":{},"geometry":{"type":"Polygon","coordinates":[[[59.60845,36.23074],[59.60851,36.23059],[59.60885,36.23069],[59.60892,36.23074],[59.60917,36.23082],[59.60929,36.23082],[59.60969,36.23096],[59.60989,36.23105],[59.60991,36.23109],[59.60987,36.23118],[59.60845,36.23074]]]}},{"type":"Feature","properties":{},"geometry":{"type":"Polygon","coordinates":[[[59.6074,36.2299],[59.60718,36.22982],[59.60708,36.22982],[59.60647,36.22963],[59.60645,36.22961],[59.60651,36.2295],[59.60786,36.22993],[59.60779,36.23004],[59.60749,36.22996],[59.6074,36.2299]]]}},{"type":"Feature","properties":{},"geometry":{"type":"Polygon","coordinates":[[[59.61777,36.23366],[59.61792,36.23364],[59.61784,36.23356],[59.61776,36.23351],[59.6176,36.23345],[59.61748,36.23345],[59.61723,36.23337],[59.61714,36.23331],[59.61704,36.23328],[59.6169,36.23326],[59.61653,36.23315],[59.6164,36.23307],[59.61524,36.23269],[59.61512,36.23269],[59.61486,36.23261],[59.61481,36.23257],[59.6145,36.23247],[59.61438,36.23246],[59.61427,36.23249],[59.61419,36.23252],[59.61777,36.23366]]]}},{"type":"Feature","properties":{},"geometry":{"type":"Polygon","coordinates":[[[59.61861,36.23263],[59.61859,36.23119],[59.61895,36.2313],[59.61861,36.23263]]]}},{"type":"Feature","properties":{},"geometry":{"type":"Polygon","coordinates":[[[59.62185,36.23451],[59.62183,36.23446],[59.62177,36.23441],[59.62131,36.23433],[59.62121,36.23435],[59.62098,36.23432],[59.62092,36.23427],[59.61948,36.234],[59.61939,36.23402],[59.61911,36.23397],[59.61905,36.23392],[59.61869,36.23387],[59.61857,36.23386],[59.61843,36.23388],[59.61843,36.23391],[59.62185,36.23451]]]}},{"type":"Feature","properties":{},"geometry":{"type":"Polygon","coordinates":[[[59.62289,36.23385],[59.62268,36.23416],[59.6221,36.23419],[59.62187,36.23416],[59.62089,36.23399],[59.62075,36.23393],[59.62037,36.23387],[59.62026,36.23388],[59.61983,36.2338],[59.61976,36.23375],[59.61955,36.23371],[59.61943,36.23372],[59.61901,36.23363],[59.61886,36.23357],[59.61876,36.23348],[59.61869,36.23332],[59.622,36.23385],[59.62289,36.23385]]]}},{"type":"Feature","properties":{},"geometry":{"type":"Polygon","coordinates":[[[59.60989,36.23667],[59.61016,36.23619],[59.61041,36.23597],[59.61087,36.23596],[59.61141,36.23614],[59.61196,36.23651],[59.61182,36.23663],[59.61107,36.23704],[59.61074,36.23659],[59.61041,36.23629],[59.61024,36.23642],[59.61028,36.23646],[59.60994,36.23672],[59.60989,36.23667]]]}},{"type":"Feature","properties":{"name":"بوستان امید"},"geometry":{"type":"Polygon","coordinates":[[[59.69297,36.2649],[59.69211,36.26488],[59.69174,36.26577],[59.69205,36.26627],[59.69178,36.26639],[59.69158,36.26604],[59.69146,36.26609],[59.6913,36.26584],[59.69114,36.26591],[59.69086,36.26605],[59.69116,36.26505],[59.6912,36.26492],[59.69106,36.26479],[59.69024,36.26478],[59.68782,36.26413],[59.68762,36.26381],[59.68764,36.26376],[59.68863,36.26329],[59.68893,36.26373],[59.69048,36.26309],[59.69109,36.26409],[59.6919,36.26375],[59.69222,36.26361],[59.69274,36.2645],[59.69297,36.2649]]]}},{"type":"Feature","properties":{},"geometry":{"type":"Polygon","coordinates":[[[59.59748,36.29907],[59.59753,36.29902],[59.5976,36.299],[59.59767,36.29899],[59.59774,36.299],[59.5978,36.29903],[59.59785,36.29908],[59.59787,36.29913],[59.59788,36.29919],[59.59786,36.29924],[59.59781,36.29929],[59.59775,36.29932],[59.59769,36.29934],[59.59761,36.29934],[59.59755,36.29932],[59.59749,36.29928],[59.59746,36.29923],[59.59744,36.29918],[59.59745,36.29912],[59.59748,36.29907]]]}},{"type":"Feature","properties":{},"geometry":{"type":"Polygon","coordinates":[[[59.59843,36.2549],[59.59846,36.25485],[59.59851,36.2548],[59.59865,36.25472],[59.59874,36.25471],[59.59905,36.25458],[59.59915,36.25451],[59.59929,36.25471],[59.599,36.25485],[59.59843,36.2549]]]}},{"type":"Feature","properties":{},"geometry":{"type":"Polygon","coordinates":[[[59.49403,36.35239],[59.49406,36.35244],[59.49402,36.35333],[59.49375,36.35333],[59.4936,36.3532],[59.4931,36.35322],[59.49301,36.35328],[59.493,36.35339],[59.49203,36.3535],[59.49135,36.35346],[59.49137,36.35249],[59.49149,36.35235],[59.49246,36.35237],[59.49245,36.35277],[59.49282,36.35277],[59.49309,36.35262],[59.4931,36.3524],[59.49314,36.35238],[59.49403,36.35239]]]}},{"type":"Feature","properties":{"name":"آرامستان زشک"},"geometry":{"type":"Polygon","coordinates":[[[59.19631,36.33808],[59.19668,36.33797],[59.19694,36.33778],[59.19699,36.33758],[59.1971,36.3372],[59.19649,36.33705],[59.19633,36.3374],[59.19604,36.33753],[59.19592,36.33786],[59.19631,36.33808]]]}},{"type":"Feature","properties":{},"geometry":{"type":"Polygon","coordinates":[[[59.17465,36.58418],[59.17614,36.58446],[59.17631,36.58388],[59.17587,36.5838],[59.17602,36.58329],[59.17619,36.58332],[59.17632,36.58287],[59.17615,36.58284],[59.17642,36.58188],[59.17661,36.58191],[59.17674,36.58147],[59.17655,36.58143],[59.17685,36.58039],[59.17624,36.58027],[59.17594,36.58132],[59.17579,36.58129],[59.17567,36.58174],[59.17581,36.58176],[59.17553,36.58272],[59.17539,36.5827],[59.17526,36.58315],[59.1754,36.58318],[59.17526,36.58368],[59.17481,36.5836],[59.17465,36.58418]]]}},{"type":"Feature","properties":{"name":"پارک لاله"},"geometry":{"type":"Polygon","coordinates":[[[59.69089,36.31583],[59.69154,36.31489],[59.68975,36.31283],[59.68903,36.31387],[59.6894,36.31408],[59.68983,36.31441],[59.6902,36.31478],[59.6905,36.31516],[59.69089,36.31583]]]}},{"type":"Feature","properties":{},"geometry":{"type":"Polygon","coordinates":[[[59.66666,36.31678],[59.66607,36.31643],[59.66547,36.3175],[59.6659,36.31773],[59.66666,36.31678]]]}},{"type":"Feature","properties":{},"geometry":{"type":"Polygon","coordinates":[[[59.66757,36.31873],[59.66814,36.31939],[59.66825,36.31942],[59.66918,36.31921],[59.66785,36.31841],[59.66757,36.31873]]]}},{"type":"Feature","properties":{},"geometry":{"type":"Polygon","coordinates":[[[59.66509,36.32579],[59.6653,36.32561],[59.66611,36.32635],[59.66685,36.32682],[59.66669,36.327],[59.66595,36.32651],[59.6655,36.32614],[59.66509,36.32579]]]}},{"type":"Feature","properties":{},"geometry":{"type":"Polygon","coordinates":[[[59.66949,36.32876],[59.66815,36.32795],[59.66682,36.32709],[59.66684,36.32696],[59.66691,36.32689],[59.66753,36.32731],[59.66827,36.32776],[59.66929,36.32832],[59.66973,36.32852],[59.66949,36.32876]]]}},{"type":"Feature","properties":{},"geometry":{"type":"Polygon","coordinates":[[[59.23756,36.33243],[59.2373,36.33239],[59.23717,36.33231],[59.23723,36.33226],[59.23698,36.33206],[59.23681,36.33209],[59.23671,36.33204],[59.23678,36.33192],[59.23732,36.33135],[59.23745,36.33101],[59.2372,36.33089],[59.23711,36.33096],[59.23702,36.33086],[59.2374,36.33008],[59.23776,36.33021],[59.23769,36.33055],[59.23782,36.33065],[59.23775,36.33098],[59.23799,36.33113],[59.23782,36.33147],[59.23759,36.33131],[59.23742,36.33185],[59.23766,36.33197],[59.23768,36.33237],[59.23756,36.33243]]]}},{"type":"Feature","properties":{},"geometry":{"type":"Polygon","coordinates":[[[59.2356,36.33104],[59.23588,36.33111],[59.23614,36.3311],[59.23667,36.3313],[59.23722,36.33113],[59.2371,36.33106],[59.23689,36.33112],[59.23695,36.33091],[59.23667,36.33091],[59.23675,36.33084],[59.2367,36.33057],[59.23659,36.33065],[59.23637,36.33066],[59.23632,36.33058],[59.23612,36.33061],[59.23601,36.33071],[59.23571,36.33078],[59.23545,36.33076],[59.23524,36.33083],[59.2353,36.33091],[59.23554,36.33082],[59.23562,36.33081],[59.23565,36.33091],[59.2356,36.33104]]]}},{"type":"Feature","properties":{},"geometry":{"type":"Polygon","coordinates":[[[59.26795,36.38975],[59.26787,36.38974],[59.2678,36.38971],[59.26774,36.38968],[59.26768,36.38964],[59.26763,36.38958],[59.26759,36.38953],[59.26758,36.38947],[59.26759,36.38942],[59.26763,36.38938],[59.26769,36.38935],[59.26778,36.38935],[59.26786,36.38938],[59.26795,36.38943],[59.268,36.38947],[59.26804,36.38952],[59.26806,36.38956],[59.26807,36.38962],[59.26807,36.38968],[59.26803,36.38972],[59.26799,36.38974],[59.26795,36.38975]]]}},{"type":"Feature","properties":{},"geometry":{"type":"Polygon","coordinates":[[[59.33358,36.4018],[59.33368,36.40182],[59.33382,36.40181],[59.33388,36.40177],[59.33394,36.4017],[59.33396,36.40159],[59.33393,36.40149],[59.33384,36.40139],[59.33367,36.40128],[59.33352,36.40124],[59.33337,36.40123],[59.33329,36.40125],[59.33322,36.4013],[59.33319,36.40137],[59.33319,36.40147],[59.33324,36.40156],[59.33332,36.40165],[59.33343,36.40174],[59.3335,36.40177],[59.33358,36.4018]]]}},{"type":"Feature","properties":{},"geometry":{"type":"Polygon","coordinates":[[[59.63968,36.36689],[59.63965,36.36638],[59.63907,36.3664],[59.63895,36.36661],[59.63844,36.36637],[59.63814,36.36667],[59.63855,36.36726],[59.63878,36.36712],[59.63919,36.36733],[59.63968,36.36689]]]}},{"type":"Feature","properties":{"name":"آرامستان شایه"},"geometry":{"type":"Polygon","coordinates":[[[59.63836,36.38546],[59.63764,36.3854],[59.6376,36.38523],[59.63822,36.38507],[59.63836,36.38546]]]}},{"type":"Feature","properties":{},"geometry":{"type":"Polygon","coordinates":[[[59.41576,36.31939],[59.41334,36.31826],[59.41153,36.31732],[59.41066,36.31659],[59.41118,36.31614],[59.4119,36.31672],[59.41321,36.31724],[59.41344,36.31714],[59.41382,36.31755],[59.41408,36.3171],[59.41467,36.31752],[59.41532,36.3175],[59.41537,36.3177],[59.41582,36.31784],[59.41599,36.31783],[59.41613,36.31801],[59.41616,36.31816],[59.4167,36.31832],[59.41711,36.31834],[59.41755,36.31868],[59.41799,36.31922],[59.41811,36.31992],[59.41822,36.31999],[59.41807,36.32065],[59.41901,36.3209],[59.41945,36.32104],[59.41983,36.32108],[59.4201,36.32068],[59.42041,36.32038],[59.42081,36.3202],[59.42154,36.32008],[59.4217,36.32013],[59.42172,36.32024],[59.42145,36.32084],[59.42104,36.32116],[59.42076,36.32146],[59.42035,36.32162],[59.42023,36.32186],[59.41985,36.32214],[59.41945,36.32227],[59.41886,36.32197],[59.41792,36.32179],[59.41701,36.32101],[59.41648,36.32032],[59.41622,36.32009],[59.41584,36.31965],[59.41576,36.31939]]]}},{"type":"Feature","properties":{},"geometry":{"type":"Polygon","coordinates":[[[59.45017,36.42805],[59.44977,36.42777],[59.45029,36.42729],[59.45069,36.42757],[59.45017,36.42805]]]}},{"type":"Feature","properties":{},"geometry":{"type":"Polygon","coordinates":[[[59.45076,36.42847],[59.45027,36.42813],[59.45082,36.42761],[59.45131,36.42795],[59.45076,36.42847]]]}},{"type":"Feature","properties":{},"geometry":{"type":"Polygon","coordinates":[[[59.452,36.42834],[59.45166,36.42811],[59.4521,36.4277],[59.45244,36.42793],[59.452,36.42834]]]}},{"type":"Feature","properties":{},"geometry":{"type":"Polygon","coordinates":[[[59.53046,36.29057],[59.53045,36.29049],[59.53049,36.29041],[59.53229,36.28947],[59.53239,36.28945],[59.53263,36.28933],[59.53269,36.28925],[59.53282,36.28919],[59.53295,36.28916],[59.53326,36.289],[59.53337,36.28891],[59.53408,36.28853],[59.53434,36.28852],[59.53447,36.28852],[59.53456,36.28853],[59.53455,36.28858],[59.53426,36.28854],[59.53332,36.28902],[59.53336,36.28906],[59.53293,36.28929],[59.53302,36.28942],[59.53281,36.28956],[59.53269,36.28969],[59.53259,36.28956],[59.53258,36.28952],[59.53251,36.28949],[59.53242,36.28951],[59.53046,36.29057]]]}},{"type":"Feature","properties":{"name":"بوستان وفا"},"geometry":{"type":"Polygon","coordinates":[[[59.52943,36.29564],[59.52917,36.2956],[59.52907,36.29545],[59.52919,36.29533],[59.5288,36.29504],[59.52876,36.29488],[59.52845,36.29468],[59.52831,36.2948],[59.52811,36.29465],[59.52797,36.29478],[59.52766,36.29459],[59.52759,36.29448],[59.52762,36.2944],[59.52776,36.29422],[59.52779,36.29413],[59.5278,36.29399],[59.52768,36.29374],[59.5276,36.2936],[59.52745,36.29347],[59.52762,36.29327],[59.52728,36.29306],[59.52736,36.29296],[59.52729,36.29291],[59.52736,36.29281],[59.528,36.29316],[59.52866,36.29291],[59.52919,36.2928],[59.52942,36.29245],[59.52961,36.29247],[59.5312,36.29169],[59.53291,36.29352],[59.52953,36.2955],[59.52957,36.29554],[59.52943,36.29564]]]}},{"type":"Feature","properties":{},"geometry":{"type":"Polygon","coordinates":[[[59.6399,36.32006],[59.63988,36.31999],[59.63981,36.31966],[59.63967,36.31973],[59.63963,36.31977],[59.63963,36.31981],[59.63967,36.31987],[59.63972,36.31991],[59.63974,36.31993],[59.63978,36.31995],[59.6399,36.32006]]]}},{"type":"Feature","properties":{},"geometry":{"type":"Polygon","coordinates":[[[59.63481,36.322],[59.63477,36.32205],[59.63474,36.32218],[59.63476,36.32222],[59.63481,36.3223],[59.63515,36.32221],[59.63519,36.32215],[59.63507,36.32192],[59.63481,36.32207],[59.63481,36.322]]]}},{"type":"Feature","properties":{},"geometry":{"type":"Polygon","coordinates":[[[59.63715,36.32093],[59.63507,36.32192],[59.63481,36.32207],[59.63481,36.322],[59.63495,36.32187],[59.63536,36.32168],[59.63713,36.32092],[59.63715,36.32093]]]}},{"type":"Feature","properties":{},"geometry":{"type":"Polygon","coordinates":[[[59.63915,36.31991],[59.63751,36.32079],[59.63747,36.32075],[59.63771,36.32058],[59.63804,36.32039],[59.63846,36.32021],[59.63898,36.31993],[59.63906,36.31991],[59.63915,36.31991]]]}},{"type":"Feature","properties":{},"geometry":{"type":"Polygon","coordinates":[[[59.64489,36.31613],[59.64636,36.31539],[59.64689,36.31524],[59.64638,36.31552],[59.6458,36.31582],[59.64568,36.31585],[59.64526,36.31605],[59.64522,36.31613],[59.64502,36.31623],[59.64489,36.31613]]]}},{"type":"Feature","properties":{},"geometry":{"type":"Polygon","coordinates":[[[59.64286,36.3179],[59.64576,36.31647],[59.64667,36.31602],[59.64693,36.31569],[59.64686,36.31567],[59.646,36.31615],[59.64588,36.31625],[59.64563,36.31638],[59.64546,36.31643],[59.64423,36.31707],[59.64338,36.31756],[59.64284,36.31787],[59.64286,36.3179]]]}},{"type":"Feature","properties":{},"geometry":{"type":"Polygon","coordinates":[[[59.65186,36.31279],[59.65233,36.31248],[59.65435,36.31127],[59.65423,36.31147],[59.65409,36.31176],[59.65397,36.31198],[59.65384,36.31211],[59.65371,36.31221],[59.65341,36.31236],[59.65274,36.31262],[59.6523,36.31278],[59.65215,36.31281],[59.65205,36.31282],[59.65197,36.31282],[59.65191,36.31281],[59.65186,36.31279]]]}},{"type":"Feature","properties":{},"geometry":{"type":"Polygon","coordinates":[[[59.65165,36.31234],[59.65166,36.31228],[59.65169,36.31222],[59.65178,36.3121],[59.65251,36.3114],[59.65273,36.31121],[59.65291,36.31103],[59.65275,36.31128],[59.65261,36.31159],[59.65251,36.31176],[59.65242,36.31187],[59.65199,36.31214],[59.65165,36.31234]]]}},{"type":"Feature","properties":{},"geometry":{"type":"Polygon","coordinates":[[[59.65262,36.3118],[59.65512,36.31034],[59.65507,36.31031],[59.65502,36.31029],[59.65492,36.31029],[59.65474,36.31031],[59.65448,36.31042],[59.65326,36.31089],[59.65311,36.31098],[59.65302,36.31105],[59.65296,36.31112],[59.65285,36.3113],[59.65262,36.3118]]]}},{"type":"Feature","properties":{},"geometry":{"type":"Polygon","coordinates":[[[59.65403,36.31205],[59.65525,36.31097],[59.65535,36.31085],[59.65538,36.31079],[59.65537,36.31075],[59.65536,36.31072],[59.65472,36.31109],[59.65454,36.31122],[59.65444,36.31132],[59.65434,36.3115],[59.65416,36.31184],[59.65403,36.31205]]]}},{"type":"Feature","properties":{},"geometry":{"type":"Polygon","coordinates":[[[59.65486,36.31218],[59.65477,36.31213],[59.65471,36.31207],[59.65469,36.31201],[59.65467,36.31193],[59.65467,36.31186],[59.65469,36.31179],[59.65475,36.31171],[59.65584,36.31077],[59.65666,36.31003],[59.6576,36.30938],[59.65811,36.30906],[59.65851,36.3088],[59.65867,36.30877],[59.65902,36.30857],[59.65905,36.30862],[59.65769,36.30944],[59.65669,36.31015],[59.65621,36.31057],[59.65539,36.3113],[59.65492,36.31173],[59.65485,36.31181],[59.65481,36.31191],[59.6548,36.31197],[59.65484,36.31205],[59.65488,36.31216],[59.65486,36.31218]]]}},{"type":"Feature","properties":{},"geometry":{"type":"Polygon","coordinates":[[[59.65688,36.30976],[59.65645,36.31009],[59.65549,36.31093],[59.65554,36.31085],[59.65557,36.31078],[59.65559,36.31069],[59.65559,36.31062],[59.65557,36.31058],[59.65688,36.30976]]]}},{"type":"Feature","properties":{},"geometry":{"type":"Polygon","coordinates":[[[59.65493,36.31014],[59.65512,36.31016],[59.65521,36.31019],[59.65529,36.31023],[59.65654,36.30954],[59.65603,36.30974],[59.65554,36.30992],[59.65521,36.31004],[59.65493,36.31014]]]}},{"type":"Feature","properties":{},"geometry":{"type":"Polygon","coordinates":[[[59.65225,36.31295],[59.65031,36.31367],[59.65131,36.31308],[59.65171,36.31286],[59.65176,36.31291],[59.65183,36.31295],[59.65193,36.31297],[59.65205,36.31298],[59.65213,36.31297],[59.65225,36.31295]]]}},{"type":"Feature","properties":{},"geometry":{"type":"Polygon","coordinates":[[[59.65033,36.31321],[59.6509,36.31285],[59.65145,36.31247],[59.65143,36.31243],[59.65143,36.31237],[59.65146,36.31226],[59.65083,36.31282],[59.65033,36.31321]]]}},{"type":"Feature","properties":{},"geometry":{"type":"Polygon","coordinates":[[[59.56546,36.34864],[59.56567,36.34867],[59.5659,36.3487],[59.56609,36.34872],[59.56621,36.34871],[59.5663,36.34867],[59.56529,36.34831],[59.56522,36.34846],[59.56545,36.34853],[59.56548,36.34858],[59.56546,36.34864]]]}},{"type":"Feature","properties":{},"geometry":{"type":"Polygon","coordinates":[[[59.56516,36.34843],[59.56522,36.34829],[59.5649,36.3482],[59.5644,36.34808],[59.56444,36.34813],[59.56448,36.34817],[59.56455,36.34823],[59.56462,36.34827],[59.56467,36.34824],[59.56475,36.34824],[59.56516,36.34843]]]}},{"type":"Feature","properties":{},"geometry":{"type":"Polygon","coordinates":[[[59.56467,36.3483],[59.56484,36.3484],[59.565,36.34848],[59.56522,36.34857],[59.56542,36.34862],[59.5654,36.34857],[59.56535,36.34855],[59.56507,36.34845],[59.56479,36.34831],[59.56475,36.34829],[59.5647,36.34829],[59.56467,36.3483]]]}},{"type":"Feature","properties":{},"geometry":{"type":"Polygon","coordinates":[[[59.56644,36.34829],[59.56549,36.34796],[59.56557,36.34782],[59.56569,36.34785],[59.56591,36.34798],[59.56613,36.34811],[59.56618,36.34811],[59.56625,36.34807],[59.56636,36.34817],[59.56641,36.34823],[59.56644,36.34829]]]}},{"type":"Feature","properties":{},"geometry":{"type":"Polygon","coordinates":[[[59.56542,36.34794],[59.56493,36.3478],[59.56447,36.3477],[59.5646,36.34764],[59.56472,36.34762],[59.56488,36.34761],[59.56505,36.34762],[59.56517,36.34763],[59.56516,36.34769],[59.56522,36.34774],[59.56539,36.34777],[59.56551,36.34781],[59.56542,36.34794]]]}},{"type":"Feature","properties":{},"geometry":{"type":"Polygon","coordinates":[[[59.56623,36.34802],[59.56601,36.34787],[59.56594,36.34783],[59.5658,36.34775],[59.56555,36.34768],[59.56526,36.34762],[59.56525,36.34766],[59.56527,36.34769],[59.56555,36.34775],[59.56575,36.34783],[59.56607,36.34801],[59.56615,36.34805],[59.56619,36.34805],[59.56623,36.34802]]]}},{"type":"Feature","properties":{},"geometry":{"type":"Polygon","coordinates":[[[59.50818,36.31416],[59.50789,36.31355],[59.50787,36.31349],[59.50893,36.31317],[59.50907,36.31391],[59.50818,36.31416]]]}},{"type":"Feature","properties":{"name":"مجموعه بوستان"},"geometry":{"type":"Polygon","coordinates":[[[59.27323,36.48925],[59.27118,36.49133],[59.26917,36.49395],[59.26025,36.48779],[59.25541,36.48446],[59.25504,36.4842],[59.2596,36.48033],[59.2614,36.48126],[59.26281,36.48221],[59.27323,36.48925]]]}},{"type":"Feature","properties":{"name":"مجموعه گلستان"},"geometry":{"type":"Polygon","coordinates":[[[59.24181,36.5085],[59.24337,36.50751],[59.24889,36.50563],[59.24841,36.50482],[59.25075,36.50349],[59.2475,36.49858],[59.247,36.49709],[59.24728,36.49602],[59.24608,36.49388],[59.24454,36.49159],[59.24109,36.4924],[59.24006,36.49251],[59.23753,36.49155],[59.23771,36.49276],[59.23717,36.49299],[59.23726,36.49343],[59.2378,36.49334],[59.23963,36.49639],[59.24109,36.49598],[59.24262,36.49896],[59.23832,36.50039],[59.24181,36.5085]]]}},{"type":"Feature","properties":{},"geometry":{"type":"Polygon","coordinates":[[[59.13614,36.48362],[59.13631,36.48358],[59.13624,36.48333],[59.13603,36.4834],[59.13614,36.48362]]]}},{"type":"Feature","properties":{},"geometry":{"type":"Polygon","coordinates":[[[59.64305,36.33141],[59.64265,36.33125],[59.64208,36.33097],[59.64219,36.33099],[59.64232,36.33101],[59.64242,36.33099],[59.64245,36.33094],[59.64247,36.33089],[59.64246,36.33079],[59.64239,36.33063],[59.64236,36.33051],[59.64238,36.33044],[59.64244,36.33039],[59.64249,36.33032],[59.64283,36.33061],[59.64351,36.33013],[59.64348,36.33011],[59.64317,36.32984],[59.64253,36.33029],[59.64253,36.33026],[59.64282,36.32997],[59.64286,36.32987],[59.64287,36.3298],[59.64287,36.32977],[59.64313,36.32961],[59.64326,36.32957],[59.64334,36.32956],[59.64345,36.32956],[59.64355,36.32956],[59.64363,36.32953],[59.64367,36.32953],[59.6441,36.32992],[59.64406,36.32993],[59.64397,36.3299],[59.64392,36.3299],[59.64385,36.32991],[59.64378,36.32994],[59.64375,36.32998],[59.64373,36.33002],[59.64373,36.33007],[59.64374,36.33012],[59.64378,36.33019],[59.64382,36.33025],[59.64383,36.33028],[59.64391,36.33034],[59.64397,36.33037],[59.64406,36.33037],[59.6441,36.33037],[59.64409,36.33041],[59.6439,36.33055],[59.64336,36.33096],[59.64349,36.33107],[59.64355,36.33114],[59.64314,36.3314],[59.64309,36.33122],[59.64308,36.3312],[59.6431,36.33119],[59.64319,36.33114],[59.64323,36.33109],[59.64325,36.33107],[59.64327,36.33099],[59.64326,36.3309],[59.64321,36.33083],[59.64313,36.33077],[59.64304,36.33073],[59.64294,36.33073],[59.64285,36.33074],[59.64277,36.33078],[59.6427,36.33084],[59.64267,36.33091],[59.64266,36.33097],[59.64266,36.33099],[59.64268,36.33107],[59.64273,36.33113],[59.64281,36.33118],[59.6429,36.33121],[59.643,36.33122],[59.64305,36.33141]]]}},{"type":"Feature","properties":{},"geometry":{"type":"Polygon","coordinates":[[[59.64441,36.32848],[59.64468,36.32876],[59.64413,36.32916],[59.64374,36.32944],[59.64368,36.32944],[59.64362,36.32945],[59.64358,36.32947],[59.64353,36.32949],[59.64347,36.32951],[59.64342,36.32951],[59.64327,36.3295],[59.64318,36.32953],[59.64308,36.32958],[59.64284,36.32972],[59.64282,36.32969],[59.64279,36.32965],[59.64296,36.32953],[59.64351,36.32913],[59.64441,36.32848]]]}},{"type":"Feature","properties":{},"geometry":{"type":"Polygon","coordinates":[[[59.57613,36.34911],[59.57598,36.34926],[59.57623,36.3493],[59.57638,36.34927],[59.57642,36.34922],[59.57642,36.34911],[59.57613,36.34911]]]}},{"type":"Feature","properties":{},"geometry":{"type":"Polygon","coordinates":[[[59.62481,36.23475],[59.62496,36.23478],[59.62485,36.23505],[59.62458,36.23637],[59.62416,36.23637],[59.62398,36.23644],[59.62396,36.23643],[59.62481,36.23475]]]}},{"type":"Feature","properties":{},"geometry":{"type":"Polygon","coordinates":[[[59.47621,36.38712],[59.47537,36.38696],[59.47609,36.38647],[59.47621,36.38712]]]}},{"type":"Feature","properties":{"name":"پارک جنگلی سوران"},"geometry":{"type":"Polygon","coordinates":[[[59.4157,36.44808],[59.42293,36.45373],[59.42418,36.45266],[59.42415,36.45248],[59.41708,36.44696],[59.4157,36.44808]]]}},{"type":"Feature","properties":{},"geometry":{"type":"Polygon","coordinates":[[[59.12703,36.20421],[59.128,36.20435],[59.12793,36.20373],[59.12725,36.20336],[59.12695,36.20355],[59.1267,36.20334],[59.12704,36.20309],[59.12649,36.20286],[59.12573,36.20287],[59.12605,36.20217],[59.12537,36.20186],[59.12484,36.20224],[59.12474,36.20214],[59.12501,36.20146],[59.12473,36.20136],[59.12411,36.20187],[59.12445,36.20289],[59.12431,36.20303],[59.12486,36.20323],[59.12497,36.20351],[59.12435,36.20362],[59.12406,36.20399],[59.12477,36.20404],[59.12491,36.20399],[59.12567,36.20344],[59.1263,36.20341],[59.12641,36.20357],[59.12603,36.20371],[59.12577,36.20388],[59.12571,36.20417],[59.12647,36.20469],[59.1271,36.20469],[59.12703,36.20421]]]}},{"type":"Feature","properties":{},"geometry":{"type":"Polygon","coordinates":[[[59.11145,36.21041],[59.11271,36.20998],[59.11264,36.20951],[59.11113,36.20913],[59.11072,36.20918],[59.1104,36.20976],[59.11085,36.21029],[59.11145,36.21041]]]}},{"type":"Feature","properties":{},"geometry":{"type":"Polygon","coordinates":[[[59.11802,36.20729],[59.11501,36.20796],[59.11466,36.20835],[59.11399,36.20819],[59.11376,36.20777],[59.11402,36.20688],[59.11644,36.20597],[59.11665,36.2067],[59.11802,36.20729]]]}},{"type":"Feature","properties":{},"geometry":{"type":"Polygon","coordinates":[[[59.13009,36.24315],[59.13018,36.24331],[59.12998,36.24393],[59.12948,36.24402],[59.12956,36.24423],[59.1298,36.24435],[59.12973,36.24453],[59.12941,36.24456],[59.12929,36.24476],[59.12978,36.24566],[59.12938,36.24587],[59.12888,36.24475],[59.12839,36.24462],[59.1282,36.24439],[59.12819,36.24393],[59.12862,36.24384],[59.12869,36.24402],[59.12885,36.24396],[59.12892,36.24378],[59.12915,36.24371],[59.12916,36.24343],[59.1295,36.24316],[59.13009,36.24315]]]}},{"type":"Feature","properties":{},"geometry":{"type":"Polygon","coordinates":[[[59.13047,36.2435],[59.13082,36.2434],[59.13088,36.24342],[59.13118,36.24341],[59.13177,36.24303],[59.13169,36.24285],[59.1314,36.24284],[59.13084,36.24305],[59.13056,36.2432],[59.13042,36.24335],[59.13047,36.2435]]]}},{"type":"Feature","properties":{},"geometry":{"type":"Polygon","coordinates":[[[59.13748,36.24381],[59.137,36.24387],[59.13648,36.24354],[59.13629,36.24313],[59.13647,36.24309],[59.1364,36.24296],[59.13632,36.24288],[59.13639,36.24276],[59.13631,36.24269],[59.13627,36.24248],[59.13629,36.24221],[59.13636,36.24199],[59.13626,36.24186],[59.13629,36.24176],[59.13619,36.24157],[59.13582,36.24125],[59.13529,36.24111],[59.13483,36.24104],[59.13464,36.24098],[59.13475,36.24051],[59.13518,36.2401],[59.13526,36.24035],[59.13536,36.24055],[59.13549,36.24067],[59.13593,36.24086],[59.13595,36.24073],[59.136,36.24064],[59.13592,36.24054],[59.13561,36.24047],[59.13532,36.23998],[59.13539,36.23969],[59.13605,36.23966],[59.1364,36.24048],[59.1366,36.24132],[59.13641,36.24145],[59.13664,36.24216],[59.1367,36.2423],[59.13658,36.24253],[59.13672,36.24269],[59.1374,36.24306],[59.13748,36.24381]]]}},{"type":"Feature","properties":{},"geometry":{"type":"Polygon","coordinates":[[[59.15017,36.23432],[59.15048,36.23421],[59.15121,36.23352],[59.1513,36.23334],[59.15118,36.23324],[59.15075,36.23314],[59.15043,36.23287],[59.1502,36.233],[59.14968,36.23374],[59.15,36.23401],[59.15019,36.23399],[59.15017,36.23432]]]}},{"type":"Feature","properties":{},"geometry":{"type":"Polygon","coordinates":[[[59.14985,36.23473],[59.15042,36.23507],[59.15103,36.23469],[59.15166,36.2339],[59.15181,36.23382],[59.15197,36.23363],[59.15204,36.23367],[59.15273,36.2331],[59.15248,36.23299],[59.15204,36.23309],[59.15161,36.23333],[59.15056,36.23447],[59.15042,36.23458],[59.14985,36.23473]]]}},{"type":"Feature","properties":{},"geometry":{"type":"Polygon","coordinates":[[[59.14701,36.23441],[59.14789,36.23463],[59.14857,36.23439],[59.1484,36.23416],[59.14787,36.23431],[59.14784,36.23424],[59.14822,36.23402],[59.1481,36.23394],[59.14684,36.23388],[59.14687,36.23424],[59.14701,36.23441]]]}},{"type":"Feature","properties":{},"geometry":{"type":"Polygon","coordinates":[[[59.12858,36.24938],[59.12863,36.24936],[59.12864,36.24927],[59.12858,36.24919],[59.12857,36.2491],[59.12846,36.24912],[59.12838,36.24907],[59.12822,36.24896],[59.12813,36.2489],[59.12793,36.24898],[59.12796,36.24909],[59.12807,36.24933],[59.12858,36.24938]]]}},{"type":"Feature","properties":{},"geometry":{"type":"Polygon","coordinates":[[[59.1522,36.27217],[59.15232,36.27221],[59.15256,36.27227],[59.15342,36.27245],[59.15362,36.27203],[59.15357,36.27153],[59.1532,36.27154],[59.15284,36.2716],[59.15255,36.27167],[59.15209,36.27185],[59.15208,36.27194],[59.15208,36.27201],[59.1522,36.27217]]]}},{"type":"Feature","properties":{},"geometry":{"type":"Polygon","coordinates":[[[59.15189,36.27267],[59.15171,36.27269],[59.15149,36.27267],[59.15134,36.27263],[59.15115,36.27257],[59.1511,36.27255],[59.15116,36.27245],[59.15138,36.27224],[59.15156,36.27216],[59.15175,36.27212],[59.15197,36.27212],[59.15208,36.27216],[59.15224,36.27225],[59.15217,36.27237],[59.15197,36.2724],[59.15197,36.2726],[59.15195,36.27264],[59.15189,36.27267]]]}},{"type":"Feature","properties":{},"geometry":{"type":"Polygon","coordinates":[[[59.1565,36.37292],[59.157,36.37265],[59.15705,36.37243],[59.15708,36.37199],[59.15701,36.37185],[59.1566,36.37187],[59.15536,36.3723],[59.15402,36.37302],[59.15466,36.3734],[59.15536,36.37302],[59.15546,36.37316],[59.15633,36.37268],[59.1565,36.37292]]]}},{"type":"Feature","properties":{"name":"قبرستان دهبار"},"geometry":{"type":"Polygon","coordinates":[[[59.28665,36.25307],[59.28666,36.25318],[59.28674,36.2533],[59.28702,36.25342],[59.28709,36.25343],[59.28715,36.25343],[59.28721,36.25341],[59.28725,36.25338],[59.28726,36.25334],[59.28726,36.25331],[59.28728,36.25327],[59.28736,36.25318],[59.28741,36.25311],[59.2875,36.25296],[59.28749,36.25293],[59.28732,36.25299],[59.28716,36.25302],[59.28693,36.25302],[59.28678,36.25306],[59.28665,36.25307]]]}},{"type":"Feature","properties":{"name":"قبرستان کلاته آهن"},"geometry":{"type":"Polygon","coordinates":[[[59.33641,36.26969],[59.33633,36.26958],[59.33643,36.26945],[59.33646,36.26933],[59.33646,36.26925],[59.33653,36.2692],[59.33673,36.26921],[59.33691,36.26906],[59.33699,36.2691],[59.33709,36.26925],[59.33693,36.26953],[59.33641,36.26969]]]}},{"type":"Feature","properties":{},"geometry":{"type":"Polygon","coordinates":[[[59.34594,36.2815],[59.34604,36.28144],[59.34602,36.28128],[59.34586,36.2812],[59.34575,36.28114],[59.34565,36.28105],[59.34555,36.28095],[59.3455,36.28087],[59.34547,36.28083],[59.34524,36.28103],[59.34551,36.28123],[59.34594,36.2815]]]}},{"type":"Feature","properties":{},"geometry":{"type":"Polygon","coordinates":[[[59.68268,36.17042],[59.68574,36.16844],[59.68577,36.16832],[59.68577,36.16819],[59.68576,36.16806],[59.68572,36.16797],[59.68565,36.16788],[59.68556,36.16781],[59.68546,36.16774],[59.68527,36.16768],[59.68506,36.16767],[59.68491,36.16769],[59.68482,36.16771],[59.6827,36.16909],[59.68243,36.16928],[59.68234,36.1694],[59.6823,36.16954],[59.68239,36.16965],[59.68291,36.17014],[59.68261,36.17035],[59.68268,36.17042]]]}},{"type":"Feature","properties":{},"geometry":{"type":"Polygon","coordinates":[[[59.67558,36.17513],[59.67773,36.17368],[59.67707,36.17275],[59.67473,36.17425],[59.67524,36.17471],[59.67537,36.17495],[59.67558,36.17513]]]}},{"type":"Feature","properties":{},"geometry":{"type":"Polygon","coordinates":[[[59.67884,36.17294],[59.68076,36.17167],[59.67992,36.17094],[59.67803,36.17216],[59.67884,36.17294]]]}},{"type":"Feature","properties":{},"geometry":{"type":"Polygon","coordinates":[[[59.59959,36.18551],[59.59907,36.18531],[59.59926,36.18499],[59.59978,36.18518],[59.59959,36.18551]]]}},{"type":"Feature","properties":{},"geometry":{"type":"Polygon","coordinates":[[[59.61828,36.19148],[59.61879,36.19189],[59.61923,36.19223],[59.61929,36.19224],[59.61932,36.1922],[59.61935,36.19211],[59.61929,36.19137],[59.61892,36.1902],[59.61926,36.19014],[59.61928,36.19008],[59.61927,36.19004],[59.61912,36.19006],[59.61886,36.18944],[59.61916,36.18932],[59.61865,36.18853],[59.61859,36.18851],[59.6186,36.18948],[59.61856,36.18954],[59.61774,36.18995],[59.61722,36.19045],[59.61828,36.19148]]]}},{"type":"Feature","properties":{},"geometry":{"type":"Polygon","coordinates":[[[59.61937,36.19253],[59.61855,36.19188],[59.61843,36.19185],[59.61801,36.19148],[59.61796,36.19137],[59.61762,36.19109],[59.6162,36.19186],[59.61303,36.19592],[59.61305,36.19599],[59.61386,36.19592],[59.61493,36.19599],[59.61553,36.19499],[59.61531,36.19476],[59.61937,36.19253]]]}},{"type":"Feature","properties":{},"geometry":{"type":"Polygon","coordinates":[[[59.54919,36.20143],[59.54943,36.20137],[59.54948,36.20132],[59.54952,36.20119],[59.5495,36.20113],[59.54926,36.20114],[59.54889,36.20101],[59.5483,36.20107],[59.54811,36.20122],[59.54821,36.20144],[59.54845,36.20141],[59.54871,36.20143],[59.54891,36.20145],[59.54919,36.20143]]]}},{"type":"Feature","properties":{"name":"بوستان هفت حوض"},"geometry":{"type":"Polygon","coordinates":[[[59.55102,36.20894],[59.55053,36.20892],[59.55052,36.2081],[59.55002,36.20745],[59.54927,36.20683],[59.54915,36.20618],[59.54937,36.20556],[59.54968,36.20498],[59.54977,36.2044],[59.5496,36.20379],[59.54929,36.20366],[59.54919,36.2036],[59.5491,36.20348],[59.54907,36.20337],[59.54907,36.2032],[59.54914,36.20306],[59.5493,36.2029],[59.54943,36.20282],[59.54959,36.20274],[59.54928,36.2026],[59.54913,36.20248],[59.54908,36.20234],[59.54903,36.20216],[59.54901,36.20195],[59.54917,36.20182],[59.54908,36.20149],[59.5489,36.20151],[59.54869,36.20149],[59.54847,36.20146],[59.54834,36.20147],[59.54815,36.20152],[59.54794,36.20157],[59.54771,36.20154],[59.54756,36.20146],[59.54745,36.20132],[59.54741,36.20118],[59.54727,36.20104],[59.54693,36.20099],[59.54656,36.20095],[59.54632,36.20078],[59.54627,36.20018],[59.54633,36.1998],[59.546,36.1994],[59.54586,36.19908],[59.54597,36.19848],[59.54602,36.19804],[59.54617,36.19788],[59.5463,36.19783],[59.54645,36.19778],[59.54652,36.19764],[59.54627,36.19722],[59.54603,36.19685],[59.5456,36.19574],[59.54584,36.19514],[59.54716,36.19456],[59.54737,36.19441],[59.54636,36.19289],[59.54601,36.19258],[59.54562,36.19264],[59.54539,36.19248],[59.5453,36.19214],[59.54475,36.1917],[59.54446,36.1893],[59.54447,36.18913],[59.54457,36.18901],[59.54475,36.18885],[59.54497,36.18873],[59.5452,36.1886],[59.54544,36.18849],[59.5456,36.18849],[59.54576,36.18852],[59.5459,36.18858],[59.54601,36.18866],[59.54609,36.1888],[59.54614,36.18895],[59.54619,36.18926],[59.54635,36.18945],[59.54666,36.18962],[59.54693,36.18977],[59.54715,36.18981],[59.54752,36.18978],[59.54793,36.1898],[59.54807,36.18986],[59.54815,36.18995],[59.54819,36.1901],[59.54799,36.19058],[59.54805,36.19073],[59.54824,36.19082],[59.54863,36.19098],[59.54899,36.19117],[59.54919,36.19136],[59.54991,36.19139],[59.55011,36.19144],[59.55029,36.19156],[59.55061,36.19194],[59.55079,36.19211],[59.55114,36.19217],[59.55269,36.19218],[59.55331,36.19198],[59.55399,36.19209],[59.55535,36.192],[59.55627,36.19219],[59.55633,36.19301],[59.55506,36.19286],[59.55412,36.19363],[59.55325,36.19442],[59.55247,36.1947],[59.55156,36.19488],[59.55091,36.19575],[59.55124,36.19753],[59.55244,36.19788],[59.55334,36.19939],[59.5539,36.20024],[59.55408,36.20075],[59.55406,36.20096],[59.55329,36.20144],[59.55039,36.20242],[59.55033,36.20307],[59.55184,36.2042],[59.55215,36.20422],[59.55274,36.20405],[59.5531,36.20462],[59.55251,36.20523],[59.55258,36.20559],[59.55236,36.2057],[59.55206,36.20652],[59.55198,36.20706],[59.55209,36.20737],[59.55206,36.20768],[59.55177,36.20789],[59.55106,36.20833],[59.55102,36.20894]]]}},{"type":"Feature","properties":{},"geometry":{"type":"Polygon","coordinates":[[[59.91713,36.25784],[59.91767,36.25765],[59.91724,36.25709],[59.91638,36.25755],[59.91713,36.25784]]]}},{"type":"Feature","properties":{},"geometry":{"type":"Polygon","coordinates":[[[59.56317,36.1004],[59.56294,36.10041],[59.56251,36.10021],[59.56201,36.10006],[59.56182,36.09981],[59.56146,36.09921],[59.561,36.09888],[59.56064,36.09821],[59.56121,36.09793],[59.56198,36.09797],[59.56218,36.09912],[59.56223,36.09973],[59.5626,36.09989],[59.56294,36.10009],[59.56322,36.10031],[59.56317,36.1004]]]}},{"type":"Feature","properties":{},"geometry":{"type":"Polygon","coordinates":[[[59.58192,36.08968],[59.58178,36.08983],[59.58157,36.08997],[59.58145,36.08998],[59.58123,36.09013],[59.58095,36.09034],[59.58066,36.09065],[59.58028,36.09097],[59.58019,36.09099],[59.58062,36.09025],[59.58082,36.09001],[59.58072,36.08984],[59.5805,36.08963],[59.5805,36.08954],[59.58088,36.08976],[59.58126,36.08983],[59.58158,36.0898],[59.58185,36.08956],[59.58194,36.08954],[59.58192,36.08968]]]}},{"type":"Feature","properties":{},"geometry":{"type":"Polygon","coordinates":[[[59.56232,36.0895],[59.56301,36.08978],[59.56329,36.08962],[59.5633,36.08924],[59.56313,36.08915],[59.56298,36.08906],[59.56282,36.08902],[59.56268,36.08898],[59.56252,36.08887],[59.56245,36.08883],[59.56229,36.08894],[59.56232,36.0895]]]}},{"type":"Feature","properties":{},"geometry":{"type":"Polygon","coordinates":[[[59.55448,36.07772],[59.55456,36.07751],[59.55439,36.07738],[59.55432,36.07728],[59.55434,36.07716],[59.5544,36.07697],[59.55412,36.07671],[59.554,36.077],[59.55394,36.07716],[59.55399,36.0774],[59.55412,36.07754],[59.55431,36.07765],[59.55448,36.07772]]]}},{"type":"Feature","properties":{"name":"پارک نیروی انتظامی"},"geometry":{"type":"Polygon","coordinates":[[[59.49695,36.38929],[59.49661,36.38896],[59.49839,36.38797],[59.49904,36.38869],[59.49898,36.38876],[59.49895,36.38886],[59.49853,36.38892],[59.49795,36.38902],[59.49735,36.38916],[59.49695,36.38929]]]}},{"type":"Feature","properties":{},"geometry":{"type":"Polygon","coordinates":[[[59.52023,36.17432],[59.52003,36.17398],[59.51969,36.17367],[59.5197,36.1734],[59.51939,36.17312],[59.51909,36.17293],[59.51877,36.17276],[59.51847,36.17261],[59.51821,36.1725],[59.51799,36.17232],[59.51784,36.17224],[59.51755,36.17237],[59.51762,36.17274],[59.51782,36.17314],[59.5182,36.17347],[59.51862,36.17362],[59.51924,36.17389],[59.51959,36.17404],[59.52002,36.17422],[59.52023,36.17432]]]}},{"type":"Feature","properties":{},"geometry":{"type":"Polygon","coordinates":[[[59.43729,36.1229],[59.43675,36.12287],[59.43644,36.12278],[59.43612,36.1227],[59.43628,36.12253],[59.43675,36.12265],[59.43668,36.12246],[59.43647,36.12217],[59.43684,36.12202],[59.43712,36.12235],[59.43704,36.12245],[59.43759,36.1227],[59.43729,36.1229]]]}},{"type":"Feature","properties":{"name":"قبرستان خانرود"},"geometry":{"type":"Polygon","coordinates":[[[59.40584,36.14119],[59.40605,36.14102],[59.40586,36.14078],[59.40578,36.14061],[59.40549,36.14048],[59.40519,36.14055],[59.40511,36.14062],[59.40502,36.1407],[59.40463,36.1408],[59.40468,36.14095],[59.40476,36.14103],[59.40487,36.14105],[59.40505,36.14104],[59.40521,36.14103],[59.40539,36.14106],[59.40566,36.14112],[59.4058,36.14118],[59.40584,36.14119]]]}},{"type":"Feature","properties":{},"geometry":{"type":"Polygon","coordinates":[[[59.4477,36.15187],[59.44759,36.1519],[59.44735,36.15187],[59.44715,36.1518],[59.44701,36.15173],[59.44696,36.15165],[59.44697,36.1515],[59.44705,36.15136],[59.44717,36.15125],[59.44764,36.15113],[59.44784,36.15115],[59.4479,36.1512],[59.44794,36.15132],[59.44795,36.15144],[59.44794,36.15155],[59.44787,36.15166],[59.44778,36.15179],[59.4477,36.15187]]]}},{"type":"Feature","properties":{"name":"قبرستان گرینه"},"geometry":{"type":"Polygon","coordinates":[[[59.16005,36.11688],[59.16012,36.11693],[59.16014,36.11693],[59.16018,36.11686],[59.16028,36.1168],[59.16031,36.11676],[59.16031,36.11663],[59.1603,36.11658],[59.16032,36.11655],[59.15996,36.11624],[59.15975,36.11621],[59.15926,36.11614],[59.15917,36.11617],[59.15913,36.11625],[59.15908,36.11647],[59.15909,36.11662],[59.15913,36.11666],[59.1594,36.11681],[59.15975,36.11703],[59.15994,36.11684],[59.15999,36.11685],[59.16005,36.11688]]]}},{"type":"Feature","properties":{},"geometry":{"type":"Polygon","coordinates":[[[59.13428,36.14724],[59.13445,36.14732],[59.13462,36.14737],[59.13487,36.14739],[59.13508,36.14734],[59.13522,36.14722],[59.13525,36.14707],[59.13514,36.14692],[59.13484,36.14681],[59.1345,36.14681],[59.13429,36.14683],[59.13416,36.14679],[59.13404,36.14681],[59.13407,36.14694],[59.13414,36.14707],[59.13428,36.14724]]]}},{"type":"Feature","properties":{},"geometry":{"type":"Polygon","coordinates":[[[59.14341,36.1525],[59.14388,36.15234],[59.14403,36.15175],[59.14393,36.15169],[59.14345,36.15208],[59.1432,36.15207],[59.1432,36.15221],[59.14334,36.15222],[59.14341,36.1525]]]}},{"type":"Feature","properties":{},"geometry":{"type":"Polygon","coordinates":[[[59.73114,36.58418],[59.73145,36.5836],[59.73142,36.58339],[59.73167,36.58264],[59.7306,36.58221],[59.73002,36.58297],[59.72961,36.58327],[59.7296,36.58395],[59.73114,36.58418]]]}},{"type":"Feature","properties":{"name":"قبرستان دهسرخ"},"geometry":{"type":"Polygon","coordinates":[[[59.73194,36.56253],[59.73235,36.56237],[59.73268,36.56228],[59.73293,36.56225],[59.73282,36.56202],[59.73258,36.56148],[59.73238,36.56129],[59.73187,36.56139],[59.73138,36.5614],[59.73166,36.56168],[59.73193,36.56191],[59.73198,36.56196],[59.73194,36.56253]]]}},{"type":"Feature","properties":{"name":"قبرستان اندرخ"},"geometry":{"type":"Polygon","coordinates":[[[59.66375,36.57912],[59.66394,36.57915],[59.66412,36.57917],[59.66519,36.57892],[59.66492,36.57863],[59.66474,36.57854],[59.66456,36.57836],[59.66446,36.57818],[59.66437,36.57808],[59.66355,36.57823],[59.66345,36.57844],[59.66345,36.57868],[59.66355,36.57892],[59.66363,36.57907],[59.66375,36.57912]]]}},{"type":"Feature","properties":{},"geometry":{"type":"Polygon","coordinates":[[[59.86052,36.33648],[59.86037,36.33579],[59.85883,36.3352],[59.85859,36.33573],[59.85837,36.33639],[59.85814,36.33719],[59.85869,36.33742],[59.85983,36.33702],[59.86052,36.33648]]]}},{"type":"Feature","properties":{},"geometry":{"type":"Polygon","coordinates":[[[59.13564,36.31173],[59.13576,36.31186],[59.1359,36.3119],[59.13612,36.31178],[59.13635,36.31183],[59.13641,36.31187],[59.13668,36.31179],[59.13677,36.3117],[59.13673,36.31164],[59.13652,36.31165],[59.1363,36.31153],[59.1361,36.31149],[59.1359,36.31145],[59.13567,36.31146],[59.13557,36.3116],[59.13564,36.31173]]]}},{"type":"Feature","properties":{},"geometry":{"type":"Polygon","coordinates":[[[59.13561,36.31196],[59.1354,36.31198],[59.13536,36.31212],[59.13547,36.31222],[59.1357,36.31229],[59.13594,36.31229],[59.13627,36.31224],[59.13669,36.31211],[59.13677,36.31205],[59.1367,36.31195],[59.13662,36.31194],[59.13617,36.31196],[59.13598,36.31205],[59.13585,36.31204],[59.13569,36.31198],[59.13561,36.31196]]]}},{"type":"Feature","properties":{},"geometry":{"type":"Polygon","coordinates":[[[59.13589,36.29871],[59.1367,36.29861],[59.13672,36.29833],[59.13679,36.29793],[59.13687,36.29773],[59.136,36.29766],[59.13589,36.29871]]]}},{"type":"Feature","properties":{},"geometry":{"type":"Polygon","coordinates":[[[59.69962,36.15815],[59.68605,36.16695],[59.68599,36.16708],[59.68597,36.16719],[59.68601,36.16731],[59.68607,36.1674],[59.68613,36.16748],[59.68622,36.16755],[59.68631,36.16762],[59.68649,36.16771],[59.68667,36.16773],[59.6868,36.16769],[59.68692,36.16765],[59.69958,36.15928],[59.70226,36.15738],[59.70233,36.15723],[59.70232,36.15709],[59.70223,36.15698],[59.70212,36.15689],[59.702,36.15684],[59.70189,36.15683],[59.70169,36.15686],[59.70153,36.15693],[59.70138,36.157],[59.69962,36.15815]]]}},{"type":"Feature","properties":{"name":"پارک جنگلی بهمن"},"geometry":{"type":"Polygon","coordinates":[[[59.38296,36.31194],[59.3834,36.31135],[59.38397,36.31122],[59.38437,36.31097],[59.38566,36.31105],[59.38513,36.3119],[59.38469,36.31179],[59.38417,36.31253],[59.38414,36.31256],[59.38296,36.31194]]]}},{"type":"Feature","properties":{"name":"باغ پونه"},"geometry":{"type":"Polygon","coordinates":[[[59.38473,36.31276],[59.38513,36.3119],[59.38566,36.31105],[59.38594,36.31091],[59.38754,36.31116],[59.38659,36.31189],[59.38625,36.313],[59.38473,36.31276]]]}},{"type":"Feature","properties":{},"geometry":{"type":"Polygon","coordinates":[[[59.60754,36.33512],[59.60873,36.33452],[59.60878,36.33448],[59.6088,36.33444],[59.6088,36.3344],[59.60878,36.33436],[59.60875,36.33433],[59.60745,36.33499],[59.60754,36.33512]]]}},{"type":"Feature","properties":{},"geometry":{"type":"Polygon","coordinates":[[[59.60882,36.33431],[59.60884,36.33435],[59.60888,36.33437],[59.60892,36.33439],[59.60897,36.33439],[59.60902,36.33437],[59.60975,36.33402],[59.61012,36.33384],[59.61015,36.33382],[59.60981,36.33393],[59.61016,36.33378],[59.61012,36.33369],[59.60882,36.33431]]]}},{"type":"Feature","properties":{},"geometry":{"type":"Polygon","coordinates":[[[59.61366,36.33189],[59.61373,36.33199],[59.61425,36.33174],[59.61443,36.33161],[59.61478,36.33143],[59.61475,36.33141],[59.61468,36.3314],[59.61459,36.33143],[59.61366,36.33189]]]}},{"type":"Feature","properties":{},"geometry":{"type":"Polygon","coordinates":[[[59.56518,36.05184],[59.56565,36.0518],[59.56622,36.0527],[59.5668,36.05327],[59.56659,36.05416],[59.56613,36.05391],[59.56538,36.05457],[59.56446,36.0544],[59.56341,36.05441],[59.56277,36.05414],[59.56172,36.05397],[59.56144,36.0541],[59.56093,36.05418],[59.56042,36.05401],[59.56001,36.05419],[59.56,36.05388],[59.56043,36.05343],[59.56111,36.05305],[59.56198,36.05271],[59.56265,36.05252],[59.5636,36.05262],[59.56448,36.05267],[59.56479,36.05263],[59.56496,36.05246],[59.56509,36.05224],[59.56518,36.05184]]]}},{"type":"Feature","properties":{},"geometry":{"type":"Polygon","coordinates":[[[59.65131,36.29642],[59.65128,36.29636],[59.65128,36.2963],[59.65129,36.29624],[59.65148,36.29629],[59.65155,36.29631],[59.65152,36.29633],[59.65149,36.29635],[59.65131,36.29642]]]}},{"type":"Feature","properties":{},"geometry":{"type":"Polygon","coordinates":[[[59.65064,36.29641],[59.65062,36.29636],[59.65061,36.2963],[59.65061,36.29623],[59.65061,36.2962],[59.65051,36.29622],[59.65043,36.29623],[59.65033,36.29621],[59.65028,36.2962],[59.65064,36.29641]]]}},{"type":"Feature","properties":{},"geometry":{"type":"Polygon","coordinates":[[[59.46204,36.34606],[59.4623,36.34658],[59.46139,36.34679],[59.46081,36.34686],[59.46062,36.34689],[59.46033,36.34698],[59.46012,36.3471],[59.45961,36.34736],[59.45927,36.34748],[59.45908,36.34717],[59.46204,36.34606]]]}},{"type":"Feature","properties":{},"geometry":{"type":"Polygon","coordinates":[[[59.6004,36.35268],[59.60139,36.35224],[59.60105,36.35173],[59.60113,36.35162],[59.60112,36.3513],[59.60082,36.35148],[59.6007,36.35163],[59.59979,36.35211],[59.6004,36.35268]]]}},{"type":"Feature","properties":{"name":"قبرستان روستای خین عرب"},"geometry":{"type":"Polygon","coordinates":[[[59.60737,36.36362],[59.60688,36.3631],[59.60761,36.36252],[59.60845,36.36276],[59.60815,36.36332],[59.60792,36.36347],[59.60737,36.36362]]]}},{"type":"Feature","properties":{},"geometry":{"type":"Polygon","coordinates":[[[59.61262,36.3129],[59.61268,36.3129],[59.61272,36.31291],[59.61275,36.31294],[59.61277,36.31298],[59.61312,36.31265],[59.61262,36.3129]]]}},{"type":"Feature","properties":{"name":"استراحتگاه آهو دره"},"geometry":{"type":"Polygon","coordinates":[[[59.18377,36.32474],[59.18354,36.32503],[59.18293,36.32458],[59.18314,36.32432],[59.18377,36.32474]]]}},{"type":"Feature","properties":{"name":"آرامستان گنگ"},"geometry":{"type":"Polygon","coordinates":[[[59.2258,36.32275],[59.22512,36.32291],[59.22483,36.32302],[59.22459,36.3232],[59.22445,36.32337],[59.22435,36.32347],[59.22427,36.32346],[59.22422,36.32344],[59.22419,36.32331],[59.22405,36.32296],[59.2241,36.32286],[59.22423,36.32277],[59.22451,36.32259],[59.22471,36.32248],[59.22485,36.32245],[59.22506,36.3224],[59.2252,36.32242],[59.22532,36.32245],[59.2255,36.32251],[59.22564,36.32253],[59.22578,36.3226],[59.22582,36.32268],[59.2258,36.32275]]]}},{"type":"Feature","properties":{},"geometry":{"type":"Polygon","coordinates":[[[59.52854,36.32896],[59.52859,36.32898],[59.52864,36.32899],[59.52869,36.32899],[59.52874,36.32897],[59.52878,36.32893],[59.5288,36.32889],[59.52881,36.32885],[59.52879,36.32881],[59.52876,36.32877],[59.52871,36.32875],[59.52866,36.32874],[59.5286,36.32874],[59.52855,36.32876],[59.52852,36.32879],[59.52849,36.32883],[59.52849,36.32888],[59.52851,36.32892],[59.52854,36.32896]]]}},{"type":"Feature","properties":{},"geometry":{"type":"Polygon","coordinates":[[[59.64087,36.33016],[59.64093,36.33021],[59.64128,36.33011],[59.6414,36.32972],[59.64129,36.32966],[59.64103,36.32973],[59.64091,36.32949],[59.64087,36.32951],[59.64087,36.33016]]]}},{"type":"Feature","properties":{},"geometry":{"type":"Polygon","coordinates":[[[59.64152,36.33005],[59.64154,36.32989],[59.6418,36.32926],[59.64219,36.32966],[59.6421,36.32991],[59.64152,36.33005]]]}},{"type":"Feature","properties":{},"geometry":{"type":"Polygon","coordinates":[[[59.64176,36.33058],[59.64175,36.33011],[59.64222,36.32999],[59.64224,36.32999],[59.64227,36.33015],[59.64223,36.33019],[59.64206,36.33058],[59.64176,36.33058]]]}},{"type":"Feature","properties":{},"geometry":{"type":"Polygon","coordinates":[[[59.64142,36.33057],[59.64148,36.33017],[59.6417,36.33011],[59.64171,36.33058],[59.64142,36.33057]]]}},{"type":"Feature","properties":{},"geometry":{"type":"Polygon","coordinates":[[[59.64072,36.3304],[59.6407,36.33055],[59.64116,36.33056],[59.64124,36.33023],[59.64072,36.3304]]]}},{"type":"Feature","properties":{},"geometry":{"type":"Polygon","coordinates":[[[59.64192,36.32774],[59.64213,36.32783],[59.64221,36.32788],[59.64247,36.32811],[59.6425,36.32817],[59.64248,36.32822],[59.64243,36.32828],[59.64208,36.32851],[59.64203,36.32858],[59.64198,36.32865],[59.64194,36.32868],[59.64192,36.32861],[59.64191,36.32815],[59.64192,36.32774]]]}},{"type":"Feature","properties":{},"geometry":{"type":"Polygon","coordinates":[[[59.63727,36.32974],[59.6373,36.32987],[59.63739,36.3304],[59.63735,36.33041],[59.637,36.33042],[59.63677,36.33048],[59.63644,36.33062],[59.63615,36.33079],[59.63604,36.33085],[59.63587,36.33088],[59.63569,36.33088],[59.63539,36.33086],[59.63518,36.33051],[59.63631,36.33005],[59.63661,36.32992],[59.63691,36.32981],[59.63715,36.32975],[59.63727,36.32974]]]}},{"type":"Feature","properties":{},"geometry":{"type":"Polygon","coordinates":[[[59.63408,36.33055],[59.6343,36.33079],[59.63648,36.3299],[59.63679,36.32978],[59.63705,36.3297],[59.63724,36.32966],[59.63709,36.32936],[59.63665,36.32959],[59.63532,36.33008],[59.6343,36.3305],[59.63408,36.33055]]]}},{"type":"Feature","properties":{},"geometry":{"type":"Polygon","coordinates":[[[59.63387,36.3306],[59.63412,36.33087],[59.63347,36.33135],[59.63322,36.33148],[59.63297,36.33154],[59.6327,36.33157],[59.63236,36.33152],[59.6319,36.33144],[59.63149,36.3314],[59.63131,36.3314],[59.63105,36.33143],[59.6305,36.33152],[59.6303,36.33153],[59.62935,36.33155],[59.62908,36.33155],[59.62899,36.33151],[59.62882,36.33148],[59.62854,36.33152],[59.62825,36.3316],[59.62799,36.33164],[59.62781,36.33162],[59.62777,36.33156],[59.62779,36.33153],[59.62807,36.33153],[59.62829,36.33146],[59.62849,36.33139],[59.62872,36.33135],[59.62911,36.33134],[59.62956,36.33138],[59.63016,36.33134],[59.6317,36.33107],[59.63189,36.33101],[59.63205,36.33101],[59.63222,36.33105],[59.63245,36.331],[59.6327,36.33088],[59.63282,36.33084],[59.63317,36.33079],[59.63353,36.33069],[59.63387,36.3306]]]}},{"type":"Feature","properties":{},"geometry":{"type":"Polygon","coordinates":[[[59.63082,36.33155],[59.63085,36.33164],[59.63112,36.33175],[59.63138,36.33178],[59.63186,36.33193],[59.63222,36.33211],[59.63254,36.33232],[59.63273,36.33249],[59.63291,36.33261],[59.63301,36.33265],[59.63319,36.3327],[59.63346,36.33268],[59.6337,36.3326],[59.63379,36.33252],[59.63386,36.33237],[59.63398,36.33192],[59.63405,36.33169],[59.63406,36.33157],[59.63413,36.33145],[59.6342,36.33135],[59.63424,36.33131],[59.63396,36.3311],[59.63354,36.33138],[59.63337,36.3315],[59.63321,36.33156],[59.63309,36.33158],[59.63294,36.33161],[59.63278,36.33163],[59.63265,36.33163],[59.63232,36.33159],[59.63168,36.33148],[59.63139,36.33145],[59.63117,36.33148],[59.63093,36.33152],[59.63082,36.33155]]]}},{"type":"Feature","properties":{},"geometry":{"type":"Polygon","coordinates":[[[59.3163,36.40105],[59.31601,36.4015],[59.31692,36.40187],[59.31723,36.40144],[59.31635,36.40103],[59.3163,36.40105]]]}},{"type":"Feature","properties":{"name":"پارک متحرک"},"geometry":{"type":"Polygon","coordinates":[[[59.15745,36.57131],[59.15701,36.57277],[59.15874,36.57311],[59.15889,36.57259],[59.15875,36.57247],[59.15872,36.57243],[59.15878,36.57221],[59.15889,36.57211],[59.15904,36.57206],[59.15911,36.57179],[59.15916,36.57164],[59.15745,36.57131]]]}},{"type":"Feature","properties":{},"geometry":{"type":"Polygon","coordinates":[[[59.22275,36.57537],[59.22355,36.57564],[59.22472,36.57661],[59.22102,36.57918],[59.21783,36.58142],[59.21626,36.57998],[59.22275,36.57537]]]}},{"type":"Feature","properties":{},"geometry":{"type":"Polygon","coordinates":[[[59.21335,36.58455],[59.21282,36.58405],[59.21186,36.58326],[59.21121,36.58376],[59.21115,36.58401],[59.21115,36.5845],[59.21122,36.58555],[59.21091,36.58645],[59.21335,36.58455]]]}},{"type":"Feature","properties":{},"geometry":{"type":"Polygon","coordinates":[[[59.21651,36.58263],[59.21531,36.5834],[59.21392,36.58435],[59.21176,36.58265],[59.21232,36.58254],[59.2133,36.58251],[59.21445,36.58268],[59.21562,36.58268],[59.21651,36.58263]]]}},{"type":"Feature","properties":{},"geometry":{"type":"Polygon","coordinates":[[[59.21535,36.58065],[59.21549,36.58067],[59.21626,36.58138],[59.2163,36.58149],[59.2162,36.58161],[59.21537,36.58222],[59.21477,36.58239],[59.21434,36.58244],[59.2132,36.58225],[59.21411,36.58147],[59.21535,36.58065]]]}},{"type":"Feature","properties":{},"geometry":{"type":"Polygon","coordinates":[[[59.21073,36.58408],[59.21087,36.58487],[59.21074,36.58551],[59.21011,36.58683],[59.20961,36.58733],[59.20702,36.58916],[59.20446,36.59093],[59.20251,36.59237],[59.20185,36.59294],[59.19962,36.5945],[59.19483,36.59778],[59.19302,36.5991],[59.19076,36.60043],[59.1895,36.5993],[59.19462,36.59539],[59.20152,36.59063],[59.2049,36.58847],[59.21073,36.58408]]]}},{"type":"Feature","properties":{},"geometry":{"type":"Polygon","coordinates":[[[59.19841,36.57887],[59.19841,36.57891],[59.19863,36.57901],[59.19923,36.5784],[59.19927,36.57831],[59.19926,36.57823],[59.19915,36.57814],[59.19854,36.57776],[59.19785,36.57745],[59.19707,36.57722],[59.19584,36.57698],[59.19569,36.57748],[59.1957,36.57752],[59.19573,36.57754],[59.19604,36.57758],[59.19634,36.57767],[59.19657,36.57779],[59.1968,36.57758],[59.19746,36.5778],[59.1979,36.57803],[59.19827,36.57828],[59.1984,36.5784],[59.19848,36.57853],[59.1985,36.57866],[59.19846,36.5788],[59.19841,36.57887]]]}},{"type":"Feature","properties":{},"geometry":{"type":"Polygon","coordinates":[[[59.76171,36.34173],[59.76112,36.34103],[59.76027,36.34126],[59.7596,36.34165],[59.76045,36.34243],[59.76053,36.34238],[59.76092,36.3427],[59.76171,36.34173]]]}},{"type":"Feature","properties":{},"geometry":{"type":"Polygon","coordinates":[[[59.5367,36.31211],[59.53668,36.31206],[59.53717,36.3119],[59.5372,36.31196],[59.5367,36.31211]]]}},{"type":"Feature","properties":{},"geometry":{"type":"Polygon","coordinates":[[[59.5415,36.36534],[59.54082,36.36646],[59.54082,36.3665],[59.541,36.36653],[59.54119,36.36606],[59.54132,36.36603],[59.54156,36.36534],[59.5415,36.36534]]]}},{"type":"Feature","properties":{},"geometry":{"type":"Polygon","coordinates":[[[59.54184,36.36521],[59.54191,36.36503],[59.54204,36.36484],[59.54211,36.36476],[59.54221,36.3645],[59.54239,36.36412],[59.54242,36.36385],[59.54238,36.36385],[59.5422,36.36416],[59.54196,36.36455],[59.54162,36.36513],[59.54162,36.36518],[59.54184,36.36521]]]}},{"type":"Feature","properties":{},"geometry":{"type":"Polygon","coordinates":[[[59.52658,36.31542],[59.52659,36.31543],[59.52658,36.31544],[59.52658,36.31545],[59.52656,36.31545],[59.52655,36.31545],[59.52655,36.31544],[59.52655,36.31543],[59.52656,36.31542],[59.52657,36.31542],[59.52658,36.31542]]]}},{"type":"Feature","properties":{},"geometry":{"type":"Polygon","coordinates":[[[59.52649,36.31537],[59.5265,36.31538],[59.5265,36.31539],[59.52649,36.3154],[59.52647,36.3154],[59.52646,36.3154],[59.52645,36.31539],[59.52646,36.31538],[59.52647,36.31537],[59.52648,36.31537],[59.52649,36.31537]]]}},{"type":"Feature","properties":{},"geometry":{"type":"Polygon","coordinates":[[[59.52017,36.30408],[59.52017,36.30411],[59.52015,36.30415],[59.52013,36.30418],[59.52009,36.3042],[59.52005,36.30422],[59.52001,36.30423],[59.51996,36.30423],[59.51992,36.30422],[59.51988,36.30421],[59.51984,36.30418],[59.51982,36.30415],[59.5198,36.30412],[59.51979,36.30408],[59.5198,36.30405],[59.51981,36.30401],[59.51984,36.30398],[59.51987,36.30395],[59.51991,36.30394],[59.51995,36.30393],[59.52,36.30393],[59.52005,36.30393],[59.52009,36.30395],[59.52012,36.30397],[59.52015,36.304],[59.52017,36.30404],[59.52017,36.30408]]]}},{"type":"Feature","properties":{},"geometry":{"type":"Polygon","coordinates":[[[59.52262,36.30413],[59.52263,36.3041],[59.52265,36.30407],[59.52268,36.30405],[59.52272,36.30403],[59.52276,36.30402],[59.5228,36.30402],[59.52284,36.30402],[59.52288,36.30404],[59.52291,36.30406],[59.52293,36.30409],[59.52294,36.30412],[59.52294,36.30416],[59.52294,36.30419],[59.52292,36.30422],[59.52289,36.30424],[59.52285,36.30426],[59.52281,36.30427],[59.52277,36.30427],[59.52273,36.30427],[59.52269,36.30425],[59.52266,36.30423],[59.52264,36.3042],[59.52263,36.30417],[59.52262,36.30413]]]}},{"type":"Feature","properties":{},"geometry":{"type":"Polygon","coordinates":[[[59.55214,36.34632],[59.5519,36.34653],[59.55142,36.3466],[59.55088,36.3467],[59.55048,36.34678],[59.55025,36.34687],[59.55024,36.34684],[59.55073,36.34659],[59.55096,36.34649],[59.55125,36.34639],[59.55156,36.34632],[59.55188,36.3463],[59.55213,36.34628],[59.55214,36.34632]]]}},{"type":"Feature","properties":{},"geometry":{"type":"Polygon","coordinates":[[[59.54873,36.34775],[59.5488,36.34785],[59.54871,36.34789],[59.54871,36.34798],[59.5474,36.34863],[59.54732,36.3486],[59.54729,36.34843],[59.54801,36.34808],[59.54824,36.34797],[59.54873,36.34775]]]}},{"type":"Feature","properties":{},"geometry":{"type":"Polygon","coordinates":[[[59.54682,36.35409],[59.54692,36.35407],[59.54702,36.35409],[59.54708,36.35411],[59.54712,36.35414],[59.54714,36.35419],[59.54713,36.35425],[59.5471,36.35429],[59.54702,36.35435],[59.54693,36.35438],[59.54684,36.35439],[59.54673,36.35438],[59.54668,36.35436],[59.54663,36.35432],[59.54661,36.35427],[59.54662,36.35422],[59.54666,36.35418],[59.54674,36.35412],[59.54682,36.35409]]]}},{"type":"Feature","properties":{},"geometry":{"type":"Polygon","coordinates":[[[59.62396,36.28112],[59.62415,36.28129],[59.62423,36.28105],[59.62427,36.28093],[59.62432,36.28081],[59.62431,36.28079],[59.62429,36.28079],[59.62416,36.28084],[59.624,36.28089],[59.62377,36.28097],[59.62396,36.28112]]]}},{"type":"Feature","properties":{},"geometry":{"type":"Polygon","coordinates":[[[59.62355,36.28114],[59.62397,36.28153],[59.62392,36.28154],[59.62388,36.28153],[59.62378,36.28151],[59.62373,36.28148],[59.62364,36.2814],[59.62359,36.28136],[59.62354,36.28128],[59.62352,36.28121],[59.62353,36.28118],[59.62355,36.28114]]]}},{"type":"Feature","properties":{},"geometry":{"type":"Polygon","coordinates":[[[59.65012,36.32158],[59.65086,36.32194],[59.65131,36.32145],[59.65071,36.32108],[59.65012,36.32158]]]}},{"type":"Feature","properties":{},"geometry":{"type":"Polygon","coordinates":[[[59.62732,36.33252],[59.6273,36.33261],[59.62714,36.33295],[59.62705,36.33322],[59.62704,36.33339],[59.62709,36.33348],[59.6272,36.33356],[59.62735,36.33368],[59.62743,36.33382],[59.62755,36.33394],[59.62769,36.33398],[59.6279,36.33403],[59.62797,36.33411],[59.62801,36.33428],[59.62792,36.33439],[59.62787,36.33448],[59.62788,36.33456],[59.62797,36.3346],[59.62809,36.33459],[59.62834,36.33452],[59.62881,36.33447],[59.629,36.33443],[59.62906,36.33439],[59.62909,36.33432],[59.62912,36.33423],[59.62918,36.33413],[59.62929,36.33408],[59.62957,36.33408],[59.62959,36.3339],[59.62919,36.33392],[59.62918,36.33378],[59.62909,36.33353],[59.62901,36.33332],[59.62885,36.33299],[59.62882,36.33288],[59.62896,36.33285],[59.62893,36.33279],[59.6286,36.33289],[59.62838,36.33289],[59.62814,36.33286],[59.62786,36.33274],[59.62768,36.33263],[59.62743,36.33253],[59.62732,36.33252]]]}},{"type":"Feature","properties":{},"geometry":{"type":"Polygon","coordinates":[[[59.61333,36.34827],[59.61192,36.3483],[59.6118,36.34817],[59.61169,36.34779],[59.61158,36.34743],[59.61143,36.34731],[59.61133,36.34736],[59.61111,36.3476],[59.61079,36.3478],[59.6103,36.348],[59.60983,36.34807],[59.60678,36.3481],[59.60681,36.34865],[59.60792,36.34883],[59.60824,36.34891],[59.60856,36.34893],[59.6089,36.34899],[59.6092,36.34886],[59.60957,36.34885],[59.60983,36.34883],[59.61011,36.3488],[59.60973,36.34895],[59.60903,36.34908],[59.60739,36.34883],[59.60759,36.34939],[59.60867,36.3496],[59.60928,36.34964],[59.61074,36.34932],[59.61117,36.34936],[59.61168,36.34961],[59.6122,36.34969],[59.61279,36.34965],[59.61393,36.34938],[59.61429,36.34938],[59.6148,36.34982],[59.61521,36.34988],[59.61582,36.35013],[59.61614,36.35048],[59.61748,36.35121],[59.61823,36.35121],[59.61928,36.35162],[59.61982,36.35227],[59.62172,36.3531],[59.62198,36.35277],[59.62173,36.3525],[59.62065,36.35204],[59.62032,36.35145],[59.61928,36.35087],[59.61829,36.35056],[59.61739,36.3502],[59.61611,36.34954],[59.61511,36.34904],[59.61472,36.3488],[59.61476,36.34853],[59.61471,36.34825],[59.61462,36.34774],[59.61444,36.34695],[59.61394,36.34598],[59.61349,36.34466],[59.61349,36.34435],[59.61309,36.34365],[59.61261,36.34328],[59.61198,36.3431],[59.61121,36.34338],[59.61155,36.34375],[59.61173,36.34394],[59.612,36.34415],[59.61268,36.34455],[59.61295,36.34494],[59.61301,36.34553],[59.613,36.34593],[59.61333,36.34658],[59.6137,36.34723],[59.6136,36.34781],[59.61333,36.34827]]]}},{"type":"Feature","properties":{},"geometry":{"type":"Polygon","coordinates":[[[59.60948,36.3423],[59.61028,36.34373],[59.61047,36.34387],[59.61066,36.34392],[59.61091,36.34394],[59.61114,36.34391],[59.61155,36.34375],[59.61121,36.34338],[59.61009,36.3421],[59.60948,36.3423]]]}},{"type":"Feature","properties":{},"geometry":{"type":"Polygon","coordinates":[[[59.69451,36.16404],[59.69454,36.16401],[59.69457,36.16399],[59.69461,36.16398],[59.69465,36.16398],[59.69468,36.164],[59.69471,36.16403],[59.69472,36.16406],[59.69471,36.16409],[59.69469,36.16412],[59.69466,36.16414],[59.69462,36.16415],[59.69458,36.16414],[59.69454,36.16413],[59.69452,36.1641],[59.69451,36.16407],[59.69451,36.16404]]]}},{"type":"Feature","properties":{},"geometry":{"type":"Polygon","coordinates":[[[59.70449,36.16747],[59.70451,36.16745],[59.70453,36.16744],[59.70455,36.16743],[59.70458,36.16744],[59.7046,36.16745],[59.70462,36.16746],[59.70463,36.16749],[59.70462,36.16751],[59.70461,36.16753],[59.70459,36.16754],[59.70456,36.16755],[59.70454,36.16754],[59.70451,36.16753],[59.7045,36.16751],[59.70449,36.16749],[59.70449,36.16747]]]}},{"type":"Feature","properties":{},"geometry":{"type":"Polygon","coordinates":[[[59.70103,36.16581],[59.70104,36.16579],[59.70106,36.16578],[59.70109,36.16577],[59.70112,36.16577],[59.70114,36.16578],[59.70116,36.1658],[59.70117,36.16582],[59.70116,36.16584],[59.70115,36.16586],[59.70113,36.16588],[59.7011,36.16588],[59.70107,36.16588],[59.70105,36.16587],[59.70103,36.16585],[59.70103,36.16583],[59.70103,36.16581]]]}},{"type":"Feature","properties":{},"geometry":{"type":"Polygon","coordinates":[[[59.69984,36.16514],[59.69986,36.16513],[59.69988,36.16512],[59.6999,36.16511],[59.69992,36.16511],[59.69994,36.16512],[59.69996,36.16514],[59.69997,36.16516],[59.69996,36.16518],[59.69995,36.16519],[59.69993,36.16521],[59.69991,36.16521],[59.69988,36.16521],[59.69986,36.1652],[59.69985,36.16518],[59.69984,36.16516],[59.69984,36.16514]]]}},{"type":"Feature","properties":{},"geometry":{"type":"Polygon","coordinates":[[[59.70164,36.16269],[59.70165,36.16267],[59.70167,36.16266],[59.70169,36.16265],[59.70172,36.16265],[59.70174,36.16267],[59.70176,36.16268],[59.70176,36.1627],[59.70176,36.16272],[59.70175,36.16274],[59.70173,36.16275],[59.7017,36.16276],[59.70168,36.16275],[59.70166,36.16274],[59.70164,36.16273],[59.70163,36.16271],[59.70164,36.16269]]]}},{"type":"Feature","properties":{"name":"آرامستان مایان وسطی"},"geometry":{"type":"Polygon","coordinates":[[[59.40256,36.24863],[59.40251,36.24866],[59.40224,36.24873],[59.40191,36.24877],[59.40179,36.24858],[59.40175,36.24848],[59.40175,36.24839],[59.40192,36.2483],[59.4021,36.2482],[59.40226,36.24812],[59.40244,36.24828],[59.40259,36.24849],[59.40264,36.24854],[59.40256,36.24863]]]}},{"type":"Feature","properties":{},"geometry":{"type":"Polygon","coordinates":[[[59.54401,36.35502],[59.54394,36.35503],[59.54371,36.35543],[59.54374,36.35549],[59.54497,36.35589],[59.54503,36.35587],[59.54518,36.35551],[59.54516,36.35548],[59.54401,36.35502]]]}},{"type":"Feature","properties":{},"geometry":{"type":"Polygon","coordinates":[[[59.54409,36.35494],[59.54409,36.35501],[59.54492,36.35533],[59.54498,36.35532],[59.54507,36.35517],[59.54487,36.355],[59.54479,36.35495],[59.54426,36.35473],[59.5442,36.35474],[59.54409,36.35494]]]}},{"type":"Feature","properties":{},"geometry":{"type":"Polygon","coordinates":[[[59.54962,36.35403],[59.54965,36.3543],[59.54968,36.35432],[59.55042,36.35428],[59.55045,36.35425],[59.5503,36.35373],[59.55016,36.35377],[59.55009,36.3537],[59.55002,36.35372],[59.54962,36.35403]]]}},{"type":"Feature","properties":{},"geometry":{"type":"Polygon","coordinates":[[[59.54903,36.35434],[59.54905,36.35436],[59.54953,36.35433],[59.54956,36.35431],[59.54955,36.35404],[59.54944,36.35398],[59.54903,36.35434]]]}},{"type":"Feature","properties":{},"geometry":{"type":"Polygon","coordinates":[[[59.6477,36.35858],[59.64676,36.35903],[59.6464,36.35941],[59.64658,36.3594],[59.64691,36.35912],[59.64781,36.35868],[59.64858,36.35837],[59.64918,36.35818],[59.6496,36.35773],[59.65002,36.35751],[59.65024,36.3574],[59.65061,36.35711],[59.6506,36.35687],[59.65038,36.35678],[59.65008,36.35726],[59.64946,36.3576],[59.6477,36.35858]]]}},{"type":"Feature","properties":{},"geometry":{"type":"Polygon","coordinates":[[[59.64026,36.36412],[59.64054,36.36428],[59.64123,36.36433],[59.64233,36.36419],[59.64268,36.36428],[59.64302,36.36433],[59.64335,36.36419],[59.64345,36.36395],[59.64346,36.3637],[59.64351,36.36342],[59.6436,36.36324],[59.64355,36.36317],[59.64294,36.36347],[59.64244,36.3636],[59.64153,36.3638],[59.64051,36.36402],[59.64026,36.36412]]]}},{"type":"Feature","properties":{},"geometry":{"type":"Polygon","coordinates":[[[59.6368,36.36503],[59.63692,36.36521],[59.6378,36.36534],[59.63825,36.3654],[59.63884,36.36523],[59.63898,36.36501],[59.63914,36.36488],[59.63951,36.36471],[59.63948,36.36454],[59.63848,36.36481],[59.63753,36.3649],[59.6368,36.36503]]]}},{"type":"Feature","properties":{},"geometry":{"type":"Polygon","coordinates":[[[59.65096,36.3559],[59.6514,36.35589],[59.6518,36.3562],[59.65209,36.35613],[59.65219,36.35602],[59.65277,36.35596],[59.65363,36.35571],[59.65422,36.3554],[59.65466,36.35509],[59.65483,36.35481],[59.65464,36.35458],[59.65465,36.35429],[59.65443,36.35406],[59.65423,36.35482],[59.65406,36.3553],[59.65361,36.35546],[59.65285,36.35537],[59.65224,36.35508],[59.65163,36.35486],[59.65136,36.35487],[59.65114,36.35508],[59.65106,36.35554],[59.65096,36.3559]]]}},{"type":"Feature","properties":{},"geometry":{"type":"Polygon","coordinates":[[[59.66529,36.34892],[59.66591,36.34961],[59.66595,36.35017],[59.66546,36.35048],[59.66485,36.35049],[59.66411,36.35017],[59.66312,36.35016],[59.66173,36.35054],[59.66083,36.351],[59.66072,36.3508],[59.6608,36.35071],[59.66136,36.35042],[59.66143,36.35033],[59.66164,36.35021],[59.66189,36.35012],[59.66207,36.34983],[59.66263,36.34978],[59.66336,36.34978],[59.66448,36.34952],[59.66497,36.34937],[59.66521,36.34908],[59.66529,36.34892]]]}},{"type":"Feature","properties":{},"geometry":{"type":"Polygon","coordinates":[[[59.67253,36.34275],[59.6731,36.34329],[59.67341,36.34369],[59.67254,36.34474],[59.67217,36.34466],[59.67138,36.34509],[59.67101,36.34562],[59.6699,36.34601],[59.66925,36.34637],[59.66888,36.34668],[59.66889,36.34696],[59.66871,36.34716],[59.66905,36.34745],[59.66838,36.34804],[59.66765,36.34933],[59.66752,36.34986],[59.66747,36.35008],[59.66683,36.35076],[59.66682,36.35077],[59.66634,36.35101],[59.66612,36.35088],[59.66554,36.35109],[59.66484,36.3511],[59.66393,36.3517],[59.66311,36.35117],[59.66249,36.35103],[59.66104,36.35151],[59.66094,36.3513],[59.66201,36.35077],[59.66329,36.35045],[59.66389,36.35045],[59.66492,36.35079],[59.66556,36.35071],[59.66625,36.35037],[59.66636,36.34991],[59.66615,36.34943],[59.66578,36.34902],[59.66563,36.34856],[59.66608,36.348],[59.66671,36.34736],[59.66757,36.34666],[59.66866,36.34601],[59.6693,36.34561],[59.6696,36.34508],[59.6701,36.34435],[59.6706,36.34367],[59.67123,36.34313],[59.67221,36.34276],[59.67253,36.34275]]]}},{"type":"Feature","properties":{},"geometry":{"type":"Polygon","coordinates":[[[59.70089,36.32719],[59.69971,36.32751],[59.6986,36.32762],[59.69783,36.32773],[59.69706,36.32814],[59.69661,36.32875],[59.6959,36.32947],[59.69493,36.33024],[59.69391,36.33144],[59.69272,36.3325],[59.69154,36.33331],[59.69068,36.33405],[59.68948,36.33485],[59.68859,36.33529],[59.68772,36.33547],[59.68698,36.33612],[59.6868,36.33635],[59.68604,36.33641],[59.68493,36.33613],[59.68424,36.33641],[59.68338,36.3369],[59.68262,36.33706],[59.68169,36.33715],[59.68042,36.33717],[59.67886,36.33754],[59.67784,36.33785],[59.67687,36.33812],[59.67607,36.3387],[59.67519,36.33928],[59.67505,36.33984],[59.67488,36.34088],[59.67401,36.34189],[59.67329,36.34245],[59.67323,36.34312],[59.67364,36.34332],[59.67439,36.34206],[59.67517,36.34108],[59.67525,36.34098],[59.67602,36.34007],[59.67702,36.33931],[59.67746,36.33905],[59.67813,36.33882],[59.67896,36.33876],[59.67933,36.3386],[59.67998,36.33826],[59.68059,36.33813],[59.6812,36.33811],[59.68177,36.33773],[59.68233,36.3375],[59.683,36.33721],[59.68377,36.33709],[59.68467,36.33699],[59.68524,36.3368],[59.68567,36.33659],[59.68635,36.3366],[59.687,36.33649],[59.68719,36.33636],[59.68755,36.3361],[59.68798,36.33576],[59.68862,36.33552],[59.6894,36.33546],[59.69027,36.33543],[59.69081,36.3354],[59.69142,36.33528],[59.69189,36.33501],[59.69229,36.33463],[59.69279,36.33409],[59.69318,36.33368],[59.69359,36.3336],[59.69416,36.33338],[59.69471,36.33285],[59.69528,36.33231],[59.69538,36.33192],[59.69551,36.33138],[59.69565,36.33087],[59.6959,36.33045],[59.69638,36.32998],[59.69679,36.32953],[59.69706,36.32924],[59.69739,36.32909],[59.69829,36.32889],[59.69839,36.32883],[59.69901,36.3285],[59.69955,36.32829],[59.70005,36.32831],[59.7005,36.32812],[59.7008,36.32751],[59.70089,36.32719]]]}},{"type":"Feature","properties":{},"geometry":{"type":"Polygon","coordinates":[[[59.64504,36.36006],[59.64541,36.35995],[59.64611,36.3593],[59.64656,36.35883],[59.64751,36.35835],[59.64812,36.35807],[59.64961,36.35709],[59.64979,36.35692],[59.65034,36.35574],[59.65073,36.35494],[59.65102,36.35453],[59.65143,36.35435],[59.65188,36.35447],[59.65277,36.3548],[59.65321,36.35491],[59.65352,36.35491],[59.65382,36.35469],[59.65404,36.35371],[59.65415,36.35286],[59.65378,36.35323],[59.65362,36.35364],[59.65358,36.35394],[59.65354,36.35429],[59.65345,36.3545],[59.6533,36.35461],[59.65311,36.35468],[59.65291,36.35466],[59.6526,36.35446],[59.65228,36.3543],[59.6518,36.35407],[59.65132,36.35395],[59.65084,36.35394],[59.65037,36.35411],[59.65004,36.35458],[59.64968,36.35511],[59.64918,36.35621],[59.64899,36.35667],[59.64881,36.35707],[59.64845,36.35763],[59.64803,36.35796],[59.64754,36.35807],[59.64726,36.35815],[59.64682,36.35841],[59.64641,36.35864],[59.64622,36.35885],[59.64546,36.35966],[59.64504,36.36006]]]}},{"type":"Feature","properties":{},"geometry":{"type":"Polygon","coordinates":[[[59.64288,36.36285],[59.64302,36.36294],[59.64314,36.36286],[59.64331,36.36258],[59.64347,36.36249],[59.64376,36.36234],[59.64389,36.36223],[59.64398,36.3619],[59.64401,36.36162],[59.64417,36.36133],[59.64437,36.36103],[59.64448,36.36071],[59.64463,36.36041],[59.64504,36.36006],[59.64546,36.35966],[59.64534,36.35947],[59.6448,36.35994],[59.64455,36.36023],[59.64432,36.36057],[59.64385,36.36138],[59.64367,36.36196],[59.64296,36.36272],[59.64288,36.36285]]]}},{"type":"Feature","properties":{},"geometry":{"type":"Polygon","coordinates":[[[59.63654,36.36473],[59.63694,36.36483],[59.63883,36.36452],[59.63952,36.36422],[59.63986,36.36386],[59.64033,36.36371],[59.64221,36.36328],[59.64185,36.36319],[59.64118,36.36319],[59.64052,36.36324],[59.63989,36.36324],[59.63933,36.36325],[59.6388,36.36365],[59.63866,36.36396],[59.63858,36.36414],[59.63849,36.36433],[59.63803,36.36452],[59.63696,36.36463],[59.63654,36.36473]]]}},{"type":"Feature","properties":{},"geometry":{"type":"Polygon","coordinates":[[[59.58408,36.39082],[59.58449,36.3914],[59.58529,36.39192],[59.58593,36.39203],[59.58675,36.39203],[59.58712,36.392],[59.58749,36.39235],[59.58767,36.39274],[59.58773,36.39352],[59.58744,36.39418],[59.58653,36.39501],[59.5854,36.39581],[59.58469,36.39632],[59.58417,36.3966],[59.583,36.39671],[59.58203,36.39675],[59.58083,36.39703],[59.58035,36.39717],[59.5802,36.39679],[59.58034,36.39633],[59.58167,36.39645],[59.58293,36.39641],[59.5839,36.39581],[59.58463,36.39559],[59.5848,36.39524],[59.5857,36.39429],[59.58596,36.39398],[59.5859,36.39348],[59.58593,36.39328],[59.58568,36.39296],[59.58472,36.39241],[59.58456,36.39209],[59.58426,36.39183],[59.58399,36.3915],[59.58408,36.39082]]]}},{"type":"Feature","properties":{},"geometry":{"type":"Polygon","coordinates":[[[59.59509,36.38204],[59.59483,36.38253],[59.59427,36.38292],[59.5937,36.38336],[59.59328,36.38356],[59.5925,36.38384],[59.59189,36.38409],[59.59164,36.38441],[59.59107,36.38506],[59.59075,36.38527],[59.59038,36.38549],[59.58992,36.38584],[59.58968,36.38627],[59.58952,36.38675],[59.58948,36.38759],[59.58929,36.38854],[59.58923,36.38907],[59.58918,36.38937],[59.58895,36.38967],[59.58857,36.38979],[59.58795,36.38983],[59.5875,36.38972],[59.5872,36.38945],[59.58683,36.38923],[59.5867,36.38921],[59.58693,36.38904],[59.58742,36.38922],[59.58796,36.38919],[59.58828,36.38905],[59.58856,36.38857],[59.58893,36.38818],[59.58938,36.38679],[59.58939,36.38622],[59.59043,36.38488],[59.59063,36.38441],[59.59117,36.38383],[59.59157,36.38368],[59.59215,36.38376],[59.59438,36.38248],[59.59509,36.38204]]]}},{"type":"Feature","properties":{},"geometry":{"type":"Polygon","coordinates":[[[59.59903,36.38274],[59.59868,36.38284],[59.59798,36.38265],[59.59726,36.38265],[59.59609,36.38275],[59.59528,36.383],[59.59453,36.38347],[59.59427,36.38363],[59.59322,36.38427],[59.59203,36.38502],[59.59168,36.38538],[59.5916,36.38577],[59.59166,36.38614],[59.59152,36.38643],[59.59083,36.38713],[59.59031,36.38766],[59.59006,36.38801],[59.58992,36.38851],[59.58992,36.38898],[59.58992,36.3895],[59.58988,36.38993],[59.58962,36.39023],[59.58923,36.39037],[59.58864,36.39039],[59.58829,36.39046],[59.58776,36.39055],[59.58733,36.39054],[59.58704,36.39047],[59.58652,36.39052],[59.5862,36.39069],[59.58609,36.3909],[59.58627,36.39108],[59.58653,36.39126],[59.587,36.39126],[59.58741,36.39123],[59.58793,36.39151],[59.5886,36.39161],[59.58866,36.39197],[59.58873,36.39238],[59.58859,36.39275],[59.58851,36.39329],[59.58857,36.39357],[59.58903,36.39413],[59.58893,36.39471],[59.58849,36.39519],[59.58812,36.39536],[59.58746,36.39571],[59.58709,36.39589],[59.58672,36.39607],[59.58568,36.39675],[59.58458,36.39736],[59.58395,36.39757],[59.5834,36.39757],[59.58283,36.3976],[59.58218,36.39786],[59.58181,36.39812],[59.58109,36.39813],[59.58078,36.39784],[59.58074,36.39752],[59.58113,36.39727],[59.58165,36.39716],[59.58247,36.39707],[59.583,36.39709],[59.58359,36.39712],[59.58424,36.39701],[59.58495,36.39673],[59.58577,36.39631],[59.5869,36.39546],[59.58793,36.39451],[59.58823,36.39386],[59.5883,36.39325],[59.58822,36.39255],[59.58804,36.39213],[59.58748,36.39173],[59.58708,36.39155],[59.58635,36.39157],[59.58579,36.39163],[59.58512,36.3913],[59.58493,36.39104],[59.58491,36.39079],[59.58586,36.38974],[59.58638,36.38962],[59.58685,36.38976],[59.58744,36.38999],[59.58801,36.39008],[59.58853,36.39008],[59.58889,36.39002],[59.58941,36.38976],[59.58972,36.38947],[59.58974,36.38887],[59.58979,36.38803],[59.59005,36.38705],[59.59025,36.3864],[59.59067,36.38583],[59.59116,36.38545],[59.5917,36.38506],[59.59223,36.38457],[59.59279,36.38412],[59.59357,36.38377],[59.59446,36.38335],[59.59517,36.38279],[59.59566,36.38245],[59.59615,36.38229],[59.59661,36.38223],[59.59718,36.38225],[59.59819,36.38245],[59.59903,36.38274]]]}},{"type":"Feature","properties":{},"geometry":{"type":"Polygon","coordinates":[[[59.60305,36.38097],[59.60324,36.38124],[59.60312,36.38171],[59.60317,36.38205],[59.60285,36.38267],[59.6024,36.38293],[59.60177,36.38311],[59.60122,36.38308],[59.60071,36.38301],[59.59996,36.38306],[59.59969,36.38293],[59.59957,36.38281],[59.60112,36.38286],[59.60159,36.38275],[59.60187,36.38253],[59.60263,36.38186],[59.60293,36.38135],[59.60305,36.38097]]]}},{"type":"Feature","properties":{},"geometry":{"type":"Polygon","coordinates":[[[59.60469,36.37923],[59.60489,36.37978],[59.60397,36.37978],[59.60317,36.38018],[59.60269,36.3807],[59.60246,36.38145],[59.60227,36.38156],[59.6024,36.38083],[59.60287,36.37999],[59.60469,36.37923]]]}},{"type":"Feature","properties":{},"geometry":{"type":"Polygon","coordinates":[[[59.66606,36.18152],[59.66728,36.1807],[59.66735,36.18059],[59.66733,36.18046],[59.66728,36.18037],[59.66715,36.18022],[59.66689,36.17996],[59.66667,36.17985],[59.66644,36.17979],[59.66617,36.1798],[59.66606,36.17983],[59.66482,36.18064],[59.66478,36.18074],[59.66479,36.18081],[59.66518,36.18126],[59.66528,36.18127],[59.66538,36.18126],[59.66562,36.18111],[59.66567,36.18109],[59.66571,36.18111],[59.66606,36.18152]]]}},{"type":"Feature","properties":{},"geometry":{"type":"Polygon","coordinates":[[[59.66875,36.17967],[59.67279,36.17705],[59.6724,36.1768],[59.67204,36.1766],[59.67157,36.17651],[59.67118,36.17656],[59.66774,36.17878],[59.66771,36.17885],[59.66774,36.17892],[59.66861,36.17965],[59.66868,36.17967],[59.66875,36.17967]]]}},{"type":"Feature","properties":{},"geometry":{"type":"Polygon","coordinates":[[[59.69837,36.16125],[59.69796,36.16102],[59.6983,36.16079],[59.69833,36.16079],[59.69839,36.16081],[59.69843,36.16083],[59.69891,36.16138],[59.69903,36.16146],[59.70046,36.16212],[59.69957,36.16333],[59.69878,36.16295],[59.69936,36.16212],[59.69876,36.16184],[59.69898,36.16154],[59.6985,36.16131],[59.69765,36.16241],[59.69664,36.16193],[59.69669,36.16182],[59.69702,36.16161],[59.69708,36.1616],[59.69714,36.16162],[59.69734,36.16173],[59.69717,36.16189],[59.69725,36.16211],[59.69747,36.16222],[59.69769,36.16193],[59.69781,36.16199],[59.69837,36.16125]]]}},{"type":"Feature","properties":{},"geometry":{"type":"Polygon","coordinates":[[[59.17011,36.57129],[59.16969,36.57121],[59.16964,36.57138],[59.17006,36.57146],[59.17011,36.57129]]]}},{"type":"Feature","properties":{},"geometry":{"type":"Polygon","coordinates":[[[59.16794,36.56815],[59.16788,36.56834],[59.16831,36.56842],[59.16837,36.56823],[59.16794,36.56815]]]}},{"type":"Feature","properties":{},"geometry":{"type":"Polygon","coordinates":[[[59.21908,36.58882],[59.21864,36.58835],[59.21884,36.58818],[59.21918,36.58845],[59.21933,36.58864],[59.21908,36.58882]]]}},{"type":"Feature","properties":{},"geometry":{"type":"Polygon","coordinates":[[[59.2181,36.59134],[59.21692,36.59072],[59.21723,36.59049],[59.2175,36.59051],[59.21868,36.59108],[59.21847,36.59124],[59.2181,36.59134]]]}},{"type":"Feature","properties":{},"geometry":{"type":"Polygon","coordinates":[[[59.70786,36.31858],[59.70905,36.31839],[59.70938,36.31825],[59.70989,36.31834],[59.70935,36.31766],[59.70823,36.31812],[59.70786,36.31858]]]}},{"type":"Feature","properties":{},"geometry":{"type":"Polygon","coordinates":[[[59.70582,36.32108],[59.70699,36.32122],[59.7073,36.32041],[59.70727,36.31993],[59.70765,36.31886],[59.70705,36.31946],[59.70582,36.32108]]]}},{"type":"Feature","properties":{},"geometry":{"type":"Polygon","coordinates":[[[59.70519,36.32077],[59.70762,36.31793],[59.70882,36.31723],[59.70839,36.31654],[59.70754,36.31651],[59.70698,36.31673],[59.70666,36.31721],[59.70602,36.31839],[59.70546,36.31872],[59.70537,36.31904],[59.70552,36.31959],[59.70552,36.31988],[59.70519,36.32077]]]}},{"type":"Feature","properties":{},"geometry":{"type":"Polygon","coordinates":[[[59.70275,36.3256],[59.70566,36.32134],[59.70694,36.32154],[59.70683,36.32225],[59.7068,36.32255],[59.7062,36.32286],[59.70548,36.32328],[59.70493,36.32353],[59.70443,36.32399],[59.7041,36.32432],[59.70345,36.32474],[59.70318,36.32516],[59.70283,36.32558],[59.70275,36.3256]]]}},{"type":"Feature","properties":{},"geometry":{"type":"Polygon","coordinates":[[[59.70162,36.32472],[59.70219,36.32514],[59.70519,36.32137],[59.70501,36.32107],[59.70476,36.32112],[59.70413,36.32169],[59.70371,36.32237],[59.7032,36.3228],[59.70255,36.32305],[59.70209,36.32352],[59.70209,36.32385],[59.70193,36.32437],[59.70162,36.32472]]]}},{"type":"Feature","properties":{},"geometry":{"type":"Polygon","coordinates":[[[59.45116,36.28689],[59.45177,36.28726],[59.45136,36.28744],[59.45082,36.28793],[59.45034,36.28829],[59.44996,36.28863],[59.44961,36.2891],[59.44955,36.28959],[59.44896,36.28973],[59.44858,36.28988],[59.44836,36.29014],[59.44815,36.29047],[59.44793,36.29067],[59.44755,36.29094],[59.44737,36.29125],[59.4474,36.29158],[59.44747,36.29172],[59.44753,36.29213],[59.44735,36.29226],[59.44739,36.29244],[59.44731,36.29253],[59.44733,36.29266],[59.44723,36.29275],[59.44723,36.29293],[59.44723,36.2932],[59.44674,36.29376],[59.44666,36.29378],[59.44654,36.29376],[59.44642,36.29375],[59.44628,36.29385],[59.44619,36.29397],[59.44574,36.29445],[59.44561,36.29483],[59.44521,36.29493],[59.44504,36.29491],[59.4449,36.295],[59.44477,36.29481],[59.44439,36.29514],[59.44417,36.29553],[59.44379,36.29549],[59.44351,36.29525],[59.44344,36.29492],[59.4433,36.29447],[59.44343,36.29397],[59.44395,36.29366],[59.4442,36.29338],[59.44467,36.29314],[59.44482,36.29299],[59.44523,36.29282],[59.44556,36.29269],[59.44575,36.29258],[59.44613,36.29239],[59.44645,36.29217],[59.44655,36.292],[59.44664,36.29175],[59.44671,36.29155],[59.44677,36.29122],[59.44702,36.29093],[59.44721,36.29073],[59.44732,36.29058],[59.44742,36.29047],[59.44769,36.29031],[59.44789,36.29021],[59.4481,36.29007],[59.4483,36.28961],[59.44866,36.2891],[59.44901,36.2887],[59.44975,36.28807],[59.45017,36.28782],[59.45045,36.28769],[59.45077,36.28749],[59.45092,36.28727],[59.45108,36.28705],[59.45116,36.28689]]]}},{"type":"Feature","properties":{},"geometry":{"type":"Polygon","coordinates":[[[59.45201,36.28729],[59.4517,36.28769],[59.45146,36.28801],[59.45095,36.28838],[59.45058,36.28871],[59.45039,36.28906],[59.45039,36.28954],[59.44981,36.29003],[59.44968,36.29036],[59.44978,36.29062],[59.44912,36.29085],[59.44872,36.29095],[59.44883,36.29122],[59.44905,36.29143],[59.44923,36.29156],[59.44903,36.29185],[59.44897,36.29225],[59.44885,36.29261],[59.44849,36.29283],[59.44845,36.29306],[59.44818,36.29311],[59.44784,36.29306],[59.44754,36.29311],[59.44761,36.29288],[59.44787,36.2925],[59.44807,36.29215],[59.44827,36.29165],[59.44822,36.29143],[59.4482,36.29106],[59.44835,36.29082],[59.44863,36.29055],[59.44896,36.2904],[59.44929,36.29014],[59.44951,36.28984],[59.4496,36.28962],[59.44968,36.28942],[59.44971,36.28915],[59.45002,36.28871],[59.45056,36.2882],[59.45085,36.28798],[59.45111,36.28775],[59.45134,36.28756],[59.45158,36.28738],[59.4518,36.2873],[59.45201,36.28729]]]}},{"type":"Feature","properties":{},"geometry":{"type":"Polygon","coordinates":[[[59.45122,36.28935],[59.45184,36.289],[59.45324,36.28768],[59.45283,36.28759],[59.45249,36.28784],[59.45209,36.28811],[59.45173,36.28846],[59.45148,36.28871],[59.4511,36.28895],[59.451,36.28916],[59.45122,36.28935]]]}},{"type":"Feature","properties":{},"geometry":{"type":"Polygon","coordinates":[[[59.44467,36.29719],[59.44497,36.29727],[59.44523,36.29707],[59.44541,36.29706],[59.44531,36.29722],[59.44505,36.29749],[59.44517,36.29769],[59.44534,36.29785],[59.44554,36.2978],[59.44584,36.29743],[59.44616,36.29722],[59.44629,36.2973],[59.44626,36.29747],[59.44599,36.29785],[59.44598,36.29809],[59.44627,36.29788],[59.4466,36.29738],[59.44694,36.29702],[59.44702,36.29677],[59.44716,36.29645],[59.44747,36.29613],[59.4477,36.2957],[59.44796,36.29536],[59.44772,36.2954],[59.44742,36.29564],[59.4471,36.29564],[59.44688,36.29549],[59.44622,36.29527],[59.44589,36.29565],[59.44556,36.29597],[59.44503,36.29632],[59.44468,36.29672],[59.44461,36.29693],[59.44475,36.29703],[59.44467,36.29719]]]}},{"type":"Feature","properties":{},"geometry":{"type":"Polygon","coordinates":[[[59.44063,36.30158],[59.4407,36.30166],[59.44085,36.3017],[59.44103,36.30165],[59.44138,36.30135],[59.44178,36.3011],[59.44205,36.30107],[59.44239,36.30115],[59.44277,36.30136],[59.44301,36.30143],[59.44326,36.30135],[59.44361,36.30108],[59.44402,36.30071],[59.44438,36.30045],[59.44458,36.30019],[59.44504,36.29975],[59.44534,36.29958],[59.44544,36.29939],[59.44522,36.29931],[59.44478,36.29931],[59.44473,36.29916],[59.44496,36.29884],[59.44475,36.29869],[59.44426,36.29906],[59.44377,36.29922],[59.44314,36.29887],[59.44288,36.29936],[59.44244,36.29932],[59.44187,36.29924],[59.44085,36.29878],[59.44065,36.29918],[59.44048,36.29999],[59.44057,36.30039],[59.44059,36.30073],[59.44063,36.30128],[59.44063,36.30158]]]}},{"type":"Feature","properties":{},"geometry":{"type":"Polygon","coordinates":[[[59.44703,36.30029],[59.44699,36.30051],[59.44706,36.30062],[59.44728,36.30059],[59.44771,36.30041],[59.44814,36.3],[59.44863,36.29962],[59.44967,36.299],[59.45014,36.29875],[59.45063,36.29829],[59.45103,36.29766],[59.45109,36.29736],[59.45078,36.29738],[59.45044,36.29773],[59.4501,36.29795],[59.4496,36.29809],[59.44933,36.29827],[59.44931,36.29851],[59.44903,36.29869],[59.44893,36.29888],[59.44883,36.29923],[59.44837,36.29929],[59.44808,36.29964],[59.44793,36.2998],[59.44756,36.29991],[59.44752,36.29951],[59.44745,36.2992],[59.44731,36.29912],[59.44701,36.29931],[59.44654,36.29951],[59.44625,36.29944],[59.44597,36.29967],[59.44692,36.29961],[59.44709,36.29977],[59.4471,36.29993],[59.4471,36.30016],[59.44703,36.30029]]]}},{"type":"Feature","properties":{},"geometry":{"type":"Polygon","coordinates":[[[59.4519,36.30097],[59.45246,36.30047],[59.45132,36.30006],[59.45079,36.29952],[59.45044,36.29925],[59.44997,36.29921],[59.44935,36.29936],[59.44852,36.29993],[59.44772,36.30069],[59.44739,36.30086],[59.44717,36.30089],[59.44698,36.30082],[59.44686,36.30066],[59.4468,36.30051],[59.4469,36.30013],[59.44694,36.29993],[59.44685,36.29984],[59.44672,36.29982],[59.44639,36.29984],[59.44528,36.29987],[59.44478,36.30012],[59.44447,36.30057],[59.44373,36.30119],[59.44333,36.3015],[59.44308,36.30159],[59.44276,36.30153],[59.44229,36.30128],[59.44195,36.30123],[59.44159,36.30138],[59.44117,36.30174],[59.44095,36.30194],[59.44083,36.30216],[59.44146,36.30233],[59.44151,36.30265],[59.44203,36.30273],[59.44216,36.30223],[59.44284,36.30223],[59.44428,36.30205],[59.44481,36.30117],[59.44517,36.30106],[59.44537,36.30112],[59.4458,36.30102],[59.4459,36.30094],[59.44639,36.30114],[59.44672,36.30126],[59.44681,36.30153],[59.44719,36.30153],[59.44816,36.30165],[59.4489,36.30155],[59.44955,36.30135],[59.45086,36.30092],[59.45155,36.30092],[59.4519,36.30097]]]}},{"type":"Feature","properties":{},"geometry":{"type":"Polygon","coordinates":[[[59.45259,36.30249],[59.45358,36.30224],[59.45345,36.30194],[59.45346,36.30164],[59.45371,36.30145],[59.45417,36.30146],[59.45449,36.30148],[59.45469,36.30141],[59.45525,36.30111],[59.45523,36.30104],[59.45506,36.30107],[59.45465,36.30129],[59.45438,36.30142],[59.45431,36.30135],[59.45415,36.30135],[59.45393,36.30128],[59.45378,36.30105],[59.45412,36.30075],[59.4545,36.30076],[59.45453,36.30096],[59.45544,36.30097],[59.45546,36.30103],[59.45551,36.30106],[59.45562,36.30101],[59.45573,36.30067],[59.45578,36.30041],[59.45572,36.30023],[59.45537,36.29997],[59.45504,36.29984],[59.45489,36.29996],[59.4547,36.29993],[59.45463,36.29984],[59.4541,36.2999],[59.45357,36.30015],[59.45294,36.30043],[59.45276,36.30049],[59.45246,36.30047],[59.4519,36.30097],[59.45224,36.30197],[59.45259,36.30249]]]}},{"type":"Feature","properties":{},"geometry":{"type":"Polygon","coordinates":[[[59.46469,36.31147],[59.4651,36.31137],[59.46534,36.31106],[59.4657,36.31049],[59.466,36.30996],[59.46617,36.30966],[59.46655,36.30919],[59.46682,36.30862],[59.46701,36.30788],[59.46713,36.30731],[59.46713,36.30696],[59.46685,36.30584],[59.46692,36.30462],[59.46677,36.30383],[59.46676,36.30346],[59.46658,36.30331],[59.46503,36.30311],[59.46469,36.30334],[59.4646,36.30346],[59.46447,36.30366],[59.46432,36.30377],[59.46394,36.30395],[59.4638,36.30404],[59.46363,36.30425],[59.46345,36.30441],[59.46337,36.30457],[59.46332,36.30487],[59.46324,36.305],[59.46304,36.30512],[59.46262,36.30538],[59.46247,36.3055],[59.46232,36.30569],[59.46221,36.30575],[59.46206,36.30593],[59.4618,36.30643],[59.46173,36.30661],[59.46173,36.30673],[59.46185,36.30707],[59.46186,36.30722],[59.46181,36.30734],[59.4615,36.30783],[59.4614,36.30801],[59.46132,36.30811],[59.46148,36.30842],[59.46157,36.30868],[59.46204,36.30956],[59.46265,36.31013],[59.46298,36.31058],[59.46334,36.31077],[59.46375,36.31077],[59.46416,36.31098],[59.46469,36.31147]]]}},{"type":"Feature","properties":{},"geometry":{"type":"Polygon","coordinates":[[[59.45852,36.31621],[59.45918,36.31635],[59.45987,36.31595],[59.46029,36.31566],[59.46068,36.31548],[59.46116,36.31544],[59.46154,36.31556],[59.46201,36.31586],[59.46208,36.31627],[59.46167,36.31653],[59.46129,36.31676],[59.46127,36.31732],[59.46082,36.31764],[59.46077,36.31794],[59.46109,36.31811],[59.46142,36.31827],[59.46208,36.31826],[59.4623,36.31819],[59.46169,36.3176],[59.46266,36.31693],[59.46284,36.31677],[59.46299,36.31656],[59.46335,36.31611],[59.46361,36.3156],[59.46373,36.3151],[59.46389,36.3144],[59.46372,36.31418],[59.46387,36.31374],[59.46401,36.31328],[59.46403,36.31295],[59.46453,36.3127],[59.4646,36.3124],[59.4647,36.31202],[59.46441,36.31141],[59.46394,36.31099],[59.46346,36.31087],[59.46323,36.31094],[59.46302,36.31152],[59.46269,36.31173],[59.46292,36.31213],[59.46283,36.31262],[59.46299,36.31287],[59.4623,36.31347],[59.46205,36.31323],[59.46192,36.31268],[59.46167,36.31233],[59.46118,36.31244],[59.46087,36.31235],[59.46069,36.31253],[59.46025,36.31229],[59.46021,36.31198],[59.46009,36.31173],[59.45987,36.3116],[59.45974,36.31177],[59.4597,36.31222],[59.45949,36.31244],[59.45913,36.3125],[59.4595,36.31274],[59.45953,36.31296],[59.4596,36.31316],[59.4594,36.31357],[59.45973,36.3142],[59.45998,36.31443],[59.45986,36.31462],[59.45954,36.31482],[59.45915,36.31471],[59.45902,36.3149],[59.45937,36.31499],[59.45912,36.31514],[59.4588,36.31519],[59.45895,36.31541],[59.45858,36.31546],[59.45829,36.31568],[59.45857,36.31584],[59.45852,36.31621]]]}},{"type":"Feature","properties":{},"geometry":{"type":"Polygon","coordinates":[[[59.45522,36.30896],[59.45529,36.30903],[59.45539,36.30903],[59.45548,36.30899],[59.45574,36.3088],[59.45593,36.3086],[59.45607,36.3085],[59.4566,36.30831],[59.45677,36.30819],[59.45677,36.30811],[59.45677,36.30798],[59.45685,36.30779],[59.45692,36.30771],[59.45701,36.30767],[59.45718,36.30767],[59.45729,36.30765],[59.45739,36.30762],[59.45751,36.30754],[59.45759,36.30748],[59.45767,36.30747],[59.45775,36.30749],[59.45781,36.30754],[59.45786,36.30766],[59.45789,36.30782],[59.45793,36.30802],[59.45796,36.30807],[59.45802,36.30811],[59.45811,36.30809],[59.4582,36.30806],[59.45829,36.308],[59.45848,36.30785],[59.45864,36.30779],[59.45882,36.30773],[59.45904,36.30763],[59.45923,36.3075],[59.45931,36.30744],[59.45934,36.30738],[59.45934,36.30732],[59.4593,36.30722],[59.45927,36.30714],[59.45927,36.30705],[59.45932,36.30698],[59.45943,36.30694],[59.45956,36.30693],[59.45989,36.30693],[59.45995,36.30691],[59.46003,36.30685],[59.46007,36.30677],[59.46011,36.30656],[59.46013,36.30649],[59.46019,36.30644],[59.46028,36.30642],[59.4604,36.30644],[59.46061,36.3065],[59.46072,36.30651],[59.46081,36.30647],[59.46088,36.3064],[59.46094,36.3063],[59.46101,36.30615],[59.46108,36.30606],[59.46124,36.30602],[59.4614,36.30599],[59.46178,36.30583],[59.46217,36.30569],[59.4623,36.30562],[59.46246,36.30543],[59.46223,36.30541],[59.46191,36.30549],[59.46167,36.30558],[59.46143,36.30554],[59.46137,36.3055],[59.46113,36.30546],[59.46095,36.30548],[59.46087,36.30559],[59.46061,36.30562],[59.46032,36.30559],[59.46008,36.3056],[59.45994,36.30557],[59.45972,36.30549],[59.45947,36.30554],[59.45944,36.3057],[59.45922,36.30572],[59.45905,36.30579],[59.45886,36.30594],[59.45882,36.30605],[59.4588,36.30625],[59.45851,36.30651],[59.45822,36.30666],[59.45794,36.30672],[59.45775,36.30662],[59.4576,36.30659],[59.45732,36.30685],[59.45699,36.30693],[59.45672,36.30672],[59.45722,36.30632],[59.45684,36.30621],[59.45685,36.30597],[59.45684,36.30577],[59.45682,36.30559],[59.45674,36.30537],[59.45662,36.30526],[59.45646,36.30527],[59.45624,36.30507],[59.45615,36.30489],[59.45612,36.30477],[59.45649,36.30405],[59.45642,36.30397],[59.45617,36.30432],[59.45601,36.30469],[59.45603,36.3049],[59.45611,36.30509],[59.45603,36.30515],[59.45598,36.30501],[59.45597,36.30484],[59.45592,36.3048],[59.45585,36.30483],[59.45576,36.30503],[59.45569,36.30496],[59.45569,36.30487],[59.456,36.3044],[59.4557,36.30466],[59.45558,36.30479],[59.45553,36.30495],[59.45558,36.30515],[59.45572,36.30561],[59.4558,36.30575],[59.45593,36.30588],[59.45599,36.306],[59.45598,36.30611],[59.4559,36.30641],[59.45591,36.3066],[59.4561,36.30695],[59.45614,36.30712],[59.45612,36.30731],[59.45601,36.30756],[59.45593,36.30767],[59.45583,36.30778],[59.45554,36.30802],[59.45546,36.30815],[59.45534,36.30834],[59.45519,36.30855],[59.45517,36.30878],[59.45522,36.30896]]]}},{"type":"Feature","properties":{},"geometry":{"type":"Polygon","coordinates":[[[59.45465,36.30959],[59.45463,36.30966],[59.4552,36.30978],[59.45546,36.30992],[59.45599,36.30993],[59.45619,36.31001],[59.45672,36.30999],[59.45687,36.31003],[59.45707,36.31002],[59.45738,36.30964],[59.45745,36.30941],[59.45729,36.30944],[59.45718,36.30944],[59.457,36.30941],[59.45681,36.3094],[59.45651,36.30942],[59.45632,36.30938],[59.45608,36.30931],[59.45585,36.30928],[59.45539,36.30916],[59.45525,36.30918],[59.45511,36.30928],[59.45492,36.30942],[59.45473,36.30951],[59.45465,36.30959]]]}},{"type":"Feature","properties":{},"geometry":{"type":"Polygon","coordinates":[[[59.45552,36.30915],[59.45585,36.30923],[59.45609,36.30928],[59.45636,36.30935],[59.45651,36.30938],[59.45684,36.30937],[59.457,36.30938],[59.45719,36.3094],[59.45731,36.3094],[59.4575,36.30934],[59.45768,36.30932],[59.45795,36.30931],[59.45823,36.30927],[59.45842,36.30927],[59.45861,36.30932],[59.45874,36.30932],[59.45888,36.30929],[59.45902,36.30922],[59.45915,36.30914],[59.45925,36.30904],[59.45938,36.3089],[59.45962,36.30869],[59.45985,36.30867],[59.46033,36.30854],[59.46065,36.30841],[59.46099,36.30826],[59.46117,36.30813],[59.46128,36.30806],[59.46136,36.30796],[59.46144,36.30779],[59.46176,36.30728],[59.46178,36.30718],[59.46176,36.30709],[59.46165,36.30678],[59.46161,36.30662],[59.46164,36.30652],[59.46177,36.30633],[59.46194,36.306],[59.46198,36.30582],[59.46164,36.30596],[59.46141,36.30605],[59.46125,36.30609],[59.46115,36.30613],[59.46107,36.30621],[59.46092,36.30645],[59.46086,36.30652],[59.46076,36.30656],[59.46065,36.30658],[59.46041,36.30651],[59.46034,36.30649],[59.46027,36.30649],[59.46019,36.30653],[59.46016,36.3066],[59.46013,36.30682],[59.46009,36.3069],[59.46002,36.30696],[59.45991,36.30698],[59.45955,36.307],[59.45944,36.30702],[59.45937,36.30706],[59.45934,36.30714],[59.45944,36.30732],[59.45943,36.30739],[59.45938,36.30747],[59.45902,36.30771],[59.45885,36.30778],[59.45863,36.30785],[59.45851,36.3079],[59.45843,36.30796],[59.45821,36.30813],[59.45811,36.30818],[59.458,36.30819],[59.45792,36.30814],[59.45786,36.30805],[59.45782,36.3078],[59.45779,36.30769],[59.45776,36.30762],[59.45772,36.30756],[59.45767,36.30755],[59.45762,36.30755],[59.45756,36.30758],[59.45744,36.30767],[59.45732,36.3077],[59.45705,36.30772],[59.45697,36.30775],[59.45691,36.3078],[59.45688,36.30791],[59.45686,36.30813],[59.45684,36.30823],[59.45677,36.30831],[59.45662,36.30837],[59.45621,36.30849],[59.45608,36.30856],[59.45597,36.30864],[59.45579,36.30882],[59.45541,36.3091],[59.45552,36.30915]]]}},{"type":"Feature","properties":{},"geometry":{"type":"Polygon","coordinates":[[[59.45581,36.30058],[59.4557,36.30091],[59.45565,36.30106],[59.45544,36.30111],[59.45528,36.30115],[59.45489,36.30136],[59.45456,36.30151],[59.45447,36.30169],[59.45453,36.30176],[59.45437,36.30194],[59.45411,36.30205],[59.45411,36.30225],[59.45428,36.30273],[59.45466,36.30299],[59.45542,36.30313],[59.45669,36.30353],[59.45696,36.30332],[59.45733,36.30309],[59.45745,36.30297],[59.4575,36.30287],[59.45751,36.30271],[59.45749,36.30253],[59.45745,36.30236],[59.45737,36.30226],[59.45729,36.3022],[59.45719,36.30217],[59.4566,36.30213],[59.45639,36.30209],[59.45627,36.30201],[59.45621,36.3019],[59.45614,36.30175],[59.45607,36.30121],[59.4559,36.30058],[59.45581,36.30058]]]}},{"type":"Feature","properties":{},"geometry":{"type":"Polygon","coordinates":[[[59.46911,36.28599],[59.46953,36.28557],[59.46967,36.2853],[59.46976,36.28509],[59.46992,36.28475],[59.47004,36.28454],[59.47002,36.28444],[59.46978,36.28443],[59.46958,36.28434],[59.46939,36.28429],[59.46909,36.28426],[59.46881,36.28404],[59.46862,36.28386],[59.46835,36.28373],[59.46799,36.28352],[59.46767,36.28337],[59.46712,36.28303],[59.46672,36.2829],[59.46639,36.2826],[59.46626,36.28241],[59.46609,36.28264],[59.46545,36.28279],[59.46499,36.28303],[59.46549,36.28337],[59.46579,36.28355],[59.46608,36.28366],[59.46686,36.28403],[59.46704,36.28421],[59.46708,36.28447],[59.46749,36.28481],[59.46768,36.2852],[59.46778,36.2854],[59.46818,36.28561],[59.46855,36.2858],[59.46911,36.28599]]]}},{"type":"Feature","properties":{},"geometry":{"type":"Polygon","coordinates":[[[59.47517,36.28021],[59.4752,36.28038],[59.47554,36.28072],[59.47571,36.28121],[59.47575,36.28153],[59.4756,36.28192],[59.47557,36.28222],[59.47546,36.28246],[59.4752,36.28269],[59.47494,36.28283],[59.47457,36.2829],[59.47427,36.28301],[59.47378,36.28318],[59.47328,36.28329],[59.47275,36.28337],[59.47228,36.28349],[59.4719,36.28357],[59.47143,36.28373],[59.47094,36.2838],[59.47071,36.28391],[59.47024,36.2842],[59.47009,36.28434],[59.46983,36.28436],[59.46968,36.28427],[59.46947,36.28419],[59.46911,36.28415],[59.46894,36.28398],[59.46867,36.28382],[59.46782,36.28327],[59.46889,36.28295],[59.46907,36.28215],[59.46898,36.28194],[59.4686,36.28177],[59.46865,36.28124],[59.46801,36.28155],[59.4678,36.28206],[59.46704,36.28215],[59.46678,36.28202],[59.4667,36.28163],[59.46674,36.28121],[59.46719,36.28099],[59.46832,36.28113],[59.46825,36.28057],[59.46929,36.28048],[59.47005,36.28023],[59.46965,36.27986],[59.46999,36.27964],[59.47009,36.27951],[59.47051,36.2796],[59.47098,36.27972],[59.4716,36.27983],[59.47203,36.27968],[59.47261,36.27958],[59.47327,36.27953],[59.47344,36.27941],[59.47407,36.27934],[59.47432,36.27921],[59.47487,36.27896],[59.47524,36.27891],[59.47549,36.27893],[59.4757,36.27913],[59.4759,36.27928],[59.47631,36.27926],[59.47647,36.27929],[59.47647,36.27942],[59.47636,36.27959],[59.47622,36.27974],[59.47582,36.27987],[59.4754,36.28006],[59.4752,36.28014],[59.47517,36.28021]]]}},{"type":"Feature","properties":{},"geometry":{"type":"Polygon","coordinates":[[[59.45882,36.28365],[59.45918,36.28403],[59.45918,36.28424],[59.45876,36.28465],[59.45831,36.28489],[59.45801,36.28517],[59.45784,36.28553],[59.45762,36.28587],[59.45742,36.28612],[59.45727,36.28631],[59.45758,36.28651],[59.45765,36.28676],[59.45742,36.2868],[59.45691,36.28659],[59.45684,36.28639],[59.45702,36.28624],[59.45711,36.28614],[59.457,36.28599],[59.45697,36.28588],[59.45704,36.28571],[59.45696,36.28558],[59.45681,36.28554],[59.45663,36.28551],[59.45685,36.28526],[59.45713,36.28507],[59.45732,36.28496],[59.45762,36.28463],[59.45811,36.28427],[59.45822,36.28406],[59.45862,36.28371],[59.45882,36.28365]]]}},{"type":"Feature","properties":{},"geometry":{"type":"Polygon","coordinates":[[[59.45999,36.28643],[59.4594,36.28707],[59.45895,36.28705],[59.45853,36.28715],[59.45846,36.28698],[59.4588,36.28667],[59.45941,36.28629],[59.45973,36.28633],[59.45999,36.28643]]]}},{"type":"Feature","properties":{},"geometry":{"type":"Polygon","coordinates":[[[59.46661,36.28643],[59.46682,36.28651],[59.46707,36.28644],[59.46735,36.28647],[59.46767,36.28641],[59.46804,36.28626],[59.46851,36.28616],[59.46873,36.286],[59.46839,36.28589],[59.4681,36.28574],[59.46761,36.28546],[59.46744,36.2851],[59.46726,36.28479],[59.46698,36.28459],[59.46689,36.28426],[59.46667,36.28406],[59.46582,36.2837],[59.46544,36.28343],[59.46511,36.28317],[59.46471,36.28306],[59.46404,36.28292],[59.46353,36.28283],[59.46327,36.28299],[59.46292,36.28305],[59.46262,36.28325],[59.46229,36.28349],[59.46191,36.28366],[59.46152,36.28337],[59.46051,36.28377],[59.4597,36.28423],[59.45837,36.28492],[59.45808,36.28518],[59.45798,36.28542],[59.45848,36.28551],[59.4586,36.28575],[59.45897,36.28579],[59.45952,36.28556],[59.46014,36.28545],[59.46057,36.2851],[59.46076,36.28524],[59.4612,36.28507],[59.46133,36.28517],[59.46147,36.28523],[59.46174,36.28513],[59.46189,36.28522],[59.46209,36.28549],[59.46239,36.28555],[59.46258,36.28552],[59.4629,36.28531],[59.46303,36.28526],[59.46329,36.28526],[59.46345,36.28532],[59.46368,36.28517],[59.46404,36.28491],[59.46445,36.2848],[59.46469,36.28481],[59.46495,36.28475],[59.46519,36.28472],[59.46533,36.28494],[59.46541,36.2852],[59.46552,36.28544],[59.46572,36.28567],[59.46602,36.28596],[59.46623,36.28612],[59.46643,36.28628],[59.46661,36.28643]]]}},{"type":"Feature","properties":{},"geometry":{"type":"Polygon","coordinates":[[[59.45697,36.28926],[59.45727,36.2889],[59.4572,36.28875],[59.45766,36.28842],[59.45772,36.28825],[59.4581,36.28802],[59.45863,36.28772],[59.45911,36.28741],[59.45958,36.28716],[59.46021,36.28685],[59.46059,36.28671],[59.46118,36.28654],[59.46237,36.28617],[59.46298,36.28654],[59.46285,36.28688],[59.46301,36.28707],[59.46339,36.28715],[59.4642,36.28697],[59.46458,36.28674],[59.46464,36.28639],[59.46486,36.28609],[59.46536,36.28607],[59.46576,36.28664],[59.46573,36.28685],[59.46533,36.28707],[59.46514,36.28728],[59.46489,36.28746],[59.46432,36.28767],[59.46337,36.28798],[59.46325,36.28799],[59.46309,36.28788],[59.46284,36.28788],[59.46257,36.28787],[59.46226,36.28773],[59.46182,36.28771],[59.46133,36.28803],[59.46125,36.28836],[59.45984,36.28902],[59.45915,36.28854],[59.45871,36.28865],[59.45829,36.28874],[59.45776,36.28903],[59.45731,36.2894],[59.45697,36.28926]]]}},{"type":"Feature","properties":{},"geometry":{"type":"Polygon","coordinates":[[[59.45562,36.29108],[59.45657,36.29066],[59.4571,36.2903],[59.45768,36.28996],[59.45727,36.28978],[59.45687,36.29004],[59.45639,36.29028],[59.45564,36.29057],[59.45551,36.29085],[59.45562,36.29108]]]}},{"type":"Feature","properties":{},"geometry":{"type":"Polygon","coordinates":[[[59.4553,36.28725],[59.45585,36.28726],[59.45617,36.28746],[59.4563,36.28768],[59.45676,36.28779],[59.45734,36.28823],[59.45757,36.28843],[59.45739,36.28856],[59.45712,36.28871],[59.45701,36.28894],[59.45705,36.28905],[59.45655,36.2891],[59.45649,36.28919],[59.45628,36.28915],[59.45594,36.28929],[59.45538,36.28966],[59.45519,36.28957],[59.45492,36.2899],[59.45453,36.29048],[59.45445,36.29072],[59.45409,36.29082],[59.45385,36.29099],[59.45372,36.2912],[59.45361,36.29155],[59.4533,36.29162],[59.45302,36.29169],[59.45287,36.29185],[59.4527,36.29187],[59.45243,36.29189],[59.45236,36.29213],[59.45228,36.29243],[59.45197,36.29291],[59.45168,36.29307],[59.45143,36.2934],[59.45112,36.29389],[59.4507,36.29385],[59.45045,36.29374],[59.45019,36.29399],[59.44973,36.29416],[59.44895,36.29498],[59.44922,36.29535],[59.44855,36.29583],[59.44798,36.29525],[59.44872,36.29446],[59.44927,36.29408],[59.44981,36.29348],[59.45027,36.29306],[59.45037,36.29288],[59.44963,36.29261],[59.45023,36.29212],[59.45071,36.29205],[59.45121,36.29226],[59.45157,36.29265],[59.45184,36.29234],[59.45195,36.29196],[59.45219,36.29164],[59.45227,36.29128],[59.4525,36.29093],[59.45283,36.29069],[59.45288,36.2904],[59.45283,36.29019],[59.45327,36.28991],[59.45351,36.28984],[59.45357,36.29013],[59.45372,36.29014],[59.4542,36.28975],[59.45426,36.28955],[59.45419,36.28938],[59.45438,36.28902],[59.45462,36.2888],[59.45481,36.28854],[59.45509,36.28833],[59.45527,36.28818],[59.45516,36.28805],[59.45476,36.28821],[59.45432,36.28835],[59.45394,36.28867],[59.45374,36.28884],[59.45368,36.28909],[59.4535,36.28946],[59.45303,36.28958],[59.45267,36.28958],[59.45264,36.28912],[59.4531,36.28853],[59.45354,36.28808],[59.45382,36.28781],[59.45421,36.2877],[59.45464,36.28764],[59.45489,36.28747],[59.45509,36.28728],[59.4553,36.28725]]]}},{"type":"Feature","properties":{},"geometry":{"type":"Polygon","coordinates":[[[59.45412,36.29488],[59.45445,36.29512],[59.45472,36.29513],[59.45499,36.29558],[59.45537,36.29559],[59.45562,36.29565],[59.45608,36.29546],[59.45624,36.29514],[59.45653,36.29482],[59.4571,36.29475],[59.45729,36.29456],[59.4575,36.29465],[59.45789,36.29432],[59.45799,36.29366],[59.45845,36.29334],[59.45891,36.29312],[59.45921,36.29332],[59.45952,36.29325],[59.45962,36.29305],[59.45975,36.29272],[59.46007,36.29247],[59.4606,36.29219],[59.4609,36.29196],[59.461,36.2917],[59.46102,36.2913],[59.4611,36.29046],[59.46118,36.2896],[59.4614,36.28935],[59.46236,36.28858],[59.46276,36.28826],[59.46317,36.28804],[59.46307,36.28797],[59.46267,36.28797],[59.46216,36.28783],[59.46185,36.28787],[59.46182,36.28822],[59.46108,36.28851],[59.45987,36.28906],[59.45834,36.28932],[59.45794,36.28966],[59.45794,36.29011],[59.45654,36.29102],[59.45588,36.29145],[59.45519,36.29174],[59.45483,36.29191],[59.45439,36.29178],[59.45433,36.2914],[59.45416,36.29117],[59.45391,36.29125],[59.45368,36.29171],[59.45376,36.29216],[59.45376,36.29235],[59.45368,36.29258],[59.45316,36.29272],[59.45288,36.29314],[59.45249,36.29342],[59.45245,36.29315],[59.45268,36.29268],[59.45229,36.29254],[59.45202,36.29294],[59.45173,36.29313],[59.45151,36.29341],[59.45141,36.29401],[59.45123,36.29422],[59.45175,36.29421],[59.45211,36.29408],[59.45234,36.29418],[59.45295,36.29407],[59.45335,36.29408],[59.45373,36.29419],[59.45418,36.29437],[59.45424,36.29452],[59.45426,36.29476],[59.45412,36.29488]]]}},{"type":"Feature","properties":{},"geometry":{"type":"Polygon","coordinates":[[[59.45122,36.29967],[59.45161,36.30002],[59.45198,36.30022],[59.45238,36.30029],[59.45262,36.30038],[59.45281,36.30036],[59.45354,36.30006],[59.45407,36.29982],[59.45435,36.29975],[59.4547,36.29972],[59.45513,36.29971],[59.45534,36.29978],[59.45569,36.3001],[59.45582,36.30017],[59.45595,36.30019],[59.45609,36.30011],[59.45667,36.29925],[59.45676,36.2991],[59.45712,36.29827],[59.4575,36.29751],[59.45762,36.29724],[59.45767,36.29701],[59.45763,36.29679],[59.45752,36.29631],[59.45752,36.29602],[59.45747,36.29582],[59.4571,36.29556],[59.45671,36.29599],[59.45672,36.29613],[59.45592,36.29629],[59.45534,36.29661],[59.4549,36.29668],[59.45512,36.29575],[59.4548,36.29572],[59.45444,36.29577],[59.45413,36.29541],[59.45435,36.29518],[59.45386,36.29489],[59.45338,36.29489],[59.4529,36.29517],[59.45274,36.29549],[59.45204,36.29519],[59.45163,36.29602],[59.45211,36.29635],[59.45211,36.29694],[59.45174,36.29734],[59.45168,36.2978],[59.45132,36.29809],[59.45092,36.2992],[59.45122,36.29967]]]}},{"type":"Feature","properties":{},"geometry":{"type":"Polygon","coordinates":[[[59.48037,36.27742],[59.48054,36.27734],[59.48075,36.27747],[59.48033,36.27775],[59.48002,36.27778],[59.47967,36.27792],[59.47923,36.27803],[59.47884,36.27807],[59.478,36.27818],[59.47752,36.27829],[59.47719,36.27834],[59.47699,36.27829],[59.47675,36.27818],[59.47642,36.27806],[59.47614,36.27838],[59.47711,36.27866],[59.47751,36.27872],[59.47758,36.27878],[59.47734,36.27883],[59.47697,36.27895],[59.4767,36.279],[59.47624,36.27898],[59.47591,36.27903],[59.47571,36.27902],[59.47558,36.2789],[59.47534,36.2788],[59.47515,36.27873],[59.47484,36.27859],[59.47462,36.27852],[59.47441,36.27841],[59.47405,36.27804],[59.47441,36.27781],[59.47485,36.27764],[59.47518,36.27791],[59.47576,36.27779],[59.47593,36.27755],[59.4766,36.27743],[59.4771,36.27722],[59.47753,36.27701],[59.47768,36.27687],[59.47811,36.27676],[59.47863,36.2766],[59.47893,36.27651],[59.47947,36.27643],[59.4798,36.2765],[59.48,36.27662],[59.48011,36.27675],[59.48006,36.27685],[59.48024,36.27708],[59.48013,36.27734],[59.48037,36.27742]]]}},{"type":"Feature","properties":{},"geometry":{"type":"Polygon","coordinates":[[[59.48141,36.27764],[59.4812,36.27809],[59.48116,36.27847],[59.48135,36.27884],[59.48157,36.27906],[59.48185,36.27909],[59.48303,36.27904],[59.48355,36.2789],[59.48377,36.27879],[59.48407,36.2785],[59.48375,36.27806],[59.4832,36.27754],[59.4821,36.27732],[59.48141,36.27764]]]}},{"type":"Feature","properties":{},"geometry":{"type":"Polygon","coordinates":[[[59.4786,36.27918],[59.47896,36.27931],[59.47929,36.27946],[59.47948,36.27946],[59.47943,36.2792],[59.48089,36.27882],[59.48106,36.27866],[59.48113,36.27817],[59.48104,36.27781],[59.48118,36.27774],[59.48085,36.27754],[59.4803,36.27786],[59.48021,36.27803],[59.48009,36.27824],[59.47986,36.27837],[59.4798,36.27851],[59.4798,36.27867],[59.47968,36.27879],[59.4786,36.27918]]]}},{"type":"Feature","properties":{},"geometry":{"type":"Polygon","coordinates":[[[59.48531,36.27867],[59.4854,36.27874],[59.48507,36.27911],[59.48492,36.27928],[59.48461,36.27945],[59.48428,36.2796],[59.48369,36.27979],[59.48317,36.27999],[59.48273,36.28004],[59.4823,36.28005],[59.48185,36.28017],[59.48112,36.28043],[59.48091,36.28061],[59.48074,36.2809],[59.48047,36.28108],[59.4802,36.28115],[59.47999,36.28123],[59.47976,36.28135],[59.47932,36.28152],[59.47906,36.2817],[59.47873,36.28188],[59.47823,36.28214],[59.47783,36.28251],[59.47752,36.28296],[59.47739,36.28341],[59.47737,36.28379],[59.47745,36.28418],[59.47742,36.28447],[59.47719,36.28489],[59.47669,36.2855],[59.47637,36.2859],[59.47623,36.28598],[59.47604,36.286],[59.47568,36.28603],[59.47536,36.28614],[59.47509,36.28637],[59.47469,36.28669],[59.4745,36.28672],[59.47435,36.28672],[59.4741,36.28664],[59.4735,36.28636],[59.47304,36.28627],[59.4725,36.28625],[59.47222,36.28629],[59.47196,36.28642],[59.47168,36.28663],[59.47149,36.28676],[59.47133,36.28678],[59.4711,36.28679],[59.46999,36.28652],[59.46963,36.28643],[59.46914,36.28614],[59.46918,36.28604],[59.46952,36.28573],[59.46975,36.2854],[59.46991,36.28506],[59.46997,36.2848],[59.47026,36.28433],[59.4705,36.28412],[59.47096,36.28394],[59.47131,36.28383],[59.47185,36.28373],[59.47224,36.28361],[59.47283,36.28347],[59.47346,36.28337],[59.47382,36.28328],[59.47412,36.28315],[59.47465,36.28299],[59.47516,36.28283],[59.47549,36.28256],[59.47562,36.28235],[59.47568,36.28212],[59.47575,36.28187],[59.47581,36.28168],[59.47588,36.28133],[59.47582,36.28106],[59.47564,36.28066],[59.47537,36.28038],[59.47529,36.28019],[59.47641,36.27972],[59.47677,36.27986],[59.47705,36.27988],[59.47744,36.27977],[59.47776,36.27968],[59.4781,36.27952],[59.47842,36.27934],[59.4787,36.27932],[59.47894,36.27945],[59.47932,36.27956],[59.47975,36.27957],[59.48008,36.27971],[59.48031,36.27973],[59.48077,36.27975],[59.48149,36.27966],[59.48173,36.27963],[59.48306,36.27946],[59.48361,36.27934],[59.48411,36.27906],[59.48385,36.27881],[59.48411,36.27856],[59.4845,36.27881],[59.48493,36.27882],[59.48531,36.27867]]]}},{"type":"Feature","properties":{},"geometry":{"type":"Polygon","coordinates":[[[59.46977,36.28671],[59.46954,36.28702],[59.46979,36.28742],[59.46928,36.28772],[59.46876,36.28784],[59.46833,36.28799],[59.46785,36.28758],[59.46751,36.28772],[59.4671,36.28798],[59.4668,36.28785],[59.46645,36.28811],[59.46645,36.28836],[59.46626,36.28856],[59.46586,36.28852],[59.46519,36.2891],[59.46502,36.28902],[59.46459,36.28953],[59.46411,36.28964],[59.46345,36.28966],[59.46287,36.29003],[59.46259,36.29008],[59.46251,36.29053],[59.46221,36.2909],[59.46193,36.29097],[59.46168,36.29116],[59.46146,36.2914],[59.4613,36.29153],[59.46132,36.29121],[59.4614,36.29068],[59.46142,36.28999],[59.46143,36.28967],[59.4618,36.28931],[59.46271,36.28863],[59.46294,36.28842],[59.46383,36.28798],[59.46482,36.28767],[59.46532,36.28743],[59.4655,36.28723],[59.46587,36.287],[59.46631,36.28706],[59.46669,36.28714],[59.46725,36.28717],[59.46759,36.28715],[59.4677,36.28712],[59.4683,36.28689],[59.46882,36.28672],[59.46916,36.28667],[59.46961,36.28662],[59.46977,36.28671]]]}},{"type":"Feature","properties":{},"geometry":{"type":"Polygon","coordinates":[[[59.46649,36.28654],[59.46662,36.28691],[59.46682,36.28698],[59.46722,36.28701],[59.46754,36.28698],[59.46794,36.28683],[59.46844,36.28667],[59.46882,36.28655],[59.46934,36.28647],[59.46955,36.28644],[59.46881,36.28603],[59.46851,36.28615],[59.46851,36.28616],[59.46803,36.28632],[59.46769,36.28647],[59.46735,36.28654],[59.46703,36.28653],[59.46679,36.28659],[59.46662,36.28653],[59.46649,36.28654]]]}},{"type":"Feature","properties":{},"geometry":{"type":"Polygon","coordinates":[[[59.54265,36.24005],[59.54266,36.23991],[59.54304,36.23934],[59.54324,36.2391],[59.54351,36.23883],[59.54368,36.23864],[59.54388,36.23849],[59.54414,36.23837],[59.54468,36.2382],[59.54556,36.23806],[59.54674,36.23793],[59.54754,36.23786],[59.54854,36.23777],[59.54921,36.23767],[59.54997,36.2375],[59.54998,36.23735],[59.54926,36.23734],[59.54912,36.23739],[59.54861,36.23689],[59.54935,36.23663],[59.54917,36.23647],[59.54793,36.23605],[59.54782,36.23497],[59.54762,36.23482],[59.54734,36.23484],[59.54697,36.23465],[59.54657,36.23465],[59.54598,36.23477],[59.54489,36.23431],[59.54428,36.23421],[59.54465,36.23344],[59.54559,36.23371],[59.54587,36.23398],[59.54613,36.23385],[59.54655,36.23297],[59.54746,36.23256],[59.54748,36.23313],[59.54769,36.23308],[59.54774,36.23284],[59.54863,36.23244],[59.54867,36.23218],[59.54853,36.23167],[59.54796,36.2311],[59.54833,36.23065],[59.54769,36.23039],[59.54749,36.23017],[59.54701,36.23041],[59.54625,36.22997],[59.54568,36.23002],[59.54554,36.2298],[59.54533,36.22959],[59.54498,36.22997],[59.54457,36.23009],[59.5445,36.23031],[59.54448,36.23057],[59.54441,36.2308],[59.54425,36.23092],[59.54389,36.23088],[59.54365,36.23088],[59.54356,36.23102],[59.54352,36.23125],[59.54358,36.23152],[59.54378,36.23181],[59.5436,36.23198],[59.54343,36.23211],[59.54329,36.23242],[59.54327,36.23265],[59.54343,36.23292],[59.54341,36.2331],[59.54359,36.23342],[59.54382,36.23372],[59.54402,36.23413],[59.54421,36.23461],[59.54406,36.23487],[59.54415,36.23534],[59.54405,36.23561],[59.54384,36.23599],[59.5437,36.23603],[59.54392,36.23635],[59.54384,36.23674],[59.54367,36.23718],[59.54333,36.2371],[59.54325,36.23752],[59.54286,36.23788],[59.5425,36.23784],[59.54201,36.23764],[59.54229,36.23886],[59.54265,36.24005]]]}},{"type":"Feature","properties":{},"geometry":{"type":"Polygon","coordinates":[[[59.56065,36.2364],[59.56066,36.23632],[59.56055,36.23621],[59.56045,36.23604],[59.56036,36.23589],[59.56019,36.23576],[59.55978,36.23565],[59.55943,36.23553],[59.55922,36.23559],[59.55905,36.23575],[59.55878,36.23584],[59.55859,36.23577],[59.55841,36.23566],[59.55814,36.23565],[59.55792,36.23552],[59.5578,36.23527],[59.55751,36.23522],[59.55717,36.23527],[59.55702,36.23565],[59.55661,36.2358],[59.55634,36.23603],[59.55584,36.23607],[59.55567,36.23617],[59.55559,36.23636],[59.55542,36.23657],[59.5554,36.23671],[59.55519,36.23681],[59.55514,36.23666],[59.55517,36.23662],[59.55507,36.23656],[59.55507,36.23641],[59.55489,36.23631],[59.55451,36.23626],[59.55437,36.23632],[59.55425,36.23624],[59.55414,36.23607],[59.554,36.23602],[59.55373,36.23628],[59.55341,36.23648],[59.55306,36.23671],[59.55287,36.23688],[59.55252,36.23703],[59.55228,36.23727],[59.55205,36.23736],[59.55145,36.23745],[59.55055,36.23758],[59.54907,36.23789],[59.54788,36.23802],[59.54667,36.23809],[59.54553,36.23823],[59.54456,36.23842],[59.54418,36.23854],[59.54388,36.23871],[59.54365,36.23904],[59.54332,36.23932],[59.54312,36.2397],[59.54297,36.23986],[59.54289,36.24006],[59.54324,36.24064],[59.54401,36.24128],[59.54449,36.24193],[59.54479,36.24259],[59.54528,36.2426],[59.54568,36.24237],[59.54627,36.24243],[59.54705,36.24224],[59.54763,36.2418],[59.54828,36.24131],[59.54818,36.24099],[59.54812,36.24047],[59.54838,36.24033],[59.54865,36.24034],[59.54913,36.24054],[59.54946,36.24073],[59.55008,36.24051],[59.55038,36.24011],[59.55113,36.23963],[59.55137,36.23931],[59.55179,36.23895],[59.55264,36.23873],[59.55363,36.2386],[59.55462,36.2383],[59.55568,36.2378],[59.55569,36.2378],[59.55656,36.23758],[59.55729,36.23753],[59.55803,36.23694],[59.55832,36.23688],[59.55854,36.2368],[59.5588,36.23667],[59.559,36.23657],[59.5592,36.23653],[59.55942,36.23646],[59.55952,36.23635],[59.55955,36.2364],[59.56004,36.23626],[59.56065,36.2364]]]}},{"type":"Feature","properties":{},"geometry":{"type":"Polygon","coordinates":[[[59.52026,36.25298],[59.52073,36.25342],[59.52112,36.25364],[59.52172,36.25267],[59.52209,36.25224],[59.5225,36.25187],[59.52338,36.25139],[59.52418,36.25113],[59.5246,36.25108],[59.52535,36.25091],[59.52598,36.2507],[59.52593,36.25048],[59.5258,36.2503],[59.52576,36.25007],[59.52589,36.24988],[59.52608,36.24987],[59.5264,36.24988],[59.52694,36.25009],[59.52751,36.25026],[59.52785,36.25026],[59.52865,36.25005],[59.52954,36.24994],[59.53032,36.24983],[59.53045,36.24966],[59.53058,36.24945],[59.5313,36.24919],[59.53179,36.24911],[59.53198,36.24945],[59.53219,36.24958],[59.5325,36.2495],[59.53361,36.24905],[59.53416,36.24896],[59.53499,36.2489],[59.53538,36.2489],[59.53603,36.24881],[59.53655,36.24859],[59.53694,36.24869],[59.53717,36.24895],[59.53728,36.24895],[59.5374,36.24889],[59.53739,36.24876],[59.53744,36.24856],[59.53754,36.24843],[59.53776,36.2483],[59.53865,36.24799],[59.53881,36.24781],[59.53874,36.24763],[59.53885,36.24743],[59.53941,36.24702],[59.53992,36.24672],[59.54035,36.24654],[59.54107,36.24674],[59.5418,36.24695],[59.54213,36.24696],[59.54236,36.24689],[59.54263,36.24671],[59.54288,36.24644],[59.54311,36.24623],[59.54325,36.24603],[59.54325,36.2459],[59.54317,36.24571],[59.54276,36.2453],[59.5425,36.24493],[59.54226,36.24458],[59.54234,36.24438],[59.54265,36.24417],[59.54318,36.24398],[59.54345,36.24363],[59.54331,36.24338],[59.543,36.24308],[59.54325,36.24283],[59.54375,36.24266],[59.54437,36.24261],[59.54451,36.2425],[59.5445,36.24233],[59.54434,36.24207],[59.54372,36.24133],[59.54299,36.24066],[59.54265,36.24005],[59.54229,36.23886],[59.54201,36.23764],[59.5416,36.23724],[59.54091,36.23687],[59.54029,36.23555],[59.53968,36.23554],[59.53911,36.23513],[59.5389,36.23503],[59.53856,36.23539],[59.53784,36.23503],[59.53868,36.2343],[59.53921,36.23421],[59.53978,36.23372],[59.53991,36.23365],[59.53976,36.23351],[59.5392,36.2332],[59.53914,36.23279],[59.539,36.2326],[59.53851,36.23214],[59.53865,36.2319],[59.53778,36.23199],[59.53703,36.2322],[59.5366,36.23243],[59.53688,36.23318],[59.53564,36.23347],[59.53523,36.23339],[59.53494,36.23371],[59.53448,36.23401],[59.53388,36.23406],[59.53358,36.23436],[59.53329,36.23468],[59.53279,36.23484],[59.53293,36.23533],[59.53251,36.23572],[59.5324,36.23591],[59.53179,36.23633],[59.53144,36.23707],[59.53111,36.23726],[59.53085,36.23699],[59.52911,36.23718],[59.52878,36.23761],[59.5288,36.23816],[59.52863,36.23925],[59.5285,36.23957],[59.52826,36.23957],[59.52813,36.23939],[59.52811,36.23896],[59.5279,36.2388],[59.52741,36.23886],[59.52605,36.23928],[59.52547,36.23925],[59.5252,36.23919],[59.52414,36.23976],[59.52309,36.24054],[59.52225,36.24089],[59.52152,36.24172],[59.5212,36.24289],[59.521,36.24337],[59.52056,36.24356],[59.51984,36.24368],[59.51887,36.24388],[59.51802,36.24405],[59.51737,36.2442],[59.51558,36.24448],[59.51448,36.24446],[59.5137,36.2448],[59.51284,36.24474],[59.51231,36.24517],[59.51128,36.24549],[59.51109,36.24597],[59.51175,36.24564],[59.5123,36.24541],[59.51253,36.24551],[59.51255,36.2459],[59.51278,36.24616],[59.51312,36.24654],[59.51337,36.24734],[59.51357,36.2477],[59.51336,36.24798],[59.51404,36.24885],[59.51503,36.24905],[59.51566,36.24893],[59.51626,36.24897],[59.51746,36.24821],[59.51799,36.24829],[59.51825,36.24821],[59.51852,36.24801],[59.5187,36.2481],[59.51893,36.24802],[59.51904,36.24787],[59.51875,36.24755],[59.51865,36.2474],[59.51797,36.24684],[59.51765,36.24674],[59.51742,36.24676],[59.51676,36.24708],[59.51653,36.24709],[59.51627,36.24721],[59.51624,36.24722],[59.51584,36.24766],[59.51562,36.24794],[59.51542,36.24765],[59.51551,36.24677],[59.51521,36.2465],[59.51496,36.24632],[59.51524,36.2461],[59.51562,36.24603],[59.51573,36.24556],[59.51581,36.2451],[59.51703,36.245],[59.51719,36.24564],[59.5177,36.24561],[59.51807,36.2456],[59.51842,36.24561],[59.5188,36.24629],[59.51904,36.24646],[59.51956,36.24637],[59.52017,36.24652],[59.52046,36.24672],[59.52087,36.24681],[59.52129,36.24696],[59.52159,36.24696],[59.52206,36.24683],[59.52233,36.24667],[59.52257,36.24702],[59.52175,36.24742],[59.52129,36.2476],[59.52103,36.24784],[59.52073,36.24812],[59.52048,36.24859],[59.52055,36.2487],[59.52084,36.24879],[59.5211,36.24876],[59.52139,36.24889],[59.52151,36.24894],[59.52142,36.24924],[59.52152,36.24943],[59.52124,36.2495],[59.52114,36.24966],[59.52073,36.24966],[59.52047,36.25018],[59.52097,36.25001],[59.52125,36.25005],[59.52147,36.24974],[59.52191,36.24979],[59.52193,36.2494],[59.52204,36.24865],[59.52256,36.24904],[59.52253,36.24944],[59.52294,36.25033],[59.52286,36.25046],[59.52266,36.25049],[59.52236,36.25038],[59.52205,36.25093],[59.52198,36.25098],[59.52191,36.25106],[59.52191,36.25116],[59.52209,36.25129],[59.52208,36.25151],[59.52194,36.25168],[59.52171,36.25186],[59.52172,36.25207],[59.52152,36.25237],[59.5211,36.25257],[59.52037,36.25286],[59.52026,36.25298]]]}},{"type":"Feature","properties":{},"geometry":{"type":"Polygon","coordinates":[[[59.51233,36.2525],[59.51329,36.25291],[59.51437,36.25314],[59.51534,36.25354],[59.51621,36.25479],[59.5168,36.25549],[59.51723,36.25545],[59.51863,36.25492],[59.51861,36.25469],[59.51893,36.25443],[59.51885,36.25437],[59.51847,36.25411],[59.51819,36.25417],[59.51793,36.25402],[59.51833,36.25325],[59.51839,36.25293],[59.51794,36.25263],[59.51755,36.25238],[59.51781,36.25213],[59.51845,36.25111],[59.51887,36.25079],[59.51963,36.25074],[59.52022,36.25068],[59.52047,36.25018],[59.52073,36.24966],[59.52048,36.24955],[59.51992,36.24931],[59.51895,36.24941],[59.51846,36.24951],[59.51811,36.24935],[59.51735,36.24913],[59.51691,36.24933],[59.51663,36.24947],[59.51593,36.24903],[59.51569,36.24901],[59.51502,36.24911],[59.51398,36.24892],[59.51334,36.24813],[59.51276,36.24795],[59.51219,36.24814],[59.51162,36.2483],[59.51108,36.2481],[59.5108,36.24785],[59.51028,36.24792],[59.50985,36.24805],[59.50951,36.24786],[59.50906,36.24767],[59.50884,36.24794],[59.50829,36.24838],[59.50812,36.24876],[59.50804,36.24904],[59.5083,36.24957],[59.5087,36.24983],[59.50936,36.25023],[59.50975,36.25043],[59.51047,36.25079],[59.51132,36.25136],[59.51182,36.25173],[59.51211,36.25207],[59.51233,36.2525]]]}},{"type":"Feature","properties":{},"geometry":{"type":"Polygon","coordinates":[[[59.50063,36.25853],[59.50179,36.25783],[59.50325,36.25745],[59.50437,36.25672],[59.50539,36.2568],[59.50646,36.25781],[59.50691,36.2586],[59.50734,36.25877],[59.50792,36.25864],[59.50809,36.25787],[59.50843,36.25729],[59.50821,36.25605],[59.50892,36.25508],[59.51054,36.25423],[59.51076,36.25383],[59.51136,36.25325],[59.5123,36.25306],[59.5122,36.25255],[59.51194,36.25209],[59.51163,36.25175],[59.51116,36.25143],[59.51029,36.25085],[59.50957,36.25053],[59.50922,36.25034],[59.50863,36.24998],[59.50819,36.24982],[59.50789,36.24959],[59.50746,36.24952],[59.50716,36.24958],[59.5067,36.24962],[59.50601,36.24963],[59.50504,36.24951],[59.5041,36.24938],[59.50365,36.24906],[59.50312,36.24906],[59.50253,36.24876],[59.50176,36.24875],[59.50099,36.24898],[59.50083,36.24927],[59.50043,36.24954],[59.50009,36.24954],[59.49943,36.24951],[59.49915,36.24978],[59.49869,36.24987],[59.4979,36.25006],[59.49764,36.25034],[59.4969,36.25043],[59.49643,36.25057],[59.49641,36.25086],[59.49588,36.2512],[59.49574,36.2515],[59.49533,36.25177],[59.49523,36.25213],[59.49438,36.25252],[59.49401,36.25287],[59.49366,36.25307],[59.49406,36.25356],[59.49445,36.25358],[59.49504,36.25428],[59.4967,36.25495],[59.498,36.25537],[59.49923,36.25646],[59.50063,36.25853]]]}},{"type":"Feature","properties":{},"geometry":{"type":"Polygon","coordinates":[[[59.51553,36.48589],[59.51731,36.48447],[59.51708,36.48429],[59.51574,36.48346],[59.51444,36.48268],[59.51418,36.48294],[59.51414,36.48295],[59.514,36.4831],[59.51401,36.48313],[59.51336,36.48382],[59.51331,36.48383],[59.51318,36.48397],[59.51319,36.48401],[59.51293,36.48428],[59.51521,36.48568],[59.51553,36.48589]]]}},{"type":"Feature","properties":{"name":"بوستان حافظیه"},"geometry":{"type":"Polygon","coordinates":[[[59.48135,36.32504],[59.48099,36.32527],[59.4807,36.32512],[59.4803,36.32507],[59.48011,36.32503],[59.47991,36.32509],[59.4799,36.32505],[59.47907,36.32533],[59.47905,36.32528],[59.47883,36.32532],[59.47882,36.3253],[59.47843,36.32537],[59.47842,36.32514],[59.48003,36.32468],[59.48135,36.32504]]]}},{"type":"Feature","properties":{},"geometry":{"type":"Polygon","coordinates":[[[59.47828,36.32536],[59.47829,36.32517],[59.4767,36.32547],[59.47638,36.32554],[59.47632,36.32554],[59.47581,36.32546],[59.47559,36.32539],[59.47537,36.32535],[59.47518,36.32535],[59.47488,36.32543],[59.47456,36.32553],[59.47364,36.32567],[59.47367,36.32575],[59.47448,36.32563],[59.4746,36.3257],[59.47525,36.32555],[59.47636,36.32571],[59.47642,36.32583],[59.4782,36.32533],[59.47828,36.32536]]]}},{"type":"Feature","properties":{},"geometry":{"type":"Polygon","coordinates":[[[59.30198,36.40021],[59.3016,36.40009],[59.30144,36.40003],[59.30157,36.39988],[59.30165,36.3999],[59.30184,36.3997],[59.30193,36.39971],[59.30203,36.39976],[59.30218,36.39954],[59.3021,36.39949],[59.30212,36.39945],[59.30225,36.39947],[59.30235,36.39954],[59.30239,36.39966],[59.30198,36.40021]]]}},{"type":"Feature","properties":{},"geometry":{"type":"Polygon","coordinates":[[[59.30043,36.39973],[59.29842,36.39906],[59.29907,36.39905],[59.30029,36.39913],[59.30043,36.39973]]]}},{"type":"Feature","properties":{},"geometry":{"type":"Polygon","coordinates":[[[59.49557,36.28194],[59.49574,36.28163],[59.49602,36.28165],[59.49625,36.28165],[59.49649,36.28171],[59.49669,36.28178],[59.49696,36.28183],[59.49721,36.28183],[59.49737,36.28188],[59.49702,36.28201],[59.49688,36.28217],[59.49665,36.28233],[59.49649,36.28235],[59.49632,36.28226],[59.49622,36.28217],[59.49608,36.28212],[59.49583,36.28202],[59.49557,36.28194]]]}},{"type":"Feature","properties":{},"geometry":{"type":"Polygon","coordinates":[[[59.49423,36.27987],[59.49489,36.2797],[59.49554,36.27987],[59.49572,36.27992],[59.49522,36.28028],[59.49483,36.28046],[59.49467,36.28062],[59.49479,36.28091],[59.495,36.28109],[59.49529,36.28126],[59.49562,36.2814],[59.49589,36.28154],[59.49562,36.28156],[59.49533,36.28149],[59.49516,36.28142],[59.495,36.28138],[59.49479,36.28141],[59.49463,36.28135],[59.49449,36.2812],[59.49437,36.28109],[59.49424,36.28098],[59.49426,36.28086],[59.49427,36.28077],[59.49416,36.2806],[59.49406,36.28047],[59.49405,36.28027],[59.49405,36.28013],[59.49405,36.27998],[59.49423,36.27987]]]}},{"type":"Feature","properties":{},"geometry":{"type":"Polygon","coordinates":[[[59.48909,36.28067],[59.48896,36.28091],[59.48931,36.281],[59.48983,36.28094],[59.49048,36.28085],[59.49083,36.28077],[59.49132,36.28075],[59.49167,36.28063],[59.49198,36.28059],[59.49236,36.28057],[59.4926,36.2805],[59.49287,36.28058],[59.49326,36.28092],[59.49374,36.28096],[59.49361,36.28069],[59.49324,36.28046],[59.49303,36.28023],[59.49272,36.28006],[59.49237,36.27999],[59.49216,36.27987],[59.49193,36.27974],[59.4916,36.27964],[59.49142,36.27966],[59.49154,36.27981],[59.49189,36.27994],[59.49221,36.28017],[59.49223,36.28035],[59.49197,36.28028],[59.4916,36.28011],[59.49119,36.28034],[59.49068,36.28059],[59.49006,36.28068],[59.48967,36.28075],[59.48933,36.2807],[59.48909,36.28067]]]}},{"type":"Feature","properties":{},"geometry":{"type":"Polygon","coordinates":[[[59.49451,36.279],[59.49368,36.27925],[59.49333,36.27952],[59.49325,36.27974],[59.49356,36.27977],[59.49383,36.27963],[59.49432,36.27945],[59.49471,36.27931],[59.49486,36.27909],[59.49483,36.27896],[59.49467,36.27896],[59.49451,36.279]]]}},{"type":"Feature","properties":{},"geometry":{"type":"Polygon","coordinates":[[[59.48567,36.28592],[59.48469,36.28678],[59.48457,36.28711],[59.48467,36.28746],[59.48483,36.28768],[59.48516,36.28775],[59.48562,36.28756],[59.4861,36.28733],[59.48647,36.2873],[59.48671,36.2876],[59.48679,36.28775],[59.48707,36.28788],[59.4878,36.28769],[59.48833,36.28737],[59.48874,36.28723],[59.49005,36.28652],[59.49256,36.28526],[59.49421,36.2841],[59.49523,36.28333],[59.49598,36.28285],[59.49636,36.28257],[59.49642,36.2824],[59.49618,36.28219],[59.49576,36.28204],[59.4954,36.28198],[59.49491,36.28204],[59.49458,36.28203],[59.49428,36.28191],[59.49345,36.28223],[59.4933,36.28254],[59.49333,36.28278],[59.49283,36.28299],[59.4927,36.28329],[59.4924,36.2834],[59.49208,36.28351],[59.49174,36.28364],[59.49143,36.28371],[59.49081,36.28378],[59.49053,36.28392],[59.49022,36.2838],[59.48971,36.28348],[59.48946,36.28401],[59.48933,36.28433],[59.48914,36.28476],[59.48891,36.28503],[59.48838,36.28511],[59.48744,36.2853],[59.48717,36.28527],[59.48689,36.28568],[59.48647,36.28601],[59.48592,36.28601],[59.48582,36.28584],[59.48567,36.28592]]]}},{"type":"Feature","properties":{},"geometry":{"type":"Polygon","coordinates":[[[59.46597,36.29853],[59.46643,36.29891],[59.46678,36.29891],[59.46708,36.29847],[59.46751,36.29768],[59.46823,36.29636],[59.46909,36.29523],[59.4695,36.29485],[59.47009,36.29428],[59.47016,36.29402],[59.46971,36.29364],[59.46949,36.29336],[59.46927,36.29329],[59.46861,36.29335],[59.46775,36.2938],[59.46704,36.29392],[59.46662,36.29386],[59.4665,36.29373],[59.4665,36.29352],[59.46629,36.29347],[59.46595,36.29375],[59.46566,36.29372],[59.46547,36.2936],[59.4651,36.29366],[59.46436,36.2939],[59.46417,36.29433],[59.46422,36.29482],[59.46383,36.29508],[59.46339,36.2956],[59.46326,36.29649],[59.46317,36.29699],[59.46321,36.29727],[59.46367,36.29746],[59.46444,36.29788],[59.4657,36.2978],[59.46603,36.298],[59.46597,36.29853]]]}},{"type":"Feature","properties":{},"geometry":{"type":"Polygon","coordinates":[[[59.46573,36.29884],[59.46567,36.29926],[59.46541,36.29942],[59.46493,36.29919],[59.46476,36.29919],[59.46483,36.2995],[59.46531,36.29973],[59.46572,36.29993],[59.4662,36.30011],[59.46661,36.30024],[59.46666,36.29982],[59.46667,36.2995],[59.46672,36.29926],[59.46672,36.29915],[59.46642,36.29904],[59.46598,36.29887],[59.46581,36.29873],[59.46573,36.29884]]]}},{"type":"Feature","properties":{},"geometry":{"type":"Polygon","coordinates":[[[59.46081,36.30049],[59.46162,36.30075],[59.46186,36.30068],[59.46218,36.30074],[59.46242,36.30093],[59.46269,36.30079],[59.4631,36.30091],[59.46345,36.30084],[59.4641,36.30117],[59.46438,36.3012],[59.46452,36.30105],[59.46474,36.30118],[59.46486,36.30146],[59.46511,36.30183],[59.46522,36.30214],[59.46544,36.30231],[59.46571,36.30224],[59.466,36.30211],[59.46622,36.30199],[59.46649,36.30178],[59.46673,36.30145],[59.46666,36.30108],[59.46631,36.30104],[59.46574,36.30106],[59.46541,36.30103],[59.46485,36.30085],[59.46441,36.30063],[59.46397,36.30042],[59.46442,36.30002],[59.46423,36.29986],[59.46425,36.29951],[59.46466,36.2994],[59.46455,36.29907],[59.46386,36.29896],[59.46325,36.29872],[59.46264,36.29861],[59.46226,36.29859],[59.46145,36.2991],[59.46095,36.29951],[59.46089,36.29994],[59.46081,36.30049]]]}},{"type":"Feature","properties":{},"geometry":{"type":"Polygon","coordinates":[[[59.4732,36.30656],[59.47353,36.30625],[59.47355,36.30581],[59.47348,36.3056],[59.47328,36.30552],[59.47289,36.30555],[59.47267,36.30539],[59.4726,36.30522],[59.47262,36.30507],[59.47284,36.30487],[59.47334,36.3042],[59.47327,36.30385],[59.47302,36.30347],[59.47284,36.30308],[59.47279,36.30288],[59.47235,36.30267],[59.47221,36.30236],[59.47185,36.30197],[59.47158,36.30169],[59.47155,36.30141],[59.47142,36.3007],[59.47127,36.30025],[59.47019,36.30029],[59.46988,36.30038],[59.46943,36.30066],[59.4692,36.30091],[59.46948,36.3017],[59.46931,36.30205],[59.46896,36.30236],[59.46889,36.30253],[59.46884,36.30268],[59.4692,36.30266],[59.46978,36.30244],[59.47039,36.30234],[59.47062,36.30258],[59.47064,36.30287],[59.47088,36.30308],[59.47087,36.30338],[59.47094,36.30352],[59.47127,36.30396],[59.47134,36.30442],[59.47153,36.30466],[59.47189,36.30498],[59.47201,36.30534],[59.47198,36.3056],[59.47183,36.30572],[59.47204,36.30606],[59.4724,36.30634],[59.47277,36.30647],[59.4732,36.30656]]]}},{"type":"Feature","properties":{},"geometry":{"type":"Polygon","coordinates":[[[59.47314,36.30059],[59.47351,36.30134],[59.47416,36.30183],[59.47396,36.30221],[59.4741,36.30244],[59.4747,36.3029],[59.47503,36.30344],[59.4756,36.30381],[59.47656,36.30373],[59.47698,36.3038],[59.47743,36.30451],[59.4775,36.30491],[59.47795,36.30512],[59.47818,36.30565],[59.47863,36.306],[59.47922,36.30628],[59.47971,36.30605],[59.4802,36.30567],[59.48031,36.30536],[59.47988,36.30477],[59.4793,36.30459],[59.47891,36.30445],[59.47888,36.30398],[59.47847,36.30387],[59.47839,36.30353],[59.47824,36.30308],[59.47803,36.30289],[59.47786,36.30219],[59.47764,36.30212],[59.47733,36.30169],[59.47744,36.30124],[59.47753,36.30102],[59.47734,36.30062],[59.47708,36.30063],[59.4768,36.30075],[59.47647,36.30053],[59.47608,36.30042],[59.47561,36.30053],[59.47533,36.30045],[59.47487,36.30044],[59.47457,36.30019],[59.47432,36.30016],[59.47422,36.30058],[59.474,36.30063],[59.47356,36.30057],[59.47328,36.30054],[59.47314,36.30059]]]}},{"type":"Feature","properties":{},"geometry":{"type":"Polygon","coordinates":[[[59.48121,36.30277],[59.4818,36.3029],[59.48211,36.3031],[59.48222,36.3035],[59.48274,36.30424],[59.48287,36.3043],[59.4835,36.30415],[59.48409,36.30456],[59.48366,36.30498],[59.48349,36.30573],[59.48323,36.30621],[59.4825,36.30672],[59.48197,36.30664],[59.48165,36.30668],[59.48091,36.30698],[59.4807,36.3071],[59.48046,36.30714],[59.48022,36.30712],[59.47987,36.30696],[59.47955,36.30692],[59.47962,36.30641],[59.48022,36.30583],[59.48115,36.30528],[59.48148,36.30431],[59.48065,36.30377],[59.4808,36.30316],[59.48096,36.3029],[59.48121,36.30277]]]}},{"type":"Feature","properties":{},"geometry":{"type":"Polygon","coordinates":[[[59.50925,36.27091],[59.50902,36.27105],[59.50894,36.27114],[59.50907,36.27121],[59.50913,36.27129],[59.50898,36.27135],[59.50888,36.27137],[59.50896,36.27144],[59.50903,36.27145],[59.50918,36.27145],[59.50937,36.27148],[59.50951,36.27146],[59.50959,36.2714],[59.50971,36.27134],[59.50978,36.27133],[59.50995,36.27132],[59.51011,36.2713],[59.51026,36.27128],[59.51047,36.27114],[59.51081,36.27096],[59.51094,36.27091],[59.51098,36.27083],[59.51098,36.27068],[59.51098,36.27058],[59.51095,36.27052],[59.51076,36.27042],[59.51068,36.27048],[59.51059,36.27057],[59.51047,36.27063],[59.51042,36.27053],[59.51033,36.27053],[59.51031,36.27063],[59.51023,36.27072],[59.51009,36.27081],[59.51005,36.27081],[59.50999,36.27064],[59.50998,36.27053],[59.50996,36.27048],[59.5099,36.27049],[59.50987,36.27052],[59.50986,36.27068],[59.50991,36.27076],[59.50992,36.27084],[59.50985,36.27088],[59.50975,36.27087],[59.50969,36.27081],[59.50965,36.27074],[59.50959,36.27072],[59.50955,36.27075],[59.50955,36.27083],[59.50953,36.27088],[59.50945,36.27092],[59.50935,36.27092],[59.50925,36.27091]]]}},{"type":"Feature","properties":{},"geometry":{"type":"Polygon","coordinates":[[[59.50856,36.27147],[59.50824,36.27158],[59.50836,36.2716],[59.50855,36.27156],[59.50856,36.27147]]]}},{"type":"Feature","properties":{},"geometry":{"type":"Polygon","coordinates":[[[59.5092,36.27167],[59.50919,36.2718],[59.50914,36.27188],[59.50926,36.27189],[59.50934,36.27195],[59.50953,36.27187],[59.50972,36.27188],[59.51001,36.27182],[59.51009,36.27175],[59.51022,36.27159],[59.51027,36.27152],[59.51005,36.27154],[59.51014,36.27143],[59.5102,36.27136],[59.50992,36.27137],[59.50979,36.27141],[59.50969,36.27149],[59.50946,36.27156],[59.50931,36.27156],[59.5092,36.27167]]]}},{"type":"Feature","properties":{},"geometry":{"type":"Polygon","coordinates":[[[59.50877,36.27352],[59.50903,36.27346],[59.50912,36.27333],[59.50921,36.2732],[59.50923,36.27306],[59.50936,36.27298],[59.50937,36.27307],[59.50933,36.27313],[59.50939,36.2732],[59.50932,36.27328],[59.50925,36.27332],[59.50929,36.27343],[59.50939,36.27339],[59.5095,36.27333],[59.50959,36.27326],[59.50975,36.27318],[59.50988,36.27313],[59.51007,36.27305],[59.51017,36.27297],[59.51017,36.2729],[59.51007,36.27285],[59.50992,36.27282],[59.50983,36.27286],[59.50977,36.27295],[59.50968,36.27296],[59.50963,36.27295],[59.50946,36.27291],[59.5094,36.27286],[59.50941,36.27278],[59.50946,36.2727],[59.50934,36.27267],[59.50921,36.27273],[59.50914,36.27282],[59.50904,36.2728],[59.50896,36.27289],[59.50896,36.27296],[59.50899,36.27301],[59.5089,36.27311],[59.50876,36.27317],[59.50867,36.2733],[59.50875,36.27335],[59.50876,36.27342],[59.50877,36.27352]]]}},{"type":"Feature","properties":{},"geometry":{"type":"Polygon","coordinates":[[[59.50656,36.27473],[59.50673,36.27459],[59.50684,36.27454],[59.50697,36.27446],[59.50704,36.27441],[59.50718,36.27437],[59.50727,36.27432],[59.50733,36.27429],[59.50732,36.27425],[59.50729,36.27422],[59.50736,36.27417],[59.50748,36.27415],[59.50761,36.2742],[59.50773,36.27422],[59.50783,36.27429],[59.50788,36.27433],[59.50796,36.27436],[59.508,36.27444],[59.508,36.27453],[59.50806,36.27459],[59.50818,36.27467],[59.50832,36.27448],[59.5084,36.27453],[59.50843,36.27461],[59.50851,36.27452],[59.50852,36.27446],[59.50853,36.2744],[59.50865,36.27439],[59.50872,36.27434],[59.5086,36.27434],[59.5085,36.27434],[59.50845,36.27426],[59.50836,36.27422],[59.50832,36.27416],[59.50835,36.2741],[59.50833,36.27405],[59.50833,36.27401],[59.50828,36.27399],[59.50815,36.27399],[59.50812,36.27393],[59.50815,36.27387],[59.50827,36.27387],[59.50837,36.27387],[59.50838,36.27383],[59.50839,36.27379],[59.50842,36.27375],[59.5085,36.27373],[59.50865,36.27379],[59.50879,36.27383],[59.50894,36.27385],[59.50899,36.27385],[59.50895,36.27399],[59.50896,36.27406],[59.50901,36.27413],[59.50903,36.27416],[59.50898,36.27423],[59.50906,36.27427],[59.50905,36.27434],[59.509,36.27438],[59.50896,36.2744],[59.50889,36.27441],[59.50891,36.27451],[59.50881,36.27445],[59.50874,36.27446],[59.50873,36.27452],[59.50881,36.27455],[59.5087,36.2747],[59.50847,36.27487],[59.50836,36.27495],[59.50828,36.27511],[59.50836,36.27532],[59.50834,36.27552],[59.50829,36.27569],[59.50826,36.27599],[59.5083,36.27617],[59.50837,36.27629],[59.50838,36.27643],[59.50841,36.27662],[59.50843,36.27678],[59.50822,36.27688],[59.50786,36.27702],[59.50775,36.27705],[59.50766,36.27707],[59.50743,36.27709],[59.50744,36.27697],[59.50751,36.27682],[59.50761,36.27676],[59.50778,36.2767],[59.50796,36.2767],[59.50808,36.27665],[59.50813,36.2766],[59.50813,36.27652],[59.5081,36.2764],[59.50799,36.27617],[59.50787,36.27597],[59.50784,36.27584],[59.50775,36.27574],[59.50769,36.27566],[59.50754,36.27556],[59.5074,36.27548],[59.50712,36.27536],[59.50698,36.27529],[59.50694,36.27517],[59.50693,36.27505],[59.50683,36.2749],[59.50674,36.27483],[59.50656,36.27473]]]}},{"type":"Feature","properties":{},"geometry":{"type":"Polygon","coordinates":[[[59.50593,36.27462],[59.5059,36.27471],[59.50599,36.27473],[59.50612,36.27469],[59.50621,36.27478],[59.50622,36.27489],[59.50627,36.275],[59.50637,36.27504],[59.50644,36.27511],[59.50648,36.27519],[59.50651,36.27526],[59.50659,36.27536],[59.50672,36.27552],[59.50682,36.27563],[59.50693,36.27572],[59.50703,36.27579],[59.50714,36.27585],[59.50719,36.27594],[59.50729,36.27607],[59.50734,36.27614],[59.50735,36.27621],[59.50747,36.2764],[59.50754,36.27649],[59.50744,36.27656],[59.50741,36.27664],[59.50748,36.2767],[59.50753,36.27673],[59.50766,36.27666],[59.50774,36.27663],[59.50785,36.27663],[59.50796,36.27663],[59.50803,36.2766],[59.50805,36.27657],[59.50804,36.27652],[59.50804,36.27646],[59.508,36.27637],[59.50796,36.27631],[59.50792,36.27626],[59.50789,36.27618],[59.50786,36.27612],[59.50783,36.27602],[59.50775,36.27584],[59.50766,36.27574],[59.50759,36.27568],[59.50748,36.27561],[59.50733,36.27554],[59.50718,36.27548],[59.50704,36.27542],[59.50695,36.27535],[59.50688,36.27528],[59.50686,36.27513],[59.50683,36.27505],[59.50678,36.27497],[59.50668,36.27491],[59.50654,36.27483],[59.50642,36.27474],[59.5063,36.27468],[59.5062,36.27463],[59.50609,36.27461],[59.506,36.2746],[59.50593,36.27462]]]}},{"type":"Feature","properties":{},"geometry":{"type":"Polygon","coordinates":[[[59.50532,36.27425],[59.50532,36.27434],[59.50514,36.27435],[59.50504,36.27435],[59.50504,36.2743],[59.50503,36.27427],[59.5051,36.27425],[59.50515,36.27427],[59.50525,36.27426],[59.50532,36.27425]]]}},{"type":"Feature","properties":{},"geometry":{"type":"Polygon","coordinates":[[[59.50637,36.27433],[59.50648,36.27442],[59.50641,36.27455],[59.50637,36.27459],[59.50645,36.27459],[59.50649,36.27461],[59.50646,36.27468],[59.50634,36.27463],[59.50624,36.27458],[59.50612,36.27453],[59.50601,36.27448],[59.50605,36.27444],[59.50613,36.27442],[59.50627,36.27439],[59.50637,36.27433]]]}},{"type":"Feature","properties":{},"geometry":{"type":"Polygon","coordinates":[[[59.50637,36.27375],[59.50646,36.27382],[59.50634,36.27392],[59.50622,36.27397],[59.50615,36.2741],[59.5061,36.27416],[59.5058,36.27416],[59.50572,36.2741],[59.50581,36.27399],[59.50589,36.27394],[59.50597,36.27396],[59.50603,36.27394],[59.50609,36.27391],[59.50618,36.27383],[59.50634,36.27372],[59.50637,36.27375]]]}},{"type":"Feature","properties":{},"geometry":{"type":"Polygon","coordinates":[[[59.5056,36.27268],[59.50565,36.27274],[59.50568,36.27283],[59.50575,36.2729],[59.5058,36.273],[59.50575,36.27306],[59.50569,36.27322],[59.50573,36.27332],[59.50583,36.27335],[59.50593,36.27342],[59.50594,36.27347],[59.50579,36.27365],[59.50573,36.27378],[59.50565,36.27391],[59.50551,36.27396],[59.50539,36.27388],[59.50534,36.27381],[59.50532,36.27371],[59.50527,36.27362],[59.50521,36.27356],[59.50516,36.27346],[59.50506,36.27332],[59.50499,36.27322],[59.5049,36.27311],[59.50504,36.27309],[59.50509,36.27316],[59.50509,36.27308],[59.50505,36.27301],[59.50504,36.2729],[59.5051,36.27286],[59.5052,36.27286],[59.50523,36.27301],[59.50524,36.27315],[59.50533,36.27328],[59.50542,36.27334],[59.5055,36.27333],[59.50551,36.27324],[59.50544,36.27318],[59.50543,36.27311],[59.50549,36.27303],[59.50551,36.27299],[59.50552,36.27289],[59.50552,36.27281],[59.50552,36.27276],[59.5056,36.27268]]]}},{"type":"Feature","properties":{},"geometry":{"type":"Polygon","coordinates":[[[59.50655,36.27207],[59.50654,36.27215],[59.50643,36.27226],[59.50635,36.27235],[59.50646,36.27241],[59.5064,36.27253],[59.50631,36.27249],[59.50619,36.27254],[59.50608,36.27257],[59.50593,36.27269],[59.50576,36.27261],[59.50567,36.27265],[59.50562,36.27257],[59.50569,36.2725],[59.50581,36.27243],[59.50596,36.27238],[59.50607,36.27232],[59.50619,36.27226],[59.50644,36.2721],[59.50652,36.27204],[59.50655,36.27207]]]}},{"type":"Feature","properties":{},"geometry":{"type":"Polygon","coordinates":[[[59.50664,36.27215],[59.50678,36.27196],[59.50698,36.27183],[59.50718,36.27173],[59.50733,36.27167],[59.50751,36.27166],[59.50771,36.27164],[59.50785,36.27162],[59.50822,36.27165],[59.5084,36.27166],[59.50849,36.27165],[59.50855,36.27162],[59.50879,36.27161],[59.50897,36.27164],[59.50899,36.2717],[59.50887,36.27179],[59.50868,36.27184],[59.5085,36.27181],[59.50845,36.27181],[59.50838,36.2718],[59.50831,36.27184],[59.50825,36.27184],[59.50818,36.27181],[59.50805,36.2718],[59.50795,36.27179],[59.50774,36.27177],[59.5077,36.27176],[59.50746,36.27183],[59.5073,36.27189],[59.50723,36.27201],[59.50711,36.27212],[59.5069,36.27221],[59.50672,36.27221],[59.50664,36.27215]]]}},{"type":"Feature","properties":{},"geometry":{"type":"Polygon","coordinates":[[[59.50565,36.27214],[59.5057,36.27225],[59.50553,36.27231],[59.5054,36.27241],[59.50524,36.27248],[59.50524,36.2724],[59.50538,36.27229],[59.50545,36.27221],[59.50559,36.27218],[59.50565,36.27214]]]}},{"type":"Feature","properties":{},"geometry":{"type":"Polygon","coordinates":[[[59.50495,36.27154],[59.50519,36.27164],[59.50514,36.2717],[59.50512,36.2718],[59.50518,36.27182],[59.50522,36.27188],[59.50526,36.27196],[59.50528,36.27201],[59.50533,36.27201],[59.50539,36.27199],[59.50547,36.27201],[59.50549,36.27204],[59.50546,36.27211],[59.50539,36.27214],[59.50532,36.27214],[59.50529,36.27214],[59.50528,36.27217],[59.50523,36.27222],[59.50517,36.2723],[59.50506,36.2723],[59.50496,36.27229],[59.50489,36.27224],[59.50483,36.27218],[59.50491,36.27213],[59.50491,36.27209],[59.50487,36.27204],[59.50487,36.27195],[59.50484,36.27187],[59.5048,36.27183],[59.50481,36.27176],[59.50487,36.27173],[59.50494,36.27173],[59.50498,36.27172],[59.50501,36.27168],[59.50501,36.27165],[59.50495,36.27154]]]}},{"type":"Feature","properties":{},"geometry":{"type":"Polygon","coordinates":[[[59.50685,36.27152],[59.50664,36.27178],[59.50655,36.27193],[59.50634,36.27201],[59.50591,36.27218],[59.50576,36.27223],[59.50571,36.27214],[59.50588,36.27202],[59.50603,36.27191],[59.50613,36.27187],[59.50632,36.27178],[59.5065,36.27169],[59.50669,36.27159],[59.50685,36.27152]]]}},{"type":"Feature","properties":{},"geometry":{"type":"Polygon","coordinates":[[[59.50812,36.27103],[59.50815,36.27115],[59.50828,36.27124],[59.50835,36.2713],[59.50839,36.27131],[59.50832,36.27142],[59.50816,36.27145],[59.50801,36.27147],[59.5079,36.27145],[59.50779,36.27147],[59.50766,36.27152],[59.50751,36.27157],[59.5073,36.27162],[59.50712,36.2717],[59.50689,36.27181],[59.50675,36.27191],[59.50664,36.27204],[59.50661,36.27201],[59.50664,36.27186],[59.50678,36.27169],[59.50696,36.27151],[59.50705,36.27141],[59.50723,36.27125],[59.50735,36.27126],[59.50742,36.27134],[59.50748,36.27133],[59.50749,36.27128],[59.50756,36.27125],[59.50767,36.27127],[59.50778,36.27127],[59.50782,36.27122],[59.50774,36.27119],[59.50774,36.27112],[59.50777,36.2711],[59.50789,36.2711],[59.50799,36.27106],[59.50812,36.27103]]]}},{"type":"Feature","properties":{},"geometry":{"type":"Polygon","coordinates":[[[59.50833,36.26978],[59.50878,36.26994],[59.50873,36.27006],[59.50881,36.2701],[59.5089,36.27012],[59.5089,36.27023],[59.50896,36.27028],[59.50906,36.27022],[59.50915,36.27024],[59.50913,36.27038],[59.50912,36.2707],[59.50908,36.27088],[59.50899,36.271],[59.50883,36.27108],[59.50874,36.27113],[59.50864,36.2712],[59.50859,36.27132],[59.50846,36.27131],[59.50832,36.27123],[59.50826,36.27116],[59.50821,36.27109],[59.50822,36.27104],[59.50826,36.27097],[59.50835,36.27096],[59.50836,36.2709],[59.50849,36.27089],[59.50855,36.27095],[59.50861,36.27098],[59.50867,36.27092],[59.50878,36.27088],[59.50886,36.27084],[59.50886,36.27078],[59.50881,36.27075],[59.50876,36.27075],[59.50863,36.27079],[59.50851,36.27077],[59.50844,36.27073],[59.5084,36.27068],[59.50841,36.27062],[59.50843,36.27057],[59.50841,36.27055],[59.50827,36.2706],[59.5082,36.27061],[59.50815,36.27061],[59.50806,36.27063],[59.50796,36.27065],[59.50787,36.27066],[59.50778,36.27071],[59.50764,36.27071],[59.50751,36.27068],[59.5074,36.27068],[59.50729,36.2707],[59.50718,36.2707],[59.50712,36.27061],[59.5071,36.27052],[59.50706,36.27042],[59.50701,36.27037],[59.50706,36.27032],[59.50711,36.2703],[59.50714,36.27023],[59.50717,36.27016],[59.50726,36.27014],[59.50738,36.27015],[59.5074,36.27008],[59.50743,36.26998],[59.50752,36.27004],[59.50757,36.27013],[59.50768,36.27018],[59.50775,36.27027],[59.50776,36.27035],[59.50789,36.27042],[59.50794,36.27047],[59.50805,36.27049],[59.50811,36.27049],[59.50813,36.27042],[59.50814,36.27031],[59.50815,36.27025],[59.5082,36.2702],[59.50828,36.27016],[59.50835,36.27016],[59.50839,36.27011],[59.50827,36.2701],[59.50819,36.2701],[59.50824,36.27005],[59.5083,36.27001],[59.50836,36.26999],[59.50834,36.26994],[59.50831,36.26989],[59.50827,36.26986],[59.50833,36.26978]]]}},{"type":"Feature","properties":{},"geometry":{"type":"Polygon","coordinates":[[[59.50947,36.26973],[59.50969,36.26982],[59.50973,36.26995],[59.50975,36.27003],[59.50983,36.2701],[59.5099,36.27019],[59.50993,36.27027],[59.50994,36.27034],[59.5099,36.27042],[59.50974,36.27043],[59.50973,36.27047],[59.50977,36.27053],[59.50966,36.2706],[59.50958,36.27058],[59.50956,36.27051],[59.50944,36.27059],[59.50937,36.27065],[59.5093,36.27061],[59.50925,36.27049],[59.5093,36.2704],[59.50941,36.2704],[59.50948,36.27034],[59.50945,36.27024],[59.50933,36.27019],[59.50931,36.27014],[59.50924,36.27008],[59.50918,36.27002],[59.5091,36.26995],[59.50902,36.26986],[59.50914,36.26986],[59.50922,36.26987],[59.50931,36.26982],[59.50942,36.26975],[59.50947,36.26973]]]}},{"type":"Feature","properties":{},"geometry":{"type":"Polygon","coordinates":[[[59.51002,36.26977],[59.51022,36.26997],[59.51034,36.27005],[59.51057,36.27004],[59.51071,36.27004],[59.51074,36.27011],[59.51065,36.27021],[59.51049,36.27035],[59.51041,36.27046],[59.51028,36.27049],[59.51023,36.27044],[59.51015,36.27038],[59.51003,36.27037],[59.51002,36.2703],[59.51003,36.27025],[59.51008,36.27017],[59.51005,36.2701],[59.50999,36.26999],[59.50994,36.26984],[59.51002,36.26977]]]}},{"type":"Feature","properties":{},"geometry":{"type":"Polygon","coordinates":[[[59.50996,36.26938],[59.51021,36.26953],[59.50999,36.26962],[59.5099,36.26969],[59.50973,36.26976],[59.50966,36.26968],[59.50976,36.26957],[59.50989,36.2694],[59.50996,36.26938]]]}},{"type":"Feature","properties":{},"geometry":{"type":"Polygon","coordinates":[[[59.51303,36.26368],[59.5126,36.26382],[59.51243,36.26401],[59.51239,36.26412],[59.51246,36.2642],[59.51246,36.26427],[59.51228,36.26435],[59.51217,36.26443],[59.51224,36.26446],[59.51236,36.26444],[59.51241,36.26452],[59.51245,36.2646],[59.51254,36.26474],[59.51263,36.26485],[59.51281,36.26503],[59.51291,36.26514],[59.51302,36.26518],[59.5131,36.26518],[59.51318,36.26515],[59.51321,36.26504],[59.51327,36.26496],[59.51322,36.26485],[59.51312,36.26478],[59.51304,36.26469],[59.51291,36.26464],[59.51281,36.26463],[59.51273,36.2646],[59.51272,36.26457],[59.51279,36.26454],[59.51283,36.26446],[59.51284,36.2644],[59.51278,36.26436],[59.51284,36.26424],[59.51314,36.2641],[59.51333,36.26403],[59.51356,36.26398],[59.51365,36.26387],[59.5136,36.26379],[59.51352,36.26362],[59.51352,36.26356],[59.51343,36.26355],[59.51331,36.26356],[59.5132,36.26365],[59.51303,36.26368]]]}},{"type":"Feature","properties":{},"geometry":{"type":"Polygon","coordinates":[[[59.51869,36.26307],[59.51873,36.26294],[59.51875,36.26284],[59.51879,36.26271],[59.5188,36.26263],[59.51874,36.26254],[59.51862,36.26252],[59.51842,36.26256],[59.51832,36.26254],[59.51839,36.26244],[59.51833,36.26237],[59.51822,36.26239],[59.51816,36.26229],[59.51816,36.26219],[59.51806,36.26215],[59.51778,36.26207],[59.51758,36.26207],[59.51747,36.2622],[59.51745,36.26232],[59.51728,36.26238],[59.51717,36.26249],[59.51704,36.26252],[59.51697,36.26263],[59.51695,36.2627],[59.51695,36.26281],[59.51695,36.26289],[59.51708,36.26292],[59.51717,36.26299],[59.51723,36.26308],[59.51734,36.2631],[59.51745,36.26316],[59.51755,36.26322],[59.51765,36.26319],[59.51774,36.26323],[59.51778,36.26332],[59.51797,36.26341],[59.51806,36.26341],[59.51815,36.26337],[59.51822,36.2633],[59.51824,36.26323],[59.51833,36.26319],[59.51841,36.26318],[59.51856,36.26316],[59.51869,36.26307]]]}},{"type":"Feature","properties":{},"geometry":{"type":"Polygon","coordinates":[[[59.53986,36.29919],[59.54125,36.29812],[59.54155,36.29787],[59.54252,36.29714],[59.54271,36.29691],[59.54292,36.29673],[59.54314,36.2966],[59.54334,36.29651],[59.54486,36.29532],[59.54633,36.29419],[59.54611,36.29431],[59.54572,36.2945],[59.5456,36.29458],[59.54449,36.29545],[59.54369,36.29607],[59.54255,36.29695],[59.54119,36.298],[59.54025,36.29874],[59.54011,36.29889],[59.53986,36.29919]]]}},{"type":"Feature","properties":{},"geometry":{"type":"Polygon","coordinates":[[[59.54645,36.29458],[59.54615,36.29501],[59.5454,36.29558],[59.54256,36.29778],[59.54234,36.29793],[59.54167,36.29845],[59.54139,36.29864],[59.54083,36.29892],[59.54151,36.29839],[59.54175,36.29826],[59.54194,36.29815],[59.54219,36.29797],[59.54229,36.29784],[59.54242,36.29769],[59.54283,36.29738],[59.54464,36.29597],[59.54647,36.29455],[59.54645,36.29458]]]}},{"type":"Feature","properties":{"name":"قبرستان کشف"},"geometry":{"type":"Polygon","coordinates":[[[59.57945,36.3636],[59.57916,36.36364],[59.57909,36.36391],[59.5785,36.36393],[59.57835,36.36365],[59.57911,36.36317],[59.57909,36.36314],[59.57921,36.36299],[59.57931,36.3629],[59.57972,36.3628],[59.57973,36.36293],[59.57969,36.36313],[59.57945,36.3636]]]}},{"type":"Feature","properties":{},"geometry":{"type":"Polygon","coordinates":[[[59.628,36.29713],[59.62843,36.29664],[59.62856,36.29656],[59.6287,36.29649],[59.62885,36.29647],[59.62843,36.29622],[59.62839,36.2963],[59.62836,36.29639],[59.62828,36.29657],[59.62821,36.29664],[59.62797,36.29714],[59.62792,36.29721],[59.628,36.29713]]]}},{"type":"Feature","properties":{},"geometry":{"type":"Polygon","coordinates":[[[59.53264,36.31775],[59.53269,36.31785],[59.52631,36.31982],[59.52627,36.31972],[59.53264,36.31775]]]}},{"type":"Feature","properties":{},"geometry":{"type":"Polygon","coordinates":[[[59.53238,36.3176],[59.53243,36.31771],[59.52606,36.31968],[59.52601,36.31958],[59.53238,36.3176]]]}},{"type":"Feature","properties":{},"geometry":{"type":"Polygon","coordinates":[[[59.52456,36.32026],[59.52459,36.32031],[59.52471,36.32034],[59.51817,36.32237],[59.51809,36.32227],[59.52456,36.32026]]]}},{"type":"Feature","properties":{},"geometry":{"type":"Polygon","coordinates":[[[59.52458,36.32003],[59.52454,36.32016],[59.51802,36.3222],[59.51786,36.32212],[59.52458,36.32003]]]}},{"type":"Feature","properties":{},"geometry":{"type":"Polygon","coordinates":[[[59.51636,36.32281],[59.51641,36.32291],[59.51003,36.32489],[59.50998,36.32478],[59.51636,36.32281]]]}},{"type":"Feature","properties":{},"geometry":{"type":"Polygon","coordinates":[[[59.51623,36.32264],[59.51628,36.32274],[59.50991,36.32472],[59.50986,36.32461],[59.51623,36.32264]]]}},{"type":"Feature","properties":{},"geometry":{"type":"Polygon","coordinates":[[[59.50826,36.32534],[59.50831,36.32544],[59.50176,36.32748],[59.50188,36.32731],[59.50826,36.32534]]]}},{"type":"Feature","properties":{},"geometry":{"type":"Polygon","coordinates":[[[59.50817,36.32514],[59.50822,36.32525],[59.50184,36.32722],[59.50158,36.32719],[59.50817,36.32514]]]}},{"type":"Feature","properties":{},"geometry":{"type":"Polygon","coordinates":[[[59.49934,36.32791],[59.49938,36.32801],[59.49376,36.32977],[59.49371,36.32967],[59.49934,36.32791]]]}},{"type":"Feature","properties":{},"geometry":{"type":"Polygon","coordinates":[[[59.49942,36.32809],[59.49947,36.3282],[59.49384,36.32997],[59.49379,36.32985],[59.49942,36.32809]]]}},{"type":"Feature","properties":{},"geometry":{"type":"Polygon","coordinates":[[[59.49249,36.33026],[59.49254,36.33036],[59.48584,36.33245],[59.48594,36.33229],[59.49249,36.33026]]]}},{"type":"Feature","properties":{},"geometry":{"type":"Polygon","coordinates":[[[59.4924,36.33007],[59.49245,36.33017],[59.48591,36.33221],[59.48566,36.33216],[59.4924,36.33007]]]}},{"type":"Feature","properties":{},"geometry":{"type":"Polygon","coordinates":[[[59.48403,36.3329],[59.48421,36.33296],[59.47524,36.33576],[59.47531,36.33562],[59.48403,36.3329]]]}},{"type":"Feature","properties":{},"geometry":{"type":"Polygon","coordinates":[[[59.48408,36.33265],[59.48399,36.3328],[59.47524,36.33554],[59.47509,36.33547],[59.48408,36.33265]]]}},{"type":"Feature","properties":{},"geometry":{"type":"Polygon","coordinates":[[[59.47342,36.33622],[59.47357,36.33629],[59.46429,36.33921],[59.46434,36.33906],[59.47342,36.33622]]]}},{"type":"Feature","properties":{},"geometry":{"type":"Polygon","coordinates":[[[59.47342,36.33599],[59.47337,36.33613],[59.46428,36.33899],[59.46409,36.33891],[59.47342,36.33599]]]}},{"type":"Feature","properties":{},"geometry":{"type":"Polygon","coordinates":[[[59.46239,36.33967],[59.46257,36.33974],[59.45367,36.34254],[59.4536,36.3425],[59.45355,36.34244],[59.46239,36.33967]]]}},{"type":"Feature","properties":{},"geometry":{"type":"Polygon","coordinates":[[[59.46246,36.33942],[59.46237,36.33959],[59.4535,36.34236],[59.45349,36.34229],[59.45349,36.34223],[59.46246,36.33942]]]}},{"type":"Feature","properties":{},"geometry":{"type":"Polygon","coordinates":[[[59.45154,36.34311],[59.45156,36.34316],[59.45161,36.34319],[59.45088,36.34342],[59.44983,36.34381],[59.44922,36.34401],[59.44843,36.34426],[59.44839,36.34417],[59.44909,36.34394],[59.44943,36.34383],[59.45067,36.34336],[59.45091,36.34327],[59.45153,36.34309],[59.45154,36.34311]]]}},{"type":"Feature","properties":{},"geometry":{"type":"Polygon","coordinates":[[[59.44835,36.34408],[59.44832,36.344],[59.44912,36.34375],[59.44967,36.34355],[59.45031,36.34332],[59.45072,36.34317],[59.45107,36.34304],[59.45151,36.3429],[59.45143,36.34303],[59.45103,36.34315],[59.45051,36.34334],[59.44983,36.34359],[59.44942,36.34375],[59.44897,36.3439],[59.44835,36.34408]]]}},{"type":"Feature","properties":{},"geometry":{"type":"Polygon","coordinates":[[[59.53429,36.28781],[59.53436,36.28787],[59.53477,36.28789],[59.53491,36.28785],[59.53531,36.28765],[59.53534,36.2876],[59.53702,36.28673],[59.53703,36.28647],[59.53687,36.28648],[59.53429,36.28781]]]}},{"type":"Feature","properties":{},"geometry":{"type":"Polygon","coordinates":[[[59.59817,36.29521],[59.59822,36.29516],[59.59834,36.2951],[59.59852,36.29532],[59.59817,36.29521]]]}},{"type":"Feature","properties":{},"geometry":{"type":"Polygon","coordinates":[[[59.61778,36.16241],[59.61767,36.16231],[59.61736,36.16258],[59.61737,36.16303],[59.61755,36.16298],[59.61765,36.16289],[59.61782,36.1626],[59.61778,36.16241]]]}},{"type":"Feature","properties":{},"geometry":{"type":"Polygon","coordinates":[[[59.56453,36.35575],[59.56477,36.356],[59.56454,36.35614],[59.5643,36.35589],[59.56453,36.35575]]]}},{"type":"Feature","properties":{"name":"کوه پارک"},"geometry":{"type":"Polygon","coordinates":[[[59.50775,36.27785],[59.50734,36.27719],[59.50703,36.27736],[59.50646,36.27763],[59.50576,36.27778],[59.50547,36.27788],[59.50528,36.278],[59.50502,36.27822],[59.50471,36.27838],[59.50436,36.2785],[59.50382,36.27859],[59.50349,36.27864],[59.50308,36.27886],[59.50285,36.2791],[59.50212,36.27947],[59.50129,36.27985],[59.50038,36.28038],[59.49636,36.28257],[59.4925,36.28542],[59.48574,36.28862],[59.48171,36.29028],[59.47932,36.29106],[59.47282,36.29275],[59.47009,36.29428],[59.46678,36.29891],[59.46672,36.30024],[59.46801,36.30041],[59.46852,36.30151],[59.46912,36.30072],[59.46976,36.30021],[59.47022,36.29922],[59.47117,36.29843],[59.47174,36.29752],[59.47288,36.29634],[59.47352,36.29515],[59.47482,36.29372],[59.47782,36.29269],[59.47986,36.2928],[59.48286,36.29186],[59.48635,36.28947],[59.48928,36.28794],[59.49424,36.28539],[59.49746,36.28322],[59.5,36.28168],[59.50437,36.2794],[59.50775,36.27785]]]}},{"type":"Feature","properties":{"name":"قبرستان توس"},"geometry":{"type":"Polygon","coordinates":[[[59.52043,36.4921],[59.52062,36.49251],[59.52038,36.49269],[59.5201,36.49288],[59.51981,36.49284],[59.51981,36.49256],[59.52043,36.4921]]]}},{"type":"Feature","properties":{},"geometry":{"type":"Polygon","coordinates":[[[59.35312,36.326],[59.35311,36.32624],[59.35316,36.32665],[59.35315,36.32685],[59.3531,36.32673],[59.35299,36.3266],[59.35286,36.32654],[59.35259,36.32648],[59.35289,36.32626],[59.35312,36.326]]]}},{"type":"Feature","properties":{},"geometry":{"type":"Polygon","coordinates":[[[59.10457,36.17727],[59.10482,36.17709],[59.10481,36.17689],[59.10491,36.17676],[59.1058,36.1765],[59.10619,36.17653],[59.10649,36.1764],[59.10624,36.17613],[59.10622,36.17607],[59.10574,36.17583],[59.10534,36.17585],[59.10495,36.17589],[59.10498,36.17604],[59.10475,36.17616],[59.10481,36.17638],[59.10495,36.17628],[59.10495,36.1765],[59.10448,36.17657],[59.10409,36.17709],[59.10457,36.17727]]]}},{"type":"Feature","properties":{},"geometry":{"type":"Polygon","coordinates":[[[59.10381,36.17468],[59.10412,36.17465],[59.10456,36.17445],[59.10477,36.17427],[59.10498,36.17401],[59.10544,36.17424],[59.10557,36.17437],[59.10573,36.17421],[59.10567,36.17399],[59.1055,36.17402],[59.10504,36.17382],[59.1047,36.17408],[59.10426,36.17425],[59.10369,36.17432],[59.10381,36.17468]]]}},{"type":"Feature","properties":{},"geometry":{"type":"Polygon","coordinates":[[[59.35913,36.32007],[59.359,36.32017],[59.35896,36.32017],[59.35892,36.32013],[59.35883,36.3202],[59.35896,36.32032],[59.35911,36.32041],[59.35929,36.32024],[59.35929,36.32019],[59.35913,36.32007]]]}},{"type":"Feature","properties":{},"geometry":{"type":"Polygon","coordinates":[[[59.36011,36.31818],[59.36027,36.3184],[59.35996,36.31857],[59.35987,36.31853],[59.36011,36.31818]]]}},{"type":"Feature","properties":{},"geometry":{"type":"Polygon","coordinates":[[[59.36043,36.3188],[59.36039,36.31885],[59.36028,36.31872],[59.3601,36.31879],[59.35996,36.3187],[59.36024,36.31855],[59.36043,36.3188]]]}},{"type":"Feature","properties":{},"geometry":{"type":"Polygon","coordinates":[[[59.3598,36.31914],[59.35968,36.31902],[59.35964,36.31886],[59.35971,36.31875],[59.35974,36.31873],[59.35997,36.31884],[59.35992,36.31889],[59.35997,36.31902],[59.3598,36.31914]]]}},{"type":"Feature","properties":{},"geometry":{"type":"Polygon","coordinates":[[[59.17979,36.19206],[59.17936,36.19228],[59.17939,36.1928],[59.17976,36.19314],[59.18019,36.19314],[59.18065,36.19293],[59.18081,36.19258],[59.18124,36.192],[59.18121,36.1918],[59.18089,36.19191],[59.18,36.1918],[59.17979,36.19206]]]}},{"type":"Feature","properties":{},"geometry":{"type":"Polygon","coordinates":[[[59.18387,36.18656],[59.1844,36.18626],[59.18507,36.18609],[59.18548,36.18594],[59.18513,36.18574],[59.18459,36.18572],[59.18481,36.18589],[59.1847,36.186],[59.18416,36.18613],[59.18381,36.18637],[59.18387,36.18656]]]}},{"type":"Feature","properties":{},"geometry":{"type":"Polygon","coordinates":[[[59.1898,36.18376],[59.19011,36.18379],[59.19059,36.18363],[59.19091,36.18341],[59.19142,36.18336],[59.19188,36.18336],[59.19207,36.18343],[59.19262,36.18359],[59.19287,36.18359],[59.19256,36.18334],[59.19207,36.18319],[59.19142,36.18312],[59.19118,36.18317],[59.19052,36.18333],[59.19005,36.18355],[59.18979,36.18369],[59.1898,36.18376]]]}},{"type":"Feature","properties":{},"geometry":{"type":"Polygon","coordinates":[[[59.19615,36.18085],[59.19606,36.18096],[59.19599,36.1812],[59.19615,36.18129],[59.19635,36.18129],[59.19643,36.18111],[59.19615,36.18085]]]}},{"type":"Feature","properties":{},"geometry":{"type":"Polygon","coordinates":[[[59.14838,36.17181],[59.14815,36.17213],[59.14796,36.17256],[59.14813,36.17281],[59.14831,36.17307],[59.14841,36.17362],[59.14838,36.17396],[59.14881,36.17415],[59.14939,36.17426],[59.1496,36.17409],[59.14913,36.1739],[59.14871,36.17352],[59.14874,36.17313],[59.14909,36.17285],[59.14892,36.17241],[59.14869,36.17245],[59.14885,36.172],[59.14864,36.17172],[59.14838,36.17181]]]}},{"type":"Feature","properties":{},"geometry":{"type":"Polygon","coordinates":[[[59.13262,36.15942],[59.13316,36.15926],[59.13335,36.1589],[59.13365,36.15873],[59.13398,36.15871],[59.13426,36.15854],[59.13494,36.1582],[59.13573,36.15797],[59.13603,36.15741],[59.13664,36.1569],[59.13643,36.15682],[59.1358,36.15726],[59.13522,36.15773],[59.1344,36.15778],[59.13372,36.15799],[59.13311,36.15839],[59.13274,36.15888],[59.13246,36.15916],[59.13262,36.15942]]]}},{"type":"Feature","properties":{},"geometry":{"type":"Polygon","coordinates":[[[59.12401,36.14804],[59.12354,36.14828],[59.12298,36.1487],[59.12268,36.14923],[59.12198,36.15002],[59.12151,36.15032],[59.12132,36.15075],[59.12132,36.15104],[59.12172,36.15077],[59.12228,36.15054],[59.12242,36.15028],[59.12293,36.14992],[59.12326,36.14956],[59.12354,36.14911],[59.12384,36.14877],[59.1241,36.14856],[59.12401,36.14804]]]}},{"type":"Feature","properties":{},"geometry":{"type":"Polygon","coordinates":[[[59.10813,36.15198],[59.10811,36.1525],[59.10827,36.15286],[59.10823,36.15314],[59.10844,36.15338],[59.10809,36.15399],[59.1086,36.15419],[59.10925,36.15397],[59.10942,36.1537],[59.10984,36.15344],[59.10993,36.15291],[59.10993,36.15259],[59.1104,36.15259],[59.11051,36.15242],[59.11096,36.15237],[59.111,36.15199],[59.11086,36.15171],[59.10944,36.15157],[59.10853,36.15149],[59.10853,36.15183],[59.10813,36.15198]]]}},{"type":"Feature","properties":{},"geometry":{"type":"Polygon","coordinates":[[[59.12004,36.15421],[59.12025,36.15459],[59.1202,36.15499],[59.11969,36.15561],[59.11946,36.15597],[59.11887,36.1558],[59.11859,36.15599],[59.1182,36.15636],[59.11792,36.15653],[59.11717,36.15649],[59.11682,36.15602],[59.11696,36.15591],[59.11726,36.15615],[59.11754,36.15606],[59.11745,36.15585],[59.11745,36.15551],[59.11759,36.15514],[59.11822,36.15525],[59.11859,36.15499],[59.11843,36.15453],[59.11822,36.15419],[59.11904,36.15393],[59.11911,36.1534],[59.11962,36.15235],[59.11976,36.15197],[59.12025,36.15204],[59.11985,36.15274],[59.11967,36.1531],[59.12027,36.15274],[59.12037,36.15308],[59.11988,36.15333],[59.11974,36.15369],[59.11948,36.15412],[59.12004,36.15421]]]}},{"type":"Feature","properties":{},"geometry":{"type":"Polygon","coordinates":[[[59.10054,36.20226],[59.10124,36.202],[59.10204,36.20159],[59.10215,36.20127],[59.10252,36.2011],[59.10306,36.20114],[59.10357,36.20146],[59.10373,36.20094],[59.10429,36.20053],[59.10467,36.20058],[59.10507,36.20092],[59.10561,36.2011],[59.1066,36.20144],[59.10612,36.20107],[59.10612,36.2006],[59.10641,36.20012],[59.1073,36.19958],[59.10781,36.19947],[59.10757,36.19915],[59.10687,36.19919],[59.10665,36.19884],[59.10641,36.19839],[59.10647,36.19817],[59.10687,36.1975],[59.10738,36.19696],[59.10813,36.19631],[59.10762,36.19636],[59.10684,36.19646],[59.10641,36.19614],[59.10601,36.19564],[59.10556,36.19547],[59.10545,36.19586],[59.1059,36.19655],[59.10631,36.19713],[59.10631,36.19768],[59.10604,36.19806],[59.10577,36.19865],[59.10539,36.19913],[59.10515,36.19943],[59.10403,36.19986],[59.1037,36.19954],[59.10346,36.19917],[59.10317,36.19958],[59.10325,36.20012],[59.10298,36.20042],[59.1026,36.20081],[59.10204,36.20088],[59.10156,36.2011],[59.1014,36.20129],[59.10075,36.20179],[59.10035,36.20196],[59.10054,36.20226]]]}},{"type":"Feature","properties":{},"geometry":{"type":"Polygon","coordinates":[[[59.44092,36.34454],[59.44085,36.3446],[59.44076,36.34472],[59.4407,36.34486],[59.44038,36.34446],[59.44027,36.3443],[59.44046,36.34443],[59.44067,36.3445],[59.44092,36.34454]]]}},{"type":"Feature","properties":{"name":"لونا پارک شادی مشهد"},"geometry":{"type":"Polygon","coordinates":[[[59.42798,36.35936],[59.42803,36.35956],[59.43175,36.3593],[59.43142,36.35795],[59.42798,36.35936]]]}},{"type":"Feature","properties":{},"geometry":{"type":"Polygon","coordinates":[[[59.22059,36.13356],[59.22081,36.13302],[59.22212,36.13265],[59.22368,36.13239],[59.22437,36.13178],[59.22504,36.13094],[59.22528,36.13026],[59.22555,36.12953],[59.22593,36.12914],[59.22679,36.12847],[59.2274,36.12758],[59.22799,36.12701],[59.22794,36.12641],[59.22754,36.12574],[59.22708,36.12528],[59.22676,36.12467],[59.22609,36.12428],[59.22539,36.12418],[59.22475,36.12411],[59.22491,36.12359],[59.22486,36.12292],[59.22443,36.12225],[59.22416,36.12186],[59.22376,36.12158],[59.22341,36.12108],[59.22378,36.12077],[59.22349,36.1206],[59.22311,36.12056],[59.2233,36.12008],[59.22325,36.11982],[59.22408,36.12008],[59.22499,36.1198],[59.22491,36.12049],[59.22453,36.12056],[59.22435,36.12088],[59.22453,36.12123],[59.22453,36.1219],[59.22523,36.12292],[59.22596,36.1234],[59.22641,36.12376],[59.22705,36.12459],[59.2277,36.12504],[59.2284,36.12539],[59.22861,36.12576],[59.22899,36.12639],[59.22866,36.12691],[59.2288,36.12717],[59.22933,36.12706],[59.2299,36.12688],[59.23065,36.12671],[59.2318,36.1266],[59.23261,36.12628],[59.23389,36.12602],[59.23459,36.1253],[59.23516,36.12454],[59.23534,36.12418],[59.2354,36.12368],[59.23566,36.1245],[59.23564,36.125],[59.23532,36.12558],[59.2362,36.12597],[59.23706,36.1261],[59.23596,36.12649],[59.23513,36.12656],[59.2343,36.12649],[59.23379,36.12652],[59.23341,36.12678],[59.2329,36.1271],[59.23231,36.1273],[59.23167,36.12751],[59.23105,36.12773],[59.23057,36.1279],[59.23078,36.12814],[59.23148,36.12816],[59.23285,36.12829],[59.23588,36.12844],[59.23754,36.12879],[59.23859,36.12925],[59.23668,36.12877],[59.23483,36.12857],[59.23333,36.12857],[59.23186,36.12844],[59.231,36.1284],[59.22976,36.12838],[59.2288,36.12892],[59.22783,36.12938],[59.22719,36.12972],[59.22673,36.13011],[59.22671,36.13033],[59.22794,36.12987],[59.22848,36.12987],[59.22907,36.13009],[59.22864,36.13037],[59.22778,36.13059],[59.22671,36.13072],[59.2262,36.13096],[59.22569,36.13141],[59.22542,36.13215],[59.22577,36.13202],[59.22601,36.13241],[59.22542,36.13278],[59.22464,36.13321],[59.22378,36.13332],[59.22282,36.13332],[59.22158,36.13416],[59.22123,36.13447],[59.22086,36.13402],[59.22059,36.13356]]]}},{"type":"Feature","properties":{},"geometry":{"type":"Polygon","coordinates":[[[59.24081,36.12441],[59.24127,36.12439],[59.24157,36.12413],[59.24132,36.12374],[59.24087,36.12383],[59.24076,36.12398],[59.24095,36.12413],[59.24081,36.12441]]]}},{"type":"Feature","properties":{},"geometry":{"type":"Polygon","coordinates":[[[59.23583,36.11536],[59.23623,36.11521],[59.23671,36.11477],[59.23607,36.11482],[59.23558,36.11495],[59.23583,36.11536]]]}},{"type":"Feature","properties":{},"geometry":{"type":"Polygon","coordinates":[[[59.23505,36.11726],[59.23502,36.11776],[59.23534,36.11796],[59.23561,36.11778],[59.23588,36.11809],[59.23615,36.11781],[59.23609,36.11752],[59.2365,36.11713],[59.23684,36.11716],[59.23752,36.11748],[59.23746,36.11765],[59.23797,36.11765],[59.23816,36.11783],[59.23794,36.11802],[59.23843,36.11811],[59.23864,36.11772],[59.23813,36.11739],[59.23792,36.11724],[59.23733,36.11711],[59.23757,36.11681],[59.23722,36.11659],[59.23695,36.11607],[59.23666,36.11583],[59.23625,36.11588],[59.23599,36.11635],[59.23558,36.11661],[59.23521,36.1164],[59.23534,36.11687],[59.23575,36.11707],[59.23588,36.11713],[59.23564,36.11724],[59.23534,36.11705],[59.23505,36.11726]]]}},{"type":"Feature","properties":{},"geometry":{"type":"Polygon","coordinates":[[[59.23926,36.11733],[59.23961,36.11757],[59.24004,36.11744],[59.24004,36.11709],[59.23969,36.11685],[59.23947,36.11705],[59.23926,36.11733]]]}},{"type":"Feature","properties":{},"geometry":{"type":"Polygon","coordinates":[[[59.23532,36.11852],[59.2351,36.11891],[59.23491,36.11919],[59.2351,36.1196],[59.2355,36.11989],[59.23575,36.12021],[59.23588,36.12056],[59.23577,36.1195],[59.23553,36.11893],[59.23545,36.11869],[59.23532,36.11852]]]}},{"type":"Feature","properties":{},"geometry":{"type":"Polygon","coordinates":[[[59.23245,36.11898],[59.23237,36.11928],[59.23245,36.11956],[59.23269,36.11965],[59.23263,36.11924],[59.23269,36.11902],[59.23245,36.11898]]]}},{"type":"Feature","properties":{},"geometry":{"type":"Polygon","coordinates":[[[59.23336,36.12082],[59.23365,36.12116],[59.23355,36.12158],[59.2333,36.12212],[59.23338,36.12259],[59.23381,36.12309],[59.23422,36.1229],[59.23384,36.12227],[59.23448,36.12283],[59.23502,36.12309],[59.23516,36.12342],[59.23507,36.12283],[59.23507,36.12246],[59.23542,36.12292],[59.23518,36.12227],[59.23542,36.12179],[59.23537,36.12147],[59.23481,36.12116],[59.23427,36.12123],[59.23387,36.1211],[59.23365,36.1208],[59.23336,36.12082]]]}},{"type":"Feature","properties":{},"geometry":{"type":"Polygon","coordinates":[[[59.21893,36.11386],[59.2193,36.11384],[59.21973,36.11388],[59.22022,36.1141],[59.21987,36.11367],[59.21941,36.11356],[59.21906,36.11371],[59.21893,36.11386]]]}},{"type":"Feature","properties":{},"geometry":{"type":"Polygon","coordinates":[[[59.20458,36.12722],[59.20519,36.12669],[59.20578,36.1258],[59.20672,36.12524],[59.20678,36.12539],[59.20742,36.12519],[59.20849,36.12489],[59.20892,36.12487],[59.20876,36.12511],[59.2093,36.125],[59.20984,36.12459],[59.21016,36.12431],[59.2104,36.12441],[59.21096,36.12457],[59.21161,36.12463],[59.2122,36.12454],[59.21279,36.12433],[59.21311,36.12387],[59.21319,36.12329],[59.21311,36.12288],[59.21287,36.12244],[59.21268,36.12236],[59.21257,36.12298],[59.21268,36.12333],[59.21273,36.12374],[59.21225,36.12415],[59.21144,36.12431],[59.21069,36.12418],[59.21018,36.12409],[59.20965,36.12424],[59.20908,36.12435],[59.20849,36.12439],[59.20809,36.1247],[59.2075,36.1247],[59.20697,36.12446],[59.20654,36.12431],[59.20605,36.12461],[59.20578,36.12491],[59.20541,36.12532],[59.20495,36.12623],[59.20469,36.12675],[59.20458,36.12722]]]}},{"type":"Feature","properties":{},"geometry":{"type":"Polygon","coordinates":[[[59.23227,36.14485],[59.23288,36.14543],[59.23341,36.14595],[59.23309,36.14616],[59.23347,36.1469],[59.23397,36.14699],[59.23459,36.14718],[59.23548,36.14709],[59.23628,36.14705],[59.23703,36.14748],[59.23794,36.14783],[59.23867,36.14835],[59.2395,36.14878],[59.23966,36.14902],[59.23974,36.14937],[59.2403,36.14991],[59.24103,36.15047],[59.24143,36.15067],[59.24159,36.15114],[59.24189,36.15132],[59.24165,36.15084],[59.24157,36.15039],[59.24044,36.14961],[59.24033,36.14909],[59.23996,36.14852],[59.23859,36.14779],[59.23794,36.14696],[59.23719,36.14632],[59.23733,36.1459],[59.23744,36.14545],[59.23757,36.14506],[59.2369,36.14547],[59.23623,36.1458],[59.23577,36.14571],[59.23518,36.14532],[59.23451,36.14489],[59.23373,36.14525],[59.23325,36.14482],[59.23269,36.14467],[59.23227,36.14485]]]}},{"type":"Feature","properties":{},"geometry":{"type":"Polygon","coordinates":[[[59.24237,36.15203],[59.24261,36.1524],[59.24293,36.15275],[59.24374,36.15325],[59.2446,36.15368],[59.245,36.15383],[59.24454,36.15322],[59.2435,36.15264],[59.2428,36.15212],[59.24237,36.15203]]]}},{"type":"Feature","properties":{},"geometry":{"type":"Polygon","coordinates":[[[59.22971,36.14666],[59.22963,36.14699],[59.23001,36.14725],[59.23038,36.14751],[59.2303,36.14787],[59.22995,36.14824],[59.22971,36.14835],[59.22992,36.14859],[59.23076,36.1485],[59.23105,36.14818],[59.23121,36.14796],[59.23084,36.14755],[59.23041,36.14707],[59.23043,36.14668],[59.23073,36.14657],[59.23027,36.14655],[59.22998,36.14655],[59.22971,36.14666]]]}},{"type":"Feature","properties":{},"geometry":{"type":"Polygon","coordinates":[[[59.21657,36.13971],[59.21659,36.13999],[59.21627,36.1404],[59.21625,36.14058],[59.21633,36.14073],[59.21654,36.14051],[59.21684,36.14006],[59.21705,36.13967],[59.21657,36.13971]]]}},{"type":"Feature","properties":{},"geometry":{"type":"Polygon","coordinates":[[[59.21362,36.12558],[59.21375,36.12595],[59.21405,36.12626],[59.21453,36.12613],[59.21464,36.12556],[59.21429,36.12539],[59.21397,36.12532],[59.21362,36.12558]]]}},{"type":"Feature","properties":{},"geometry":{"type":"Polygon","coordinates":[[[59.18049,36.12448],[59.18049,36.12487],[59.18068,36.12539],[59.18087,36.1258],[59.18105,36.12541],[59.18119,36.12504],[59.18103,36.12461],[59.18084,36.12428],[59.18049,36.12448]]]}},{"type":"Feature","properties":{},"geometry":{"type":"Polygon","coordinates":[[[59.17802,36.15186],[59.17768,36.15231],[59.17765,36.15312],[59.1781,36.15381],[59.17827,36.15433],[59.17813,36.15472],[59.17781,36.15513],[59.17786,36.15567],[59.17789,36.15632],[59.17768,36.15654],[59.17827,36.15658],[59.17888,36.15673],[59.17945,36.15708],[59.17979,36.15732],[59.17996,36.15756],[59.17907,36.15764],[59.17904,36.15836],[59.17902,36.15927],[59.17864,36.15948],[59.17819,36.15957],[59.17751,36.16005],[59.17738,36.16059],[59.17778,36.16072],[59.1784,36.1602],[59.17928,36.15955],[59.17961,36.15896],[59.1802,36.15859],[59.18081,36.15838],[59.18122,36.15864],[59.18146,36.15888],[59.18205,36.15896],[59.18285,36.15946],[59.18331,36.16009],[59.18406,36.16117],[59.18497,36.16182],[59.18543,36.16212],[59.18591,36.16269],[59.18572,36.16306],[59.18594,36.16345],[59.18639,36.16364],[59.1872,36.16412],[59.18749,36.16459],[59.18765,36.16535],[59.18738,36.16572],[59.1869,36.16613],[59.18741,36.1662],[59.18776,36.16661],[59.18757,36.16689],[59.18728,36.16724],[59.18706,36.16775],[59.18712,36.16847],[59.18728,36.16899],[59.18768,36.16884],[59.18803,36.16795],[59.18843,36.16739],[59.18859,36.1668],[59.18806,36.16613],[59.18776,36.16585],[59.18787,36.16533],[59.18822,36.16483],[59.18875,36.1647],[59.18972,36.16468],[59.19023,36.16451],[59.18961,36.16418],[59.18881,36.16366],[59.18827,36.16321],[59.18768,36.16312],[59.18701,36.16286],[59.18639,36.16232],[59.18553,36.16154],[59.18497,36.1602],[59.18376,36.1592],[59.18283,36.15833],[59.18173,36.15782],[59.18189,36.15751],[59.18162,36.15714],[59.18068,36.15649],[59.18006,36.15582],[59.17918,36.15511],[59.17912,36.15457],[59.1792,36.15368],[59.17918,36.15333],[59.17832,36.1534],[59.17816,36.15273],[59.17843,36.15238],[59.17802,36.15186]]]}},{"type":"Feature","properties":{},"geometry":{"type":"Polygon","coordinates":[[[59.48565,36.37715],[59.48574,36.37653],[59.485,36.37645],[59.4849,36.37707],[59.48565,36.37715]]]}},{"type":"Feature","properties":{},"geometry":{"type":"Polygon","coordinates":[[[59.81981,36.24326],[59.81928,36.24461],[59.81908,36.24472],[59.8173,36.24545],[59.81724,36.24556],[59.82059,36.24613],[59.82868,36.24743],[59.82879,36.24734],[59.82857,36.24725],[59.82766,36.24709],[59.8278,36.24642],[59.82753,36.24623],[59.82161,36.24527],[59.82087,36.24488],[59.821,36.24469],[59.81981,36.24326]]]}},{"type":"Feature","properties":{},"geometry":{"type":"Polygon","coordinates":[[[59.81533,36.23821],[59.81515,36.23836],[59.81514,36.23854],[59.81927,36.2397],[59.81951,36.23982],[59.82044,36.24137],[59.82049,36.24157],[59.81992,36.24291],[59.82026,36.24299],[59.82082,36.24151],[59.82075,36.24119],[59.81981,36.23961],[59.81948,36.23939],[59.81533,36.23821]]]}},{"type":"Feature","properties":{},"geometry":{"type":"Polygon","coordinates":[[[59.75192,36.30228],[59.7517,36.30261],[59.75206,36.30267],[59.75255,36.30254],[59.75291,36.30256],[59.75329,36.30234],[59.75352,36.30174],[59.75385,36.30078],[59.75414,36.30059],[59.75458,36.30073],[59.75493,36.30049],[59.75535,36.29974],[59.75493,36.29958],[59.75537,36.29927],[59.75575,36.29905],[59.75589,36.29877],[59.7562,36.2983],[59.75652,36.29798],[59.75806,36.29733],[59.75839,36.29731],[59.75904,36.29695],[59.75932,36.29677],[59.76019,36.29625],[59.76063,36.29605],[59.7613,36.29584],[59.76156,36.29585],[59.76185,36.29556],[59.76193,36.29508],[59.76224,36.29477],[59.76241,36.29455],[59.76288,36.29272],[59.76299,36.29202],[59.76296,36.29162],[59.76308,36.29145],[59.76355,36.29115],[59.76389,36.2909],[59.76419,36.29072],[59.76474,36.29077],[59.76496,36.29089],[59.76511,36.29143],[59.76541,36.29167],[59.76564,36.29167],[59.76612,36.29157],[59.76644,36.29164],[59.76668,36.29175],[59.76686,36.29175],[59.76699,36.29192],[59.76701,36.29207],[59.76691,36.29213],[59.76668,36.29206],[59.76648,36.29194],[59.76626,36.29201],[59.76612,36.29202],[59.76587,36.29202],[59.76569,36.29211],[59.76571,36.2923],[59.76597,36.29249],[59.76623,36.29257],[59.76629,36.29247],[59.76634,36.29226],[59.76657,36.2923],[59.76689,36.29238],[59.76732,36.29231],[59.76756,36.29222],[59.76794,36.29228],[59.76853,36.29235],[59.76891,36.29227],[59.76936,36.29205],[59.76968,36.29175],[59.76986,36.29146],[59.7704,36.29111],[59.77057,36.29092],[59.77011,36.29074],[59.76959,36.29105],[59.7693,36.29118],[59.76898,36.29123],[59.76866,36.29124],[59.76839,36.29121],[59.76812,36.29105],[59.76779,36.29101],[59.76744,36.29095],[59.76719,36.29091],[59.76682,36.29084],[59.76647,36.29096],[59.766,36.29108],[59.76574,36.29113],[59.76551,36.29101],[59.76535,36.2908],[59.76522,36.29066],[59.76476,36.29042],[59.76461,36.29004],[59.76432,36.29013],[59.76397,36.2901],[59.76368,36.29015],[59.76307,36.29047],[59.76272,36.29067],[59.76255,36.29101],[59.76236,36.29162],[59.76219,36.29187],[59.76196,36.29227],[59.76192,36.29265],[59.76162,36.29386],[59.76143,36.29426],[59.76108,36.29459],[59.76075,36.29489],[59.76058,36.29522],[59.7603,36.29551],[59.7597,36.29592],[59.75945,36.29617],[59.75895,36.29646],[59.75851,36.29664],[59.75804,36.29687],[59.75756,36.29713],[59.75694,36.29726],[59.75659,36.29732],[59.75627,36.29739],[59.7559,36.29768],[59.75564,36.29805],[59.75565,36.29819],[59.75385,36.29999],[59.75352,36.30049],[59.75326,36.30079],[59.75324,36.30108],[59.75264,36.30156],[59.75252,36.30189],[59.75192,36.30228]]]}},{"type":"Feature","properties":{},"geometry":{"type":"Polygon","coordinates":[[[59.67031,36.34315],[59.66984,36.34369],[59.66947,36.34419],[59.66897,36.34513],[59.66885,36.34536],[59.66874,36.34549],[59.6686,36.3456],[59.66822,36.34582],[59.66761,36.34609],[59.66729,36.34622],[59.6661,36.34701],[59.66616,36.3469],[59.66644,36.34668],[59.66651,36.34644],[59.66657,36.34626],[59.66664,36.34614],[59.66665,36.34599],[59.6667,36.34587],[59.66678,36.34574],[59.66701,36.34535],[59.66707,36.34522],[59.66727,36.34485],[59.66737,36.34476],[59.66773,36.34455],[59.66807,36.34443],[59.66828,36.34432],[59.66851,36.34418],[59.66866,36.3441],[59.66889,36.344],[59.66901,36.3439],[59.66926,36.34375],[59.66951,36.3436],[59.66961,36.3435],[59.66978,36.34339],[59.66993,36.34334],[59.67013,36.34319],[59.67025,36.34309],[59.67031,36.34315]]]}},{"type":"Feature","properties":{},"geometry":{"type":"Polygon","coordinates":[[[59.58101,36.29355],[59.58096,36.2935],[59.5812,36.29341],[59.58121,36.29343],[59.58124,36.29346],[59.58101,36.29355]]]}},{"type":"Feature","properties":{},"geometry":{"type":"Polygon","coordinates":[[[59.58125,36.29339],[59.58336,36.29263],[59.58338,36.29264],[59.58339,36.29265],[59.58339,36.29267],[59.58262,36.29294],[59.58229,36.29307],[59.58128,36.29344],[59.58126,36.29344],[59.58125,36.29342],[59.58124,36.2934],[59.58125,36.29339]]]}},{"type":"Feature","properties":{},"geometry":{"type":"Polygon","coordinates":[[[59.58057,36.29362],[59.5806,36.29363],[59.58062,36.29365],[59.58064,36.2937],[59.58074,36.29366],[59.58076,36.29364],[59.58077,36.29362],[59.58075,36.2936],[59.58073,36.29358],[59.58068,36.29358],[59.58057,36.29362]]]}},{"type":"Feature","properties":{},"geometry":{"type":"Polygon","coordinates":[[[59.58046,36.29366],[59.58051,36.29366],[59.58053,36.29366],[59.58055,36.29367],[59.58055,36.29369],[59.58055,36.29372],[59.5805,36.29374],[59.57959,36.29405],[59.57956,36.29398],[59.58033,36.29371],[59.58038,36.29368],[59.58046,36.29366]]]}},{"type":"Feature","properties":{},"geometry":{"type":"Polygon","coordinates":[[[59.57767,36.29465],[59.5777,36.29472],[59.57716,36.2949],[59.57707,36.29494],[59.57682,36.2951],[59.57678,36.29509],[59.57677,36.29508],[59.57675,36.29505],[59.57676,36.29503],[59.57703,36.29488],[59.57713,36.29483],[59.57767,36.29465]]]}},{"type":"Feature","properties":{},"geometry":{"type":"Polygon","coordinates":[[[59.57655,36.29513],[59.57658,36.29513],[59.57661,36.29514],[59.57663,36.29517],[59.57662,36.2952],[59.57608,36.29551],[59.57588,36.29563],[59.57553,36.29584],[59.57457,36.2964],[59.57407,36.29667],[59.57405,36.29668],[59.57402,36.29667],[59.57401,36.29664],[59.57405,36.29661],[59.57425,36.29649],[59.5747,36.29621],[59.57621,36.29533],[59.57638,36.29524],[59.57655,36.29513]]]}},{"type":"Feature","properties":{},"geometry":{"type":"Polygon","coordinates":[[[59.57393,36.29666],[59.57392,36.29669],[59.57394,36.29672],[59.57396,36.29674],[59.57395,36.29676],[59.57378,36.29685],[59.57357,36.29695],[59.57352,36.29688],[59.57381,36.29671],[59.57393,36.29664],[59.57393,36.29666]]]}},{"type":"Feature","properties":{"name":"پارک ارامش"},"geometry":{"type":"Polygon","coordinates":[[[59.68369,36.3153],[59.68333,36.3158],[59.68457,36.31641],[59.68454,36.31576],[59.68399,36.31546],[59.68369,36.3153]]]}},{"type":"Feature","properties":{},"geometry":{"type":"Polygon","coordinates":[[[59.39586,36.45901],[59.39819,36.46118],[59.39965,36.46051],[59.39954,36.45988],[59.40177,36.45868],[59.40083,36.45744],[59.3998,36.45784],[59.39663,36.45869],[59.39586,36.45901]]]}},{"type":"Feature","properties":{},"geometry":{"type":"Polygon","coordinates":[[[59.39572,36.45891],[59.39606,36.45864],[59.39629,36.45826],[59.39621,36.45784],[59.39258,36.45187],[59.39242,36.45187],[59.39013,36.45379],[59.39016,36.454],[59.39572,36.45891]]]}},{"type":"Feature","properties":{},"geometry":{"type":"Polygon","coordinates":[[[59.39295,36.45146],[59.39285,36.45164],[59.39666,36.45822],[59.39689,36.45834],[59.39718,36.45833],[59.40057,36.45742],[59.40008,36.45648],[59.39833,36.45468],[59.39598,36.45236],[59.39534,36.45171],[59.39414,36.45097],[59.39366,36.45092],[59.39347,36.45098],[59.39295,36.45146]]]}},{"type":"Feature","properties":{},"geometry":{"type":"Polygon","coordinates":[[[59.38565,36.44998],[59.38984,36.45368],[59.39326,36.45081],[59.39351,36.45052],[59.39337,36.45028],[59.39217,36.44943],[59.39148,36.44896],[59.3908,36.44837],[59.38993,36.44759],[59.38947,36.44707],[59.38886,36.44671],[59.38851,36.44643],[59.38828,36.44651],[59.38565,36.44998]]]}},{"type":"Feature","properties":{},"geometry":{"type":"Polygon","coordinates":[[[59.37703,36.42398],[59.37732,36.42375],[59.37745,36.42378],[59.37824,36.42273],[59.37549,36.4214],[59.37542,36.42148],[59.3757,36.42166],[59.37567,36.42177],[59.37643,36.4221],[59.37618,36.42243],[59.37495,36.42185],[59.37534,36.4213],[59.37315,36.42024],[59.37292,36.42019],[59.37307,36.42047],[59.37369,36.42143],[59.37401,36.42197],[59.37439,36.4224],[59.37487,36.42268],[59.37568,36.423],[59.3761,36.42324],[59.37673,36.42374],[59.37703,36.42398]]]}},{"type":"Feature","properties":{},"geometry":{"type":"Polygon","coordinates":[[[59.38136,36.42579],[59.38234,36.42579],[59.38237,36.42544],[59.38248,36.42508],[59.3829,36.42463],[59.38334,36.42439],[59.38388,36.42424],[59.38406,36.42422],[59.38403,36.4223],[59.38389,36.42209],[59.38312,36.42157],[59.38302,36.42155],[59.38291,36.42163],[59.38083,36.42517],[59.38084,36.42539],[59.38089,36.42553],[59.38112,36.42569],[59.38136,36.42579]]]}},{"type":"Feature","properties":{},"geometry":{"type":"Polygon","coordinates":[[[59.39104,36.46283],[59.39573,36.4594],[59.39153,36.45557],[59.38748,36.45855],[59.39045,36.46257],[59.39104,36.46283]]]}},{"type":"Feature","properties":{},"geometry":{"type":"Polygon","coordinates":[[[59.39842,36.45421],[59.40235,36.45792],[59.40361,36.45999],[59.40408,36.45957],[59.40458,36.46009],[59.40571,36.4621],[59.40653,36.46357],[59.40819,36.46285],[59.40962,36.46428],[59.41141,36.4631],[59.41211,36.46228],[59.41249,36.46174],[59.40166,36.45324],[59.40058,36.45412],[59.39919,36.45326],[59.39842,36.45421]]]}},{"type":"Feature","properties":{},"geometry":{"type":"Polygon","coordinates":[[[59.44691,36.43552],[59.45696,36.44342],[59.46072,36.4408],[59.45893,36.43917],[59.46095,36.43773],[59.46228,36.43679],[59.45476,36.4293],[59.45403,36.43002],[59.45369,36.42974],[59.44691,36.43552]]]}},{"type":"Feature","properties":{},"geometry":{"type":"Polygon","coordinates":[[[59.65343,36.33284],[59.65362,36.33275],[59.65309,36.33207],[59.6529,36.33216],[59.65343,36.33284]]]}},{"type":"Feature","properties":{},"geometry":{"type":"Polygon","coordinates":[[[59.65306,36.33304],[59.65325,36.33295],[59.65272,36.33226],[59.65253,36.33236],[59.65306,36.33304]]]}},{"type":"Feature","properties":{},"geometry":{"type":"Polygon","coordinates":[[[59.65278,36.33202],[59.65289,36.33204],[59.65302,36.33197],[59.65244,36.33124],[59.65225,36.33133],[59.65278,36.33202]]]}},{"type":"Feature","properties":{},"geometry":{"type":"Polygon","coordinates":[[[59.65246,36.33226],[59.65257,36.33221],[59.6526,36.3321],[59.65207,36.33141],[59.65188,36.33151],[59.65246,36.33226]]]}},{"type":"Feature","properties":{},"geometry":{"type":"Polygon","coordinates":[[[59.65003,36.33478],[59.65056,36.33455],[59.65028,36.33364],[59.65017,36.33362],[59.65011,36.3335],[59.65008,36.33334],[59.64989,36.33299],[59.64969,36.33284],[59.64951,36.33272],[59.64935,36.33275],[59.64922,36.33281],[59.64869,36.33296],[59.64936,36.33388],[59.64944,36.33389],[59.65003,36.33478]]]}},{"type":"Feature","properties":{},"geometry":{"type":"Polygon","coordinates":[[[59.64806,36.33308],[59.64821,36.333],[59.64829,36.33302],[59.64852,36.33331],[59.64857,36.33334],[59.6492,36.33422],[59.64992,36.3354],[59.65002,36.3356],[59.65007,36.33569],[59.65005,36.33575],[59.6499,36.33584],[59.64898,36.33433],[59.64806,36.33308]]]}},{"type":"Feature","properties":{},"geometry":{"type":"Polygon","coordinates":[[[59.64797,36.33295],[59.6481,36.33288],[59.64811,36.33278],[59.64734,36.33173],[59.64707,36.33138],[59.64701,36.33133],[59.64681,36.33108],[59.64678,36.33101],[59.64623,36.33028],[59.64611,36.33022],[59.64602,36.33021],[59.64589,36.33023],[59.64634,36.33085],[59.64797,36.33295]]]}},{"type":"Feature","properties":{},"geometry":{"type":"Polygon","coordinates":[[[59.65002,36.33601],[59.65021,36.3363],[59.65041,36.33654],[59.65059,36.3365],[59.65062,36.33645],[59.65045,36.33628],[59.65034,36.3361],[59.65023,36.33596],[59.65013,36.33595],[59.65002,36.33601]]]}},{"type":"Feature","properties":{},"geometry":{"type":"Polygon","coordinates":[[[59.64657,36.32982],[59.64654,36.32989],[59.64655,36.33],[59.64661,36.33016],[59.64668,36.33026],[59.64677,36.33033],[59.64688,36.33048],[59.64692,36.33056],[59.6471,36.33079],[59.64718,36.33085],[59.64738,36.33111],[59.64745,36.33123],[59.64816,36.3322],[59.64827,36.33224],[59.6484,36.33224],[59.64664,36.32986],[59.64657,36.32982]]]}},{"type":"Feature","properties":{},"geometry":{"type":"Polygon","coordinates":[[[59.64845,36.33233],[59.64839,36.33239],[59.64839,36.33249],[59.64842,36.33253],[59.6485,36.3326],[59.64862,36.33276],[59.64863,36.33283],[59.64869,36.33291],[59.64894,36.33283],[59.64872,36.33255],[59.64861,36.33253],[59.64856,36.33248],[59.64845,36.33233]]]}},{"type":"Feature","properties":{},"geometry":{"type":"Polygon","coordinates":[[[59.57047,36.3278],[59.57147,36.32771],[59.57261,36.32762],[59.57305,36.32758],[59.57334,36.32757],[59.57303,36.3273],[59.57264,36.32693],[59.57261,36.32691],[59.57257,36.32692],[59.5725,36.32699],[59.57234,36.32718],[59.57219,36.3273],[59.57191,36.32741],[59.57159,36.32751],[59.57136,36.32755],[59.57091,36.3276],[59.57059,36.32764],[59.57047,36.32771],[59.57047,36.3278]]]}},{"type":"Feature","properties":{},"geometry":{"type":"Polygon","coordinates":[[[59.57027,36.3278],[59.56759,36.32799],[59.56707,36.32815],[59.56693,36.32823],[59.56686,36.32814],[59.5669,36.32806],[59.56698,36.32797],[59.56704,36.32793],[59.56714,36.3279],[59.56762,36.32787],[59.56814,36.32784],[59.56839,36.32783],[59.57013,36.32766],[59.57026,36.32771],[59.57027,36.3278]]]}},{"type":"Feature","properties":{},"geometry":{"type":"Polygon","coordinates":[[[59.57474,36.34757],[59.57493,36.34768],[59.57505,36.34754],[59.57487,36.34743],[59.57474,36.34757]]]}},{"type":"Feature","properties":{},"geometry":{"type":"Polygon","coordinates":[[[59.57441,36.34737],[59.57464,36.34751],[59.57477,36.34736],[59.57455,36.34722],[59.57441,36.34737]]]}},{"type":"Feature","properties":{},"geometry":{"type":"Polygon","coordinates":[[[59.65124,36.33069],[59.65145,36.33058],[59.65084,36.32985],[59.65063,36.32996],[59.65124,36.33069]]]}},{"type":"Feature","properties":{},"geometry":{"type":"Polygon","coordinates":[[[59.65057,36.32987],[59.65077,36.32976],[59.65026,36.32917],[59.65006,36.32928],[59.65057,36.32987]]]}},{"type":"Feature","properties":{},"geometry":{"type":"Polygon","coordinates":[[[59.6516,36.33051],[59.65177,36.33042],[59.65035,36.32867],[59.65018,36.32876],[59.6516,36.33051]]]}},{"type":"Feature","properties":{},"geometry":{"type":"Polygon","coordinates":[[[59.65014,36.32847],[59.65009,36.32841],[59.64999,36.32837],[59.64991,36.32833],[59.64964,36.32823],[59.64951,36.32818],[59.64943,36.32814],[59.64947,36.32818],[59.64956,36.32824],[59.64983,36.32835],[59.65014,36.32847]]]}},{"type":"Feature","properties":{},"geometry":{"type":"Polygon","coordinates":[[[59.64904,36.32797],[59.64934,36.3281],[59.64937,36.32808],[59.64909,36.32791],[59.64904,36.32797]]]}},{"type":"Feature","properties":{},"geometry":{"type":"Polygon","coordinates":[[[59.64479,36.3263],[59.64487,36.32625],[59.64508,36.32653],[59.64502,36.32657],[59.64479,36.3263]]]}},{"type":"Feature","properties":{},"geometry":{"type":"Polygon","coordinates":[[[59.64505,36.3266],[59.64512,36.32655],[59.64519,36.32664],[59.64528,36.32671],[59.64535,36.32676],[59.64541,36.32678],[59.64534,36.32683],[59.64507,36.32678],[59.64516,36.32671],[59.64508,36.32664],[59.64505,36.3266]]]}},{"type":"Feature","properties":{},"geometry":{"type":"Polygon","coordinates":[[[59.64548,36.32683],[59.64551,36.32681],[59.64569,36.32686],[59.6456,36.32692],[59.64548,36.32683]]]}},{"type":"Feature","properties":{},"geometry":{"type":"Polygon","coordinates":[[[59.64569,36.32686],[59.64586,36.32688],[59.64581,36.32694],[59.64569,36.32686]]]}},{"type":"Feature","properties":{},"geometry":{"type":"Polygon","coordinates":[[[59.64592,36.32691],[59.64647,36.327],[59.6465,36.32703],[59.64647,36.32708],[59.64633,36.32701],[59.64619,36.32701],[59.64592,36.32691]]]}},{"type":"Feature","properties":{},"geometry":{"type":"Polygon","coordinates":[[[59.64716,36.32717],[59.6472,36.32713],[59.64699,36.32709],[59.64674,36.32708],[59.64667,36.32708],[59.64658,36.32705],[59.64653,36.32711],[59.64676,36.32722],[59.64686,36.32711],[59.64716,36.32717]]]}},{"type":"Feature","properties":{},"geometry":{"type":"Polygon","coordinates":[[[59.64732,36.32716],[59.64745,36.32725],[59.64755,36.32732],[59.6476,36.32729],[59.64758,36.32724],[59.64751,36.32721],[59.64732,36.32716]]]}},{"type":"Feature","properties":{},"geometry":{"type":"Polygon","coordinates":[[[59.64766,36.32728],[59.64782,36.32732],[59.64785,36.32732],[59.6479,36.32735],[59.6479,36.32738],[59.64785,36.32742],[59.64763,36.3273],[59.64766,36.32728]]]}},{"type":"Feature","properties":{},"geometry":{"type":"Polygon","coordinates":[[[59.64796,36.32733],[59.64794,36.32738],[59.64812,36.32743],[59.6484,36.32761],[59.64847,36.32757],[59.64872,36.32776],[59.64887,36.32786],[59.64897,36.3279],[59.64904,36.32789],[59.64902,36.32787],[59.64863,36.32759],[59.6484,36.32748],[59.64808,36.32737],[59.64796,36.32733]]]}},{"type":"Feature","properties":{},"geometry":{"type":"Polygon","coordinates":[[[59.64627,36.32673],[59.64634,36.32662],[59.64647,36.32669],[59.64681,36.32678],[59.6468,36.32683],[59.64627,36.32673]]]}},{"type":"Feature","properties":{},"geometry":{"type":"Polygon","coordinates":[[[59.64683,36.32684],[59.64688,36.32677],[59.64716,36.32685],[59.6471,36.32688],[59.64683,36.32684]]]}},{"type":"Feature","properties":{},"geometry":{"type":"Polygon","coordinates":[[[59.64481,36.32574],[59.64497,36.32585],[59.6451,36.32577],[59.64509,36.32572],[59.64481,36.32574]]]}},{"type":"Feature","properties":{},"geometry":{"type":"Polygon","coordinates":[[[59.64531,36.32817],[59.64547,36.32831],[59.64541,36.32836],[59.64575,36.32876],[59.64641,36.32956],[59.64628,36.32957],[59.64613,36.3295],[59.64601,36.32938],[59.646,36.32928],[59.64562,36.32883],[59.64516,36.32831],[59.64518,36.32829],[59.64531,36.32817]]]}},{"type":"Feature","properties":{},"geometry":{"type":"Polygon","coordinates":[[[59.62803,36.29545],[59.62819,36.29554],[59.62833,36.29516],[59.62803,36.29545]]]}},{"type":"Feature","properties":{},"geometry":{"type":"Polygon","coordinates":[[[59.62855,36.29579],[59.62874,36.2959],[59.62868,36.29574],[59.62865,36.29559],[59.62861,36.29567],[59.62855,36.29579]]]}},{"type":"Feature","properties":{},"geometry":{"type":"Polygon","coordinates":[[[59.62736,36.29585],[59.6274,36.29582],[59.62751,36.29579],[59.6276,36.29579],[59.62768,36.29585],[59.62771,36.29587],[59.62771,36.2958],[59.62764,36.29574],[59.62755,36.29566],[59.62738,36.29556],[59.62739,36.29567],[59.62739,36.29575],[59.62736,36.29585]]]}},{"type":"Feature","properties":{},"geometry":{"type":"Polygon","coordinates":[[[59.62788,36.29587],[59.62786,36.29607],[59.62785,36.29627],[59.62784,36.2964],[59.62787,36.29638],[59.62787,36.29627],[59.62791,36.29615],[59.62799,36.29604],[59.62802,36.296],[59.62802,36.29593],[59.62788,36.29587]]]}},{"type":"Feature","properties":{},"geometry":{"type":"Polygon","coordinates":[[[59.6218,36.30441],[59.62178,36.30437],[59.62179,36.30432],[59.62173,36.30429],[59.62171,36.30427],[59.62171,36.30424],[59.62172,36.3042],[59.62184,36.30408],[59.62186,36.30404],[59.62185,36.30402],[59.62182,36.30399],[59.62179,36.30394],[59.62178,36.30391],[59.62176,36.3039],[59.62172,36.30393],[59.62147,36.30423],[59.62147,36.30426],[59.62149,36.30427],[59.62153,36.30429],[59.62157,36.3043],[59.62165,36.30432],[59.62171,36.30436],[59.6218,36.30441]]]}},{"type":"Feature","properties":{},"geometry":{"type":"Polygon","coordinates":[[[59.62182,36.30429],[59.62178,36.30427],[59.62177,36.30424],[59.62179,36.30421],[59.62192,36.30407],[59.62204,36.30414],[59.62199,36.30414],[59.62193,36.30416],[59.62182,36.30429]]]}},{"type":"Feature","properties":{},"geometry":{"type":"Polygon","coordinates":[[[59.62194,36.30372],[59.6219,36.3038],[59.62188,36.30384],[59.62189,36.30388],[59.62191,36.30392],[59.62195,36.30397],[59.62205,36.30403],[59.62211,36.30403],[59.62214,36.30399],[59.62194,36.30387],[59.62203,36.30377],[59.62194,36.30372]]]}},{"type":"Feature","properties":{},"geometry":{"type":"Polygon","coordinates":[[[59.62127,36.30436],[59.62151,36.30405],[59.62179,36.30373],[59.62222,36.30326],[59.62251,36.30295],[59.6229,36.3026],[59.62267,36.30275],[59.62238,36.30301],[59.62214,36.30325],[59.62186,36.30353],[59.62164,36.30379],[59.62144,36.30408],[59.62127,36.30436]]]}},{"type":"Feature","properties":{},"geometry":{"type":"Polygon","coordinates":[[[59.6228,36.30354],[59.62281,36.30349],[59.62318,36.30351],[59.62317,36.30357],[59.6228,36.30354]]]}},{"type":"Feature","properties":{},"geometry":{"type":"Polygon","coordinates":[[[59.62267,36.30371],[59.6227,36.30368],[59.62273,36.30366],[59.62277,36.30365],[59.62262,36.30356],[59.62255,36.30363],[59.62267,36.30371]]]}},{"type":"Feature","properties":{},"geometry":{"type":"Polygon","coordinates":[[[59.62277,36.30359],[59.62277,36.30349],[59.62271,36.30345],[59.62265,36.30352],[59.62277,36.30359]]]}},{"type":"Feature","properties":{},"geometry":{"type":"Polygon","coordinates":[[[59.62243,36.30356],[59.6225,36.3036],[59.62258,36.30351],[59.62238,36.3034],[59.62235,36.30344],[59.62248,36.30351],[59.62243,36.30356]]]}},{"type":"Feature","properties":{},"geometry":{"type":"Polygon","coordinates":[[[59.62277,36.30374],[59.62275,36.30372],[59.62279,36.30369],[59.62284,36.30368],[59.62286,36.30371],[59.62281,36.30372],[59.62277,36.30374]]]}},{"type":"Feature","properties":{},"geometry":{"type":"Polygon","coordinates":[[[59.62279,36.30393],[59.6228,36.3039],[59.62281,36.30386],[59.62274,36.30383],[59.62273,36.30385],[59.62272,36.30388],[59.62272,36.30391],[59.62279,36.30393]]]}},{"type":"Feature","properties":{},"geometry":{"type":"Polygon","coordinates":[[[59.62242,36.30378],[59.62267,36.30393],[59.62267,36.30387],[59.62268,36.30384],[59.6227,36.3038],[59.62268,36.30379],[59.62261,36.30385],[59.62249,36.30378],[59.62255,36.30371],[59.6225,36.30369],[59.62242,36.30378]]]}},{"type":"Feature","properties":{},"geometry":{"type":"Polygon","coordinates":[[[59.62283,36.30379],[59.62281,36.30377],[59.62284,36.30375],[59.62289,36.30373],[59.62293,36.30373],[59.62293,36.30376],[59.62289,36.30376],[59.62285,36.30378],[59.62283,36.30379]]]}},{"type":"Feature","properties":{},"geometry":{"type":"Polygon","coordinates":[[[59.62217,36.30363],[59.62237,36.30375],[59.62245,36.30366],[59.62237,36.30361],[59.62233,36.30366],[59.62221,36.30359],[59.62217,36.30363]]]}},{"type":"Feature","properties":{},"geometry":{"type":"Polygon","coordinates":[[[59.62201,36.30385],[59.62211,36.30391],[59.62217,36.30384],[59.62207,36.30378],[59.62201,36.30385]]]}},{"type":"Feature","properties":{},"geometry":{"type":"Polygon","coordinates":[[[59.62214,36.30379],[59.62226,36.30386],[59.62229,36.30383],[59.62216,36.30376],[59.62214,36.30379]]]}},{"type":"Feature","properties":{},"geometry":{"type":"Polygon","coordinates":[[[59.62219,36.30404],[59.62222,36.30405],[59.62226,36.30401],[59.62228,36.304],[59.62233,36.30394],[59.6223,36.30392],[59.62219,36.30404]]]}},{"type":"Feature","properties":{},"geometry":{"type":"Polygon","coordinates":[[[59.62228,36.30409],[59.62232,36.30411],[59.62242,36.30399],[59.62239,36.30398],[59.62235,36.30403],[59.62233,36.30403],[59.62228,36.30409]]]}},{"type":"Feature","properties":{},"geometry":{"type":"Polygon","coordinates":[[[59.62239,36.3041],[59.62246,36.30414],[59.62251,36.30408],[59.62244,36.30404],[59.62239,36.3041]]]}},{"type":"Feature","properties":{},"geometry":{"type":"Polygon","coordinates":[[[59.62232,36.30389],[59.62249,36.30399],[59.62251,36.30396],[59.62235,36.30387],[59.62232,36.30389]]]}},{"type":"Feature","properties":{},"geometry":{"type":"Polygon","coordinates":[[[59.62255,36.30403],[59.62272,36.30412],[59.62274,36.3041],[59.62257,36.304],[59.62255,36.30403]]]}},{"type":"Feature","properties":{},"geometry":{"type":"Polygon","coordinates":[[[59.62258,36.30428],[59.6227,36.30415],[59.62267,36.30414],[59.62262,36.30419],[59.6226,36.3042],[59.62255,36.30426],[59.62258,36.30428]]]}},{"type":"Feature","properties":{},"geometry":{"type":"Polygon","coordinates":[[[59.62248,36.30418],[59.6225,36.3042],[59.62253,36.30416],[59.62256,36.30415],[59.6226,36.3041],[59.62256,36.30408],[59.62248,36.30418]]]}},{"type":"Feature","properties":{},"geometry":{"type":"Polygon","coordinates":[[[59.6228,36.3045],[59.62301,36.30427],[59.62294,36.30422],[59.62279,36.30438],[59.62265,36.3043],[59.62264,36.30432],[59.62264,36.30434],[59.62267,36.30437],[59.62274,36.30442],[59.62277,36.30445],[59.62279,36.30448],[59.6228,36.3045]]]}},{"type":"Feature","properties":{},"geometry":{"type":"Polygon","coordinates":[[[59.6228,36.30418],[59.6229,36.30423],[59.62292,36.30421],[59.62282,36.30415],[59.6228,36.30418]]]}},{"type":"Feature","properties":{},"geometry":{"type":"Polygon","coordinates":[[[59.62273,36.30428],[59.6228,36.30432],[59.62285,36.30425],[59.62279,36.30422],[59.62273,36.30428]]]}},{"type":"Feature","properties":{},"geometry":{"type":"Polygon","coordinates":[[[59.62294,36.30461],[59.62283,36.30455],[59.62262,36.30479],[59.62261,36.30482],[59.6226,36.30484],[59.62261,36.30486],[59.62264,36.30489],[59.62267,36.3049],[59.62294,36.30461]]]}},{"type":"Feature","properties":{},"geometry":{"type":"Polygon","coordinates":[[[59.62296,36.3041],[59.62309,36.30418],[59.62318,36.30408],[59.62312,36.30405],[59.6231,36.30407],[59.62307,36.30408],[59.62304,36.30409],[59.62301,36.3041],[59.62299,36.3041],[59.62296,36.3041]]]}},{"type":"Feature","properties":{},"geometry":{"type":"Polygon","coordinates":[[[59.62314,36.30402],[59.62321,36.30405],[59.62329,36.30396],[59.62316,36.30388],[59.62317,36.30392],[59.62317,36.30395],[59.62317,36.30398],[59.62316,36.304],[59.62314,36.30402]]]}},{"type":"Feature","properties":{},"geometry":{"type":"Polygon","coordinates":[[[59.62325,36.30387],[59.62333,36.30392],[59.62352,36.30369],[59.62344,36.30365],[59.62325,36.30387]]]}},{"type":"Feature","properties":{},"geometry":{"type":"Polygon","coordinates":[[[59.62322,36.30372],[59.62327,36.30372],[59.62336,36.30361],[59.62323,36.30361],[59.62322,36.30372]]]}},{"type":"Feature","properties":{},"geometry":{"type":"Polygon","coordinates":[[[59.62314,36.30372],[59.62317,36.30372],[59.62318,36.3036],[59.62315,36.30359],[59.62315,36.30361],[59.62314,36.30372]]]}},{"type":"Feature","properties":{},"geometry":{"type":"Polygon","coordinates":[[[59.62204,36.30356],[59.62214,36.30361],[59.62241,36.3033],[59.62233,36.3033],[59.62233,36.30325],[59.62212,36.30348],[59.62204,36.30356]]]}},{"type":"Feature","properties":{},"geometry":{"type":"Polygon","coordinates":[[[59.62238,36.3032],[59.6225,36.3032],[59.62267,36.30302],[59.62259,36.30297],[59.62238,36.3032]]]}},{"type":"Feature","properties":{},"geometry":{"type":"Polygon","coordinates":[[[59.6225,36.3033],[59.6226,36.30336],[59.62265,36.30331],[59.62255,36.30325],[59.6225,36.3033]]]}},{"type":"Feature","properties":{},"geometry":{"type":"Polygon","coordinates":[[[59.6226,36.3032],[59.62263,36.30316],[59.62272,36.30322],[59.62269,36.30326],[59.6226,36.3032]]]}},{"type":"Feature","properties":{},"geometry":{"type":"Polygon","coordinates":[[[59.62264,36.30314],[59.62268,36.30311],[59.62277,36.30317],[59.62274,36.3032],[59.62264,36.30314]]]}},{"type":"Feature","properties":{},"geometry":{"type":"Polygon","coordinates":[[[59.62269,36.30309],[59.62272,36.30306],[59.62282,36.30312],[59.62279,36.30315],[59.62269,36.30309]]]}},{"type":"Feature","properties":{},"geometry":{"type":"Polygon","coordinates":[[[59.62287,36.30318],[59.62287,36.30317],[59.62288,36.30317],[59.62288,36.30316],[59.62288,36.30316],[59.62287,36.30315],[59.62287,36.30315],[59.62286,36.30315],[59.62286,36.30314],[59.62285,36.30314],[59.62284,36.30315],[59.62284,36.30315],[59.62283,36.30316],[59.62283,36.30316],[59.62284,36.30317],[59.62284,36.30317],[59.62285,36.30318],[59.62285,36.30318],[59.62286,36.30318],[59.62287,36.30318]]]}},{"type":"Feature","properties":{},"geometry":{"type":"Polygon","coordinates":[[[59.62281,36.30323],[59.62282,36.30323],[59.62282,36.30322],[59.62283,36.30322],[59.62282,36.30321],[59.62282,36.30321],[59.62282,36.3032],[59.62281,36.3032],[59.6228,36.3032],[59.6228,36.3032],[59.62279,36.3032],[59.62278,36.3032],[59.62278,36.30321],[59.62278,36.30322],[59.62278,36.30322],[59.62279,36.30323],[59.62279,36.30323],[59.6228,36.30323],[59.62281,36.30323],[59.62281,36.30323]]]}},{"type":"Feature","properties":{},"geometry":{"type":"Polygon","coordinates":[[[59.62277,36.30328],[59.62277,36.30328],[59.62278,36.30327],[59.62278,36.30327],[59.62278,36.30326],[59.62277,36.30326],[59.62277,36.30325],[59.62276,36.30325],[59.62276,36.30325],[59.62275,36.30325],[59.62274,36.30325],[59.62274,36.30326],[59.62273,36.30326],[59.62273,36.30327],[59.62274,36.30328],[59.62274,36.30328],[59.62275,36.30328],[59.62275,36.30329],[59.62276,36.30329],[59.62277,36.30328]]]}},{"type":"Feature","properties":{},"geometry":{"type":"Polygon","coordinates":[[[59.62295,36.30323],[59.62296,36.30323],[59.62296,36.30322],[59.62296,36.30322],[59.62296,36.30321],[59.62296,36.3032],[59.62295,36.3032],[59.62295,36.3032],[59.62294,36.3032],[59.62293,36.3032],[59.62293,36.3032],[59.62292,36.3032],[59.62292,36.30321],[59.62292,36.30322],[59.62292,36.30322],[59.62292,36.30323],[59.62293,36.30323],[59.62294,36.30323],[59.62294,36.30323],[59.62295,36.30323]]]}},{"type":"Feature","properties":{},"geometry":{"type":"Polygon","coordinates":[[[59.62302,36.30327],[59.62302,36.30327],[59.62303,36.30326],[59.62303,36.30326],[59.62303,36.30325],[59.62302,36.30324],[59.62302,36.30324],[59.62301,36.30324],[59.62301,36.30324],[59.623,36.30324],[59.62299,36.30324],[59.62299,36.30324],[59.62298,36.30325],[59.62298,36.30326],[59.62299,36.30326],[59.62299,36.30327],[59.623,36.30327],[59.623,36.30327],[59.62301,36.30327],[59.62302,36.30327]]]}},{"type":"Feature","properties":{},"geometry":{"type":"Polygon","coordinates":[[[59.62308,36.30331],[59.62309,36.3033],[59.62309,36.3033],[59.62309,36.30329],[59.62309,36.30329],[59.62309,36.30328],[59.62309,36.30328],[59.62308,36.30328],[59.62307,36.30328],[59.62307,36.30328],[59.62306,36.30328],[59.62305,36.30328],[59.62305,36.30329],[59.62305,36.30329],[59.62305,36.3033],[59.62306,36.30331],[59.62306,36.30331],[59.62307,36.30331],[59.62308,36.30331],[59.62308,36.30331]]]}},{"type":"Feature","properties":{},"geometry":{"type":"Polygon","coordinates":[[[59.62315,36.30335],[59.62315,36.30335],[59.62316,36.30334],[59.62316,36.30334],[59.62316,36.30333],[59.62316,36.30332],[59.62315,36.30332],[59.62315,36.30332],[59.62314,36.30332],[59.62313,36.30332],[59.62313,36.30332],[59.62312,36.30332],[59.62312,36.30333],[59.62312,36.30334],[59.62312,36.30334],[59.62312,36.30335],[59.62313,36.30335],[59.62314,36.30335],[59.62314,36.30335],[59.62315,36.30335]]]}},{"type":"Feature","properties":{},"geometry":{"type":"Polygon","coordinates":[[[59.62322,36.30339],[59.62322,36.30339],[59.62323,36.30338],[59.62323,36.30338],[59.62323,36.30337],[59.62322,36.30337],[59.62322,36.30336],[59.62321,36.30336],[59.62321,36.30336],[59.6232,36.30336],[59.62319,36.30336],[59.62319,36.30336],[59.62318,36.30337],[59.62318,36.30338],[59.62319,36.30338],[59.62319,36.30339],[59.6232,36.30339],[59.6232,36.30339],[59.62321,36.30339],[59.62322,36.30339]]]}},{"type":"Feature","properties":{},"geometry":{"type":"Polygon","coordinates":[[[59.62277,36.30338],[59.62281,36.3034],[59.62292,36.30326],[59.62289,36.30324],[59.62277,36.30338]]]}},{"type":"Feature","properties":{},"geometry":{"type":"Polygon","coordinates":[[[59.62285,36.3034],[59.6229,36.3034],[59.62298,36.3033],[59.62295,36.30328],[59.62285,36.3034]]]}},{"type":"Feature","properties":{},"geometry":{"type":"Polygon","coordinates":[[[59.62296,36.3034],[59.62301,36.30341],[59.62306,36.30334],[59.62302,36.30332],[59.62296,36.3034]]]}},{"type":"Feature","properties":{},"geometry":{"type":"Polygon","coordinates":[[[59.62306,36.30341],[59.6231,36.30341],[59.62312,36.30338],[59.62309,36.30336],[59.62306,36.30341]]]}},{"type":"Feature","properties":{},"geometry":{"type":"Polygon","coordinates":[[[59.6233,36.30352],[59.6233,36.30358],[59.62338,36.30358],[59.6234,36.30356],[59.62336,36.30352],[59.6233,36.30352]]]}},{"type":"Feature","properties":{},"geometry":{"type":"Polygon","coordinates":[[[59.62324,36.30343],[59.62329,36.30343],[59.62331,36.3034],[59.62327,36.30339],[59.62324,36.30343]]]}},{"type":"Feature","properties":{},"geometry":{"type":"Polygon","coordinates":[[[59.62267,36.30291],[59.62273,36.30295],[59.62286,36.30282],[59.62283,36.30282],[59.62278,36.30284],[59.62274,36.30286],[59.62267,36.30291]]]}},{"type":"Feature","properties":{},"geometry":{"type":"Polygon","coordinates":[[[59.62336,36.30324],[59.6234,36.3032],[59.62337,36.30317],[59.62335,36.30319],[59.62336,36.30324]]]}},{"type":"Feature","properties":{},"geometry":{"type":"Polygon","coordinates":[[[59.62338,36.30316],[59.62342,36.30317],[59.62346,36.30313],[59.62343,36.30311],[59.62338,36.30316]]]}},{"type":"Feature","properties":{},"geometry":{"type":"Polygon","coordinates":[[[59.62334,36.30315],[59.62333,36.30311],[59.62336,36.30307],[59.62339,36.30309],[59.62334,36.30315]]]}},{"type":"Feature","properties":{},"geometry":{"type":"Polygon","coordinates":[[[59.62429,36.30332],[59.62551,36.30242],[59.62572,36.30258],[59.62544,36.30283],[59.62531,36.30286],[59.62476,36.30336],[59.62457,36.30327],[59.62439,36.30336],[59.62429,36.30332]]]}},{"type":"Feature","properties":{},"geometry":{"type":"Polygon","coordinates":[[[59.57348,36.30799],[59.5735,36.3079],[59.57357,36.30767],[59.57365,36.30751],[59.57372,36.30736],[59.5735,36.30748],[59.57347,36.30756],[59.57345,36.30766],[59.57345,36.30784],[59.57348,36.30799]]]}},{"type":"Feature","properties":{},"geometry":{"type":"Polygon","coordinates":[[[59.57314,36.30785],[59.57298,36.30779],[59.57275,36.30773],[59.57286,36.30771],[59.57297,36.30771],[59.57305,36.30773],[59.5731,36.30776],[59.57313,36.3078],[59.57314,36.30785]]]}},{"type":"Feature","properties":{},"geometry":{"type":"Polygon","coordinates":[[[59.57305,36.30747],[59.57305,36.3075],[59.57306,36.30753],[59.57308,36.30756],[59.57311,36.30758],[59.57315,36.30759],[59.57319,36.30758],[59.57323,36.30757],[59.57326,36.30755],[59.57328,36.30752],[59.57329,36.30749],[59.57328,36.30745],[59.57326,36.30743],[59.57323,36.3074],[59.57319,36.30739],[59.57315,36.30739],[59.57312,36.3074],[59.57308,36.30742],[59.57306,36.30744],[59.57305,36.30747]]]}},{"type":"Feature","properties":{},"geometry":{"type":"Polygon","coordinates":[[[59.56799,36.30906],[59.56796,36.3091],[59.56801,36.30912],[59.5681,36.30913],[59.56819,36.30913],[59.56827,36.30912],[59.56835,36.30913],[59.56844,36.30916],[59.56849,36.30922],[59.56853,36.30923],[59.56866,36.30913],[59.56868,36.30907],[59.56867,36.30904],[59.56869,36.30897],[59.56879,36.30891],[59.56883,36.30887],[59.56883,36.30883],[59.56851,36.30901],[59.56844,36.30905],[59.56807,36.30908],[59.56799,36.30906]]]}},{"type":"Feature","properties":{},"geometry":{"type":"Polygon","coordinates":[[[59.5678,36.30916],[59.56785,36.30925],[59.56789,36.30928],[59.56796,36.30933],[59.56803,36.30937],[59.56808,36.30939],[59.56813,36.3094],[59.56818,36.3094],[59.56823,36.30939],[59.56828,36.30938],[59.56832,36.30936],[59.56834,36.30932],[59.56835,36.30928],[59.56834,36.30924],[59.5683,36.30921],[59.56824,36.30919],[59.56816,36.3092],[59.56808,36.3092],[59.56802,36.30921],[59.56796,36.3092],[59.5679,36.30919],[59.56786,36.30917],[59.56782,36.30915],[59.5678,36.30916]]]}},{"type":"Feature","properties":{},"geometry":{"type":"Polygon","coordinates":[[[59.56812,36.30955],[59.5681,36.30951],[59.56806,36.30947],[59.56797,36.30945],[59.56792,36.30945],[59.56788,36.30937],[59.56797,36.30942],[59.56807,36.30946],[59.56812,36.30947],[59.56821,36.30948],[59.56812,36.30955]]]}},{"type":"Feature","properties":{},"geometry":{"type":"Polygon","coordinates":[[[59.43333,36.38148],[59.43267,36.381],[59.43279,36.38093],[59.43428,36.38006],[59.435,36.37963],[59.43535,36.38034],[59.43333,36.38148]]]}},{"type":"Feature","properties":{},"geometry":{"type":"Polygon","coordinates":[[[59.45794,36.37683],[59.45818,36.3769],[59.45839,36.37645],[59.45815,36.37638],[59.45794,36.37683]]]}},{"type":"Feature","properties":{},"geometry":{"type":"Polygon","coordinates":[[[59.46213,36.37639],[59.4624,36.37647],[59.46259,36.37603],[59.46233,36.37596],[59.46213,36.37639]]]}},{"type":"Feature","properties":{},"geometry":{"type":"Polygon","coordinates":[[[59.4632,36.37819],[59.46346,36.37826],[59.46366,36.37783],[59.4634,36.37775],[59.4632,36.37819]]]}},{"type":"Feature","properties":{},"geometry":{"type":"Polygon","coordinates":[[[59.46067,36.37996],[59.46093,36.38004],[59.46113,36.3796],[59.46087,36.37952],[59.46067,36.37996]]]}},{"type":"Feature","properties":{},"geometry":{"type":"Polygon","coordinates":[[[59.45943,36.3781],[59.45974,36.37819],[59.45995,36.37773],[59.45964,36.37764],[59.45943,36.3781]]]}},{"type":"Feature","properties":{},"geometry":{"type":"Polygon","coordinates":[[[59.45688,36.37437],[59.45714,36.37445],[59.45734,36.37401],[59.45708,36.37393],[59.45688,36.37437]]]}},{"type":"Feature","properties":{},"geometry":{"type":"Polygon","coordinates":[[[59.46025,36.37522],[59.46051,36.37529],[59.46071,36.37486],[59.46044,36.37478],[59.46025,36.37522]]]}},{"type":"Feature","properties":{},"geometry":{"type":"Polygon","coordinates":[[[59.45164,36.36748],[59.4518,36.36694],[59.45195,36.36467],[59.45134,36.36397],[59.45126,36.36294],[59.45152,36.36233],[59.45085,36.36092],[59.44989,36.36146],[59.4502,36.362],[59.45041,36.36215],[59.45037,36.36258],[59.44999,36.36356],[59.45001,36.3638],[59.45013,36.36428],[59.4502,36.36572],[59.45025,36.36597],[59.45164,36.36748]]]}},{"type":"Feature","properties":{},"geometry":{"type":"Polygon","coordinates":[[[59.4566,36.34451],[59.45768,36.34351],[59.4604,36.34259],[59.46121,36.34427],[59.45753,36.34554],[59.4566,36.34451]]]}},{"type":"Feature","properties":{},"geometry":{"type":"Polygon","coordinates":[[[59.41799,36.34798],[59.4188,36.34775],[59.41819,36.34634],[59.41741,36.34657],[59.41799,36.34798]]]}},{"type":"Feature","properties":{},"geometry":{"type":"Polygon","coordinates":[[[59.41625,36.34816],[59.41624,36.34746],[59.41682,36.34729],[59.41659,36.34676],[59.41724,36.34655],[59.41793,36.34815],[59.41784,36.34828],[59.41625,36.34816]]]}},{"type":"Feature","properties":{},"geometry":{"type":"Polygon","coordinates":[[[59.41531,36.34505],[59.41585,36.34591],[59.4161,36.34736],[59.41624,36.34746],[59.41682,36.34729],[59.41659,36.34676],[59.41724,36.34655],[59.41645,36.34452],[59.41548,36.34472],[59.41535,36.34482],[59.41531,36.34505]]]}},{"type":"Feature","properties":{},"geometry":{"type":"Polygon","coordinates":[[[59.41741,36.34657],[59.4168,36.34505],[59.41755,36.34482],[59.41819,36.34634],[59.41741,36.34657]]]}},{"type":"Feature","properties":{},"geometry":{"type":"Polygon","coordinates":[[[59.43439,36.32747],[59.43423,36.32826],[59.43466,36.32838],[59.43513,36.32842],[59.43525,36.32849],[59.43547,36.32848],[59.43556,36.32856],[59.43617,36.32896],[59.43661,36.3285],[59.43632,36.32836],[59.436,36.3282],[59.43594,36.32808],[59.43577,36.32791],[59.43539,36.32783],[59.43508,36.32765],[59.43451,36.32746],[59.43439,36.32747]]]}},{"type":"Feature","properties":{},"geometry":{"type":"Polygon","coordinates":[[[59.5769,36.39772],[59.57689,36.39779],[59.57704,36.39796],[59.57739,36.39854],[59.5775,36.39854],[59.57752,36.39784],[59.5775,36.39777],[59.57697,36.39771],[59.5769,36.39772]]]}},{"type":"Feature","properties":{},"geometry":{"type":"Polygon","coordinates":[[[59.57807,36.39863],[59.57807,36.39905],[59.57863,36.39912],[59.5786,36.39865],[59.57855,36.39861],[59.57807,36.39863]]]}},{"type":"Feature","properties":{},"geometry":{"type":"Polygon","coordinates":[[[59.57768,36.39849],[59.57772,36.39853],[59.57873,36.3985],[59.57879,36.39845],[59.57878,36.3981],[59.57875,36.39805],[59.57772,36.39807],[59.57766,36.39812],[59.57768,36.39849]]]}},{"type":"Feature","properties":{},"geometry":{"type":"Polygon","coordinates":[[[59.57874,36.39909],[59.57885,36.39909],[59.57918,36.39862],[59.57879,36.39861],[59.57873,36.39865],[59.57874,36.39909]]]}},{"type":"Feature","properties":{},"geometry":{"type":"Polygon","coordinates":[[[59.57794,36.39862],[59.57799,36.39867],[59.57798,36.39901],[59.57753,36.3988],[59.57745,36.39863],[59.57794,36.39862]]]}},{"type":"Feature","properties":{},"geometry":{"type":"Polygon","coordinates":[[[59.57775,36.39782],[59.57764,36.39788],[59.57764,36.39793],[59.5784,36.39792],[59.5784,36.39779],[59.57877,36.39778],[59.57878,36.3976],[59.57775,36.39782]]]}},{"type":"Feature","properties":{},"geometry":{"type":"Polygon","coordinates":[[[59.57899,36.39805],[59.57893,36.39811],[59.57894,36.39846],[59.57899,36.39848],[59.57926,36.39847],[59.57957,36.39802],[59.57899,36.39805]]]}},{"type":"Feature","properties":{},"geometry":{"type":"Polygon","coordinates":[[[59.5789,36.39748],[59.57893,36.39791],[59.57965,36.3979],[59.57969,36.39784],[59.57894,36.39746],[59.5789,36.39748]]]}},{"type":"Feature","properties":{},"geometry":{"type":"Polygon","coordinates":[[[59.58051,36.39768],[59.58051,36.39795],[59.58021,36.39835],[59.57992,36.39896],[59.5797,36.39973],[59.57949,36.39995],[59.57879,36.4001],[59.57782,36.39992],[59.57752,36.39973],[59.57702,36.39951],[59.57594,36.39932],[59.57511,36.3993],[59.57462,36.39945],[59.57387,36.40026],[59.57357,36.40098],[59.57334,36.40155],[59.57334,36.40189],[59.57329,36.40235],[59.57317,36.4026],[59.57288,36.40269],[59.57223,36.40286],[59.57182,36.40294],[59.57155,36.40296],[59.57137,36.40287],[59.57102,36.40238],[59.5712,36.40223],[59.57146,36.4023],[59.572,36.40216],[59.57211,36.40196],[59.57238,36.40181],[59.5723,36.4015],[59.57264,36.40095],[59.57278,36.40071],[59.57305,36.40072],[59.57305,36.40058],[59.57293,36.40034],[59.57302,36.40007],[59.57324,36.39963],[59.57338,36.3994],[59.57361,36.39933],[59.57371,36.39919],[59.5737,36.39902],[59.57375,36.39873],[59.57384,36.39818],[59.57391,36.39801],[59.57395,36.39789],[59.57437,36.3975],[59.57508,36.39725],[59.57569,36.39716],[59.57611,36.39722],[59.5767,36.39764],[59.57707,36.39829],[59.57746,36.39879],[59.57776,36.39904],[59.57809,36.39919],[59.57869,36.39927],[59.5791,36.39918],[59.57933,36.39889],[59.58012,36.39766],[59.58032,36.3974],[59.58051,36.39768]]]}},{"type":"Feature","properties":{},"geometry":{"type":"Polygon","coordinates":[[[59.57618,36.40317],[59.57585,36.40267],[59.57689,36.40217],[59.57696,36.40228],[59.5788,36.40134],[59.57895,36.40154],[59.57918,36.40185],[59.57618,36.40317]]]}},{"type":"Feature","properties":{},"geometry":{"type":"Polygon","coordinates":[[[59.57895,36.40154],[59.58208,36.39994],[59.5824,36.40044],[59.57918,36.40185],[59.57895,36.40154]]]}},{"type":"Feature","properties":{},"geometry":{"type":"Polygon","coordinates":[[[59.58672,36.38889],[59.58626,36.38899],[59.58592,36.38908],[59.58546,36.3888],[59.5849,36.38929],[59.58463,36.38968],[59.58432,36.38994],[59.58408,36.39035],[59.5836,36.39081],[59.58318,36.391],[59.5829,36.39124],[59.58214,36.39158],[59.58124,36.39097],[59.58152,36.39064],[59.58203,36.39003],[59.58418,36.3885],[59.58358,36.38795],[59.58304,36.3875],[59.58403,36.38694],[59.58527,36.38767],[59.58544,36.38796],[59.58594,36.38834],[59.58637,36.38867],[59.58663,36.38883],[59.58672,36.38889]]]}},{"type":"Feature","properties":{},"geometry":{"type":"Polygon","coordinates":[[[59.65569,36.20465],[59.65563,36.20458],[59.65569,36.20446],[59.65577,36.20446],[59.65569,36.20465]]]}},{"type":"Feature","properties":{},"geometry":{"type":"Polygon","coordinates":[[[59.65116,36.20367],[59.65129,36.20372],[59.65116,36.20396],[59.65095,36.20389],[59.65102,36.20372],[59.6511,36.20371],[59.65116,36.20367]]]}},{"type":"Feature","properties":{},"geometry":{"type":"Polygon","coordinates":[[[59.65185,36.20389],[59.65179,36.20393],[59.65172,36.20394],[59.65156,36.20428],[59.6516,36.20432],[59.65177,36.20437],[59.65199,36.20393],[59.65185,36.20389]]]}},{"type":"Feature","properties":{},"geometry":{"type":"Polygon","coordinates":[[[59.65081,36.20258],[59.65069,36.20282],[59.65089,36.20289],[59.65101,36.20265],[59.65081,36.20258]]]}},{"type":"Feature","properties":{},"geometry":{"type":"Polygon","coordinates":[[[59.65088,36.2036],[59.65089,36.20367],[59.65094,36.20371],[59.65076,36.20404],[59.6507,36.20406],[59.65053,36.204],[59.65074,36.20356],[59.65088,36.2036]]]}},{"type":"Feature","properties":{},"geometry":{"type":"Polygon","coordinates":[[[59.65118,36.20323],[59.65104,36.20351],[59.65097,36.20351],[59.65093,36.20355],[59.65079,36.2035],[59.65089,36.2033],[59.651,36.20327],[59.65105,36.20319],[59.65118,36.20323]]]}},{"type":"Feature","properties":{},"geometry":{"type":"Polygon","coordinates":[[[59.65168,36.20339],[59.65151,36.20374],[59.65164,36.20378],[59.6517,36.20374],[59.65177,36.20374],[59.65189,36.20346],[59.65168,36.20339]]]}},{"type":"Feature","properties":{},"geometry":{"type":"Polygon","coordinates":[[[59.6516,36.20382],[59.65146,36.20378],[59.65135,36.20403],[59.65156,36.2041],[59.65165,36.20393],[59.65161,36.20388],[59.6516,36.20382]]]}},{"type":"Feature","properties":{},"geometry":{"type":"Polygon","coordinates":[[[59.65196,36.20348],[59.65182,36.20376],[59.65187,36.2038],[59.65187,36.20386],[59.65201,36.2039],[59.65212,36.20369],[59.65206,36.20361],[59.65209,36.20353],[59.65196,36.20348]]]}},{"type":"Feature","properties":{},"geometry":{"type":"Polygon","coordinates":[[[59.66874,36.33222],[59.66877,36.33235],[59.66929,36.33238],[59.66964,36.33243],[59.66992,36.33243],[59.67028,36.33235],[59.67109,36.33205],[59.67114,36.332],[59.67114,36.33191],[59.6701,36.33185],[59.66985,36.33187],[59.66923,36.33203],[59.66874,36.33222]]]}},{"type":"Feature","properties":{},"geometry":{"type":"Polygon","coordinates":[[[59.59758,36.25556],[59.59748,36.25573],[59.59719,36.25597],[59.59668,36.25617],[59.59455,36.25655],[59.59381,36.25668],[59.59281,36.25674],[59.59283,36.25667],[59.59394,36.25647],[59.59459,36.25629],[59.59731,36.2555],[59.59753,36.25545],[59.59758,36.25556]]]}},{"type":"Feature","properties":{},"geometry":{"type":"Polygon","coordinates":[[[59.15595,36.57587],[59.15565,36.57581],[59.15551,36.57578],[59.15565,36.57529],[59.1561,36.57537],[59.15595,36.57587]]]}},{"type":"Feature","properties":{},"geometry":{"type":"Polygon","coordinates":[[[59.15761,36.57475],[59.15807,36.57484],[59.1579,36.57538],[59.15745,36.57529],[59.15761,36.57475]]]}},{"type":"Feature","properties":{"name":"بوستان یاس نبی"},"geometry":{"type":"Polygon","coordinates":[[[59.60217,36.34865],[59.60153,36.34879],[59.5988,36.34886],[59.59882,36.3492],[59.60207,36.3491],[59.60245,36.34914],[59.60381,36.34913],[59.60426,36.34904],[59.60567,36.34901],[59.6066,36.34922],[59.60642,36.34849],[59.60635,36.34821],[59.60604,36.34814],[59.60368,36.34814],[59.60321,36.34827],[59.60217,36.34865]]]}},{"type":"Feature","properties":{},"geometry":{"type":"Polygon","coordinates":[[[59.62534,36.33529],[59.62534,36.33535],[59.62528,36.33543],[59.62518,36.33551],[59.62429,36.33167],[59.62423,36.33094],[59.62436,36.331],[59.62441,36.33105],[59.62459,36.33181],[59.62478,36.33216],[59.6249,36.33268],[59.62481,36.33284],[59.62496,36.33351],[59.62513,36.33367],[59.62527,36.33437],[59.62521,36.33447],[59.62521,36.33457],[59.62534,36.33529]]]}},{"type":"Feature","properties":{},"geometry":{"type":"Polygon","coordinates":[[[59.62951,36.33527],[59.62905,36.33558],[59.62959,36.33618],[59.63005,36.3359],[59.62951,36.33527]]]}},{"type":"Feature","properties":{},"geometry":{"type":"Polygon","coordinates":[[[59.62541,36.3358],[59.62561,36.33684],[59.62562,36.33696],[59.62585,36.33693],[59.62563,36.33603],[59.62554,36.33588],[59.62541,36.3358]]]}},{"type":"Feature","properties":{},"geometry":{"type":"Polygon","coordinates":[[[59.62528,36.33815],[59.62524,36.33803],[59.62527,36.33798],[59.62551,36.33764],[59.62559,36.33733],[59.62586,36.33737],[59.62578,36.33767],[59.6256,36.33783],[59.62535,36.33818],[59.62532,36.33819],[59.62529,36.33818],[59.62528,36.33815]]]}},{"type":"Feature","properties":{},"geometry":{"type":"Polygon","coordinates":[[[59.70537,36.12755],[59.70548,36.12752],[59.70558,36.12745],[59.70565,36.12737],[59.70569,36.12728],[59.70569,36.12717],[59.70566,36.12708],[59.70559,36.12699],[59.70549,36.12693],[59.70538,36.12689],[59.70525,36.12688],[59.70513,36.1269],[59.70502,36.12695],[59.70494,36.12703],[59.70488,36.12712],[59.70486,36.12722],[59.70488,36.12732],[59.70493,36.12741],[59.70501,36.12748],[59.70512,36.12753],[59.70524,36.12756],[59.70537,36.12755]]]}},{"type":"Feature","properties":{},"geometry":{"type":"Polygon","coordinates":[[[59.63094,36.14759],[59.6314,36.14759],[59.63143,36.14759],[59.63145,36.14758],[59.63146,36.14755],[59.63146,36.14753],[59.63146,36.14751],[59.63145,36.14749],[59.63143,36.14748],[59.6314,36.14748],[59.63092,36.14743],[59.63088,36.14744],[59.63086,36.14746],[59.63084,36.14748],[59.63083,36.14752],[59.63084,36.14754],[59.63086,36.14756],[59.63088,36.14758],[59.63091,36.14759],[59.63094,36.14759]]]}},{"type":"Feature","properties":{},"geometry":{"type":"Polygon","coordinates":[[[59.63086,36.14625],[59.63092,36.14625],[59.63098,36.14623],[59.63103,36.1462],[59.63108,36.14616],[59.63111,36.14611],[59.63112,36.14606],[59.63111,36.14601],[59.63109,36.14596],[59.63106,36.14592],[59.63101,36.14589],[59.63095,36.14586],[59.63089,36.14585],[59.63083,36.14586],[59.63077,36.14588],[59.63071,36.1459],[59.63067,36.14594],[59.63064,36.14599],[59.63063,36.14604],[59.63063,36.14609],[59.63065,36.14614],[59.63069,36.14618],[59.63074,36.14622],[59.6308,36.14624],[59.63086,36.14625]]]}},{"type":"Feature","properties":{},"geometry":{"type":"Polygon","coordinates":[[[59.6476,36.11697],[59.64765,36.11698],[59.64771,36.11698],[59.64776,36.11696],[59.6478,36.11693],[59.64782,36.1169],[59.64784,36.11685],[59.64782,36.11679],[59.64737,36.116],[59.64732,36.11597],[59.64726,36.11595],[59.64719,36.11597],[59.64715,36.116],[59.64714,36.11605],[59.64714,36.11612],[59.64715,36.11615],[59.64758,36.11695],[59.6476,36.11697]]]}},{"type":"Feature","properties":{},"geometry":{"type":"Polygon","coordinates":[[[59.64617,36.11685],[59.64624,36.11683],[59.64631,36.1168],[59.64636,36.11676],[59.6464,36.11671],[59.64644,36.11666],[59.64645,36.1166],[59.64646,36.11654],[59.64645,36.11649],[59.64642,36.11643],[59.64639,36.11638],[59.64634,36.11634],[59.64628,36.1163],[59.64621,36.11627],[59.64614,36.11626],[59.64607,36.11626],[59.646,36.11627],[59.64593,36.11628],[59.64587,36.11631],[59.64581,36.11635],[59.64577,36.1164],[59.64573,36.11645],[59.64572,36.11651],[59.64571,36.11657],[59.64572,36.11663],[59.64575,36.11668],[59.64578,36.11674],[59.64583,36.11678],[59.64589,36.11681],[59.64596,36.11684],[59.64603,36.11686],[59.6461,36.11686],[59.64617,36.11685]]]}},{"type":"Feature","properties":{},"geometry":{"type":"Polygon","coordinates":[[[59.57847,36.31735],[59.57848,36.31767],[59.57876,36.31779],[59.57905,36.31766],[59.5792,36.31737],[59.57915,36.31727],[59.57847,36.31735]]]}},{"type":"Feature","properties":{"name":"ورزشگاه کارگران"},"geometry":{"type":"Polygon","coordinates":[[[59.57719,36.31889],[59.57737,36.31984],[59.57821,36.31971],[59.57803,36.31878],[59.57719,36.31889]]]}},{"type":"Feature","properties":{},"geometry":{"type":"Polygon","coordinates":[[[59.57832,36.31737],[59.57835,36.3177],[59.57803,36.31782],[59.5779,36.3177],[59.57788,36.31738],[59.57832,36.31737]]]}},{"type":"Feature","properties":{"name":"پارک‌ ششصد دستگاه"},"geometry":{"type":"Polygon","coordinates":[[[59.57196,36.31753],[59.57202,36.31776],[59.57244,36.31779],[59.57284,36.31804],[59.57311,36.31866],[59.57305,36.31897],[59.57286,36.31929],[59.57246,36.31949],[59.57235,36.31982],[59.57246,36.32015],[59.57161,36.32031],[59.57155,36.32004],[59.57156,36.31932],[59.5715,36.31909],[59.57128,36.31909],[59.57103,36.31893],[59.57082,36.31879],[59.57068,36.31837],[59.57067,36.31823],[59.57064,36.31799],[59.57102,36.31752],[59.57134,36.31732],[59.57151,36.31739],[59.57196,36.31753]]]}},{"type":"Feature","properties":{},"geometry":{"type":"Polygon","coordinates":[[[59.77396,36.20871],[59.77424,36.20891],[59.77468,36.20852],[59.77451,36.2084],[59.77434,36.20854],[59.77423,36.20846],[59.77396,36.20871]]]}},{"type":"Feature","properties":{},"geometry":{"type":"Polygon","coordinates":[[[59.76849,36.21186],[59.7683,36.21203],[59.76903,36.21258],[59.76922,36.21241],[59.76849,36.21186]]]}},{"type":"Feature","properties":{},"geometry":{"type":"Polygon","coordinates":[[[59.77171,36.21249],[59.77176,36.21257],[59.77164,36.2127],[59.76866,36.21036],[59.76882,36.21025],[59.7689,36.21029],[59.77171,36.21249]]]}},{"type":"Feature","properties":{},"geometry":{"type":"Polygon","coordinates":[[[59.77409,36.20812],[59.77384,36.20835],[59.77377,36.2083],[59.7736,36.20845],[59.77392,36.20868],[59.77419,36.20843],[59.7741,36.20837],[59.77425,36.20823],[59.77409,36.20812]]]}},{"type":"Feature","properties":{},"geometry":{"type":"Polygon","coordinates":[[[59.77114,36.20969],[59.77027,36.20904],[59.77021,36.20895],[59.77019,36.20885],[59.7702,36.20875],[59.77025,36.20866],[59.77033,36.20858],[59.77043,36.20853],[59.77055,36.20851],[59.77067,36.20851],[59.77079,36.20854],[59.77167,36.20924],[59.77171,36.20934],[59.77172,36.20944],[59.77168,36.20954],[59.7716,36.20963],[59.7715,36.20969],[59.77138,36.20972],[59.77126,36.20972],[59.77114,36.20969]]]}},{"type":"Feature","properties":{},"geometry":{"type":"Polygon","coordinates":[[[59.65046,36.17872],[59.65179,36.17653],[59.65357,36.17589],[59.65309,36.17494],[59.65349,36.17471],[59.65413,36.17537],[59.65455,36.17468],[59.65528,36.17465],[59.65534,36.17428],[59.65591,36.17421],[59.65616,36.1745],[59.65667,36.17454],[59.6571,36.17422],[59.6576,36.1746],[59.65607,36.17529],[59.65556,36.17519],[59.65514,36.17614],[59.65424,36.17746],[59.65308,36.17783],[59.65291,36.17846],[59.65234,36.17886],[59.65222,36.17809],[59.65196,36.17799],[59.65075,36.17892],[59.65046,36.17872]]]}},{"type":"Feature","properties":{},"geometry":{"type":"Polygon","coordinates":[[[59.65999,36.17626],[59.66048,36.17676],[59.66124,36.17636],[59.66106,36.17593],[59.6612,36.17525],[59.66042,36.17371],[59.66004,36.17374],[59.65982,36.17335],[59.65878,36.1736],[59.6583,36.17423],[59.65822,36.17466],[59.6581,36.17494],[59.65736,36.17539],[59.65723,36.17644],[59.65694,36.17642],[59.6567,36.1768],[59.65764,36.17773],[59.65847,36.17704],[59.65911,36.17616],[59.65966,36.17586],[59.65978,36.17592],[59.6603,36.17589],[59.66034,36.17604],[59.65999,36.17626]]]}},{"type":"Feature","properties":{},"geometry":{"type":"Polygon","coordinates":[[[59.83605,36.2275],[59.8409,36.22745],[59.84044,36.22568],[59.8361,36.22502],[59.83585,36.22608],[59.83626,36.22616],[59.83605,36.2275]]]}},{"type":"Feature","properties":{},"geometry":{"type":"Polygon","coordinates":[[[59.83194,36.22376],[59.83271,36.22317],[59.82942,36.21991],[59.82908,36.21971],[59.82867,36.2196],[59.82814,36.21954],[59.82773,36.21952],[59.82683,36.21967],[59.82718,36.22053],[59.82865,36.22116],[59.82897,36.22189],[59.8304,36.22313],[59.83086,36.22276],[59.83194,36.22376]]]}},{"type":"Feature","properties":{},"geometry":{"type":"Polygon","coordinates":[[[59.58559,36.18697],[59.58566,36.18687],[59.58562,36.1868],[59.58557,36.18676],[59.58551,36.18675],[59.58544,36.18675],[59.58531,36.18679],[59.58528,36.18674],[59.5853,36.18668],[59.5854,36.1866],[59.58534,36.18651],[59.5853,36.18645],[59.58521,36.18642],[59.58515,36.18632],[59.58511,36.18624],[59.58497,36.18617],[59.58483,36.18611],[59.58467,36.18608],[59.58463,36.18616],[59.5846,36.18628],[59.58458,36.18646],[59.58468,36.18658],[59.58486,36.18673],[59.58492,36.18689],[59.58488,36.18697],[59.58477,36.18694],[59.58465,36.18694],[59.58455,36.18708],[59.58442,36.18718],[59.58433,36.18731],[59.58416,36.1875],[59.58398,36.18757],[59.58377,36.18764],[59.58349,36.18772],[59.58332,36.18775],[59.58317,36.18771],[59.5831,36.1879],[59.58313,36.18813],[59.58313,36.18841],[59.58309,36.1885],[59.58272,36.18863],[59.5827,36.18868],[59.58289,36.18862],[59.58312,36.1886],[59.58329,36.18843],[59.58334,36.18818],[59.58337,36.18794],[59.58354,36.18786],[59.58395,36.18777],[59.58422,36.18772],[59.58433,36.18773],[59.58435,36.18786],[59.58431,36.18801],[59.58429,36.18825],[59.58446,36.18849],[59.58448,36.18842],[59.58452,36.18819],[59.58455,36.18786],[59.58459,36.18779],[59.58472,36.18785],[59.58472,36.18765],[59.58474,36.18755],[59.58474,36.18736],[59.58485,36.18724],[59.58499,36.18714],[59.58503,36.18722],[59.58508,36.18739],[59.58524,36.18751],[59.58538,36.18765],[59.58545,36.18763],[59.58539,36.18743],[59.58527,36.18731],[59.58525,36.18713],[59.5854,36.18709],[59.5855,36.18705],[59.58559,36.18697]]]}},{"type":"Feature","properties":{},"geometry":{"type":"Polygon","coordinates":[[[59.54419,36.18038],[59.54407,36.18057],[59.54426,36.18074],[59.54429,36.18097],[59.54404,36.18113],[59.54396,36.18112],[59.54376,36.18092],[59.54364,36.18106],[59.54377,36.1812],[59.5437,36.18145],[59.54354,36.18166],[59.54355,36.18187],[59.54363,36.18191],[59.54388,36.182],[59.54396,36.18178],[59.54408,36.18158],[59.54435,36.1814],[59.54449,36.18124],[59.54445,36.18108],[59.54441,36.1809],[59.54435,36.18076],[59.54427,36.18069],[59.5442,36.18061],[59.5442,36.18049],[59.54419,36.18038]]]}},{"type":"Feature","properties":{},"geometry":{"type":"Polygon","coordinates":[[[59.55362,36.19249],[59.55364,36.19234],[59.55295,36.19227],[59.55269,36.1927],[59.55218,36.19269],[59.55182,36.1925],[59.55155,36.1924],[59.55109,36.19231],[59.55075,36.19223],[59.55041,36.19206],[59.55029,36.19185],[59.55014,36.1917],[59.54997,36.1916],[59.54969,36.19151],[59.54924,36.19151],[59.54895,36.1914],[59.54874,36.19121],[59.54842,36.19105],[59.54801,36.1909],[59.54788,36.19081],[59.54779,36.19065],[59.54781,36.19052],[59.5479,36.19031],[59.54798,36.19015],[59.5479,36.19002],[59.54773,36.18997],[59.54733,36.18996],[59.54694,36.18993],[59.54665,36.18985],[59.54636,36.18965],[59.54611,36.18949],[59.54601,36.1893],[59.54597,36.1891],[59.54594,36.18891],[59.54586,36.18877],[59.5457,36.18868],[59.54545,36.1887],[59.5451,36.18891],[59.54482,36.18911],[59.54472,36.18934],[59.54503,36.19155],[59.54535,36.19168],[59.54547,36.19158],[59.54568,36.19169],[59.54583,36.19184],[59.54611,36.19182],[59.54675,36.19209],[59.54714,36.19245],[59.54739,36.19273],[59.54743,36.19304],[59.54764,36.19326],[59.54801,36.19358],[59.54853,36.19382],[59.54923,36.19386],[59.54966,36.19382],[59.55018,36.19396],[59.55058,36.19379],[59.5508,36.19379],[59.55107,36.19388],[59.55193,36.19414],[59.55206,36.19394],[59.55219,36.19376],[59.55253,36.19318],[59.55279,36.19309],[59.55325,36.19307],[59.5535,36.19298],[59.55343,36.19277],[59.55339,36.19261],[59.55362,36.19249]]]}},{"type":"Feature","properties":{},"geometry":{"type":"Polygon","coordinates":[[[59.82428,36.28906],[59.8243,36.28904],[59.82433,36.28904],[59.82435,36.28904],[59.82438,36.28906],[59.82439,36.28908],[59.82438,36.2891],[59.82437,36.28912],[59.82435,36.28913],[59.82432,36.28913],[59.8243,36.28913],[59.82428,36.28911],[59.82427,36.28909],[59.82427,36.28907],[59.82428,36.28906]]]}},{"type":"Feature","properties":{},"geometry":{"type":"Polygon","coordinates":[[[59.82488,36.29023],[59.82563,36.28965],[59.824,36.28841],[59.82311,36.28847],[59.82272,36.28856],[59.82338,36.28966],[59.82367,36.29015],[59.82385,36.29022],[59.82469,36.29004],[59.82488,36.29023]]]}},{"type":"Feature","properties":{},"geometry":{"type":"Polygon","coordinates":[[[59.81994,36.28853],[59.81997,36.28852],[59.82,36.28851],[59.82003,36.28852],[59.82006,36.28853],[59.82008,36.28855],[59.82009,36.28857],[59.8201,36.28859],[59.82009,36.28862],[59.82008,36.28864],[59.82006,36.28866],[59.82003,36.28867],[59.81999,36.28868],[59.81996,36.28867],[59.81993,36.28866],[59.81991,36.28864],[59.8199,36.28862],[59.81989,36.28859],[59.8199,36.28857],[59.81992,36.28854],[59.81994,36.28853]]]}},{"type":"Feature","properties":{},"geometry":{"type":"Polygon","coordinates":[[[59.73122,36.46524],[59.73125,36.46522],[59.73128,36.4652],[59.73132,36.4652],[59.73136,36.4652],[59.7314,36.46521],[59.73143,36.46523],[59.73145,36.46526],[59.73146,36.46528],[59.73147,36.46531],[59.73146,36.46534],[59.73144,36.46537],[59.73142,36.46539],[59.73139,36.46541],[59.73135,36.46542],[59.73131,36.46542],[59.73127,36.46541],[59.73124,36.46539],[59.73121,36.46537],[59.73119,36.46533],[59.73119,36.4653],[59.7312,36.46527],[59.73122,36.46524]]]}},{"type":"Feature","properties":{},"geometry":{"type":"Polygon","coordinates":[[[59.73509,36.47522],[59.73518,36.47523],[59.73525,36.47521],[59.73532,36.47517],[59.73532,36.4751],[59.73528,36.47502],[59.73521,36.47495],[59.73512,36.47491],[59.73501,36.4749],[59.73491,36.4749],[59.73486,36.47494],[59.73484,36.47499],[59.73486,36.47506],[59.73489,36.4751],[59.73493,36.47514],[59.73501,36.47519],[59.73509,36.47522]]]}},{"type":"Feature","properties":{},"geometry":{"type":"Polygon","coordinates":[[[59.73852,36.47591],[59.73787,36.47634],[59.73735,36.47663],[59.73716,36.47657],[59.73694,36.47667],[59.73632,36.47582],[59.73683,36.47565],[59.73852,36.47591]]]}},{"type":"Feature","properties":{},"geometry":{"type":"Polygon","coordinates":[[[59.74047,36.47635],[59.74051,36.47618],[59.73864,36.47595],[59.7384,36.47611],[59.74047,36.47635]]]}},{"type":"Feature","properties":{},"geometry":{"type":"Polygon","coordinates":[[[59.7394,36.47558],[59.73954,36.47557],[59.73957,36.47548],[59.73854,36.47532],[59.7376,36.47498],[59.73662,36.47432],[59.73614,36.47368],[59.73576,36.47306],[59.73535,36.47184],[59.7352,36.47188],[59.73557,36.47325],[59.73635,36.47435],[59.73652,36.47451],[59.73748,36.47514],[59.73828,36.47545],[59.73893,36.47555],[59.7394,36.47558]]]}},{"type":"Feature","properties":{},"geometry":{"type":"Polygon","coordinates":[[[59.73831,36.47569],[59.73739,36.47555],[59.73667,36.47536],[59.73606,36.47518],[59.73565,36.47503],[59.73539,36.47482],[59.73521,36.47455],[59.73515,36.47436],[59.73511,36.47356],[59.73516,36.47354],[59.73523,36.47359],[59.73582,36.47429],[59.73617,36.47476],[59.7376,36.47548],[59.73825,36.47565],[59.73831,36.47569]]]}},{"type":"Feature","properties":{},"geometry":{"type":"Polygon","coordinates":[[[59.7336,36.47401],[59.73418,36.47434],[59.73477,36.47463],[59.73492,36.47464],[59.73499,36.47449],[59.73495,36.4733],[59.73489,36.47293],[59.73481,36.47267],[59.73443,36.47284],[59.73454,36.47309],[59.7336,36.47401]]]}},{"type":"Feature","properties":{},"geometry":{"type":"Polygon","coordinates":[[[59.63742,36.23013],[59.63753,36.23008],[59.63762,36.23007],[59.63771,36.2301],[59.63774,36.23017],[59.63775,36.23024],[59.6377,36.23033],[59.63752,36.23048],[59.63545,36.23208],[59.63533,36.23213],[59.63514,36.23229],[59.63508,36.23229],[59.63508,36.23225],[59.63544,36.23194],[59.63578,36.2316],[59.63617,36.23116],[59.63652,36.23083],[59.63725,36.23024],[59.63742,36.23013]]]}},{"type":"Feature","properties":{},"geometry":{"type":"Polygon","coordinates":[[[59.63663,36.23058],[59.63619,36.23097],[59.63557,36.23164],[59.63514,36.23205],[59.63418,36.23279],[59.63414,36.23276],[59.63431,36.23237],[59.63451,36.23211],[59.63734,36.22991],[59.6374,36.22992],[59.63743,36.22996],[59.63663,36.23058]]]}},{"type":"Feature","properties":{},"geometry":{"type":"Polygon","coordinates":[[[59.64206,36.22604],[59.64122,36.22663],[59.64099,36.22645],[59.64069,36.22668],[59.64074,36.22672],[59.64095,36.2269],[59.64063,36.22712],[59.64012,36.22752],[59.64043,36.22777],[59.64173,36.22677],[59.64185,36.22655],[59.642,36.22643],[59.64217,36.22637],[59.64234,36.22635],[59.64229,36.22619],[59.64221,36.22609],[59.64211,36.22603],[59.64206,36.22604]]]}},{"type":"Feature","properties":{},"geometry":{"type":"Polygon","coordinates":[[[59.56442,36.32407],[59.56437,36.32408],[59.56432,36.32408],[59.56428,36.32406],[59.56424,36.32403],[59.56422,36.32399],[59.56421,36.32395],[59.56422,36.32391],[59.56424,36.32387],[59.56429,36.32384],[59.56434,36.32382],[59.56439,36.32382],[59.56444,36.32384],[59.56449,36.32386],[59.56452,36.3239],[59.56453,36.32394],[59.56453,36.32398],[59.5645,36.32402],[59.56447,36.32405],[59.56442,36.32407]]]}},{"type":"Feature","properties":{},"geometry":{"type":"Polygon","coordinates":[[[59.56419,36.32364],[59.56418,36.32359],[59.56419,36.32355],[59.56423,36.32351],[59.56428,36.32348],[59.56433,36.32347],[59.56439,36.32347],[59.56444,36.32348],[59.56448,36.32351],[59.56451,36.32355],[59.56453,36.32359],[59.56452,36.32364],[59.5645,36.32368],[59.56447,36.32371],[59.56442,36.32374],[59.56437,36.32375],[59.56431,36.32374],[59.56425,36.32372],[59.56421,36.32369],[59.56419,36.32364]]]}},{"type":"Feature","properties":{},"geometry":{"type":"Polygon","coordinates":[[[59.56374,36.32365],[59.56369,36.32369],[59.56366,36.32373],[59.56365,36.32378],[59.56366,36.32383],[59.56369,36.32387],[59.56374,36.32391],[59.5638,36.32393],[59.56386,36.32393],[59.56392,36.32392],[59.56398,36.32389],[59.56402,36.32385],[59.56403,36.3238],[59.56403,36.32375],[59.56401,36.3237],[59.56397,36.32366],[59.56391,36.32364],[59.56385,36.32363],[59.56379,36.32363],[59.56374,36.32365]]]}},{"type":"Feature","properties":{},"geometry":{"type":"Polygon","coordinates":[[[59.64942,36.2607],[59.64945,36.26082],[59.64938,36.26082],[59.64904,36.26071],[59.64874,36.26057],[59.64777,36.26004],[59.64801,36.26001],[59.64882,36.26048],[59.64909,36.26061],[59.64942,36.2607]]]}},{"type":"Feature","properties":{},"geometry":{"type":"Polygon","coordinates":[[[59.61823,36.24915],[59.61801,36.24903],[59.62172,36.24535],[59.62286,36.24421],[59.62291,36.24427],[59.62181,36.24543],[59.62223,36.2455],[59.62215,36.24612],[59.62051,36.24729],[59.61973,36.24784],[59.61948,36.24822],[59.61823,36.24915]]]}},{"type":"Feature","properties":{},"geometry":{"type":"Polygon","coordinates":[[[59.61809,36.24951],[59.61899,36.25004],[59.61881,36.2504],[59.61974,36.25117],[59.61993,36.25149],[59.61983,36.25247],[59.61922,36.25221],[59.61854,36.25277],[59.61713,36.2518],[59.61682,36.25074],[59.61809,36.24951]]]}},{"type":"Feature","properties":{},"geometry":{"type":"Polygon","coordinates":[[[59.24805,36.19562],[59.24852,36.19519],[59.24828,36.19495],[59.24833,36.19478],[59.24812,36.19461],[59.24787,36.19455],[59.24754,36.19465],[59.24747,36.1948],[59.24753,36.19515],[59.24763,36.19542],[59.24782,36.19554],[59.24805,36.19562]]]}},{"type":"Feature","properties":{},"geometry":{"type":"Polygon","coordinates":[[[59.248,36.19137],[59.24808,36.19129],[59.24781,36.19092],[59.24765,36.1907],[59.24742,36.19052],[59.24693,36.19025],[59.24682,36.19042],[59.24694,36.19064],[59.24694,36.19089],[59.24668,36.19099],[59.24656,36.19132],[59.24669,36.19148],[59.24775,36.1915],[59.248,36.19137]]]}},{"type":"Feature","properties":{},"geometry":{"type":"Polygon","coordinates":[[[59.32105,36.31269],[59.32093,36.31272],[59.32027,36.31277],[59.31999,36.31273],[59.31969,36.31262],[59.31962,36.31241],[59.31953,36.31205],[59.31965,36.3118],[59.3198,36.31157],[59.31995,36.31125],[59.32002,36.31112],[59.32015,36.31105],[59.3203,36.31107],[59.32041,36.31118],[59.32056,36.31145],[59.32064,36.31171],[59.32078,36.31195],[59.32099,36.31207],[59.32126,36.31216],[59.32143,36.31227],[59.32148,36.31237],[59.32147,36.31247],[59.3214,36.31251],[59.32124,36.31256],[59.32107,36.31263],[59.32105,36.31269]]]}},{"type":"Feature","properties":{},"geometry":{"type":"Polygon","coordinates":[[[59.35221,36.30665],[59.35226,36.30665],[59.35231,36.30663],[59.35234,36.30661],[59.35236,36.30657],[59.35237,36.30653],[59.35235,36.3065],[59.35232,36.30648],[59.35226,36.30647],[59.35222,36.30647],[59.35218,36.30649],[59.35214,36.30652],[59.35212,36.30656],[59.35212,36.3066],[59.35214,36.30663],[59.35216,36.30665],[59.35221,36.30665]]]}},{"type":"Feature","properties":{},"geometry":{"type":"Polygon","coordinates":[[[59.35112,36.30598],[59.35115,36.30596],[59.35118,36.30595],[59.35121,36.30595],[59.35125,36.30595],[59.35128,36.30597],[59.3513,36.30599],[59.35132,36.30601],[59.35132,36.30604],[59.35132,36.30607],[59.3513,36.30609],[59.35128,36.30612],[59.35125,36.30613],[59.35121,36.30614],[59.35117,36.30613],[59.35114,36.30612],[59.35111,36.3061],[59.35109,36.30607],[59.35109,36.30603],[59.3511,36.306],[59.35112,36.30598]]]}},{"type":"Feature","properties":{},"geometry":{"type":"Polygon","coordinates":[[[59.35392,36.30767],[59.35393,36.30765],[59.35394,36.30764],[59.35396,36.30763],[59.35398,36.30762],[59.354,36.30762],[59.35402,36.30763],[59.35404,36.30764],[59.35405,36.30765],[59.35405,36.30767],[59.35405,36.30769],[59.35405,36.3077],[59.35403,36.30772],[59.35401,36.30772],[59.35399,36.30773],[59.35397,36.30773],[59.35395,36.30772],[59.35393,36.3077],[59.35393,36.30769],[59.35392,36.30767]]]}},{"type":"Feature","properties":{},"geometry":{"type":"Polygon","coordinates":[[[59.36299,36.30338],[59.36343,36.30339],[59.36312,36.30329],[59.3631,36.30329],[59.36307,36.30331],[59.36299,36.30338]]]}},{"type":"Feature","properties":{},"geometry":{"type":"Polygon","coordinates":[[[59.3624,36.30331],[59.36282,36.30338],[59.36285,36.30338],[59.36288,36.30338],[59.36291,36.30335],[59.36295,36.30332],[59.36297,36.30328],[59.36296,36.30326],[59.36294,36.30324],[59.36252,36.30311],[59.36247,36.30312],[59.36242,36.30316],[59.36238,36.3032],[59.36236,36.30323],[59.36236,36.30327],[59.36238,36.3033],[59.3624,36.30331]]]}},{"type":"Feature","properties":{},"geometry":{"type":"Polygon","coordinates":[[[59.36559,36.3058],[59.36546,36.30557],[59.36488,36.30555],[59.36441,36.30546],[59.36424,36.30544],[59.36393,36.30552],[59.36344,36.30564],[59.3631,36.30571],[59.36287,36.30569],[59.36113,36.30535],[59.36101,36.30537],[59.36087,36.30531],[59.36074,36.30538],[59.36061,36.30549],[59.36057,36.3056],[59.36061,36.30575],[59.36067,36.30588],[59.36064,36.30602],[59.36054,36.30624],[59.36054,36.30644],[59.36065,36.3067],[59.3608,36.30684],[59.36104,36.30698],[59.36127,36.30705],[59.36148,36.30708],[59.36173,36.30704],[59.36192,36.30701],[59.36234,36.30721],[59.36266,36.30726],[59.36304,36.30716],[59.36341,36.30718],[59.36367,36.30728],[59.36398,36.30733],[59.36421,36.30729],[59.36447,36.30718],[59.36445,36.3068],[59.3642,36.30636],[59.36435,36.30606],[59.36457,36.30591],[59.36482,36.30582],[59.36518,36.3058],[59.36559,36.3058]]]}},{"type":"Feature","properties":{},"geometry":{"type":"Polygon","coordinates":[[[59.69062,36.1659],[59.69043,36.16588],[59.69043,36.16566],[59.69318,36.16384],[59.69324,36.16397],[59.69288,36.16418],[59.69285,36.16441],[59.69062,36.1659]]]}},{"type":"Feature","properties":{},"geometry":{"type":"Polygon","coordinates":[[[59.69331,36.16397],[59.69353,36.164],[59.69393,36.16412],[59.6941,36.1642],[59.69433,36.16424],[59.69438,36.16418],[59.69439,36.16411],[59.69433,36.16404],[59.69373,36.16377],[59.69362,36.16375],[59.6935,36.16375],[59.69335,36.16376],[59.69325,36.16381],[59.69331,36.16397]]]}},{"type":"Feature","properties":{},"geometry":{"type":"Polygon","coordinates":[[[59.69721,36.16298],[59.69698,36.16225],[59.69753,36.16252],[59.69721,36.16298]]]}},{"type":"Feature","properties":{},"geometry":{"type":"Polygon","coordinates":[[[59.64639,36.19329],[59.6469,36.193],[59.64743,36.19272],[59.64781,36.19246],[59.64812,36.19205],[59.6483,36.19156],[59.64835,36.19107],[59.6484,36.19062],[59.64849,36.19021],[59.64834,36.19023],[59.64789,36.19063],[59.64718,36.19151],[59.64659,36.19255],[59.6464,36.19311],[59.64639,36.19329]]]}},{"type":"Feature","properties":{},"geometry":{"type":"Polygon","coordinates":[[[59.6483,36.19231],[59.64851,36.19184],[59.64862,36.19125],[59.64871,36.19039],[59.6488,36.19011],[59.64893,36.18987],[59.64908,36.18966],[59.64927,36.18949],[59.64955,36.18928],[59.64983,36.18908],[59.6501,36.18891],[59.65033,36.1888],[59.65094,36.18892],[59.65134,36.18916],[59.65159,36.18942],[59.65172,36.18982],[59.65158,36.1902],[59.65128,36.19058],[59.65091,36.19085],[59.65029,36.19121],[59.64963,36.19152],[59.64893,36.19189],[59.64856,36.19213],[59.6483,36.19231]]]}},{"type":"Feature","properties":{},"geometry":{"type":"Polygon","coordinates":[[[59.66187,36.18114],[59.66247,36.18176],[59.6526,36.18809],[59.65217,36.1883],[59.6519,36.18839],[59.65165,36.18845],[59.65134,36.1884],[59.65136,36.18834],[59.65144,36.18808],[59.65149,36.18794],[59.66187,36.18114]]]}},{"type":"Feature","properties":{},"geometry":{"type":"Polygon","coordinates":[[[59.65186,36.19036],[59.652,36.18998],[59.65201,36.18969],[59.65193,36.18935],[59.65177,36.18907],[59.65148,36.18875],[59.65206,36.18866],[59.6526,36.18843],[59.65481,36.18703],[59.65508,36.18723],[59.65539,36.18761],[59.65556,36.18796],[59.65557,36.1882],[59.65186,36.19036]]]}},{"type":"Feature","properties":{},"geometry":{"type":"Polygon","coordinates":[[[59.65851,36.18649],[59.66024,36.18546],[59.65997,36.18534],[59.65969,36.18514],[59.65945,36.18491],[59.65923,36.18468],[59.65911,36.18449],[59.65906,36.18428],[59.65744,36.18537],[59.65851,36.18649]]]}},{"type":"Feature","properties":{},"geometry":{"type":"Polygon","coordinates":[[[59.69596,36.15924],[59.69608,36.1594],[59.69608,36.15963],[59.69596,36.15995],[59.6956,36.16029],[59.69473,36.16098],[59.69413,36.16135],[59.69275,36.16225],[59.66561,36.17974],[59.66555,36.17955],[59.6654,36.17937],[59.66521,36.17917],[59.66511,36.17909],[59.6805,36.16904],[59.68822,36.16409],[59.69596,36.15924]]]}},{"type":"Feature","properties":{},"geometry":{"type":"Polygon","coordinates":[[[59.42033,36.17744],[59.42018,36.17746],[59.42004,36.17771],[59.41996,36.17799],[59.41978,36.17813],[59.41944,36.17816],[59.41909,36.17825],[59.41872,36.17832],[59.41836,36.1785],[59.4181,36.17881],[59.41772,36.17902],[59.41744,36.17916],[59.41723,36.17938],[59.41696,36.17948],[59.4165,36.17951],[59.41643,36.17962],[59.41654,36.18006],[59.41703,36.17985],[59.41794,36.17941],[59.41843,36.17896],[59.4189,36.1786],[59.41933,36.17863],[59.42007,36.17848],[59.42032,36.17833],[59.42032,36.17799],[59.42052,36.17775],[59.42045,36.17756],[59.42033,36.17744]]]}},{"type":"Feature","properties":{},"geometry":{"type":"Polygon","coordinates":[[[59.55202,36.26864],[59.55297,36.2684],[59.55333,36.26855],[59.55355,36.26889],[59.55445,36.26888],[59.55471,36.26886],[59.55473,36.26856],[59.55419,36.26828],[59.55486,36.26803],[59.55454,36.26745],[59.55425,36.26743],[59.55405,36.26771],[59.55394,36.26779],[59.55375,36.26793],[59.55365,36.26798],[59.55335,36.26795],[59.55291,36.26795],[59.55206,36.26837],[59.55202,36.26864]]]}},{"type":"Feature","properties":{},"geometry":{"type":"Polygon","coordinates":[[[59.81188,36.61562],[59.81272,36.61492],[59.81373,36.61472],[59.81468,36.61422],[59.81368,36.61335],[59.81241,36.6141],[59.81179,36.61474],[59.81166,36.61522],[59.81188,36.61562]]]}},{"type":"Feature","properties":{},"geometry":{"type":"Polygon","coordinates":[[[59.34824,36.32006],[59.34838,36.32034],[59.34851,36.3205],[59.34879,36.3207],[59.34887,36.32081],[59.34887,36.32091],[59.34879,36.321],[59.34855,36.32107],[59.34827,36.32123],[59.34801,36.32138],[59.34774,36.32153],[59.34766,36.32163],[59.34747,36.32201],[59.34731,36.32237],[59.34711,36.32269],[59.34687,36.32286],[59.34654,36.32279],[59.34633,36.32272],[59.34634,36.32263],[59.34638,36.3223],[59.34654,36.32201],[59.34662,36.3218],[59.34636,36.32146],[59.34652,36.32134],[59.34683,36.32186],[59.34714,36.32135],[59.34734,36.32111],[59.3475,36.32098],[59.34772,36.32087],[59.34799,36.32077],[59.34816,36.3206],[59.34815,36.32051],[59.34815,36.32048],[59.34793,36.32037],[59.34795,36.3202],[59.34801,36.32002],[59.34804,36.31998],[59.34815,36.32008],[59.34824,36.32006]]]}},{"type":"Feature","properties":{},"geometry":{"type":"Polygon","coordinates":[[[59.38767,36.34801],[59.3877,36.348],[59.38773,36.348],[59.38776,36.34801],[59.38778,36.34803],[59.38779,36.34805],[59.38779,36.34807],[59.38778,36.34809],[59.38776,36.34811],[59.38773,36.34812],[59.3877,36.34812],[59.38767,36.34811],[59.38765,36.34809],[59.38764,36.34807],[59.38764,36.34805],[59.38765,36.34803],[59.38767,36.34801]]]}},{"type":"Feature","properties":{"name":"بوستان زنبق"},"geometry":{"type":"Polygon","coordinates":[[[59.64633,36.28014],[59.64582,36.28035],[59.64621,36.28088],[59.64668,36.28067],[59.64633,36.28014]]]}},{"type":"Feature","properties":{"name":"بوستان تاکسیرانی"},"geometry":{"type":"Polygon","coordinates":[[[59.65472,36.2768],[59.65485,36.27695],[59.65498,36.27704],[59.65514,36.27704],[59.65531,36.27702],[59.65551,36.27686],[59.65647,36.27496],[59.65643,36.2749],[59.6555,36.27492],[59.65542,36.27483],[59.65386,36.27481],[59.65404,36.27513],[59.65598,36.27519],[59.65588,36.27547],[59.65525,36.27681],[59.65472,36.2768]]]}},{"type":"Feature","properties":{},"geometry":{"type":"Polygon","coordinates":[[[59.65487,36.27751],[59.65491,36.27755],[59.65496,36.27756],[59.65502,36.27756],[59.65506,36.27753],[59.65512,36.27735],[59.6551,36.27728],[59.65504,36.27721],[59.65492,36.27714],[59.65472,36.27701],[59.65464,36.27691],[59.6545,36.27659],[59.65444,36.2766],[59.65476,36.27733],[59.65487,36.27751]]]}},{"type":"Feature","properties":{},"geometry":{"type":"Polygon","coordinates":[[[59.65164,36.28006],[59.65175,36.28039],[59.6524,36.28025],[59.65229,36.27992],[59.65164,36.28006]]]}},{"type":"Feature","properties":{"name":"پارک شهدا مهرآباد"},"geometry":{"type":"Polygon","coordinates":[[[59.65345,36.27472],[59.65242,36.27512],[59.65265,36.27542],[59.65357,36.27509],[59.65362,36.27508],[59.65345,36.27472]]]}},{"type":"Feature","properties":{},"geometry":{"type":"Polygon","coordinates":[[[59.65751,36.26971],[59.65741,36.26978],[59.65736,36.26991],[59.65708,36.26942],[59.65751,36.26971]]]}},{"type":"Feature","properties":{},"geometry":{"type":"Polygon","coordinates":[[[59.6579,36.27036],[59.65777,36.27039],[59.65758,36.2703],[59.65787,36.27092],[59.6579,36.27036]]]}},{"type":"Feature","properties":{},"geometry":{"type":"Polygon","coordinates":[[[59.65191,36.26235],[59.65152,36.26286],[59.65086,36.26215],[59.65028,36.26168],[59.6503,36.26166],[59.65124,36.26241],[59.65137,36.26246],[59.65153,36.26244],[59.65167,36.26241],[59.65191,36.26235]]]}},{"type":"Feature","properties":{"name":"بوستان پروین"},"geometry":{"type":"Polygon","coordinates":[[[59.60357,36.25438],[59.6036,36.25445],[59.60623,36.25613],[59.60666,36.25571],[59.60421,36.25403],[59.60357,36.25438]]]}},{"type":"Feature","properties":{},"geometry":{"type":"Polygon","coordinates":[[[59.65306,36.41985],[59.65289,36.41951],[59.65283,36.41936],[59.65251,36.41933],[59.65197,36.41975],[59.65199,36.41985],[59.65306,36.41985]]]}},{"type":"Feature","properties":{"name":"پارک خبرنگار"},"geometry":{"type":"Polygon","coordinates":[[[59.49514,36.38202],[59.49569,36.38267],[59.49667,36.38213],[59.49612,36.38148],[59.49514,36.38202]]]}},{"type":"Feature","properties":{},"geometry":{"type":"Polygon","coordinates":[[[59.49425,36.37175],[59.49405,36.37186],[59.49391,36.3726],[59.4939,36.37265],[59.49481,36.37276],[59.49496,36.37182],[59.49425,36.37175]]]}},{"type":"Feature","properties":{},"geometry":{"type":"Polygon","coordinates":[[[59.50406,36.36956],[59.50348,36.36923],[59.50326,36.36921],[59.50245,36.36974],[59.50341,36.36978],[59.50343,36.36954],[59.50406,36.36956]]]}},{"type":"Feature","properties":{},"geometry":{"type":"Polygon","coordinates":[[[59.50156,36.36979],[59.50018,36.3707],[59.50036,36.37082],[59.50058,36.3708],[59.50209,36.36984],[59.50205,36.3698],[59.50156,36.36979]]]}},{"type":"Feature","properties":{"name":"زمین فوتبال"},"geometry":{"type":"Polygon","coordinates":[[[59.49886,36.36106],[59.49918,36.36066],[59.49921,36.36064],[59.49925,36.36062],[59.49929,36.36061],[59.49934,36.36061],[59.49938,36.36062],[59.49942,36.36063],[59.49946,36.36065],[59.49949,36.36068],[59.49951,36.36071],[59.49953,36.36074],[59.49954,36.36077],[59.49954,36.36081],[59.49953,36.36084],[59.49922,36.36124],[59.49918,36.36126],[59.49913,36.36127],[59.49909,36.36128],[59.49904,36.36128],[59.499,36.36127],[59.49896,36.36125],[59.49892,36.36123],[59.49889,36.3612],[59.49887,36.36117],[59.49886,36.36113],[59.49886,36.36109],[59.49886,36.36106]]]}},{"type":"Feature","properties":{},"geometry":{"type":"Polygon","coordinates":[[[59.50102,36.36915],[59.501,36.36943],[59.50106,36.36945],[59.50113,36.36946],[59.5012,36.36946],[59.50126,36.36944],[59.50127,36.36916],[59.50102,36.36915]]]}},{"type":"Feature","properties":{},"geometry":{"type":"Polygon","coordinates":[[[59.50367,36.36662],[59.50366,36.367],[59.50448,36.36704],[59.50367,36.36662]]]}},{"type":"Feature","properties":{},"geometry":{"type":"Polygon","coordinates":[[[59.71134,36.44481],[59.71128,36.44494],[59.71156,36.44509],[59.71186,36.44477],[59.71157,36.44479],[59.71134,36.44481]]]}},{"type":"Feature","properties":{},"geometry":{"type":"Polygon","coordinates":[[[59.67118,36.40095],[59.67133,36.40137],[59.67188,36.40103],[59.67171,36.40073],[59.67118,36.40095]]]}},{"type":"Feature","properties":{},"geometry":{"type":"Polygon","coordinates":[[[59.67229,36.40053],[59.67242,36.40075],[59.6728,36.40059],[59.67267,36.40037],[59.67229,36.40053]]]}},{"type":"Feature","properties":{},"geometry":{"type":"Polygon","coordinates":[[[59.67216,36.40055],[59.67226,36.40072],[59.67187,36.40087],[59.67175,36.40069],[59.67216,36.40055]]]}},{"type":"Feature","properties":{},"geometry":{"type":"Polygon","coordinates":[[[59.42539,36.44136],[59.42525,36.4415],[59.42564,36.44175],[59.42537,36.44202],[59.4253,36.44198],[59.42515,36.44214],[59.42517,36.4423],[59.42508,36.44233],[59.42513,36.44267],[59.4252,36.4427],[59.42608,36.44181],[59.42539,36.44136]]]}},{"type":"Feature","properties":{},"geometry":{"type":"Polygon","coordinates":[[[59.66712,36.30297],[59.66673,36.30351],[59.66718,36.30368],[59.66755,36.30312],[59.66712,36.30297]]]}},{"type":"Feature","properties":{"name":"امامزاده ابولقاسم"},"geometry":{"type":"Polygon","coordinates":[[[59.35117,36.57747],[59.35203,36.57794],[59.35241,36.57784],[59.35274,36.5775],[59.35252,36.57724],[59.35189,36.57689],[59.35169,36.57689],[59.35138,36.57724],[59.35117,36.57747]]]}},{"type":"Feature","properties":{"name":"اراضی باغستان فردوسی"},"geometry":{"type":"Polygon","coordinates":[[[59.46002,36.54596],[59.44998,36.55201],[59.4453,36.55479],[59.44479,36.5549],[59.44373,36.55496],[59.44357,36.55493],[59.44338,36.55497],[59.44324,36.55501],[59.4431,36.55496],[59.44231,36.55437],[59.44196,36.55416],[59.44166,36.55405],[59.44137,36.55384],[59.44096,36.55358],[59.44048,36.55334],[59.43995,36.55315],[59.43893,36.55287],[59.43866,36.5528],[59.43837,36.55265],[59.43798,36.55243],[59.43781,36.55235],[59.43774,36.55233],[59.43746,36.55237],[59.43746,36.55211],[59.43761,36.5517],[59.43783,36.5515],[59.43781,36.55095],[59.43774,36.55082],[59.43711,36.55013],[59.43689,36.55],[59.43663,36.54989],[59.43635,36.54986],[59.43605,36.54987],[59.43586,36.54982],[59.43573,36.54969],[59.43567,36.54952],[59.4357,36.54938],[59.43594,36.54905],[59.43687,36.54834],[59.43794,36.54729],[59.43801,36.54713],[59.43796,36.547],[59.43786,36.5469],[59.43785,36.54683],[59.43794,36.54675],[59.43799,36.54669],[59.43798,36.5466],[59.43793,36.5465],[59.43783,36.54641],[59.43773,36.54632],[59.43763,36.54614],[59.43729,36.5457],[59.43715,36.5455],[59.43706,36.54535],[59.43695,36.54515],[59.4366,36.54465],[59.43646,36.54446],[59.43634,36.54429],[59.43625,36.54414],[59.43606,36.54372],[59.43592,36.54336],[59.43577,36.54313],[59.43559,36.54287],[59.4354,36.54266],[59.4353,36.54255],[59.43525,36.54241],[59.43552,36.54129],[59.4361,36.53967],[59.43659,36.53819],[59.43677,36.53818],[59.43697,36.53814],[59.43716,36.53807],[59.4374,36.53792],[59.43766,36.53783],[59.43799,36.53776],[59.43829,36.53765],[59.43878,36.53745],[59.43886,36.53744],[59.44002,36.53733],[59.44191,36.53706],[59.4421,36.53702],[59.44236,36.53698],[59.44282,36.53702],[59.44314,36.53707],[59.4442,36.53733],[59.44526,36.53757],[59.44556,36.53767],[59.44628,36.53799],[59.44663,36.53812],[59.4482,36.53967],[59.44845,36.54018],[59.44874,36.54066],[59.44908,36.54113],[59.44919,36.5414],[59.4493,36.54192],[59.44937,36.54202],[59.44975,36.54239],[59.44978,36.5425],[59.44982,36.54294],[59.4499,36.54308],[59.45022,36.54341],[59.45055,36.54375],[59.45069,36.54397],[59.45102,36.54453],[59.45125,36.54473],[59.45154,36.54486],[59.45187,36.54482],[59.45223,36.54478],[59.45244,36.54476],[59.4528,36.54471],[59.45322,36.54471],[59.4536,36.54476],[59.45402,36.54492],[59.45436,36.54504],[59.45456,36.5451],[59.45474,36.54522],[59.45491,36.54529],[59.45499,36.5453],[59.45508,36.5453],[59.45524,36.54525],[59.45553,36.54516],[59.45663,36.54494],[59.45715,36.5449],[59.45741,36.54487],[59.45765,36.54485],[59.45775,36.54486],[59.45786,36.54489],[59.45794,36.54493],[59.45801,36.54501],[59.45806,36.5451],[59.45821,36.54533],[59.45838,36.54548],[59.45852,36.5456],[59.45868,36.54568],[59.45904,36.54583],[59.45929,36.54595],[59.45952,36.54598],[59.45994,36.54591],[59.46002,36.54596]]]}},{"type":"Feature","properties":{},"geometry":{"type":"Polygon","coordinates":[[[59.44644,36.53793],[59.44629,36.53789],[59.44561,36.53756],[59.44529,36.53747],[59.44419,36.53723],[59.44341,36.53704],[59.44307,36.53696],[59.44234,36.53688],[59.44197,36.53689],[59.43909,36.53725],[59.43902,36.53726],[59.43893,36.53729],[59.43812,36.5376],[59.43781,36.53769],[59.43732,36.53784],[59.43689,36.53805],[59.43667,36.53804],[59.43636,36.53802],[59.4361,36.53801],[59.43536,36.53792],[59.43517,36.53793],[59.43291,36.5383],[59.43231,36.53837],[59.43098,36.5389],[59.43078,36.53902],[59.43065,36.53904],[59.43047,36.53906],[59.43034,36.53913],[59.43021,36.53919],[59.43006,36.5392],[59.42966,36.53926],[59.42957,36.5393],[59.42948,36.53939],[59.4294,36.53952],[59.42932,36.53961],[59.42913,36.53968],[59.42904,36.53952],[59.42894,36.53921],[59.42891,36.53919],[59.4284,36.53929],[59.42789,36.53922],[59.42762,36.53906],[59.42728,36.53893],[59.42659,36.53873],[59.42579,36.53835],[59.42556,36.53828],[59.42522,36.53823],[59.42484,36.53828],[59.4246,36.53834],[59.42454,36.53834],[59.42405,36.53822],[59.42308,36.53823],[59.42166,36.53841],[59.42108,36.5384],[59.42102,36.53839],[59.42085,36.53814],[59.42076,36.53808],[59.42067,36.53807],[59.41967,36.53808],[59.41926,36.53804],[59.41886,36.53795],[59.41787,36.53751],[59.41678,36.53698],[59.41596,36.53639],[59.41556,36.53658],[59.41544,36.53667],[59.41532,36.53668],[59.41508,36.53648],[59.4151,36.53638],[59.41585,36.53516],[59.41601,36.535],[59.41639,36.53475],[59.41661,36.53469],[59.41744,36.53424],[59.41759,36.53425],[59.41773,36.5344],[59.41814,36.53485],[59.41845,36.53497],[59.41883,36.53503],[59.41909,36.53503],[59.41944,36.53489],[59.41963,36.5347],[59.41976,36.5346],[59.41984,36.53461],[59.42006,36.53487],[59.42016,36.53524],[59.42035,36.53561],[59.42058,36.53575],[59.42104,36.5358],[59.42144,36.53571],[59.42168,36.53562],[59.42189,36.53541],[59.42211,36.53529],[59.42258,36.53513],[59.42307,36.53471],[59.42318,36.53454],[59.42325,36.53418],[59.42318,36.53403],[59.42314,36.53388],[59.42325,36.5337],[59.42344,36.53352],[59.42377,36.53336],[59.42411,36.53327],[59.42437,36.53327],[59.42452,36.53326],[59.42468,36.53311],[59.4249,36.53278],[59.42494,36.53253],[59.42493,36.53237],[59.42503,36.53223],[59.42511,36.53218],[59.42514,36.53216],[59.42536,36.53224],[59.42574,36.53259],[59.42596,36.53274],[59.42614,36.53273],[59.42633,36.5327],[59.42664,36.53296],[59.42669,36.53305],[59.4279,36.53436],[59.42827,36.53482],[59.42843,36.53515],[59.4279,36.53563],[59.42883,36.53636],[59.4289,36.53641],[59.42883,36.53651],[59.42787,36.5374],[59.42807,36.5376],[59.42937,36.5378],[59.42994,36.5378],[59.43054,36.53765],[59.4312,36.53701],[59.4318,36.53615],[59.43221,36.53584],[59.43241,36.53569],[59.43597,36.53394],[59.4372,36.53339],[59.4376,36.53321],[59.43799,36.53293],[59.43906,36.5323],[59.43934,36.53188],[59.43981,36.53148],[59.44058,36.53109],[59.44155,36.53084],[59.44271,36.53057],[59.44309,36.53046],[59.44383,36.53006],[59.44414,36.52967],[59.4444,36.52951],[59.44473,36.52956],[59.44506,36.52949],[59.44541,36.52917],[59.44573,36.529],[59.4475,36.52834],[59.44768,36.52898],[59.44754,36.52961],[59.44736,36.52985],[59.44534,36.53073],[59.44644,36.53793]]]}},{"type":"Feature","properties":{},"geometry":{"type":"Polygon","coordinates":[[[59.46011,36.54611],[59.45008,36.55212],[59.44577,36.55471],[59.4456,36.55481],[59.44598,36.55565],[59.4471,36.55663],[59.44771,36.55623],[59.44803,36.55625],[59.44831,36.55664],[59.44786,36.5576],[59.44787,36.55827],[59.44797,36.5587],[59.44812,36.55877],[59.44838,36.55881],[59.44901,36.55876],[59.44924,36.55867],[59.44966,36.55874],[59.44985,36.55878],[59.45101,36.55883],[59.45131,36.55884],[59.45187,36.55877],[59.45219,36.55878],[59.45225,36.5588],[59.45248,36.55956],[59.45277,36.56023],[59.45278,36.56061],[59.45289,36.56077],[59.45316,36.56098],[59.45337,36.56134],[59.45362,36.56163],[59.45367,36.56224],[59.45353,36.56271],[59.45319,36.56313],[59.45324,36.56411],[59.45337,36.56533],[59.45351,36.5662],[59.45176,36.56911],[59.45179,36.56921],[59.45256,36.56901],[59.45358,36.56857],[59.45413,36.568],[59.45455,36.56686],[59.45488,36.56526],[59.45531,36.56399],[59.45552,36.56271],[59.45581,36.56148],[59.45801,36.55616],[59.4603,36.55267],[59.45979,36.55119],[59.46152,36.54801],[59.46039,36.54661],[59.4602,36.54612],[59.46011,36.54611]]]}},{"type":"Feature","properties":{},"geometry":{"type":"Polygon","coordinates":[[[59.35991,36.52001],[59.35992,36.51999],[59.35995,36.51997],[59.35998,36.51996],[59.36001,36.51995],[59.36004,36.51996],[59.36007,36.51997],[59.36009,36.52],[59.3601,36.52003],[59.3601,36.52006],[59.36008,36.52008],[59.36005,36.5201],[59.36002,36.52011],[59.35998,36.52011],[59.35995,36.5201],[59.35993,36.52008],[59.35991,36.52006],[59.3599,36.52004],[59.35991,36.52001]]]}},{"type":"Feature","properties":{},"geometry":{"type":"Polygon","coordinates":[[[59.34166,36.61275],[59.34197,36.61238],[59.34146,36.61212],[59.34081,36.61245],[59.34073,36.61266],[59.34166,36.61275]]]}},{"type":"Feature","properties":{},"geometry":{"type":"Polygon","coordinates":[[[59.90772,36.25179],[59.90717,36.25077],[59.90719,36.25074],[59.90712,36.25058],[59.90741,36.25049],[59.90735,36.25034],[59.90805,36.2501],[59.90817,36.25045],[59.908,36.25114],[59.9086,36.25125],[59.90843,36.2519],[59.90772,36.25179]]]}},{"type":"Feature","properties":{},"geometry":{"type":"Polygon","coordinates":[[[59.65257,36.53181],[59.65386,36.53149],[59.65374,36.53124],[59.65366,36.53126],[59.65336,36.53055],[59.65174,36.53094],[59.65257,36.53181]]]}},{"type":"Feature","properties":{},"geometry":{"type":"Polygon","coordinates":[[[59.57673,36.50464],[59.57675,36.50464],[59.57677,36.50463],[59.57679,36.50464],[59.57681,36.50465],[59.57683,36.50466],[59.57683,36.50468],[59.57683,36.5047],[59.57682,36.50471],[59.5768,36.50473],[59.57677,36.50473],[59.57675,36.50473],[59.57673,36.50472],[59.57671,36.5047],[59.57671,36.50468],[59.57671,36.50466],[59.57673,36.50464]]]}},{"type":"Feature","properties":{},"geometry":{"type":"Polygon","coordinates":[[[59.57638,36.5054],[59.57641,36.50539],[59.57645,36.50538],[59.57649,36.50539],[59.57652,36.50541],[59.57655,36.50543],[59.57657,36.50546],[59.57657,36.50549],[59.57656,36.50552],[59.57654,36.50554],[59.57652,36.50556],[59.57648,36.50558],[59.57645,36.50558],[59.57641,36.50558],[59.57637,36.50556],[59.57635,36.50554],[59.57633,36.50551],[59.57632,36.50548],[59.57633,36.50545],[59.57635,36.50542],[59.57638,36.5054]]]}},{"type":"Feature","properties":{},"geometry":{"type":"Polygon","coordinates":[[[59.54291,36.49335],[59.54259,36.49307],[59.54244,36.49292],[59.54231,36.49251],[59.54231,36.49244],[59.54237,36.4924],[59.54358,36.49233],[59.54377,36.4931],[59.54291,36.49335]]]}},{"type":"Feature","properties":{},"geometry":{"type":"Polygon","coordinates":[[[59.53551,36.08029],[59.53584,36.08028],[59.53583,36.08009],[59.5355,36.0801],[59.53551,36.08029]]]}},{"type":"Feature","properties":{},"geometry":{"type":"Polygon","coordinates":[[[59.59086,36.23429],[59.59118,36.23437],[59.59117,36.23499],[59.59076,36.23679],[59.59011,36.23662],[59.58915,36.23651],[59.58869,36.23657],[59.58843,36.23665],[59.58834,36.23675],[59.58825,36.23697],[59.58805,36.23723],[59.58831,36.23755],[59.58695,36.23768],[59.5871,36.23753],[59.58749,36.23732],[59.58768,36.23702],[59.58771,36.23673],[59.58673,36.23635],[59.58666,36.236],[59.58694,36.23574],[59.58725,36.23575],[59.58763,36.23527],[59.58829,36.23503],[59.58896,36.23508],[59.59086,36.23429]]]}},{"type":"Feature","properties":{"name":"بوستان قائم"},"geometry":{"type":"Polygon","coordinates":[[[59.59076,36.23679],[59.59077,36.23696],[59.59066,36.23719],[59.5905,36.23734],[59.59028,36.23746],[59.59012,36.23748],[59.58989,36.23747],[59.58915,36.23748],[59.58881,36.2375],[59.58831,36.23755],[59.58805,36.23723],[59.58825,36.23697],[59.58834,36.23675],[59.58843,36.23665],[59.58869,36.23657],[59.58915,36.23651],[59.59011,36.23662],[59.59076,36.23679]]]}},{"type":"Feature","properties":{},"geometry":{"type":"Polygon","coordinates":[[[59.58401,36.23854],[59.58473,36.23827],[59.58476,36.23768],[59.58493,36.23687],[59.58458,36.23643],[59.58458,36.23591],[59.58395,36.23612],[59.58357,36.23549],[59.58333,36.23577],[59.58291,36.23583],[59.58278,36.23535],[59.58238,36.23569],[59.58244,36.23636],[59.58252,36.23712],[59.5831,36.23769],[59.58344,36.23823],[59.58401,36.23854]]]}},{"type":"Feature","properties":{},"geometry":{"type":"Polygon","coordinates":[[[59.58017,36.26374],[59.58038,36.2642],[59.58047,36.26444],[59.58046,36.26465],[59.58043,36.26484],[59.58027,36.26511],[59.57948,36.26606],[59.57904,36.26655],[59.57853,36.2669],[59.57843,36.2669],[59.57711,36.26771],[59.57651,36.2681],[59.57571,36.26862],[59.57533,36.26873],[59.57507,36.26876],[59.57493,36.26868],[59.57477,36.26856],[59.57453,36.26781],[59.57843,36.26607],[59.5794,36.26534],[59.57966,36.26516],[59.58017,36.26374]]]}},{"type":"Feature","properties":{},"geometry":{"type":"Polygon","coordinates":[[[59.59628,36.25741],[59.59632,36.25739],[59.59638,36.25737],[59.59643,36.25737],[59.59648,36.25739],[59.59653,36.25742],[59.59656,36.25745],[59.59657,36.2575],[59.59657,36.25754],[59.59655,36.25758],[59.59651,36.25762],[59.59646,36.25764],[59.59611,36.25784],[59.59577,36.25802],[59.59559,36.25809],[59.59538,36.25815],[59.5952,36.2582],[59.59498,36.25822],[59.59479,36.25823],[59.5946,36.25824],[59.59439,36.25823],[59.59395,36.25818],[59.59396,36.25812],[59.59433,36.25814],[59.59457,36.25811],[59.59483,36.25806],[59.59505,36.258],[59.59531,36.25792],[59.59552,36.25783],[59.59628,36.25741]]]}},{"type":"Feature","properties":{},"geometry":{"type":"Polygon","coordinates":[[[59.45506,36.30911],[59.45453,36.30913],[59.45424,36.30909],[59.45399,36.30899],[59.45381,36.30889],[59.45328,36.30868],[59.4534,36.30856],[59.45357,36.30841],[59.45365,36.30828],[59.45371,36.30813],[59.4538,36.30803],[59.45397,36.30797],[59.45407,36.30779],[59.45425,36.30753],[59.45456,36.30728],[59.45463,36.30724],[59.45489,36.30731],[59.45484,36.30704],[59.45482,36.30693],[59.45496,36.30678],[59.4548,36.30655],[59.45483,36.30618],[59.45484,36.30553],[59.45495,36.3049],[59.4551,36.30452],[59.45557,36.30468],[59.45548,36.30481],[59.45545,36.30503],[59.45558,36.30537],[59.45563,36.30565],[59.45576,36.30585],[59.45589,36.30597],[59.4559,36.30612],[59.45585,36.30631],[59.45581,36.30653],[59.45587,36.30673],[59.45596,36.3069],[59.45604,36.30707],[59.45606,36.30721],[59.45601,36.30742],[59.45589,36.30763],[59.45573,36.30778],[59.4555,36.30797],[59.45514,36.30851],[59.45509,36.30866],[59.45506,36.30911]]]}},{"type":"Feature","properties":{},"geometry":{"type":"Polygon","coordinates":[[[59.73101,36.4637],[59.73127,36.46484],[59.7314,36.46498],[59.73169,36.46516],[59.73172,36.46506],[59.73129,36.46417],[59.73101,36.4637]]]}},{"type":"Feature","properties":{},"geometry":{"type":"Polygon","coordinates":[[[59.73181,36.46471],[59.73209,36.46509],[59.73266,36.46499],[59.73224,36.46429],[59.73192,36.46376],[59.73162,36.46273],[59.73133,36.46231],[59.73123,36.46238],[59.73115,36.46258],[59.73114,36.46319],[59.73126,36.46351],[59.73164,36.46423],[59.73181,36.46471]]]}},{"type":"Feature","properties":{},"geometry":{"type":"Polygon","coordinates":[[[59.72959,36.46363],[59.72973,36.4637],[59.73008,36.46374],[59.73024,36.4638],[59.73028,36.46395],[59.73036,36.46438],[59.73073,36.46431],[59.73065,36.46371],[59.7305,36.46273],[59.73026,36.46232],[59.72982,36.46165],[59.72955,36.46119],[59.72886,36.46051],[59.72743,36.45926],[59.72732,36.45943],[59.7274,36.45986],[59.7275,36.46054],[59.72784,36.46084],[59.72816,36.4613],[59.72879,36.4623],[59.72959,36.46363]]]}},{"type":"Feature","properties":{},"geometry":{"type":"Polygon","coordinates":[[[59.72852,36.45927],[59.72823,36.4593],[59.72863,36.45969],[59.72976,36.46075],[59.72996,36.46067],[59.7289,36.45972],[59.72852,36.45927]]]}},{"type":"Feature","properties":{},"geometry":{"type":"Polygon","coordinates":[[[59.72997,36.46077],[59.72985,36.46089],[59.7303,36.46142],[59.73054,36.46175],[59.73072,36.46215],[59.73079,36.462],[59.7305,36.4614],[59.72997,36.46077]]]}},{"type":"Feature","properties":{},"geometry":{"type":"Polygon","coordinates":[[[59.59905,36.34555],[59.59905,36.34582],[59.59988,36.34581],[59.59988,36.34554],[59.59905,36.34555]]]}},{"type":"Feature","properties":{},"geometry":{"type":"Polygon","coordinates":[[[59.59721,36.34482],[59.59759,36.34514],[59.59945,36.34511],[59.59944,36.34478],[59.59721,36.34482]]]}},{"type":"Feature","properties":{},"geometry":{"type":"Polygon","coordinates":[[[59.37806,36.39798],[59.3781,36.39819],[59.37801,36.39843],[59.37861,36.3986],[59.37933,36.39855],[59.37958,36.39868],[59.37982,36.39845],[59.38027,36.39821],[59.38133,36.39797],[59.38127,36.39763],[59.38102,36.39713],[59.38038,36.39735],[59.37999,36.39746],[59.379,36.39756],[59.37841,36.39767],[59.37825,36.39774],[59.37806,36.39798]]]}},{"type":"Feature","properties":{},"geometry":{"type":"Polygon","coordinates":[[[59.37984,36.39953],[59.37985,36.39903],[59.37964,36.39884],[59.37913,36.39905],[59.37846,36.39912],[59.37818,36.3992],[59.37842,36.39977],[59.37867,36.39999],[59.37868,36.40027],[59.37837,36.40056],[59.37811,36.40067],[59.37774,36.4006],[59.37725,36.40077],[59.37656,36.40086],[59.3758,36.40099],[59.37517,36.40115],[59.3749,36.40101],[59.3751,36.40077],[59.37544,36.40067],[59.3757,36.40078],[59.37578,36.40039],[59.37529,36.40036],[59.37552,36.40008],[59.37609,36.40009],[59.37638,36.39971],[59.37672,36.39946],[59.37667,36.39907],[59.37638,36.39911],[59.37604,36.39931],[59.37537,36.39969],[59.37493,36.40048],[59.37479,36.40084],[59.37441,36.40104],[59.37425,36.4013],[59.37417,36.40161],[59.37412,36.40211],[59.37439,36.40228],[59.37471,36.40245],[59.3753,36.40265],[59.37571,36.40262],[59.37594,36.40232],[59.37618,36.40212],[59.37685,36.40155],[59.37752,36.40137],[59.37794,36.40128],[59.37817,36.40134],[59.37856,36.40128],[59.37901,36.40103],[59.37955,36.40052],[59.37965,36.40009],[59.37984,36.39953]]]}},{"type":"Feature","properties":{},"geometry":{"type":"Polygon","coordinates":[[[59.32391,36.39162],[59.32384,36.39155],[59.32389,36.39136],[59.32392,36.3913],[59.32431,36.39113],[59.32497,36.39108],[59.32529,36.39102],[59.32545,36.39102],[59.32703,36.3917],[59.32774,36.39167],[59.32793,36.3917],[59.32814,36.39179],[59.32835,36.39175],[59.32847,36.39162],[59.32867,36.39152],[59.32905,36.39149],[59.32925,36.39163],[59.32937,36.39179],[59.32945,36.39194],[59.32942,36.39227],[59.32948,36.39249],[59.32972,36.39273],[59.32935,36.39291],[59.32895,36.393],[59.32863,36.3929],[59.32803,36.39207],[59.32725,36.39241],[59.32794,36.393],[59.32783,36.39339],[59.32857,36.39608],[59.32625,36.39552],[59.32418,36.39479],[59.32371,36.39354],[59.32152,36.39156],[59.32391,36.39162]]]}},{"type":"Feature","properties":{},"geometry":{"type":"Polygon","coordinates":[[[59.52427,36.31884],[59.52465,36.3191],[59.52449,36.31877],[59.52427,36.31884]]]}},{"type":"Feature","properties":{},"geometry":{"type":"Polygon","coordinates":[[[59.5585,36.23497],[59.55821,36.23501],[59.55791,36.23517],[59.55803,36.23539],[59.5581,36.2355],[59.55841,36.23554],[59.55867,36.23568],[59.55884,36.2357],[59.55922,36.23545],[59.55949,36.23542],[59.5599,36.23557],[59.5603,36.2357],[59.56049,36.2359],[59.56059,36.23608],[59.56067,36.23619],[59.56079,36.23625],[59.56098,36.23615],[59.56115,36.23606],[59.56131,36.23614],[59.56143,36.23612],[59.5616,36.23598],[59.5618,36.23602],[59.56181,36.23615],[59.56229,36.23634],[59.56245,36.23631],[59.5631,36.23574],[59.56342,36.23561],[59.56377,36.23518],[59.56394,36.23482],[59.5632,36.23484],[59.56291,36.23447],[59.5622,36.2346],[59.56162,36.23449],[59.56131,36.23458],[59.56114,36.23469],[59.56071,36.23456],[59.56025,36.23437],[59.55989,36.2343],[59.55935,36.23437],[59.55919,36.23449],[59.55896,36.23492],[59.5585,36.23497]]]}},{"type":"Feature","properties":{},"geometry":{"type":"Polygon","coordinates":[[[59.50841,36.4545],[59.50488,36.45851],[59.50428,36.45834],[59.50394,36.45774],[59.50331,36.45715],[59.50274,36.45723],[59.5023,36.4572],[59.50148,36.45682],[59.50066,36.45666],[59.50087,36.45637],[59.50063,36.45609],[59.50194,36.45517],[59.50255,36.45474],[59.50492,36.45318],[59.50513,36.45351],[59.50705,36.45417],[59.50737,36.45417],[59.50755,36.45417],[59.50841,36.4545]]]}},{"type":"Feature","properties":{},"geometry":{"type":"Polygon","coordinates":[[[59.5172,36.30899],[59.5159,36.30901],[59.51587,36.30786],[59.51697,36.30784],[59.51697,36.30811],[59.51718,36.3081],[59.5172,36.30899]]]}},{"type":"Feature","properties":{},"geometry":{"type":"Polygon","coordinates":[[[59.52005,36.30905],[59.51961,36.30858],[59.51917,36.30818],[59.51992,36.30727],[59.52052,36.30724],[59.52156,36.30615],[59.52047,36.30596],[59.52069,36.3055],[59.52175,36.30591],[59.52304,36.30617],[59.52395,36.3064],[59.52353,36.3073],[59.52223,36.307],[59.52163,36.3075],[59.5212,36.30805],[59.52005,36.30905]]]}},{"type":"Feature","properties":{},"geometry":{"type":"Polygon","coordinates":[[[59.5205,36.30962],[59.52161,36.31065],[59.52194,36.31054],[59.52346,36.3099],[59.52298,36.30907],[59.52234,36.3093],[59.52222,36.30961],[59.52163,36.30945],[59.52159,36.30939],[59.52103,36.30925],[59.5205,36.30962]]]}},{"type":"Feature","properties":{},"geometry":{"type":"Polygon","coordinates":[[[59.57991,36.26272],[59.57994,36.26298],[59.57985,36.26301],[59.57974,36.26285],[59.57965,36.26265],[59.57976,36.26239],[59.5803,36.26184],[59.57967,36.26129],[59.57932,36.26072],[59.57905,36.26088],[59.5786,36.26088],[59.57762,36.26112],[59.5771,36.26131],[59.57638,36.26145],[59.57557,36.26165],[59.57527,36.2617],[59.57452,36.26184],[59.57376,36.26195],[59.5732,36.26197],[59.57252,36.26203],[59.57283,36.26267],[59.5732,36.26312],[59.57339,36.26334],[59.57301,36.26355],[59.57207,36.26227],[59.57183,36.26189],[59.57191,36.26179],[59.57329,36.26169],[59.57414,36.26164],[59.57501,36.26151],[59.57594,36.26133],[59.57683,36.26111],[59.57756,36.26092],[59.57827,36.26073],[59.57889,36.2605],[59.57935,36.26032],[59.57957,36.26053],[59.58001,36.2612],[59.5807,36.26178],[59.5803,36.26212],[59.58,36.26241],[59.57991,36.26272]]]}},{"type":"Feature","properties":{},"geometry":{"type":"Polygon","coordinates":[[[59.6197,36.21657],[59.61965,36.21661],[59.61961,36.21664],[59.61957,36.21665],[59.61947,36.21666],[59.61936,36.21666],[59.61929,36.21664],[59.61923,36.21661],[59.61918,36.21657],[59.61917,36.21652],[59.61917,36.21647],[59.61919,36.21642],[59.61923,36.21638],[59.61927,36.21636],[59.61937,36.21633],[59.61946,36.21633],[59.61956,36.21634],[59.61964,36.21637],[59.6197,36.21642],[59.61972,36.21649],[59.6197,36.21657]]]}},{"type":"Feature","properties":{},"geometry":{"type":"Polygon","coordinates":[[[59.62117,36.21293],[59.62122,36.21292],[59.62126,36.21291],[59.62131,36.21292],[59.62135,36.21294],[59.62139,36.21296],[59.62141,36.21299],[59.62143,36.21303],[59.62144,36.21307],[59.62143,36.2131],[59.62141,36.21314],[59.62139,36.21317],[59.62135,36.21319],[59.62131,36.21321],[59.62127,36.21322],[59.62122,36.21322],[59.62118,36.21321],[59.62114,36.21319],[59.62111,36.21317],[59.62108,36.21314],[59.62107,36.21311],[59.62106,36.21307],[59.62106,36.21304],[59.62108,36.213],[59.6211,36.21297],[59.62113,36.21294],[59.62117,36.21293]]]}},{"type":"Feature","properties":{},"geometry":{"type":"Polygon","coordinates":[[[59.58154,36.32679],[59.57951,36.32454],[59.57854,36.32515],[59.57908,36.32721],[59.57915,36.32753],[59.57971,36.32742],[59.58036,36.32714],[59.58164,36.32696],[59.58154,36.32679]]]}},{"type":"Feature","properties":{},"geometry":{"type":"Polygon","coordinates":[[[59.2878,36.09568],[59.28803,36.09566],[59.2884,36.09583],[59.28858,36.09599],[59.28929,36.09606],[59.28947,36.09621],[59.28979,36.09625],[59.29033,36.09621],[59.29085,36.09621],[59.29115,36.09626],[59.29088,36.09612],[59.29001,36.09584],[59.28907,36.09555],[59.28863,36.09549],[59.2883,36.09538],[59.28792,36.09515],[59.2878,36.09568]]]}},{"type":"Feature","properties":{},"geometry":{"type":"Polygon","coordinates":[[[59.29305,36.09581],[59.29356,36.09586],[59.29386,36.09604],[59.29434,36.09618],[59.29487,36.09623],[59.29493,36.09637],[59.2952,36.09653],[59.29539,36.09669],[59.29534,36.09688],[59.29556,36.09717],[59.29587,36.09735],[59.29563,36.09705],[59.29564,36.09679],[59.29553,36.09649],[59.29513,36.09621],[59.29471,36.09596],[59.29433,36.09584],[59.29394,36.09575],[59.2935,36.09572],[59.29305,36.09581]]]}},{"type":"Feature","properties":{},"geometry":{"type":"Polygon","coordinates":[[[59.2851,36.09003],[59.28532,36.09001],[59.28566,36.09018],[59.28604,36.09023],[59.28623,36.09014],[59.28663,36.09011],[59.28699,36.09],[59.28722,36.08995],[59.2873,36.09019],[59.28738,36.09039],[59.28756,36.09066],[59.28754,36.08939],[59.28715,36.08953],[59.28679,36.08957],[59.28641,36.08967],[59.28586,36.08973],[59.28547,36.08974],[59.28471,36.08978],[59.28441,36.08973],[59.28391,36.0895],[59.28336,36.08936],[59.28276,36.08945],[59.28232,36.08945],[59.28202,36.0893],[59.28159,36.08925],[59.28111,36.08931],[59.28062,36.0892],[59.2803,36.08905],[59.27996,36.08887],[59.2797,36.08883],[59.27932,36.08905],[59.27995,36.0892],[59.27999,36.08931],[59.27963,36.08962],[59.27984,36.08969],[59.28014,36.0896],[59.28043,36.08948],[59.28084,36.08947],[59.2813,36.0896],[59.28169,36.08972],[59.28202,36.08989],[59.28192,36.09002],[59.28181,36.09025],[59.28177,36.09044],[59.28197,36.09037],[59.28223,36.0901],[59.28255,36.09001],[59.28289,36.09005],[59.28344,36.09009],[59.28371,36.09019],[59.28421,36.09024],[59.28441,36.09024],[59.28481,36.09012],[59.2851,36.09003]]]}},{"type":"Feature","properties":{},"geometry":{"type":"Polygon","coordinates":[[[59.2781,36.09186],[59.27833,36.09199],[59.27858,36.09202],[59.27895,36.09199],[59.27922,36.09165],[59.27932,36.09137],[59.27937,36.09106],[59.27924,36.09082],[59.27906,36.09104],[59.27887,36.09114],[59.27866,36.09122],[59.27835,36.09122],[59.27817,36.0913],[59.27803,36.09151],[59.27798,36.09163],[59.2781,36.09186]]]}},{"type":"Feature","properties":{},"geometry":{"type":"Polygon","coordinates":[[[59.26882,36.09725],[59.26912,36.09726],[59.26936,36.0974],[59.26968,36.09763],[59.26994,36.09781],[59.27013,36.0978],[59.27039,36.09761],[59.2707,36.09743],[59.27097,36.09751],[59.27123,36.09761],[59.27135,36.09784],[59.2714,36.09804],[59.27158,36.09829],[59.27183,36.09824],[59.27213,36.09818],[59.27268,36.09815],[59.27303,36.09831],[59.27336,36.09841],[59.27373,36.09822],[59.27402,36.09822],[59.27403,36.09842],[59.27406,36.09868],[59.27422,36.09891],[59.27448,36.09913],[59.27473,36.09929],[59.27495,36.0996],[59.27491,36.09991],[59.27481,36.10015],[59.2748,36.10034],[59.27496,36.10041],[59.27547,36.10042],[59.27557,36.10068],[59.27592,36.10089],[59.27618,36.10101],[59.27636,36.10109],[59.27639,36.10127],[59.27616,36.10148],[59.27584,36.10148],[59.27532,36.10147],[59.27498,36.10134],[59.27451,36.10115],[59.27442,36.10119],[59.27437,36.10127],[59.27437,36.10151],[59.27464,36.10162],[59.27503,36.10176],[59.27561,36.10183],[59.27596,36.10186],[59.27628,36.10188],[59.27658,36.10187],[59.27686,36.10183],[59.27677,36.1013],[59.27676,36.10081],[59.27687,36.10062],[59.27709,36.10049],[59.27726,36.10062],[59.27749,36.10077],[59.27759,36.10061],[59.27873,36.10033],[59.27938,36.10022],[59.27948,36.10003],[59.2794,36.09984],[59.27922,36.09978],[59.27867,36.10005],[59.2783,36.10026],[59.27798,36.10024],[59.27781,36.10016],[59.27759,36.10003],[59.27814,36.09946],[59.2777,36.09935],[59.27741,36.09927],[59.27717,36.09908],[59.27699,36.09898],[59.27666,36.09881],[59.2767,36.09855],[59.27657,36.0986],[59.27644,36.09881],[59.27605,36.09875],[59.27576,36.09857],[59.2754,36.09844],[59.2754,36.09834],[59.27557,36.09821],[59.27595,36.09824],[59.27625,36.09819],[59.27666,36.09808],[59.27713,36.09792],[59.27733,36.09773],[59.27758,36.09753],[59.27741,36.09732],[59.2771,36.0972],[59.27668,36.09695],[59.2764,36.09695],[59.27616,36.097],[59.27607,36.0972],[59.27613,36.09738],[59.27639,36.09747],[59.27628,36.09768],[59.2761,36.09774],[59.27574,36.09787],[59.27548,36.09785],[59.27488,36.09785],[59.27454,36.09782],[59.27422,36.09762],[59.27414,36.09741],[59.27398,36.09726],[59.27374,36.09722],[59.27357,36.09733],[59.27335,36.09767],[59.27305,36.09785],[59.27276,36.09793],[59.27255,36.09795],[59.27203,36.09789],[59.27205,36.09763],[59.27196,36.09743],[59.27161,36.09725],[59.27133,36.09712],[59.27105,36.09683],[59.27077,36.0967],[59.27073,36.09651],[59.27065,36.09625],[59.27042,36.09615],[59.27046,36.09631],[59.27051,36.09648],[59.27047,36.09668],[59.27025,36.09685],[59.27003,36.09695],[59.26981,36.09689],[59.26953,36.09695],[59.26897,36.09701],[59.26883,36.0971],[59.26882,36.09725]]]}},{"type":"Feature","properties":{},"geometry":{"type":"Polygon","coordinates":[[[59.28123,36.09848],[59.28142,36.09846],[59.28161,36.09832],[59.28164,36.0982],[59.28143,36.09817],[59.28124,36.09828],[59.28123,36.09848]]]}},{"type":"Feature","properties":{},"geometry":{"type":"Polygon","coordinates":[[[59.2988,36.08883],[59.29859,36.08901],[59.29839,36.08916],[59.29827,36.0893],[59.29809,36.08956],[59.298,36.08974],[59.29799,36.08999],[59.29787,36.09027],[59.29777,36.09052],[59.29762,36.09081],[59.29737,36.09107],[59.2971,36.09123],[59.29679,36.09121],[59.29668,36.09116],[59.29655,36.09106],[59.29622,36.09106],[59.2956,36.09099],[59.29523,36.09096],[59.29501,36.09096],[59.29518,36.09108],[59.29554,36.09109],[59.29593,36.09118],[59.29628,36.0913],[59.29672,36.09151],[59.29707,36.09154],[59.29736,36.09154],[59.29769,36.09156],[59.29799,36.09159],[59.29803,36.09149],[59.29795,36.09141],[59.29771,36.09143],[59.29761,36.09137],[59.2978,36.09114],[59.29799,36.09097],[59.29828,36.09075],[59.29837,36.09061],[59.29859,36.09038],[59.29877,36.09014],[59.29889,36.08994],[59.29878,36.0898],[59.29876,36.08968],[59.2988,36.08951],[59.29899,36.0894],[59.29916,36.08928],[59.29927,36.08914],[59.29934,36.08897],[59.29938,36.08888],[59.29938,36.0888],[59.2993,36.08868],[59.29911,36.08868],[59.29898,36.08874],[59.2988,36.08883]]]}},{"type":"Feature","properties":{},"geometry":{"type":"Polygon","coordinates":[[[59.29307,36.08795],[59.29327,36.08795],[59.29342,36.08781],[59.29328,36.08768],[59.29314,36.08767],[59.293,36.08771],[59.29298,36.08788],[59.29307,36.08795]]]}},{"type":"Feature","properties":{},"geometry":{"type":"Polygon","coordinates":[[[59.2991,36.08845],[59.29913,36.08836],[59.29904,36.08826],[59.29918,36.08813],[59.29945,36.08804],[59.29995,36.08786],[59.30025,36.08784],[59.3004,36.08799],[59.30045,36.08811],[59.3005,36.08832],[59.30031,36.08841],[59.30017,36.08841],[59.29995,36.08841],[59.29979,36.0883],[59.29969,36.08829],[59.29955,36.08829],[59.29945,36.08835],[59.29934,36.08844],[59.29921,36.08851],[59.2991,36.08845]]]}},{"type":"Feature","properties":{},"geometry":{"type":"Polygon","coordinates":[[[59.29526,36.09126],[59.29526,36.09136],[59.29531,36.09146],[59.29543,36.09161],[59.29556,36.0917],[59.2956,36.0919],[59.29572,36.09208],[59.29585,36.09216],[59.29623,36.09233],[59.29674,36.09251],[59.29705,36.09269],[59.29706,36.09282],[59.29718,36.09293],[59.29749,36.09305],[59.29769,36.09314],[59.29799,36.0933],[59.29822,36.09341],[59.29839,36.09339],[59.29851,36.09353],[59.29871,36.09367],[59.2989,36.09382],[59.29927,36.09394],[59.29965,36.09402],[59.30006,36.09406],[59.30036,36.09418],[59.3007,36.09409],[59.30091,36.09422],[59.30109,36.09441],[59.30124,36.09464],[59.30143,36.09513],[59.30157,36.09549],[59.30169,36.09582],[59.3018,36.09606],[59.30202,36.09628],[59.3025,36.09651],[59.30267,36.09661],[59.30294,36.09688],[59.30311,36.09711],[59.3033,36.09728],[59.30366,36.09749],[59.3036,36.09766],[59.3038,36.09763],[59.30401,36.09753],[59.30402,36.09738],[59.30393,36.09726],[59.30383,36.09707],[59.30383,36.09692],[59.30394,36.09682],[59.30404,36.09673],[59.30385,36.09666],[59.30363,36.09666],[59.30348,36.09662],[59.30324,36.09646],[59.30301,36.09623],[59.30281,36.09593],[59.30234,36.09596],[59.3022,36.09585],[59.30212,36.09559],[59.302,36.09525],[59.3019,36.09495],[59.30188,36.0947],[59.30172,36.09431],[59.30145,36.09406],[59.30113,36.09391],[59.30082,36.09395],[59.30035,36.094],[59.30011,36.09391],[59.2996,36.09384],[59.29953,36.09362],[59.29939,36.09339],[59.29914,36.09326],[59.29879,36.09301],[59.29849,36.09293],[59.29839,36.09298],[59.2982,36.09301],[59.29796,36.09291],[59.29771,36.09275],[59.29718,36.09241],[59.29675,36.09225],[59.29657,36.09219],[59.29654,36.09205],[59.29645,36.09184],[59.29632,36.09161],[59.29601,36.09156],[59.29579,36.09146],[59.29551,36.09127],[59.29541,36.09119],[59.29526,36.09126]]]}},{"type":"Feature","properties":{},"geometry":{"type":"Polygon","coordinates":[[[59.30194,36.09289],[59.30212,36.09277],[59.3022,36.09263],[59.30238,36.09251],[59.30267,36.09251],[59.30292,36.09254],[59.30321,36.09253],[59.30346,36.09261],[59.30375,36.09259],[59.30399,36.0925],[59.30429,36.09234],[59.30441,36.09223],[59.30422,36.09213],[59.30386,36.09205],[59.3035,36.09211],[59.30321,36.09205],[59.30298,36.09201],[59.30262,36.09197],[59.30273,36.09186],[59.30289,36.09176],[59.30269,36.09171],[59.3025,36.09174],[59.30219,36.09178],[59.30209,36.09168],[59.30214,36.09153],[59.30211,36.09134],[59.30197,36.09118],[59.30197,36.09105],[59.30189,36.09089],[59.30176,36.09078],[59.30164,36.09095],[59.30159,36.09118],[59.30159,36.09142],[59.30162,36.09165],[59.30159,36.09189],[59.30156,36.092],[59.30168,36.09219],[59.30181,36.09232],[59.30187,36.09246],[59.30186,36.09269],[59.30182,36.09283],[59.30194,36.09289]]]}},{"type":"Feature","properties":{},"geometry":{"type":"Polygon","coordinates":[[[59.30547,36.09228],[59.30565,36.09232],[59.30572,36.0924],[59.30587,36.09245],[59.30612,36.09247],[59.30636,36.09247],[59.3066,36.09254],[59.3068,36.09261],[59.30685,36.09244],[59.30664,36.09231],[59.3064,36.0922],[59.30611,36.09212],[59.30593,36.09213],[59.30572,36.09216],[59.30551,36.09216],[59.30547,36.09228]]]}},{"type":"Feature","properties":{},"geometry":{"type":"Polygon","coordinates":[[[59.3036,36.09832],[59.30369,36.09847],[59.30355,36.09855],[59.30344,36.09878],[59.30329,36.09894],[59.30323,36.09871],[59.30327,36.09854],[59.3034,36.09839],[59.30346,36.09825],[59.3036,36.09832]]]}},{"type":"Feature","properties":{},"geometry":{"type":"Polygon","coordinates":[[[59.28924,36.10111],[59.28929,36.10123],[59.28949,36.10134],[59.28981,36.10135],[59.29011,36.10138],[59.29047,36.10141],[59.29069,36.10138],[59.29085,36.10135],[59.29097,36.10145],[59.29114,36.10145],[59.29113,36.10131],[59.29105,36.10116],[59.29065,36.10091],[59.29039,36.10077],[59.29018,36.10077],[59.28968,36.10079],[59.28939,36.1008],[59.28912,36.10085],[59.28886,36.10078],[59.2886,36.10074],[59.28838,36.10086],[59.28883,36.1009],[59.28908,36.10098],[59.28924,36.10111]]]}},{"type":"Feature","properties":{},"geometry":{"type":"Polygon","coordinates":[[[59.28283,36.10614],[59.28302,36.10605],[59.28319,36.10591],[59.28347,36.10573],[59.28402,36.10561],[59.28418,36.10548],[59.28434,36.1052],[59.2845,36.10505],[59.28477,36.10494],[59.28523,36.10472],[59.28554,36.10461],[59.28573,36.10439],[59.28594,36.10419],[59.28613,36.10411],[59.28659,36.10403],[59.28571,36.10334],[59.28562,36.10359],[59.28542,36.10386],[59.2853,36.10404],[59.28501,36.10426],[59.28472,36.10432],[59.28453,36.1044],[59.28449,36.10449],[59.28444,36.10469],[59.28425,36.10496],[59.28415,36.10504],[59.28377,36.10514],[59.28358,36.1051],[59.28339,36.10512],[59.28322,36.10541],[59.28308,36.10556],[59.28292,36.10577],[59.28273,36.10597],[59.28266,36.10615],[59.28283,36.10614]]]}},{"type":"Feature","properties":{},"geometry":{"type":"Polygon","coordinates":[[[59.28086,36.10795],[59.28073,36.10807],[59.28058,36.10817],[59.28035,36.10829],[59.28012,36.10844],[59.28012,36.10855],[59.28033,36.10863],[59.28062,36.10858],[59.28091,36.10851],[59.28117,36.10856],[59.28106,36.10867],[59.28096,36.10884],[59.28099,36.10895],[59.28116,36.10902],[59.28146,36.10896],[59.28177,36.10903],[59.28211,36.10915],[59.28233,36.10912],[59.28226,36.10885],[59.28216,36.10855],[59.28217,36.10832],[59.28217,36.10811],[59.28217,36.10799],[59.28232,36.10788],[59.28248,36.10776],[59.28247,36.10762],[59.28242,36.10745],[59.28242,36.10733],[59.28247,36.10709],[59.28248,36.10692],[59.28234,36.10696],[59.28204,36.10714],[59.28195,36.1072],[59.28194,36.10747],[59.2819,36.10766],[59.28179,36.10775],[59.2814,36.10772],[59.28086,36.10795]]]}},{"type":"Feature","properties":{},"geometry":{"type":"Polygon","coordinates":[[[59.27425,36.10576],[59.27407,36.10594],[59.27406,36.10609],[59.27408,36.10628],[59.27403,36.10647],[59.27388,36.10662],[59.27375,36.10678],[59.27375,36.10697],[59.27377,36.10711],[59.27386,36.1073],[59.27417,36.10704],[59.27435,36.10709],[59.27439,36.10731],[59.27448,36.10746],[59.27447,36.10753],[59.27454,36.10774],[59.27469,36.10778],[59.27495,36.10782],[59.27504,36.10792],[59.27495,36.10809],[59.27482,36.10842],[59.27473,36.10861],[59.27476,36.10879],[59.2749,36.10889],[59.27513,36.10876],[59.27524,36.10843],[59.27522,36.10812],[59.27539,36.10784],[59.27543,36.10762],[59.27528,36.10761],[59.27516,36.10779],[59.27508,36.10781],[59.27499,36.10767],[59.27504,36.10751],[59.27504,36.10734],[59.27508,36.10723],[59.27519,36.10714],[59.2753,36.10705],[59.27522,36.10684],[59.27506,36.10668],[59.27493,36.10657],[59.27472,36.10637],[59.27472,36.10614],[59.27472,36.10592],[59.27478,36.1056],[59.27448,36.10546],[59.27425,36.10576]]]}},{"type":"Feature","properties":{},"geometry":{"type":"Polygon","coordinates":[[[59.27102,36.10599],[59.2713,36.10598],[59.27159,36.10614],[59.27184,36.10624],[59.27193,36.10632],[59.2721,36.10649],[59.27232,36.10646],[59.27283,36.10624],[59.27314,36.1062],[59.2734,36.10623],[59.27329,36.10609],[59.27308,36.10604],[59.27279,36.10597],[59.27249,36.10596],[59.27223,36.10584],[59.27196,36.10583],[59.27153,36.10586],[59.27135,36.10585],[59.2711,36.10585],[59.27102,36.10599]]]}},{"type":"Feature","properties":{},"geometry":{"type":"Polygon","coordinates":[[[59.2935,36.1125],[59.29352,36.11269],[59.29352,36.11294],[59.29348,36.11323],[59.29333,36.11356],[59.29325,36.11381],[59.29313,36.11412],[59.29292,36.11447],[59.29286,36.11465],[59.29299,36.11516],[59.29304,36.11548],[59.29297,36.11589],[59.29283,36.11634],[59.29265,36.11668],[59.29246,36.11703],[59.29228,36.11743],[59.29219,36.11795],[59.29219,36.1184],[59.29205,36.11913],[59.29189,36.11933],[59.29187,36.11958],[59.29196,36.11984],[59.29203,36.12018],[59.29192,36.12028],[59.29201,36.12053],[59.29214,36.12079],[59.29237,36.12116],[59.29274,36.12143],[59.29311,36.1218],[59.29342,36.12219],[59.29351,36.12259],[59.29346,36.12294],[59.29331,36.12319],[59.29313,36.12361],[59.29293,36.12402],[59.2927,36.1245],[59.29255,36.12498],[59.29232,36.12548],[59.29254,36.12574],[59.29245,36.12605],[59.2923,36.1265],[59.29228,36.12688],[59.29218,36.12726],[59.29199,36.12762],[59.29194,36.12805],[59.29196,36.12853],[59.29201,36.1292],[59.29208,36.12962],[59.29216,36.12997],[59.29228,36.13025],[59.29252,36.13054],[59.29272,36.13075],[59.29317,36.13124],[59.29339,36.13172],[59.29367,36.132],[59.29378,36.13244],[59.29375,36.13283],[59.29367,36.13312],[59.2934,36.13352],[59.29313,36.13398],[59.29292,36.13412],[59.29295,36.13387],[59.29328,36.13255],[59.29313,36.13193],[59.29246,36.13092],[59.29208,36.13058],[59.2918,36.13031],[59.29176,36.13],[59.29174,36.12969],[59.29167,36.12923],[59.29156,36.12888],[59.29163,36.12777],[59.2919,36.12706],[59.29198,36.12605],[59.2919,36.12542],[59.29232,36.12418],[59.29263,36.12327],[59.29286,36.12266],[59.29277,36.12209],[59.29263,36.12176],[59.29221,36.12143],[59.29192,36.12111],[59.29172,36.12078],[59.29158,36.12047],[59.29127,36.12005],[59.29129,36.11974],[59.29143,36.11933],[59.29163,36.11911],[59.29174,36.11816],[59.29178,36.11767],[59.29185,36.11745],[59.2921,36.11692],[59.29218,36.11641],[59.29218,36.11612],[59.29236,36.11561],[59.29236,36.11485],[59.29245,36.11418],[59.29252,36.1136],[59.29268,36.11285],[59.29275,36.1124],[59.2928,36.11224],[59.293,36.11244],[59.29304,36.11259],[59.2935,36.1125]]]}},{"type":"Feature","properties":{},"geometry":{"type":"Polygon","coordinates":[[[59.28,36.12095],[59.27996,36.12122],[59.27973,36.12158],[59.27929,36.12194],[59.27837,36.12275],[59.27821,36.12354],[59.27799,36.12421],[59.2777,36.12483],[59.27729,36.12518],[59.27711,36.12543],[59.27669,36.12615],[59.27638,36.12669],[59.27609,36.12718],[59.27562,36.12745],[59.27523,36.12759],[59.27461,36.12778],[59.27441,36.128],[59.27403,36.12832],[59.27356,36.1285],[59.27304,36.12896],[59.27282,36.12933],[59.2725,36.12962],[59.27209,36.12983],[59.27194,36.12953],[59.2723,36.12932],[59.27255,36.12882],[59.27308,36.12831],[59.2738,36.12781],[59.27458,36.12724],[59.27526,36.12697],[59.27597,36.1264],[59.27608,36.12603],[59.27608,36.12556],[59.27613,36.12517],[59.27678,36.12472],[59.27745,36.12367],[59.27754,36.12326],[59.27732,36.12295],[59.27747,36.12263],[59.27783,36.12224],[59.27833,36.12194],[59.27873,36.12196],[59.27943,36.12153],[59.27977,36.12065],[59.28,36.12095]]]}},{"type":"Feature","properties":{},"geometry":{"type":"Polygon","coordinates":[[[59.48975,36.3757],[59.48713,36.37348],[59.488,36.37295],[59.48901,36.37381],[59.48863,36.3741],[59.48935,36.3747],[59.48973,36.3744],[59.49055,36.37508],[59.48975,36.3757]]]}},{"type":"Feature","properties":{},"geometry":{"type":"Polygon","coordinates":[[[59.55115,36.29855],[59.55253,36.29991],[59.55417,36.2988],[59.5528,36.29741],[59.55115,36.29855]]]}},{"type":"Feature","properties":{},"geometry":{"type":"Polygon","coordinates":[[[59.55663,36.29829],[59.55685,36.29568],[59.55628,36.29514],[59.55448,36.29637],[59.55663,36.29829]]]}},{"type":"Feature","properties":{},"geometry":{"type":"Polygon","coordinates":[[[59.55674,36.30423],[59.55681,36.30222],[59.56188,36.30068],[59.56194,36.30078],[59.56175,36.30091],[59.55674,36.30423]]]}},{"type":"Feature","properties":{},"geometry":{"type":"Polygon","coordinates":[[[59.38454,36.4298],[59.3836,36.43024],[59.38443,36.4314],[59.38428,36.43166],[59.38531,36.43398],[59.38565,36.43489],[59.38594,36.43542],[59.38643,36.43602],[59.3865,36.43631],[59.38672,36.43645],[59.38681,36.43658],[59.38706,36.43694],[59.3873,36.43683],[59.38756,36.43689],[59.38793,36.43695],[59.38811,36.43703],[59.38841,36.43696],[59.38858,36.4369],[59.3894,36.43698],[59.38954,36.4369],[59.38454,36.4298]]]}},{"type":"Feature","properties":{},"geometry":{"type":"Polygon","coordinates":[[[59.41483,36.43556],[59.41519,36.43579],[59.41545,36.43504],[59.4157,36.43427],[59.41532,36.43402],[59.41483,36.43556]]]}},{"type":"Feature","properties":{},"geometry":{"type":"Polygon","coordinates":[[[59.41429,36.43725],[59.41467,36.43749],[59.41515,36.43596],[59.41478,36.43571],[59.41429,36.43725]]]}},{"type":"Feature","properties":{},"geometry":{"type":"Polygon","coordinates":[[[59.41637,36.42894],[59.4163,36.42901],[59.4163,36.42909],[59.41634,36.42913],[59.419,36.43015],[59.41924,36.42984],[59.41715,36.42899],[59.41691,36.42898],[59.41637,36.42894]]]}},{"type":"Feature","properties":{},"geometry":{"type":"Polygon","coordinates":[[[59.41913,36.4302],[59.41935,36.42988],[59.42541,36.43235],[59.42513,36.43261],[59.42454,36.43238],[59.41913,36.4302]]]}},{"type":"Feature","properties":{},"geometry":{"type":"Polygon","coordinates":[[[59.41709,36.43055],[59.41745,36.43079],[59.41832,36.43006],[59.41787,36.42988],[59.41709,36.43055]]]}},{"type":"Feature","properties":{},"geometry":{"type":"Polygon","coordinates":[[[59.41589,36.43229],[59.41629,36.43252],[59.41661,36.4315],[59.41734,36.43089],[59.41697,36.43065],[59.41621,36.43133],[59.41589,36.43229]]]}},{"type":"Feature","properties":{},"geometry":{"type":"Polygon","coordinates":[[[59.41572,36.43285],[59.41611,36.4331],[59.41624,36.43268],[59.41587,36.43245],[59.41572,36.43285]]]}},{"type":"Feature","properties":{},"geometry":{"type":"Polygon","coordinates":[[[59.41539,36.43388],[59.41574,36.43409],[59.416,36.43334],[59.41563,36.43314],[59.41539,36.43388]]]}},{"type":"Feature","properties":{},"geometry":{"type":"Polygon","coordinates":[[[59.41393,36.43822],[59.4143,36.43845],[59.41458,36.43765],[59.41421,36.4374],[59.41393,36.43822]]]}},{"type":"Feature","properties":{},"geometry":{"type":"Polygon","coordinates":[[[59.41809,36.43857],[59.41747,36.43917],[59.41804,36.43936],[59.41857,36.43886],[59.41809,36.43857]]]}},{"type":"Feature","properties":{},"geometry":{"type":"Polygon","coordinates":[[[59.41822,36.43849],[59.41867,36.43877],[59.41986,36.43764],[59.42073,36.43681],[59.42031,36.43654],[59.41822,36.43849]]]}},{"type":"Feature","properties":{},"geometry":{"type":"Polygon","coordinates":[[[59.42069,36.43616],[59.4211,36.43646],[59.42513,36.43261],[59.42454,36.43238],[59.42459,36.43249],[59.4246,36.43254],[59.42458,36.43262],[59.42253,36.43449],[59.42069,36.43616]]]}},{"type":"Feature","properties":{},"geometry":{"type":"Polygon","coordinates":[[[59.40225,36.43109],[59.40289,36.43151],[59.40273,36.43262],[59.40337,36.43372],[59.4029,36.43416],[59.40204,36.4327],[59.40225,36.43109]]]}},{"type":"Feature","properties":{},"geometry":{"type":"Polygon","coordinates":[[[59.40234,36.43045],[59.39818,36.4344],[59.39835,36.43451],[59.39839,36.43449],[59.40146,36.43156],[59.40182,36.43103],[59.40242,36.43051],[59.40234,36.43045]]]}},{"type":"Feature","properties":{},"geometry":{"type":"Polygon","coordinates":[[[59.41065,36.42685],[59.41068,36.42692],[59.41194,36.42741],[59.41213,36.42741],[59.41224,36.42725],[59.41234,36.42728],[59.41229,36.42737],[59.41254,36.42746],[59.41262,36.42747],[59.4127,36.42745],[59.4129,36.42716],[59.41102,36.42642],[59.41065,36.42685]]]}},{"type":"Feature","properties":{},"geometry":{"type":"Polygon","coordinates":[[[59.41355,36.42809],[59.41239,36.42757],[59.41243,36.42751],[59.41259,36.42755],[59.41266,36.42753],[59.41272,36.42749],[59.41295,36.42721],[59.41339,36.42739],[59.41354,36.42754],[59.41388,36.42801],[59.41386,36.42813],[59.41455,36.42839],[59.4146,36.42851],[59.41456,36.42859],[59.41348,36.42817],[59.41355,36.42809]]]}},{"type":"Feature","properties":{},"geometry":{"type":"Polygon","coordinates":[[[59.41562,36.42825],[59.41479,36.4279],[59.41454,36.42783],[59.41431,36.42774],[59.41421,36.42774],[59.41416,36.42777],[59.41412,36.42782],[59.41411,36.42788],[59.41414,36.42795],[59.41465,36.4282],[59.41554,36.42856],[59.41567,36.42858],[59.41589,36.42867],[59.41595,36.42869],[59.41602,36.42869],[59.41606,36.42867],[59.4161,36.42863],[59.41613,36.42858],[59.41613,36.42852],[59.4161,36.42848],[59.41604,36.42844],[59.41578,36.42834],[59.41562,36.42825]]]}},{"type":"Feature","properties":{},"geometry":{"type":"Polygon","coordinates":[[[59.41494,36.42886],[59.415,36.42883],[59.41513,36.42881],[59.41524,36.42889],[59.41582,36.42911],[59.41603,36.42919],[59.41606,36.4292],[59.41614,36.42907],[59.41612,36.42904],[59.41537,36.42873],[59.41529,36.42869],[59.41519,36.42865],[59.41514,36.42866],[59.41506,36.42871],[59.41494,36.42886]]]}},{"type":"Feature","properties":{},"geometry":{"type":"Polygon","coordinates":[[[59.41633,36.42841],[59.41737,36.42878],[59.41741,36.42872],[59.41712,36.42861],[59.41712,36.42856],[59.4164,36.42829],[59.41633,36.42841]]]}},{"type":"Feature","properties":{},"geometry":{"type":"Polygon","coordinates":[[[59.41623,36.42836],[59.41551,36.42805],[59.41551,36.42799],[59.41623,36.42726],[59.41629,36.4273],[59.41597,36.42783],[59.41591,36.42794],[59.41595,36.42804],[59.41605,36.42814],[59.41609,36.42816],[59.41609,36.4282],[59.41622,36.42826],[59.41622,36.42829],[59.41626,36.4283],[59.41623,36.42836]]]}},{"type":"Feature","properties":{},"geometry":{"type":"Polygon","coordinates":[[[59.41739,36.42868],[59.41749,36.4287],[59.41774,36.42808],[59.41764,36.42804],[59.41739,36.42868]]]}},{"type":"Feature","properties":{},"geometry":{"type":"Polygon","coordinates":[[[59.41607,36.42876],[59.41598,36.42877],[59.41624,36.42883],[59.41654,36.42887],[59.41732,36.42891],[59.41756,36.42896],[59.41757,36.42894],[59.41622,36.42845],[59.41626,36.42855],[59.41626,36.42863],[59.41622,36.4287],[59.41615,36.42874],[59.41607,36.42876]]]}},{"type":"Feature","properties":{},"geometry":{"type":"Polygon","coordinates":[[[59.41405,36.428],[59.414,36.42789],[59.414,36.42783],[59.41402,36.42778],[59.41405,36.42773],[59.4141,36.42769],[59.41418,36.42766],[59.41425,36.42766],[59.41346,36.42731],[59.41356,36.42741],[59.41366,36.42753],[59.41379,36.42771],[59.41386,36.42782],[59.41394,36.4279],[59.41405,36.428]]]}},{"type":"Feature","properties":{},"geometry":{"type":"Polygon","coordinates":[[[59.37406,36.4002],[59.37422,36.40029],[59.37442,36.40045],[59.37453,36.40069],[59.37458,36.40078],[59.3749,36.40033],[59.37511,36.40004],[59.37523,36.39974],[59.37514,36.39934],[59.37513,36.39904],[59.37528,36.3986],[59.37535,36.39838],[59.37505,36.39823],[59.37464,36.39831],[59.37426,36.39829],[59.37393,36.39858],[59.37394,36.39865],[59.37412,36.39899],[59.37435,36.39953],[59.37436,36.39969],[59.37433,36.39991],[59.37427,36.4],[59.37415,36.40012],[59.37406,36.4002]]]}},{"type":"Feature","properties":{},"geometry":{"type":"Polygon","coordinates":[[[59.37991,36.39893],[59.37991,36.39923],[59.37992,36.39939],[59.38022,36.39941],[59.38096,36.39936],[59.38143,36.39924],[59.38156,36.39924],[59.38176,36.39904],[59.38162,36.39889],[59.38114,36.39867],[59.38093,36.39892],[59.38058,36.39902],[59.38012,36.39893],[59.38001,36.39889],[59.37991,36.39893]]]}},{"type":"Feature","properties":{},"geometry":{"type":"Polygon","coordinates":[[[59.3707,36.39833],[59.37063,36.39866],[59.37098,36.39876],[59.37112,36.39901],[59.37132,36.39914],[59.37179,36.39922],[59.37207,36.39933],[59.37229,36.39925],[59.37357,36.39864],[59.37386,36.39847],[59.37443,36.39798],[59.37513,36.39752],[59.37556,36.39711],[59.37583,36.39672],[59.37585,36.39632],[59.37558,36.39645],[59.37542,36.39641],[59.37514,36.39616],[59.37489,36.39614],[59.37491,36.39632],[59.37491,36.39654],[59.37478,36.39672],[59.37475,36.39691],[59.37457,36.39703],[59.37438,36.39705],[59.37428,36.39715],[59.37424,36.39727],[59.37398,36.39733],[59.37386,36.39743],[59.37368,36.39766],[59.37345,36.39783],[59.37312,36.39803],[59.37275,36.39822],[59.37275,36.39834],[59.37247,36.39838],[59.37219,36.39848],[59.37206,36.39858],[59.37197,36.39868],[59.37168,36.39854],[59.37141,36.39846],[59.37123,36.39859],[59.37103,36.3984],[59.37087,36.39834],[59.3707,36.39833]]]}},{"type":"Feature","properties":{},"geometry":{"type":"Polygon","coordinates":[[[59.38714,36.39699],[59.38776,36.39748],[59.38833,36.39776],[59.38865,36.39759],[59.38977,36.39802],[59.38995,36.39791],[59.38971,36.39782],[59.38913,36.39738],[59.38875,36.39717],[59.38852,36.39738],[59.38773,36.39695],[59.3882,36.39664],[59.38887,36.39707],[59.38899,36.3972],[59.38962,36.39763],[59.38978,36.3977],[59.38983,36.39759],[59.38925,36.39687],[59.38902,36.39655],[59.38843,36.39573],[59.38815,36.39545],[59.3881,36.39502],[59.38759,36.39536],[59.38717,36.39555],[59.38666,36.3957],[59.38627,36.39587],[59.38585,36.396],[59.38522,36.39609],[59.38442,36.39618],[59.38408,36.39601],[59.38381,36.39609],[59.38359,36.39635],[59.3833,36.3967],[59.38328,36.39682],[59.38343,36.39692],[59.38337,36.39704],[59.38341,36.39722],[59.38368,36.39719],[59.38416,36.39701],[59.38454,36.39687],[59.385,36.39681],[59.3855,36.39674],[59.38584,36.39658],[59.38611,36.39661],[59.38656,36.39658],[59.38681,36.39654],[59.38701,36.39666],[59.38705,36.39682],[59.38714,36.39699]]]}},{"type":"Feature","properties":{},"geometry":{"type":"Polygon","coordinates":[[[59.36904,36.4003],[59.36937,36.40053],[59.36959,36.40078],[59.36982,36.40101],[59.37005,36.4012],[59.37018,36.40103],[59.37069,36.40078],[59.37101,36.40066],[59.37128,36.40029],[59.37177,36.39947],[59.37186,36.39937],[59.37127,36.3992],[59.37108,36.39941],[59.37078,36.39961],[59.37061,36.39987],[59.37039,36.39992],[59.36997,36.40004],[59.36975,36.40006],[59.36928,36.40021],[59.36904,36.4003]]]}},{"type":"Feature","properties":{},"geometry":{"type":"Polygon","coordinates":[[[59.37065,36.40115],[59.37034,36.40129],[59.37025,36.40139],[59.37024,36.40153],[59.37055,36.4017],[59.37084,36.40177],[59.37109,36.40168],[59.37116,36.40176],[59.37163,36.40149],[59.37223,36.40088],[59.3724,36.40064],[59.37254,36.40054],[59.37274,36.4005],[59.37312,36.40046],[59.37336,36.40041],[59.37364,36.40029],[59.37391,36.40016],[59.37419,36.39995],[59.37427,36.39987],[59.37428,36.3998],[59.37429,36.39969],[59.37429,36.39959],[59.37421,36.39938],[59.37412,36.39916],[59.37401,36.39892],[59.37379,36.39896],[59.37357,36.39909],[59.37363,36.3992],[59.37347,36.39919],[59.37338,36.3993],[59.37331,36.39943],[59.37333,36.39953],[59.37334,36.39964],[59.37324,36.39977],[59.37311,36.39985],[59.37252,36.39997],[59.37209,36.40002],[59.37189,36.40012],[59.37184,36.40018],[59.37163,36.40022],[59.37151,36.40023],[59.37146,36.40033],[59.37131,36.40053],[59.37129,36.40066],[59.37116,36.40076],[59.37114,36.40083],[59.37104,36.40091],[59.37099,36.40099],[59.37088,36.40104],[59.37065,36.40115]]]}},{"type":"Feature","properties":{},"geometry":{"type":"Polygon","coordinates":[[[59.3718,36.40279],[59.37129,36.403],[59.37094,36.40284],[59.37055,36.40288],[59.3703,36.40279],[59.37069,36.4026],[59.37099,36.40243],[59.37113,36.40257],[59.37133,36.40255],[59.3718,36.40279]]]}},{"type":"Feature","properties":{},"geometry":{"type":"Polygon","coordinates":[[[59.36991,36.40172],[59.37026,36.40195],[59.37007,36.40206],[59.36976,36.4022],[59.36948,36.4023],[59.36938,36.40233],[59.36947,36.40212],[59.36966,36.4019],[59.36981,36.40175],[59.36991,36.40172]]]}},{"type":"Feature","properties":{},"geometry":{"type":"Polygon","coordinates":[[[59.36959,36.40259],[59.36972,36.40266],[59.37005,36.40276],[59.37033,36.4026],[59.37069,36.40236],[59.37059,36.40221],[59.3704,36.40206],[59.3701,36.40225],[59.36984,36.40243],[59.36959,36.40259]]]}},{"type":"Feature","properties":{},"geometry":{"type":"Polygon","coordinates":[[[59.36879,36.40227],[59.36877,36.40234],[59.36876,36.40248],[59.36904,36.40235],[59.36919,36.40233],[59.3693,36.40219],[59.36945,36.40199],[59.36951,36.40188],[59.36963,36.40175],[59.36969,36.40164],[59.36955,36.40151],[59.36938,36.40164],[59.36926,36.4018],[59.36915,36.40182],[59.36909,36.40193],[59.36901,36.40204],[59.36895,36.40211],[59.36885,36.40217],[59.36881,36.40222],[59.36879,36.40227]]]}},{"type":"Feature","properties":{},"geometry":{"type":"Polygon","coordinates":[[[59.3683,36.40208],[59.36835,36.40215],[59.36854,36.40189],[59.3688,36.40176],[59.36908,36.40157],[59.36916,36.4016],[59.36927,36.40147],[59.36933,36.4013],[59.36919,36.40126],[59.36901,36.40118],[59.36881,36.40108],[59.36865,36.40129],[59.36847,36.40131],[59.36834,36.40127],[59.36831,36.40148],[59.36829,36.40164],[59.36823,36.40176],[59.36832,36.40187],[59.36836,36.40191],[59.36835,36.40198],[59.3683,36.40208]]]}},{"type":"Feature","properties":{},"geometry":{"type":"Polygon","coordinates":[[[59.36823,36.40249],[59.36854,36.40249],[59.36875,36.40216],[59.3688,36.402],[59.36857,36.40194],[59.36841,36.40222],[59.3683,36.40236],[59.36823,36.40249]]]}},{"type":"Feature","properties":{},"geometry":{"type":"Polygon","coordinates":[[[59.3619,36.40133],[59.36235,36.401],[59.36249,36.40075],[59.36332,36.40012],[59.36346,36.4001],[59.36361,36.40025],[59.36379,36.40027],[59.36406,36.40029],[59.36417,36.40034],[59.36512,36.39972],[59.36553,36.39951],[59.36583,36.39938],[59.36641,36.39915],[59.36673,36.39946],[59.36679,36.39937],[59.3666,36.39897],[59.36625,36.39887],[59.36577,36.39869],[59.36581,36.39847],[59.366,36.39818],[59.36587,36.39783],[59.36569,36.39762],[59.36535,36.3978],[59.36524,36.39807],[59.36487,36.39806],[59.36466,36.39813],[59.36449,36.39804],[59.36445,36.39795],[59.36461,36.39783],[59.36497,36.39783],[59.36517,36.39746],[59.36517,36.39726],[59.36522,36.39699],[59.36503,36.39688],[59.36487,36.39689],[59.36468,36.39709],[59.36443,36.39723],[59.36418,36.39739],[59.36399,36.39739],[59.36371,36.39743],[59.36393,36.39708],[59.36397,36.39682],[59.36413,36.39645],[59.36411,36.39629],[59.36395,36.39627],[59.3637,36.39636],[59.36356,36.39646],[59.36332,36.39689],[59.36295,36.39736],[59.36251,36.3976],[59.36219,36.39774],[59.36189,36.39799],[59.36163,36.39834],[59.36152,36.39854],[59.36144,36.39876],[59.36137,36.39896],[59.36132,36.3993],[59.36116,36.39968],[59.36099,36.40014],[59.36095,36.40037],[59.36106,36.40057],[59.36139,36.40096],[59.36174,36.40127],[59.3619,36.40133]]]}},{"type":"Feature","properties":{},"geometry":{"type":"Polygon","coordinates":[[[59.35864,36.39727],[59.35984,36.39693],[59.36019,36.39694],[59.36034,36.39689],[59.35972,36.39626],[59.3593,36.39611],[59.35894,36.39625],[59.35872,36.39665],[59.35895,36.39667],[59.3591,36.39677],[59.35899,36.39695],[59.35899,36.39702],[59.35876,36.39711],[59.35864,36.39727]]]}},{"type":"Feature","properties":{},"geometry":{"type":"Polygon","coordinates":[[[59.35933,36.40166],[59.35968,36.40196],[59.36044,36.40187],[59.36101,36.40178],[59.3612,36.40171],[59.36134,36.40157],[59.36156,36.4015],[59.36181,36.40162],[59.36175,36.4015],[59.36146,36.40123],[59.36119,36.4009],[59.36092,36.4006],[59.36083,36.4003],[59.36092,36.39999],[59.36106,36.39954],[59.3612,36.39923],[59.36124,36.39899],[59.36132,36.39869],[59.36128,36.39843],[59.36105,36.3982],[59.3602,36.39809],[59.35989,36.39825],[59.35962,36.39858],[59.35941,36.39883],[59.3595,36.39891],[59.35985,36.39885],[59.36012,36.39898],[59.36028,36.39902],[59.36045,36.39913],[59.36058,36.39917],[59.36064,36.3994],[59.36036,36.39977],[59.35997,36.40015],[59.35993,36.40044],[59.35962,36.40056],[59.35924,36.40066],[59.35932,36.40092],[59.35943,36.40109],[59.35962,36.40128],[59.35947,36.40147],[59.35933,36.40166]]]}},{"type":"Feature","properties":{},"geometry":{"type":"Polygon","coordinates":[[[59.36381,36.40745],[59.36403,36.40739],[59.36426,36.40739],[59.36439,36.40744],[59.3644,36.40756],[59.36418,36.40776],[59.36382,36.40812],[59.36376,36.40817],[59.36349,36.40827],[59.36322,36.40845],[59.36323,36.40836],[59.36334,36.40814],[59.3635,36.40797],[59.36359,36.40775],[59.36373,36.40751],[59.36381,36.40745]]]}},{"type":"Feature","properties":{},"geometry":{"type":"Polygon","coordinates":[[[59.36353,36.40656],[59.36366,36.4068],[59.36367,36.40706],[59.36367,36.40725],[59.36367,36.40739],[59.36361,36.40754],[59.36349,36.40758],[59.36331,36.40751],[59.36318,36.40752],[59.36297,36.40752],[59.36277,36.40754],[59.36263,36.40755],[59.36243,36.40752],[59.36232,36.40748],[59.36224,36.40741],[59.36259,36.40729],[59.36273,36.40725],[59.36279,36.40732],[59.36289,36.40719],[59.363,36.40708],[59.36312,36.40702],[59.36327,36.40691],[59.36336,36.40681],[59.36345,36.4067],[59.36349,36.40662],[59.36353,36.40656]]]}},{"type":"Feature","properties":{},"geometry":{"type":"Polygon","coordinates":[[[59.3633,36.4058],[59.36343,36.40609],[59.36356,36.40626],[59.36366,36.4065],[59.36381,36.40672],[59.36399,36.40659],[59.36409,36.40638],[59.36414,36.40624],[59.36416,36.40613],[59.36421,36.40594],[59.36421,36.40581],[59.36433,36.40577],[59.36428,36.40567],[59.36419,36.4056],[59.36407,36.40557],[59.36393,36.40567],[59.36373,36.40575],[59.36366,36.40589],[59.3636,36.40597],[59.36358,36.40591],[59.36363,36.40569],[59.36347,36.40559],[59.36339,36.40574],[59.3633,36.4058]]]}},{"type":"Feature","properties":{},"geometry":{"type":"Polygon","coordinates":[[[59.3633,36.40618],[59.3633,36.40624],[59.36312,36.40669],[59.36296,36.4068],[59.36271,36.40695],[59.36245,36.40705],[59.36231,36.40714],[59.36215,36.4073],[59.36212,36.4072],[59.36212,36.40712],[59.36218,36.40685],[59.36232,36.40667],[59.36251,36.40653],[59.36315,36.40618],[59.36328,36.40616],[59.3633,36.40618]]]}},{"type":"Feature","properties":{},"geometry":{"type":"Polygon","coordinates":[[[59.36297,36.40493],[59.36317,36.40525],[59.36324,36.40547],[59.36315,36.40571],[59.36316,36.40597],[59.36308,36.40616],[59.36244,36.4065],[59.36234,36.40644],[59.36214,36.40644],[59.36195,36.40648],[59.36188,36.40635],[59.36186,36.4062],[59.36188,36.40583],[59.36205,36.40528],[59.36217,36.40522],[59.36297,36.40493]]]}},{"type":"Feature","properties":{},"geometry":{"type":"Polygon","coordinates":[[[59.36319,36.40482],[59.36317,36.4049],[59.36322,36.40516],[59.36341,36.40518],[59.36371,36.405],[59.36394,36.40483],[59.36401,36.40479],[59.36417,36.40497],[59.36436,36.40478],[59.36452,36.40467],[59.36465,36.40459],[59.36491,36.40457],[59.36516,36.40438],[59.36522,36.4043],[59.36503,36.40426],[59.36474,36.40439],[59.36487,36.40421],[59.36499,36.40407],[59.36478,36.40396],[59.36461,36.40396],[59.36459,36.40372],[59.3647,36.40355],[59.36468,36.40342],[59.36451,36.40339],[59.36432,36.40352],[59.36406,36.40391],[59.36389,36.40429],[59.36361,36.40459],[59.36337,36.40473],[59.36319,36.40482]]]}},{"type":"Feature","properties":{},"geometry":{"type":"Polygon","coordinates":[[[59.3625,36.40414],[59.36272,36.40432],[59.36286,36.40444],[59.36314,36.4047],[59.36347,36.40456],[59.3637,36.40437],[59.36382,36.40423],[59.36395,36.40387],[59.36397,36.40372],[59.36391,36.40357],[59.36368,36.40328],[59.36332,36.40347],[59.36309,36.40362],[59.36303,36.40375],[59.36281,36.40395],[59.3625,36.40414]]]}},{"type":"Feature","properties":{},"geometry":{"type":"Polygon","coordinates":[[[59.36058,36.40383],[59.36067,36.40386],[59.36096,36.40386],[59.36112,36.40391],[59.36114,36.40401],[59.36112,36.40412],[59.36113,36.40422],[59.3612,36.4043],[59.36143,36.40426],[59.36142,36.40442],[59.36193,36.4045],[59.36217,36.40455],[59.36293,36.4048],[59.36308,36.40475],[59.36271,36.4044],[59.36227,36.40409],[59.362,36.40392],[59.3617,36.40382],[59.36128,36.40376],[59.36098,36.40374],[59.36074,36.40376],[59.36058,36.40383]]]}},{"type":"Feature","properties":{},"geometry":{"type":"Polygon","coordinates":[[[59.35542,36.4043],[59.35622,36.40403],[59.35651,36.40398],[59.35671,36.40412],[59.35697,36.40429],[59.35709,36.40454],[59.35717,36.40474],[59.35732,36.40496],[59.3571,36.40518],[59.357,36.40534],[59.35654,36.40558],[59.35642,36.40536],[59.35636,36.40517],[59.35625,36.40507],[59.35606,36.40505],[59.35586,36.40503],[59.35572,36.40496],[59.35565,36.40478],[59.3556,36.40464],[59.35546,36.40444],[59.35542,36.4043]]]}},{"type":"Feature","properties":{},"geometry":{"type":"Polygon","coordinates":[[[59.35274,36.40809],[59.35261,36.40812],[59.35258,36.40818],[59.3525,36.40822],[59.35256,36.40873],[59.35262,36.40888],[59.35275,36.40961],[59.35281,36.40973],[59.35288,36.4097],[59.35271,36.40843],[59.35274,36.40823],[59.35274,36.40809]]]}},{"type":"Feature","properties":{},"geometry":{"type":"Polygon","coordinates":[[[59.35194,36.4084],[59.3523,36.40833],[59.35228,36.40796],[59.35215,36.40795],[59.352,36.40803],[59.35194,36.4084]]]}},{"type":"Feature","properties":{},"geometry":{"type":"Polygon","coordinates":[[[59.35236,36.41002],[59.35262,36.40996],[59.3523,36.4084],[59.35186,36.4085],[59.35236,36.41002]]]}},{"type":"Feature","properties":{},"geometry":{"type":"Polygon","coordinates":[[[59.35429,36.40328],[59.35459,36.40308],[59.35555,36.40316],[59.35626,36.40311],[59.35665,36.40302],[59.35689,36.40295],[59.35715,36.40294],[59.35764,36.40283],[59.35792,36.40271],[59.35776,36.40256],[59.35782,36.40236],[59.35833,36.40215],[59.35857,36.40211],[59.35886,36.40202],[59.35909,36.402],[59.35946,36.4021],[59.35989,36.40214],[59.36054,36.4021],[59.36111,36.40204],[59.36158,36.40206],[59.36141,36.40222],[59.36123,36.4023],[59.36088,36.40239],[59.36055,36.40248],[59.36009,36.4027],[59.36008,36.40278],[59.36017,36.40315],[59.36023,36.40329],[59.36041,36.40331],[59.36076,36.40328],[59.36102,36.40325],[59.36126,36.40314],[59.36143,36.40309],[59.36165,36.40308],[59.36185,36.40308],[59.36201,36.40308],[59.36224,36.40303],[59.3624,36.40296],[59.36259,36.40288],[59.36286,36.40265],[59.363,36.4026],[59.36312,36.40265],[59.36358,36.40322],[59.36356,36.40326],[59.36317,36.40346],[59.36299,36.40361],[59.36291,36.40376],[59.36271,36.40391],[59.3624,36.40408],[59.36226,36.40398],[59.36234,36.40385],[59.36231,36.40377],[59.36215,36.40368],[59.36191,36.40371],[59.36175,36.40376],[59.3614,36.40369],[59.36094,36.40367],[59.36054,36.40374],[59.35997,36.40388],[59.35975,36.40386],[59.35959,36.40379],[59.35931,36.40395],[59.35898,36.40417],[59.35855,36.40443],[59.35847,36.40448],[59.35829,36.40448],[59.35814,36.40459],[59.35789,36.40472],[59.35773,36.40495],[59.35745,36.40478],[59.35735,36.40468],[59.35743,36.40451],[59.35742,36.40435],[59.35736,36.40416],[59.35734,36.40406],[59.35723,36.40393],[59.35715,36.40369],[59.35678,36.40368],[59.35645,36.40373],[59.35602,36.40385],[59.35589,36.40391],[59.35563,36.4039],[59.35539,36.40384],[59.35537,36.40376],[59.3554,36.40362],[59.35537,36.40347],[59.3553,36.40346],[59.35519,36.40364],[59.35503,36.40363],[59.35503,36.40346],[59.35495,36.4033],[59.35476,36.40327],[59.35494,36.40339],[59.35496,36.40349],[59.35486,36.40355],[59.35454,36.40342],[59.35432,36.40341],[59.35423,36.40339],[59.35429,36.40328]]]}},{"type":"Feature","properties":{},"geometry":{"type":"Polygon","coordinates":[[[59.36654,36.40256],[59.3666,36.4027],[59.36699,36.40262],[59.36754,36.40249],[59.36788,36.40239],[59.36816,36.40218],[59.36832,36.40195],[59.36815,36.40188],[59.36788,36.40189],[59.36766,36.40204],[59.36748,36.40219],[59.36733,36.4023],[59.36695,36.4024],[59.36676,36.40251],[59.36654,36.40256]]]}},{"type":"Feature","properties":{},"geometry":{"type":"Polygon","coordinates":[[[59.36839,36.40282],[59.36867,36.40267],[59.36899,36.40256],[59.36909,36.4025],[59.36934,36.40267],[59.36948,36.40284],[59.36949,36.40294],[59.3693,36.40317],[59.36885,36.40349],[59.36833,36.40379],[59.36786,36.40399],[59.36741,36.40406],[59.36719,36.4041],[59.36663,36.40451],[59.36639,36.4046],[59.36641,36.40468],[59.36656,36.40489],[59.36686,36.40495],[59.36711,36.40501],[59.3676,36.40516],[59.36745,36.40523],[59.36717,36.40532],[59.3669,36.40546],[59.36622,36.40564],[59.36582,36.40584],[59.36567,36.40592],[59.3653,36.40633],[59.36516,36.40649],[59.36483,36.40675],[59.36468,36.40698],[59.36447,36.40709],[59.36437,36.40713],[59.3643,36.40696],[59.36443,36.40677],[59.36451,36.40655],[59.36466,36.40643],[59.36481,36.40614],[59.36492,36.40596],[59.36496,36.40567],[59.36469,36.4056],[59.36437,36.40554],[59.36416,36.40547],[59.36406,36.40533],[59.36411,36.40521],[59.36432,36.40522],[59.36442,36.40516],[59.36439,36.40508],[59.36459,36.40491],[59.36475,36.40477],[59.36502,36.40463],[59.36514,36.40449],[59.36535,36.40432],[59.36562,36.40423],[59.36594,36.40423],[59.36588,36.40429],[59.3656,36.40439],[59.36543,36.40449],[59.36546,36.40456],[59.36578,36.40442],[59.36594,36.40432],[59.3662,36.40423],[59.36615,36.40411],[59.36609,36.40402],[59.36635,36.40402],[59.36657,36.40397],[59.36642,36.4039],[59.36608,36.40388],[59.36584,36.40387],[59.36588,36.40376],[59.36618,36.40371],[59.36625,36.40361],[59.36651,36.40349],[59.36661,36.40337],[59.36684,36.4033],[59.36691,36.40331],[59.36701,36.40325],[59.36728,36.40318],[59.36752,36.40317],[59.36771,36.40313],[59.36783,36.4032],[59.36786,36.40325],[59.36815,36.40309],[59.36823,36.40298],[59.36839,36.40282]]]}},{"type":"Feature","properties":{},"geometry":{"type":"Polygon","coordinates":[[[59.36173,36.40896],[59.36204,36.40881],[59.36222,36.40875],[59.36252,36.40893],[59.36249,36.40902],[59.36239,36.40915],[59.36232,36.40928],[59.36217,36.40934],[59.36176,36.40951],[59.36134,36.40972],[59.36117,36.40983],[59.36096,36.41002],[59.36087,36.41017],[59.36079,36.4102],[59.36073,36.41022],[59.3607,36.41033],[59.36061,36.41062],[59.36056,36.41076],[59.36047,36.41089],[59.3604,36.41087],[59.36035,36.41065],[59.36022,36.41053],[59.36013,36.41048],[59.36007,36.41047],[59.36,36.41057],[59.35995,36.41072],[59.35994,36.41083],[59.35999,36.41093],[59.36024,36.41093],[59.36042,36.411],[59.36061,36.41103],[59.36054,36.41111],[59.36036,36.41116],[59.35985,36.4113],[59.35969,36.41139],[59.35947,36.41121],[59.35936,36.41092],[59.35929,36.41077],[59.35936,36.41067],[59.3595,36.41059],[59.35972,36.41045],[59.35998,36.4102],[59.36013,36.41013],[59.36028,36.40992],[59.36035,36.40993],[59.36044,36.4098],[59.36054,36.40972],[59.36061,36.40954],[59.36075,36.40937],[59.36102,36.40919],[59.36116,36.40913],[59.36138,36.40909],[59.36156,36.40903],[59.36173,36.40896]]]}},{"type":"Feature","properties":{},"geometry":{"type":"Polygon","coordinates":[[[59.36088,36.41093],[59.36099,36.411],[59.3613,36.41098],[59.3617,36.41093],[59.362,36.41084],[59.36218,36.41073],[59.36228,36.41061],[59.36238,36.41045],[59.36246,36.41027],[59.36249,36.41011],[59.36247,36.40994],[59.36243,36.40962],[59.36238,36.40936],[59.36186,36.40955],[59.36145,36.40975],[59.36126,36.4099],[59.3612,36.41],[59.36114,36.41009],[59.36124,36.41015],[59.36138,36.41013],[59.36148,36.40999],[59.36156,36.40994],[59.36175,36.40988],[59.36186,36.40991],[59.36199,36.40995],[59.36207,36.41002],[59.36209,36.41012],[59.36206,36.41029],[59.36192,36.41043],[59.36178,36.41046],[59.36158,36.41053],[59.36145,36.41066],[59.36125,36.41074],[59.36104,36.41081],[59.36093,36.41087],[59.36088,36.41093]]]}},{"type":"Feature","properties":{},"geometry":{"type":"Polygon","coordinates":[[[59.35816,36.40641],[59.3583,36.40644],[59.35858,36.40646],[59.35882,36.40644],[59.35898,36.40641],[59.35955,36.40618],[59.3598,36.40614],[59.36016,36.40597],[59.36052,36.40585],[59.36109,36.40549],[59.36146,36.40522],[59.36208,36.40472],[59.36205,36.40465],[59.36189,36.4046],[59.36163,36.40456],[59.3613,36.40478],[59.3609,36.40509],[59.36071,36.40523],[59.36042,36.4054],[59.36016,36.40551],[59.36009,36.40554],[59.36016,36.40559],[59.36017,36.40563],[59.36013,36.40569],[59.35987,36.40583],[59.35957,36.40595],[59.35945,36.40598],[59.35926,36.40606],[59.35901,36.40614],[59.3588,36.40624],[59.35868,36.40629],[59.35842,36.40633],[59.35831,36.40636],[59.35816,36.40641]]]}},{"type":"Feature","properties":{},"geometry":{"type":"Polygon","coordinates":[[[59.35656,36.40654],[59.35656,36.40659],[59.35669,36.40683],[59.35683,36.40692],[59.35772,36.40732],[59.35813,36.40757],[59.35826,36.40761],[59.35859,36.40767],[59.35872,36.40772],[59.35949,36.40811],[59.35987,36.40814],[59.35997,36.40815],[59.35997,36.408],[59.36001,36.40775],[59.36004,36.40763],[59.36019,36.40736],[59.36032,36.4072],[59.36054,36.40703],[59.36071,36.407],[59.36095,36.407],[59.36126,36.40678],[59.36184,36.40652],[59.36179,36.40635],[59.36177,36.40612],[59.3618,36.40584],[59.36192,36.4054],[59.36197,36.40525],[59.36212,36.40516],[59.36286,36.40486],[59.3627,36.40479],[59.36251,36.40475],[59.36228,36.40475],[59.36208,36.40479],[59.36185,36.40498],[59.36135,36.40538],[59.36069,36.4058],[59.36049,36.40589],[59.36022,36.40601],[59.35986,36.40618],[59.35964,36.40624],[59.35942,36.40629],[59.35902,36.40646],[59.35887,36.4065],[59.35865,36.40654],[59.35851,36.40654],[59.35824,36.40651],[59.35795,36.40643],[59.35777,36.40651],[59.35767,36.40662],[59.35751,36.40658],[59.35741,36.40651],[59.35729,36.4066],[59.35714,36.40652],[59.35705,36.40657],[59.35697,36.40651],[59.35691,36.40658],[59.35687,36.40668],[59.35678,36.40673],[59.3567,36.40667],[59.35666,36.40656],[59.35656,36.40654]]]}},{"type":"Feature","properties":{},"geometry":{"type":"Polygon","coordinates":[[[59.36005,36.40818],[59.36032,36.40833],[59.3605,36.4084],[59.36108,36.40853],[59.36148,36.40856],[59.36208,36.40862],[59.36225,36.40867],[59.36262,36.40885],[59.36283,36.40869],[59.36301,36.40852],[59.36317,36.40825],[59.36347,36.40776],[59.36345,36.40769],[59.36331,36.40761],[59.36312,36.4076],[59.36258,36.40761],[59.36232,36.40757],[59.36213,36.40746],[59.36197,36.40753],[59.36168,36.40759],[59.36135,36.40767],[59.36127,36.40761],[59.36148,36.40756],[59.36186,36.40746],[59.36208,36.40737],[59.36203,36.4072],[59.36206,36.40693],[59.36215,36.40676],[59.36229,36.40662],[59.36235,36.40657],[59.3623,36.40654],[59.36221,36.4065],[59.36193,36.40659],[59.36168,36.40668],[59.36145,36.40679],[59.36127,36.40684],[59.36095,36.40706],[59.3607,36.40707],[59.36057,36.40708],[59.36037,36.40725],[59.36026,36.4074],[59.36013,36.40767],[59.36009,36.40777],[59.36005,36.40804],[59.36005,36.40818]]]}},{"type":"Feature","properties":{},"geometry":{"type":"Polygon","coordinates":[[[59.36418,36.40102],[59.36451,36.40085],[59.36499,36.4006],[59.36564,36.40053],[59.36576,36.40067],[59.36606,36.40101],[59.36637,36.40098],[59.36687,36.40129],[59.36718,36.40133],[59.36721,36.4016],[59.36717,36.40179],[59.36674,36.40211],[59.36647,36.40238],[59.36612,36.40262],[59.36593,36.40296],[59.36564,36.40308],[59.36529,36.40318],[59.36493,36.40324],[59.36455,36.40325],[59.36446,36.40322],[59.36432,36.40323],[59.36418,36.40321],[59.36362,36.40306],[59.36334,36.40277],[59.36306,36.40243],[59.36317,36.4022],[59.36316,36.402],[59.36337,36.40177],[59.3635,36.40152],[59.36358,36.40138],[59.36382,36.40127],[59.36397,36.40118],[59.36418,36.40102]]]}},{"type":"Feature","properties":{},"geometry":{"type":"Polygon","coordinates":[[[59.41114,36.4203],[59.41217,36.41871],[59.41239,36.41869],[59.41423,36.41947],[59.41357,36.42047],[59.41258,36.42005],[59.41215,36.42072],[59.41114,36.4203]]]}},{"type":"Feature","properties":{},"geometry":{"type":"Polygon","coordinates":[[[59.42092,36.42178],[59.42079,36.42193],[59.42298,36.42207],[59.42584,36.42266],[59.42594,36.42257],[59.42355,36.42207],[59.42301,36.42196],[59.42092,36.42178]]]}},{"type":"Feature","properties":{},"geometry":{"type":"Polygon","coordinates":[[[59.42039,36.42183],[59.42045,36.42174],[59.41933,36.42165],[59.41851,36.42158],[59.41835,36.42157],[59.41438,36.42166],[59.41475,36.42173],[59.4152,36.42179],[59.41593,36.42171],[59.41623,36.42173],[59.41839,36.42167],[59.42039,36.42183]]]}},{"type":"Feature","properties":{},"geometry":{"type":"Polygon","coordinates":[[[59.41615,36.41476],[59.41644,36.41462],[59.41631,36.41432],[59.41737,36.41328],[59.41637,36.41219],[59.41621,36.41186],[59.41569,36.41064],[59.41565,36.41033],[59.41528,36.4096],[59.41391,36.40791],[59.41378,36.4078],[59.41328,36.408],[59.40621,36.41472],[59.40612,36.41483],[59.40608,36.41499],[59.4061,36.41535],[59.40618,36.41697],[59.40624,36.41795],[59.40628,36.41803],[59.40635,36.41809],[59.4067,36.41823],[59.40781,36.41871],[59.4079,36.41872],[59.40797,36.41872],[59.40802,36.41866],[59.40842,36.41808],[59.40851,36.41801],[59.40894,36.41783],[59.40907,36.41781],[59.40941,36.41781],[59.41076,36.41761],[59.4112,36.41753],[59.41175,36.41726],[59.41195,36.4172],[59.41232,36.41716],[59.4129,36.41714],[59.41316,36.41718],[59.41346,36.41733],[59.4139,36.41756],[59.41456,36.41781],[59.41499,36.41796],[59.41508,36.41797],[59.41515,36.41797],[59.4152,36.41795],[59.41444,36.41766],[59.41464,36.41732],[59.41486,36.41726],[59.41441,36.41705],[59.41328,36.4166],[59.40711,36.4176],[59.40707,36.41738],[59.40698,36.4154],[59.40669,36.41517],[59.40615,36.41512],[59.40615,36.41497],[59.40619,36.41484],[59.40626,36.41475],[59.40649,36.4149],[59.40658,36.41503],[59.40707,36.41504],[59.41316,36.40922],[59.41615,36.41476]]]}},{"type":"Feature","properties":{},"geometry":{"type":"Polygon","coordinates":[[[59.22829,36.57599],[59.23016,36.57649],[59.22833,36.57777],[59.22238,36.58191],[59.21803,36.58496],[59.21698,36.58405],[59.22132,36.58092],[59.22829,36.57599]]]}},{"type":"Feature","properties":{},"geometry":{"type":"Polygon","coordinates":[[[59.21577,36.5822],[59.21633,36.58219],[59.21707,36.58171],[59.21672,36.58145],[59.21577,36.5822]]]}},{"type":"Feature","properties":{},"geometry":{"type":"Polygon","coordinates":[[[59.21675,36.58429],[59.2167,36.58544],[59.21714,36.58552],[59.2177,36.58507],[59.21675,36.58429]]]}},{"type":"Feature","properties":{},"geometry":{"type":"Polygon","coordinates":[[[59.21091,36.58822],[59.21206,36.58921],[59.21408,36.58773],[59.21337,36.58711],[59.21312,36.58726],[59.21281,36.587],[59.21091,36.58822]]]}},{"type":"Feature","properties":{},"geometry":{"type":"Polygon","coordinates":[[[59.56912,36.2245],[59.56993,36.2245],[59.57062,36.22459],[59.57142,36.22457],[59.57206,36.22438],[59.57487,36.22315],[59.57449,36.22252],[59.57442,36.22233],[59.57396,36.22252],[59.57393,36.22274],[59.57396,36.22302],[59.57324,36.22271],[59.57281,36.22249],[59.57239,36.22289],[59.57229,36.22315],[59.57193,36.22308],[59.57133,36.22302],[59.57061,36.22305],[59.57058,36.22357],[59.57055,36.22391],[59.57071,36.22409],[59.57068,36.22429],[59.57027,36.22426],[59.56995,36.22386],[59.56991,36.22331],[59.56979,36.22324],[59.56966,36.22342],[59.56902,36.22375],[59.56916,36.22417],[59.56931,36.22438],[59.56912,36.2245]]]}},{"type":"Feature","properties":{},"geometry":{"type":"Polygon","coordinates":[[[59.57887,36.2234],[59.57933,36.22342],[59.58013,36.22316],[59.58162,36.22227],[59.58144,36.22185],[59.58104,36.22133],[59.58016,36.22108],[59.57954,36.22086],[59.57878,36.22008],[59.57798,36.22029],[59.57766,36.22021],[59.57755,36.22028],[59.57777,36.2205],[59.57822,36.22068],[59.57849,36.2209],[59.57872,36.2213],[59.57937,36.22185],[59.57962,36.22208],[59.58013,36.22242],[59.58035,36.22261],[59.58012,36.22263],[59.57957,36.22211],[59.57883,36.22197],[59.57852,36.22174],[59.57833,36.2215],[59.57853,36.22135],[59.57808,36.2209],[59.5778,36.22094],[59.5774,36.2206],[59.57703,36.22044],[59.5768,36.22001],[59.57658,36.21972],[59.57603,36.21996],[59.57621,36.22031],[59.57667,36.22026],[59.57646,36.22065],[59.57661,36.22077],[59.57681,36.22065],[59.5768,36.22085],[59.57669,36.22107],[59.57697,36.22153],[59.57593,36.22107],[59.57579,36.22077],[59.57564,36.22083],[59.57573,36.22117],[59.57535,36.2214],[59.57553,36.22166],[59.57557,36.22193],[59.57557,36.22216],[59.57588,36.22231],[59.57622,36.22249],[59.57668,36.22253],[59.5769,36.2225],[59.5767,36.22208],[59.57634,36.22183],[59.57658,36.22165],[59.57698,36.22176],[59.57719,36.22192],[59.57785,36.22228],[59.57833,36.22252],[59.57857,36.22288],[59.57862,36.22309],[59.57887,36.2234]]]}},{"type":"Feature","properties":{},"geometry":{"type":"Polygon","coordinates":[[[59.58195,36.2367],[59.58165,36.23545],[59.58175,36.23488],[59.58109,36.23504],[59.58081,36.23498],[59.58087,36.23469],[59.58145,36.23457],[59.582,36.2335],[59.58244,36.23306],[59.58264,36.23353],[59.58282,36.23393],[59.58291,36.2343],[59.58279,36.23464],[59.58254,36.23512],[59.58287,36.23527],[59.58334,36.23482],[59.58346,36.23434],[59.58381,36.23433],[59.58385,36.23391],[59.58382,36.23366],[59.58336,36.23359],[59.58336,36.23321],[59.58244,36.23284],[59.58151,36.23368],[59.58087,36.23418],[59.5804,36.23387],[59.58032,36.23327],[59.58034,36.23257],[59.57996,36.2327],[59.58006,36.23334],[59.5799,36.23378],[59.57983,36.23406],[59.57969,36.2341],[59.57921,36.23372],[59.57878,36.23326],[59.57821,36.23265],[59.57786,36.23228],[59.57778,36.23178],[59.57772,36.23207],[59.5778,36.23245],[59.57833,36.23308],[59.5786,36.2338],[59.57871,36.23406],[59.57818,36.23399],[59.5776,36.23345],[59.57719,36.23291],[59.57682,36.23237],[59.57651,36.23227],[59.57658,36.23267],[59.57712,36.23324],[59.57726,36.23364],[59.57746,36.23404],[59.57733,36.2343],[59.57697,36.23437],[59.57641,36.23392],[59.57589,36.23313],[59.57574,36.23324],[59.57569,36.2335],[59.57597,36.2339],[59.57642,36.23438],[59.5767,36.23482],[59.57688,36.2351],[59.57755,36.23543],[59.578,36.23553],[59.57838,36.23575],[59.57879,36.23589],[59.57898,36.23576],[59.57885,36.23532],[59.57884,36.23501],[59.57914,36.23551],[59.57946,36.23583],[59.5798,36.23604],[59.58019,36.23618],[59.58064,36.2364],[59.58092,36.23673],[59.5811,36.23693],[59.58138,36.23682],[59.58121,36.23644],[59.58077,36.23592],[59.57998,36.2351],[59.57991,36.23464],[59.58007,36.23423],[59.58053,36.23453],[59.58071,36.23501],[59.58103,36.23532],[59.58115,36.23564],[59.58141,36.23588],[59.58156,36.23621],[59.5817,36.23655],[59.58195,36.2367]]]}},{"type":"Feature","properties":{"name":"پارک کوهشار"},"geometry":{"type":"Polygon","coordinates":[[[59.58221,36.25232],[59.58267,36.25214],[59.583,36.25223],[59.58268,36.25249],[59.58248,36.25277],[59.58243,36.25304],[59.5827,36.25334],[59.58211,36.25318],[59.58167,36.25307],[59.5814,36.25316],[59.58104,36.25382],[59.58055,36.25352],[59.57975,36.25385],[59.57903,36.25394],[59.57885,36.25344],[59.5786,36.25387],[59.57837,36.25345],[59.57807,36.25365],[59.57814,36.25413],[59.57818,36.25431],[59.57761,36.25428],[59.57731,36.25413],[59.57731,36.25381],[59.57688,36.25399],[59.57672,36.25446],[59.57607,36.25392],[59.57566,36.25394],[59.57568,36.25435],[59.57568,36.25463],[59.57487,36.25454],[59.57457,36.25435],[59.57451,36.2539],[59.5744,36.25367],[59.5742,36.25362],[59.57396,36.25413],[59.57371,36.25438],[59.5732,36.25401],[59.57264,36.25403],[59.57232,36.25431],[59.57265,36.25458],[59.57277,36.2548],[59.57312,36.25502],[59.57343,36.25511],[59.57364,36.25522],[59.57399,36.25524],[59.57439,36.25561],[59.57468,36.25572],[59.57489,36.25588],[59.57506,36.25595],[59.5753,36.25586],[59.57551,36.25572],[59.57558,36.25566],[59.5761,36.25592],[59.57618,36.25595],[59.57589,36.25623],[59.5759,36.25639],[59.57663,36.25672],[59.57692,36.25681],[59.57724,36.25686],[59.57762,36.25681],[59.57802,36.25664],[59.57834,36.25666],[59.57873,36.25649],[59.57887,36.25685],[59.57966,36.25674],[59.57999,36.25651],[59.58021,36.25653],[59.58042,36.25658],[59.58061,36.25651],[59.58067,36.25625],[59.58069,36.25604],[59.58109,36.25542],[59.5805,36.25553],[59.58038,36.25527],[59.5808,36.25493],[59.58099,36.25474],[59.58135,36.25467],[59.58179,36.25463],[59.58236,36.2546],[59.58305,36.25444],[59.58333,36.25466],[59.58328,36.25493],[59.58338,36.25497],[59.58369,36.25479],[59.58381,36.25462],[59.58385,36.25417],[59.58381,36.25397],[59.58411,36.25374],[59.58392,36.25354],[59.58467,36.25338],[59.58459,36.25305],[59.58496,36.25308],[59.58511,36.25274],[59.58535,36.25259],[59.58554,36.25238],[59.58591,36.25237],[59.58624,36.25219],[59.58641,36.25191],[59.58654,36.25158],[59.58609,36.25139],[59.58547,36.25132],[59.58495,36.25152],[59.58441,36.25164],[59.58363,36.25181],[59.58334,36.25164],[59.58272,36.25153],[59.58205,36.25174],[59.58169,36.25206],[59.5816,36.25224],[59.58169,36.25237],[59.58193,36.25249],[59.58221,36.25232]]]}},{"type":"Feature","properties":{},"geometry":{"type":"Polygon","coordinates":[[[59.58273,36.25066],[59.58248,36.25095],[59.58279,36.25112],[59.58316,36.25122],[59.58362,36.25118],[59.58395,36.25106],[59.5839,36.25092],[59.58357,36.25077],[59.58335,36.25093],[59.58335,36.25072],[59.58304,36.25072],[59.58273,36.25066]]]}},{"type":"Feature","properties":{},"geometry":{"type":"Polygon","coordinates":[[[59.57094,36.25785],[59.57132,36.25783],[59.57192,36.25794],[59.57228,36.25733],[59.57194,36.25723],[59.57193,36.25697],[59.57223,36.25679],[59.57135,36.25669],[59.57149,36.25648],[59.57186,36.2565],[59.57226,36.25658],[59.57283,36.25658],[59.57299,36.25667],[59.5728,36.25678],[59.57245,36.25666],[59.57241,36.25679],[59.57294,36.25709],[59.57293,36.25718],[59.57276,36.2572],[59.57255,36.25746],[59.57293,36.2576],[59.57314,36.25764],[59.5734,36.25795],[59.57388,36.2579],[59.57431,36.25787],[59.57555,36.25753],[59.57528,36.25723],[59.57512,36.25696],[59.575,36.25676],[59.57496,36.25651],[59.57498,36.25639],[59.57478,36.25605],[59.57454,36.25588],[59.57427,36.25577],[59.57394,36.25545],[59.57331,36.25585],[59.57196,36.25568],[59.57135,36.25574],[59.57118,36.25563],[59.57182,36.25552],[59.5717,36.25543],[59.57125,36.25546],[59.57085,36.25546],[59.57052,36.25557],[59.56998,36.25549],[59.56977,36.25557],[59.56964,36.2559],[59.57001,36.25591],[59.57085,36.25591],[59.57107,36.25593],[59.57121,36.25604],[59.57114,36.25613],[59.57078,36.25617],[59.57035,36.25611],[59.56994,36.25609],[59.56964,36.25608],[59.56893,36.25622],[59.56836,36.25624],[59.56812,36.25625],[59.568,36.25662],[59.56837,36.25685],[59.56887,36.25687],[59.56907,36.25681],[59.56952,36.25699],[59.56955,36.25742],[59.5697,36.25752],[59.56989,36.25766],[59.57032,36.25736],[59.57034,36.2576],[59.57054,36.25774],[59.57066,36.25781],[59.57094,36.25785]]]}},{"type":"Feature","properties":{},"geometry":{"type":"Polygon","coordinates":[[[59.56922,36.25845],[59.56958,36.25831],[59.56951,36.25785],[59.56951,36.25764],[59.56927,36.25732],[59.56916,36.25726],[59.56902,36.25735],[59.56899,36.25773],[59.56895,36.25793],[59.56922,36.25845]]]}},{"type":"Feature","properties":{},"geometry":{"type":"Polygon","coordinates":[[[59.5652,36.25849],[59.56511,36.25873],[59.5652,36.25883],[59.56562,36.2587],[59.56609,36.25848],[59.56628,36.25825],[59.56646,36.25813],[59.56668,36.25793],[59.56669,36.25749],[59.56684,36.25695],[59.56737,36.25669],[59.56754,36.25655],[59.5676,36.25628],[59.56758,36.25593],[59.56585,36.25639],[59.56535,36.25621],[59.56509,36.256],[59.56465,36.25604],[59.5643,36.25618],[59.5648,36.25628],[59.56488,36.25641],[59.56408,36.25662],[59.56387,36.25698],[59.56378,36.25723],[59.56406,36.2574],[59.56423,36.25756],[59.56445,36.25762],[59.56458,36.25766],[59.56463,36.25781],[59.56453,36.25789],[59.5645,36.25802],[59.56468,36.25813],[59.56481,36.25833],[59.56486,36.25844],[59.56506,36.25843],[59.5652,36.25841],[59.5652,36.25849]]]}},{"type":"Feature","properties":{},"geometry":{"type":"Polygon","coordinates":[[[59.52549,36.26619],[59.52551,36.2666],[59.52625,36.26729],[59.52715,36.26685],[59.52747,36.26683],[59.5276,36.267],[59.52733,36.26718],[59.52702,36.26708],[59.52672,36.26741],[59.52675,36.26767],[59.52705,36.26764],[59.52714,36.26801],[59.52721,36.26829],[59.52729,36.26862],[59.52789,36.26902],[59.5282,36.26932],[59.5284,36.26924],[59.52869,36.26899],[59.52855,36.26865],[59.52931,36.26837],[59.53007,36.2677],[59.53038,36.26767],[59.53062,36.26736],[59.53106,36.26724],[59.53135,36.26704],[59.53166,36.26694],[59.532,36.26692],[59.53226,36.26705],[59.5327,36.26711],[59.53313,36.2671],[59.53359,36.26709],[59.53373,36.26718],[59.53398,36.26718],[59.53433,36.26711],[59.53444,36.26717],[59.53486,36.2671],[59.53511,36.26705],[59.535,36.26653],[59.53508,36.26644],[59.53554,36.26631],[59.53583,36.26628],[59.53617,36.26608],[59.53607,36.26601],[59.53554,36.26593],[59.53495,36.26585],[59.53455,36.26586],[59.53395,36.266],[59.5332,36.26552],[59.53366,36.26521],[59.53402,36.26509],[59.53437,36.26515],[59.53459,36.26517],[59.53475,36.26505],[59.53515,36.26496],[59.53547,36.26495],[59.53544,36.26472],[59.535,36.26455],[59.53467,36.26452],[59.53387,36.26466],[59.53343,36.26452],[59.53315,36.2644],[59.53268,36.2644],[59.53234,36.26434],[59.53195,36.26463],[59.53141,36.26459],[59.53109,36.26477],[59.53061,36.2647],[59.5303,36.26447],[59.53026,36.26422],[59.53004,36.26406],[59.52967,36.264],[59.52896,36.26405],[59.5284,36.26428],[59.52791,36.26454],[59.52723,36.26452],[59.52673,36.26449],[59.52644,36.26452],[59.52655,36.26464],[59.5263,36.2647],[59.52606,36.26487],[59.52613,36.26512],[59.52632,36.26532],[59.52635,36.26553],[59.5262,36.26572],[59.52611,36.26594],[59.52594,36.266],[59.52566,36.26604],[59.52549,36.26619]]]}},{"type":"Feature","properties":{},"geometry":{"type":"Polygon","coordinates":[[[59.32935,36.39291],[59.32971,36.3933],[59.32965,36.39368],[59.32988,36.39378],[59.33059,36.39349],[59.33079,36.39389],[59.33099,36.39419],[59.33128,36.39419],[59.33186,36.39425],[59.33274,36.39439],[59.33412,36.39437],[59.33497,36.39388],[59.33675,36.39652],[59.33584,36.39705],[59.33676,36.39812],[59.33853,36.39903],[59.33877,36.39887],[59.34021,36.39921],[59.341,36.40023],[59.34119,36.40075],[59.3408,36.40114],[59.33857,36.40331],[59.33767,36.40404],[59.34565,36.4094],[59.34881,36.41099],[59.35069,36.4123],[59.35139,36.4125],[59.35391,36.41256],[59.35236,36.40725],[59.35144,36.40677],[59.35012,36.40426],[59.34944,36.40338],[59.34962,36.40268],[59.34897,36.40229],[59.3485,36.40219],[59.3481,36.40248],[59.34728,36.40296],[59.34818,36.40344],[59.34651,36.40337],[59.34546,36.4027],[59.34588,36.40208],[59.3462,36.40163],[59.346,36.40102],[59.34566,36.40033],[59.34487,36.39997],[59.34468,36.39952],[59.34417,36.39963],[59.34395,36.39896],[59.34395,36.3985],[59.34298,36.39784],[59.34231,36.39772],[59.34176,36.39772],[59.34139,36.39723],[59.34135,36.39674],[59.34129,36.39594],[59.34113,36.3954],[59.3404,36.3952],[59.33964,36.39535],[59.33906,36.39472],[59.33839,36.39447],[59.33798,36.3943],[59.33793,36.39396],[59.33749,36.39348],[59.33676,36.39327],[59.33555,36.39268],[59.33517,36.39226],[59.33496,36.39211],[59.33396,36.39223],[59.3331,36.39191],[59.33308,36.39119],[59.33244,36.391],[59.33212,36.39143],[59.33135,36.39129],[59.33087,36.39124],[59.33035,36.39102],[59.33001,36.39105],[59.3297,36.39125],[59.32949,36.39147],[59.32925,36.39163],[59.32937,36.39179],[59.32945,36.39194],[59.32942,36.39227],[59.32948,36.39249],[59.32972,36.39273],[59.32935,36.39291]]]}},{"type":"Feature","properties":{},"geometry":{"type":"Polygon","coordinates":[[[59.5406,36.29878],[59.54069,36.29885],[59.54517,36.29539],[59.54509,36.29531],[59.5406,36.29878]]]}},{"type":"Feature","properties":{},"geometry":{"type":"Polygon","coordinates":[[[59.54528,36.29516],[59.54537,36.29524],[59.55148,36.2905],[59.5514,36.29042],[59.54528,36.29516]]]}},{"type":"Feature","properties":{},"geometry":{"type":"Polygon","coordinates":[[[59.54846,36.29252],[59.55044,36.29099],[59.55034,36.29091],[59.54868,36.29219],[59.54846,36.29252]]]}},{"type":"Feature","properties":{},"geometry":{"type":"Polygon","coordinates":[[[59.53468,36.27809],[59.53494,36.27824],[59.53468,36.27842],[59.53448,36.27854],[59.53325,36.27914],[59.53295,36.27914],[59.53275,36.27897],[59.53268,36.27881],[59.53242,36.27873],[59.53227,36.27854],[59.53198,36.27844],[59.53203,36.27827],[59.53253,36.27834],[59.53287,36.27837],[59.53318,36.27834],[59.53354,36.27827],[59.53386,36.27818],[59.53425,36.27815],[59.53442,36.27816],[59.53468,36.27809]]]}},{"type":"Feature","properties":{},"geometry":{"type":"Polygon","coordinates":[[[59.53546,36.27871],[59.53613,36.27826],[59.53768,36.27762],[59.53832,36.27821],[59.53815,36.27834],[59.53657,36.27894],[59.53638,36.27897],[59.53556,36.27876],[59.53546,36.27871]]]}},{"type":"Feature","properties":{},"geometry":{"type":"Polygon","coordinates":[[[59.5316,36.27794],[59.5317,36.2781],[59.53204,36.27819],[59.53265,36.27827],[59.53298,36.2783],[59.53355,36.2782],[59.53402,36.2781],[59.53434,36.27808],[59.53485,36.27787],[59.53541,36.27762],[59.53599,36.27734],[59.53519,36.27627],[59.53476,36.27645],[59.53433,36.27659],[59.53424,36.27659],[59.53428,36.27652],[59.5343,36.2764],[59.53441,36.27634],[59.53466,36.27621],[59.5349,36.27605],[59.53469,36.27591],[59.53428,36.27585],[59.53364,36.27628],[59.53317,36.27653],[59.53276,36.27686],[59.53239,36.27708],[59.53202,36.27728],[59.53217,36.27729],[59.53255,36.27721],[59.53266,36.27727],[59.53235,36.2775],[59.53207,36.27758],[59.53193,36.27766],[59.53195,36.27777],[59.5316,36.27794]]]}},{"type":"Feature","properties":{},"geometry":{"type":"Polygon","coordinates":[[[59.51774,36.2859],[59.51806,36.28632],[59.51832,36.28634],[59.52054,36.28532],[59.52106,36.2847],[59.52069,36.28459],[59.52024,36.28485],[59.51962,36.28497],[59.51925,36.28495],[59.51867,36.28534],[59.51828,36.28555],[59.5179,36.2857],[59.51774,36.2859]]]}},{"type":"Feature","properties":{},"geometry":{"type":"Polygon","coordinates":[[[59.52664,36.2905],[59.52698,36.29019],[59.52629,36.28955],[59.52598,36.2891],[59.52568,36.28895],[59.52512,36.28871],[59.52464,36.28774],[59.52445,36.28737],[59.52432,36.28706],[59.52352,36.28667],[59.52324,36.28656],[59.52301,36.28663],[59.52258,36.28661],[59.52224,36.28643],[59.5222,36.28602],[59.52219,36.28576],[59.52183,36.28565],[59.52136,36.28561],[59.52101,36.28602],[59.52071,36.28624],[59.52041,36.28674],[59.52015,36.2872],[59.51955,36.28769],[59.51955,36.28803],[59.51942,36.28833],[59.51975,36.28859],[59.52011,36.28888],[59.52078,36.28898],[59.52092,36.28928],[59.52149,36.28967],[59.52192,36.29008],[59.5223,36.29015],[59.52255,36.29014],[59.52304,36.28991],[59.52327,36.28989],[59.52381,36.2899],[59.52443,36.28993],[59.5251,36.28985],[59.52544,36.28987],[59.52621,36.29023],[59.52664,36.2905]]]}},{"type":"Feature","properties":{},"geometry":{"type":"Polygon","coordinates":[[[59.53093,36.2702],[59.53096,36.27038],[59.53176,36.27062],[59.53202,36.2706],[59.53228,36.27046],[59.53249,36.27041],[59.5325,36.27029],[59.53247,36.2701],[59.53249,36.26998],[59.53218,36.2701],[59.53191,36.27018],[59.53168,36.27016],[59.53141,36.27006],[59.53125,36.27003],[59.5311,36.2701],[59.53093,36.2702]]]}},{"type":"Feature","properties":{},"geometry":{"type":"Polygon","coordinates":[[[59.62275,36.30587],[59.62337,36.30519],[59.62298,36.30496],[59.62278,36.30518],[59.62152,36.30444],[59.62138,36.30445],[59.62053,36.30539],[59.62121,36.30579],[59.62151,36.30546],[59.62213,36.30583],[59.62232,36.30562],[59.62275,36.30587]]]}},{"type":"Feature","properties":{},"geometry":{"type":"Polygon","coordinates":[[[59.43158,36.30453],[59.43101,36.30551],[59.43103,36.30581],[59.43134,36.30596],[59.43247,36.3054],[59.4333,36.30477],[59.43374,36.30425],[59.43416,36.30373],[59.4357,36.30191],[59.4357,36.30161],[59.4352,36.30128],[59.43452,36.30101],[59.4337,36.30168],[59.43299,36.30252],[59.43247,36.30326],[59.43228,36.30372],[59.43221,36.30406],[59.43158,36.30453]]]}},{"type":"Feature","properties":{},"geometry":{"type":"Polygon","coordinates":[[[59.42538,36.31111],[59.42548,36.31144],[59.42524,36.31185],[59.42436,36.31245],[59.42419,36.3129],[59.42396,36.31333],[59.42355,36.31359],[59.42413,36.3145],[59.42448,36.31427],[59.42541,36.31441],[59.42582,36.31452],[59.42638,36.31368],[59.42618,36.31251],[59.42596,36.31217],[59.42646,36.3115],[59.42673,36.31104],[59.42662,36.3108],[59.42644,36.31056],[59.42617,36.31086],[59.42598,36.31104],[59.42538,36.31111]]]}},{"type":"Feature","properties":{},"geometry":{"type":"Polygon","coordinates":[[[59.4265,36.31425],[59.4268,36.31507],[59.42728,36.31486],[59.42754,36.31533],[59.4285,36.31466],[59.42787,36.31413],[59.4281,36.31383],[59.4277,36.31356],[59.42822,36.31284],[59.42763,36.31254],[59.42719,36.31298],[59.42682,36.31379],[59.42677,36.31402],[59.4265,36.31425]]]}},{"type":"Feature","properties":{},"geometry":{"type":"Polygon","coordinates":[[[59.46936,36.31187],[59.46944,36.3114],[59.46945,36.31121],[59.46885,36.31059],[59.46867,36.31016],[59.46887,36.3099],[59.46875,36.30981],[59.46835,36.30975],[59.46776,36.30973],[59.4673,36.30987],[59.46737,36.31043],[59.46744,36.31077],[59.46873,36.31179],[59.46919,36.31163],[59.46936,36.31187]]]}},{"type":"Feature","properties":{},"geometry":{"type":"Polygon","coordinates":[[[59.46534,36.31291],[59.46521,36.31326],[59.4652,36.31362],[59.46537,36.31346],[59.46544,36.31376],[59.46562,36.31405],[59.46546,36.31429],[59.46564,36.31444],[59.46595,36.3145],[59.46628,36.31448],[59.46647,36.31422],[59.46686,36.31439],[59.46733,36.3137],[59.4665,36.31349],[59.4664,36.3132],[59.4661,36.31313],[59.46592,36.31329],[59.46569,36.31319],[59.46549,36.31295],[59.46534,36.31291]]]}},{"type":"Feature","properties":{},"geometry":{"type":"Polygon","coordinates":[[[59.46653,36.31158],[59.46691,36.31181],[59.46697,36.31221],[59.46762,36.31276],[59.46757,36.31282],[59.46699,36.31281],[59.46682,36.31298],[59.46672,36.31306],[59.4663,36.31286],[59.46579,36.31237],[59.46611,36.31192],[59.46653,36.31158]]]}},{"type":"Feature","properties":{},"geometry":{"type":"Polygon","coordinates":[[[59.50168,36.28276],[59.50186,36.28298],[59.50232,36.28323],[59.50218,36.28338],[59.50196,36.28344],[59.50172,36.28343],[59.50158,36.28336],[59.50136,36.2832],[59.50143,36.28268],[59.50168,36.28276]]]}},{"type":"Feature","properties":{},"geometry":{"type":"Polygon","coordinates":[[[59.50219,36.28237],[59.50272,36.2829],[59.50312,36.28275],[59.50356,36.2824],[59.50394,36.28188],[59.50396,36.28177],[59.50375,36.28176],[59.50324,36.2819],[59.50259,36.28218],[59.50237,36.28225],[59.50219,36.28237]]]}},{"type":"Feature","properties":{},"geometry":{"type":"Polygon","coordinates":[[[59.50209,36.28229],[59.50234,36.28214],[59.50232,36.28198],[59.50252,36.28187],[59.50343,36.28163],[59.50343,36.28149],[59.50306,36.28146],[59.50268,36.28156],[59.50249,36.28148],[59.50219,36.28152],[59.50186,36.28145],[59.50162,36.28124],[59.50157,36.28103],[59.50157,36.28093],[59.50138,36.28089],[59.50122,36.28093],[59.50119,36.28121],[59.50145,36.28148],[59.50157,36.28168],[59.50193,36.2819],[59.50184,36.28203],[59.50192,36.2821],[59.50209,36.28229]]]}},{"type":"Feature","properties":{},"geometry":{"type":"Polygon","coordinates":[[[59.50356,36.28299],[59.50471,36.28245],[59.50565,36.2819],[59.50564,36.28183],[59.50539,36.28159],[59.50475,36.28149],[59.50468,36.28168],[59.50435,36.28155],[59.50422,36.28171],[59.50422,36.28188],[59.50379,36.28235],[59.50347,36.28268],[59.50342,36.2828],[59.50356,36.28299]]]}},{"type":"Feature","properties":{"name":"بوستان گل آرا"},"geometry":{"type":"Polygon","coordinates":[[[59.68783,36.29759],[59.68842,36.29668],[59.68918,36.29689],[59.68956,36.29698],[59.68962,36.2973],[59.68936,36.29765],[59.68975,36.29778],[59.68899,36.29824],[59.68884,36.29822],[59.68783,36.29759]]]}},{"type":"Feature","properties":{},"geometry":{"type":"Polygon","coordinates":[[[59.56915,36.32404],[59.56955,36.32402],[59.5696,36.32397],[59.56933,36.32372],[59.56932,36.32376],[59.5693,36.32385],[59.56926,36.32392],[59.56921,36.32399],[59.56915,36.32404]]]}},{"type":"Feature","properties":{},"geometry":{"type":"Polygon","coordinates":[[[59.5696,36.32429],[59.57003,36.32445],[59.57005,36.32443],[59.56988,36.32426],[59.56961,36.32428],[59.5696,36.32429]]]}},{"type":"Feature","properties":{},"geometry":{"type":"Polygon","coordinates":[[[59.49205,36.30718],[59.49241,36.30737],[59.49229,36.30763],[59.49297,36.308],[59.49342,36.30817],[59.49312,36.30836],[59.49297,36.30819],[59.49247,36.30806],[59.49231,36.30832],[59.492,36.30829],[59.49129,36.30801],[59.49097,36.30821],[59.4903,36.30844],[59.48998,36.30844],[59.48957,36.30828],[59.48922,36.30796],[59.48907,36.30778],[59.48904,36.30828],[59.48951,36.30877],[59.48937,36.309],[59.48963,36.30927],[59.49155,36.3087],[59.49227,36.30876],[59.49282,36.3087],[59.49314,36.30866],[59.49345,36.30875],[59.49407,36.30844],[59.49476,36.30808],[59.49488,36.30792],[59.49508,36.30782],[59.49561,36.30759],[59.49571,36.30719],[59.49571,36.307],[59.49564,36.30662],[59.49542,36.30647],[59.49503,36.30639],[59.49469,36.30644],[59.49434,36.30644],[59.4939,36.30634],[59.49178,36.30538],[59.49259,36.30472],[59.49262,36.30455],[59.49285,36.30431],[59.49298,36.30407],[59.49332,36.30377],[59.49349,36.30353],[59.49326,36.30343],[59.49344,36.3033],[59.49338,36.3032],[59.49323,36.3033],[59.4932,36.3032],[59.49336,36.30309],[59.49315,36.30287],[59.49288,36.30297],[59.49273,36.30292],[59.49202,36.30313],[59.49216,36.30326],[59.49248,36.30314],[59.49276,36.30326],[59.49236,36.30351],[59.49225,36.30347],[59.49209,36.30355],[59.49177,36.30328],[59.49135,36.30347],[59.49097,36.30356],[59.4909,36.30368],[59.49106,36.30383],[59.49095,36.30396],[59.4915,36.30456],[59.49175,36.30477],[59.49161,36.30483],[59.49103,36.3046],[59.49064,36.30436],[59.49045,36.30442],[59.49084,36.30461],[59.49068,36.30464],[59.4902,36.30442],[59.4902,36.30462],[59.48993,36.30455],[59.48973,36.30427],[59.48939,36.30413],[59.48891,36.3043],[59.48858,36.30451],[59.48867,36.3047],[59.48896,36.30477],[59.48913,36.30472],[59.48931,36.3048],[59.48959,36.30479],[59.48947,36.30499],[59.48986,36.30571],[59.48899,36.30684],[59.49022,36.30741],[59.49108,36.30715],[59.49205,36.30718]]]}},{"type":"Feature","properties":{},"geometry":{"type":"Polygon","coordinates":[[[59.58701,36.38367],[59.5865,36.38391],[59.58635,36.38441],[59.5858,36.3849],[59.58586,36.38547],[59.58689,36.38647],[59.58767,36.38616],[59.58808,36.38628],[59.58831,36.38614],[59.58858,36.38625],[59.58915,36.38599],[59.58938,36.3861],[59.58983,36.38554],[59.58701,36.38367]]]}},{"type":"Feature","properties":{},"geometry":{"type":"Polygon","coordinates":[[[59.39823,36.3328],[59.39863,36.33298],[59.39912,36.33272],[59.39936,36.3328],[59.3994,36.33301],[59.39979,36.3333],[59.40014,36.33329],[59.40055,36.33288],[59.40059,36.33271],[59.40018,36.33272],[59.39977,36.3328],[59.39999,36.33254],[59.40027,36.33191],[59.40016,36.33159],[59.39981,36.33141],[59.4001,36.33114],[59.39982,36.33102],[59.39947,36.33115],[59.39912,36.33099],[59.39886,36.33141],[59.39929,36.33159],[59.39937,36.33182],[59.39934,36.33209],[59.39917,36.3322],[59.39876,36.33239],[59.39823,36.3328]]]}},{"type":"Feature","properties":{},"geometry":{"type":"Polygon","coordinates":[[[59.35326,36.29893],[59.35343,36.29931],[59.35355,36.29948],[59.35352,36.29968],[59.35375,36.29972],[59.35385,36.29995],[59.35405,36.30008],[59.35397,36.30039],[59.35384,36.3007],[59.35449,36.30081],[59.35503,36.30084],[59.35513,36.30078],[59.35514,36.30045],[59.35533,36.30041],[59.35551,36.3002],[59.35562,36.30001],[59.35584,36.30016],[59.3558,36.30042],[59.35569,36.3006],[59.35559,36.30084],[59.35581,36.3009],[59.35603,36.30088],[59.35629,36.30089],[59.35645,36.30109],[59.35687,36.30124],[59.35704,36.30109],[59.35727,36.30116],[59.35738,36.30126],[59.35723,36.30141],[59.3574,36.30148],[59.35753,36.30149],[59.35791,36.3015],[59.35832,36.30158],[59.35868,36.30188],[59.35884,36.3021],[59.3591,36.30228],[59.35901,36.30246],[59.35916,36.30249],[59.35934,36.30243],[59.35957,36.30248],[59.35985,36.3025],[59.36013,36.30255],[59.36016,36.30266],[59.36012,36.30276],[59.36032,36.30277],[59.36038,36.30268],[59.36046,36.30277],[59.36065,36.30287],[59.36058,36.303],[59.3607,36.30326],[59.36101,36.30336],[59.36124,36.30325],[59.36155,36.30321],[59.3616,36.30315],[59.3615,36.30305],[59.36129,36.30303],[59.36111,36.30308],[59.36092,36.30308],[59.36089,36.30292],[59.36104,36.3028],[59.36095,36.30259],[59.36102,36.30246],[59.36094,36.30229],[59.36087,36.3021],[59.36068,36.30199],[59.36053,36.30146],[59.36022,36.30145],[59.36001,36.30157],[59.3602,36.30181],[59.36035,36.30201],[59.36008,36.30192],[59.35985,36.30163],[59.35944,36.30181],[59.35932,36.30177],[59.3592,36.30155],[59.35906,36.30134],[59.35898,36.30111],[59.35864,36.30099],[59.35836,36.30077],[59.35812,36.30076],[59.35793,36.30062],[59.35751,36.30055],[59.35744,36.30039],[59.35712,36.30028],[59.35699,36.29998],[59.35688,36.29988],[59.35672,36.30006],[59.35669,36.30027],[59.35683,36.30061],[59.35666,36.30053],[59.35641,36.30033],[59.35626,36.30006],[59.35613,36.29979],[59.3556,36.29977],[59.3554,36.29995],[59.35528,36.29982],[59.35531,36.29965],[59.3552,36.29954],[59.35455,36.29918],[59.35432,36.29904],[59.35401,36.29897],[59.35379,36.29895],[59.35326,36.29893]]]}},{"type":"Feature","properties":{},"geometry":{"type":"Polygon","coordinates":[[[59.35769,36.29763],[59.35764,36.29786],[59.35806,36.29804],[59.35807,36.29824],[59.35863,36.29858],[59.35888,36.29865],[59.35879,36.29908],[59.35905,36.29908],[59.35937,36.29877],[59.35954,36.29849],[59.35901,36.29837],[59.3589,36.29814],[59.35858,36.29793],[59.35798,36.29775],[59.35787,36.29761],[59.35769,36.29763]]]}},{"type":"Feature","properties":{},"geometry":{"type":"Polygon","coordinates":[[[59.36173,36.29951],[59.36213,36.29969],[59.36257,36.29923],[59.36283,36.29872],[59.36307,36.29875],[59.36317,36.29906],[59.36312,36.29936],[59.36322,36.29949],[59.36369,36.29903],[59.36389,36.2987],[59.36438,36.29856],[59.36505,36.29814],[59.36515,36.2983],[59.36542,36.29818],[59.36548,36.29843],[59.36511,36.29869],[59.36465,36.2989],[59.36417,36.29928],[59.36397,36.29947],[59.36384,36.29979],[59.36401,36.29984],[59.36441,36.29928],[59.36486,36.29895],[59.36528,36.29876],[59.36583,36.29858],[59.36607,36.29859],[59.36586,36.29884],[59.36564,36.29921],[59.3653,36.2995],[59.36549,36.29961],[59.36589,36.29933],[59.36616,36.29903],[59.36643,36.29874],[59.36683,36.2985],[59.36647,36.29841],[59.36593,36.29848],[59.36553,36.29854],[59.36583,36.29834],[59.36608,36.2982],[59.36649,36.29783],[59.36664,36.29755],[59.3663,36.29745],[59.36596,36.29761],[59.36546,36.2979],[59.36509,36.29799],[59.36486,36.29816],[59.36441,36.29842],[59.3639,36.29855],[59.36362,36.2987],[59.36354,36.29887],[59.36342,36.29869],[59.3633,36.2984],[59.36325,36.29828],[59.36358,36.29839],[59.36371,36.29825],[59.36397,36.29805],[59.36385,36.29795],[59.36365,36.29814],[59.36342,36.2982],[59.36312,36.29811],[59.36263,36.29817],[59.3623,36.29831],[59.36208,36.29835],[59.36202,36.29861],[59.36185,36.29878],[59.36174,36.299],[59.36166,36.29922],[59.36173,36.29951]]]}},{"type":"Feature","properties":{},"geometry":{"type":"Polygon","coordinates":[[[59.53279,36.28167],[59.53304,36.28207],[59.53424,36.28159],[59.53399,36.28119],[59.53279,36.28167]]]}},{"type":"Feature","properties":{},"geometry":{"type":"Polygon","coordinates":[[[59.53536,36.28105],[59.53569,36.28091],[59.53553,36.28065],[59.53519,36.28078],[59.53536,36.28105]]]}},{"type":"Feature","properties":{},"geometry":{"type":"Polygon","coordinates":[[[59.53427,36.28151],[59.5346,36.28138],[59.53444,36.28111],[59.53411,36.28125],[59.53427,36.28151]]]}},{"type":"Feature","properties":{},"geometry":{"type":"Polygon","coordinates":[[[59.53479,36.28238],[59.53512,36.28224],[59.53495,36.28198],[59.53462,36.28211],[59.53479,36.28238]]]}},{"type":"Feature","properties":{},"geometry":{"type":"Polygon","coordinates":[[[59.53588,36.28192],[59.53621,36.28179],[59.53605,36.28152],[59.53572,36.28166],[59.53588,36.28192]]]}},{"type":"Feature","properties":{},"geometry":{"type":"Polygon","coordinates":[[[59.53471,36.28142],[59.535,36.28188],[59.53562,36.28163],[59.53533,36.28116],[59.53471,36.28142]]]}},{"type":"Feature","properties":{},"geometry":{"type":"Polygon","coordinates":[[[59.53504,36.28197],[59.53519,36.2822],[59.53579,36.28194],[59.53563,36.28171],[59.53504,36.28197]]]}},{"type":"Feature","properties":{},"geometry":{"type":"Polygon","coordinates":[[[59.53453,36.2811],[59.53468,36.28133],[59.53528,36.28107],[59.53512,36.28084],[59.53453,36.2811]]]}},{"type":"Feature","properties":{},"geometry":{"type":"Polygon","coordinates":[[[59.53539,36.28111],[59.53572,36.28098],[59.53601,36.28144],[59.53568,36.28157],[59.53539,36.28111]]]}},{"type":"Feature","properties":{},"geometry":{"type":"Polygon","coordinates":[[[59.5343,36.28159],[59.53463,36.28146],[59.53492,36.28192],[59.53459,36.28206],[59.5343,36.28159]]]}},{"type":"Feature","properties":{},"geometry":{"type":"Polygon","coordinates":[[[59.53516,36.28072],[59.53549,36.28059],[59.53469,36.27927],[59.53435,36.2794],[59.53516,36.28072]]]}},{"type":"Feature","properties":{},"geometry":{"type":"Polygon","coordinates":[[[59.53723,36.28062],[59.53781,36.28164],[59.53729,36.28186],[59.53698,36.28175],[59.53684,36.28153],[59.53662,36.28145],[59.53643,36.28133],[59.53618,36.28129],[59.53604,36.28117],[59.53601,36.2811],[59.53612,36.28103],[59.53599,36.28082],[59.53608,36.28078],[59.53622,36.28101],[59.53723,36.28062]]]}},{"type":"Feature","properties":{},"geometry":{"type":"Polygon","coordinates":[[[59.53476,36.27798],[59.53477,36.27804],[59.53501,36.2782],[59.53552,36.27792],[59.53592,36.27746],[59.53536,36.27772],[59.53476,36.27798]]]}},{"type":"Feature","properties":{},"geometry":{"type":"Polygon","coordinates":[[[59.56137,36.28102],[59.56135,36.28106],[59.56134,36.28111],[59.56135,36.28115],[59.56138,36.28119],[59.56142,36.28122],[59.56147,36.28124],[59.56152,36.28124],[59.56158,36.28123],[59.56163,36.2812],[59.56166,36.28117],[59.56168,36.28113],[59.56168,36.28108],[59.56166,36.28104],[59.56162,36.281],[59.56157,36.28098],[59.56152,36.28097],[59.56146,36.28097],[59.56141,36.28099],[59.56137,36.28102]]]}},{"type":"Feature","properties":{},"geometry":{"type":"Polygon","coordinates":[[[59.56097,36.28142],[59.56097,36.28139],[59.56097,36.28136],[59.56099,36.28134],[59.56101,36.28132],[59.56105,36.2813],[59.56108,36.2813],[59.56112,36.28131],[59.56115,36.28132],[59.56117,36.28135],[59.56119,36.28138],[59.56119,36.28141],[59.56117,36.28144],[59.56115,36.28146],[59.56112,36.28147],[59.56108,36.28148],[59.56104,36.28148],[59.56101,36.28146],[59.56099,36.28144],[59.56097,36.28142]]]}},{"type":"Feature","properties":{},"geometry":{"type":"Polygon","coordinates":[[[59.40114,36.3222],[59.40115,36.32218],[59.40116,36.32216],[59.40119,36.32215],[59.40122,36.32214],[59.40124,36.32215],[59.40127,36.32216],[59.40128,36.32218],[59.40128,36.32221],[59.40128,36.32223],[59.40126,36.32225],[59.40124,36.32226],[59.40121,36.32226],[59.40118,36.32225],[59.40116,36.32224],[59.40114,36.32222],[59.40114,36.3222]]]}},{"type":"Feature","properties":{},"geometry":{"type":"Polygon","coordinates":[[[59.38426,36.47345],[59.3846,36.47325],[59.38471,36.473],[59.38386,36.47151],[59.3827,36.46933],[59.38106,36.46994],[59.38325,36.47402],[59.38373,36.47371],[59.38426,36.47345]]]}},{"type":"Feature","properties":{"name":"بوستان صفا"},"geometry":{"type":"Polygon","coordinates":[[[59.56753,36.30511],[59.5675,36.30503],[59.56763,36.305],[59.5677,36.30511],[59.56768,36.30511],[59.56753,36.30511]]]}},{"type":"Feature","properties":{},"geometry":{"type":"Polygon","coordinates":[[[59.63158,36.32308],[59.63157,36.32299],[59.63155,36.32292],[59.63158,36.3229],[59.63165,36.32293],[59.63172,36.32296],[59.63158,36.32308]]]}},{"type":"Feature","properties":{},"geometry":{"type":"Polygon","coordinates":[[[59.52946,36.34434],[59.52962,36.34497],[59.52877,36.34494],[59.52849,36.3449],[59.52756,36.34489],[59.52644,36.34489],[59.52643,36.34485],[59.52946,36.34434]]]}},{"type":"Feature","properties":{},"geometry":{"type":"Polygon","coordinates":[[[59.44469,36.34476],[59.44495,36.34485],[59.4452,36.34492],[59.44548,36.34494],[59.44579,36.34488],[59.44586,36.34486],[59.44576,36.34467],[59.44557,36.34451],[59.44535,36.34436],[59.44497,36.34415],[59.44452,36.34401],[59.44411,36.34393],[59.44398,36.34393],[59.44399,36.34407],[59.44459,36.34416],[59.44479,36.34424],[59.44484,36.34438],[59.44483,36.34451],[59.44479,36.34457],[59.44469,36.34476]]]}},{"type":"Feature","properties":{},"geometry":{"type":"Polygon","coordinates":[[[59.446,36.34482],[59.44724,36.34443],[59.4472,36.34436],[59.4468,36.34445],[59.44643,36.34448],[59.44608,36.34446],[59.44569,36.3444],[59.4459,36.34463],[59.446,36.34482]]]}},{"type":"Feature","properties":{},"geometry":{"type":"Polygon","coordinates":[[[59.44604,36.34534],[59.44643,36.34502],[59.44668,36.34487],[59.44703,36.34469],[59.44732,36.3446],[59.44728,36.34453],[59.44602,36.34493],[59.44605,36.34505],[59.44605,36.34524],[59.44604,36.34534]]]}},{"type":"Feature","properties":{},"geometry":{"type":"Polygon","coordinates":[[[59.44477,36.3464],[59.44481,36.34647],[59.44504,36.34637],[59.44524,36.34622],[59.44545,36.34602],[59.44558,36.34585],[59.44569,36.34568],[59.44583,36.3454],[59.44587,36.34527],[59.44588,36.34511],[59.44588,36.34497],[59.44568,36.34504],[59.44547,36.34516],[59.44534,36.34528],[59.44523,36.34545],[59.44517,36.34557],[59.44504,36.34603],[59.44491,36.34627],[59.44477,36.3464]]]}},{"type":"Feature","properties":{},"geometry":{"type":"Polygon","coordinates":[[[59.4444,36.34517],[59.44454,36.34556],[59.44432,36.34592],[59.44448,36.34643],[59.44404,36.34657],[59.44361,36.34541],[59.4444,36.34517]]]}},{"type":"Feature","properties":{},"geometry":{"type":"Polygon","coordinates":[[[59.44453,36.34481],[59.44438,36.34508],[59.4442,36.34514],[59.44356,36.34531],[59.44347,36.34514],[59.44334,36.34504],[59.4432,36.34497],[59.44306,36.34493],[59.44347,36.34478],[59.4439,36.34468],[59.44415,36.34468],[59.44438,36.34473],[59.44453,36.34481]]]}},{"type":"Feature","properties":{},"geometry":{"type":"Polygon","coordinates":[[[59.49454,36.35812],[59.49455,36.35811],[59.49458,36.3581],[59.4946,36.35811],[59.49462,36.35812],[59.49463,36.35814],[59.49462,36.35816],[59.49407,36.35885],[59.49405,36.35887],[59.49402,36.35887],[59.494,36.35886],[59.49398,36.35884],[59.49398,36.35882],[59.49399,36.35881],[59.49454,36.35812]]]}},{"type":"Feature","properties":{},"geometry":{"type":"Polygon","coordinates":[[[59.46425,36.43781],[59.46488,36.43784],[59.47198,36.43126],[59.47263,36.43067],[59.47237,36.43021],[59.47192,36.42977],[59.47235,36.42941],[59.46379,36.42426],[59.46301,36.42447],[59.46222,36.4244],[59.46149,36.42442],[59.45983,36.42371],[59.45594,36.42743],[59.45677,36.42793],[59.45623,36.42847],[59.4572,36.42909],[59.45635,36.42996],[59.46425,36.43781]]]}},{"type":"Feature","properties":{},"geometry":{"type":"Polygon","coordinates":[[[59.5811,36.29253],[59.58119,36.29271],[59.58122,36.29273],[59.58132,36.29292],[59.58154,36.29292],[59.58168,36.29252],[59.58158,36.29247],[59.5811,36.29253]]]}},{"type":"Feature","properties":{},"geometry":{"type":"Polygon","coordinates":[[[59.58171,36.2926],[59.58165,36.29284],[59.58172,36.29288],[59.58227,36.29269],[59.5821,36.29255],[59.582,36.29259],[59.58199,36.29265],[59.58194,36.29266],[59.58191,36.29266],[59.58192,36.29258],[59.58178,36.29256],[59.58171,36.2926]]]}},{"type":"Feature","properties":{},"geometry":{"type":"Polygon","coordinates":[[[59.58226,36.29248],[59.58224,36.29254],[59.58238,36.29271],[59.58283,36.29257],[59.58282,36.29252],[59.58226,36.29248]]]}},{"type":"Feature","properties":{},"geometry":{"type":"Polygon","coordinates":[[[59.58222,36.29174],[59.58222,36.29186],[59.58231,36.29191],[59.58267,36.29193],[59.58278,36.29186],[59.58279,36.29177],[59.58273,36.2917],[59.58227,36.29169],[59.58222,36.29174]]]}},{"type":"Feature","properties":{},"geometry":{"type":"Polygon","coordinates":[[[59.5821,36.29087],[59.5821,36.29103],[59.58263,36.29103],[59.58263,36.29087],[59.5821,36.29087]]]}},{"type":"Feature","properties":{},"geometry":{"type":"Polygon","coordinates":[[[59.58149,36.291],[59.58192,36.291],[59.58192,36.29086],[59.58159,36.29085],[59.58158,36.29092],[59.58149,36.29091],[59.58149,36.291]]]}},{"type":"Feature","properties":{},"geometry":{"type":"Polygon","coordinates":[[[59.60011,36.3369],[59.59974,36.33711],[59.59955,36.33717],[59.59823,36.33731],[59.59781,36.33757],[59.59817,36.33759],[59.59852,36.33758],[59.59859,36.33746],[59.59867,36.33742],[59.59957,36.33729],[59.60024,36.33711],[59.60011,36.3369]]]}},{"type":"Feature","properties":{},"geometry":{"type":"Polygon","coordinates":[[[59.60542,36.33573],[59.60539,36.33567],[59.60618,36.33558],[59.60642,36.33552],[59.60657,36.33547],[59.6066,36.33552],[59.60646,36.33558],[59.6062,36.33563],[59.60542,36.33573]]]}},{"type":"Feature","properties":{},"geometry":{"type":"Polygon","coordinates":[[[59.24725,36.428],[59.24813,36.42752],[59.24827,36.42748],[59.24852,36.42741],[59.2487,36.42735],[59.24887,36.42731],[59.24909,36.42725],[59.24921,36.42722],[59.24921,36.42706],[59.24917,36.42691],[59.24911,36.42672],[59.24905,36.42662],[59.24897,36.42651],[59.24879,36.42632],[59.24871,36.42616],[59.2487,36.42603],[59.24896,36.42587],[59.24903,36.42579],[59.24894,36.42567],[59.24881,36.42564],[59.24869,36.4256],[59.24856,36.42555],[59.24842,36.42567],[59.24835,36.42579],[59.24826,36.42587],[59.24817,36.42598],[59.24808,36.42606],[59.24797,36.42612],[59.24777,36.4261],[59.24768,36.426],[59.2476,36.42589],[59.24752,36.42578],[59.24752,36.4256],[59.24759,36.42546],[59.24769,36.4253],[59.24794,36.42529],[59.24813,36.42529],[59.24823,36.42519],[59.24793,36.425],[59.24781,36.42495],[59.24769,36.42485],[59.2472,36.42496],[59.24681,36.42552],[59.24684,36.42568],[59.24689,36.4259],[59.24697,36.42612],[59.247,36.42631],[59.24696,36.42651],[59.24689,36.42668],[59.24679,36.42686],[59.24677,36.42704],[59.24677,36.42718],[59.24676,36.42729],[59.24665,36.42755],[59.24665,36.42767],[59.24667,36.42799],[59.24667,36.42813],[59.24667,36.42824],[59.24695,36.42831],[59.24706,36.42825],[59.2471,36.42813],[59.24725,36.428]]]}},{"type":"Feature","properties":{},"geometry":{"type":"Polygon","coordinates":[[[59.23364,36.41678],[59.23374,36.41757],[59.23361,36.41774],[59.23353,36.4179],[59.23349,36.418],[59.23343,36.4181],[59.23342,36.41822],[59.23343,36.41838],[59.23348,36.4185],[59.23348,36.41862],[59.23345,36.41878],[59.23336,36.41897],[59.23325,36.41923],[59.23321,36.4194],[59.23316,36.41951],[59.23313,36.41992],[59.23361,36.42062],[59.23361,36.42073],[59.23371,36.42065],[59.23355,36.42038],[59.23336,36.42008],[59.23336,36.41997],[59.23336,36.41982],[59.23336,36.41967],[59.23336,36.41954],[59.23337,36.41942],[59.23348,36.41923],[59.23356,36.41913],[59.23372,36.41894],[59.23386,36.41892],[59.23395,36.41906],[59.23388,36.41917],[59.23384,36.41932],[59.23375,36.41957],[59.23372,36.41968],[59.23369,36.41979],[59.23369,36.4199],[59.23378,36.42015],[59.23386,36.42029],[59.23394,36.42045],[59.23399,36.42058],[59.23407,36.42069],[59.23412,36.42082],[59.2342,36.42105],[59.23425,36.4213],[59.23425,36.42142],[59.23426,36.42162],[59.23431,36.42175],[59.23435,36.42186],[59.23448,36.42199],[59.23457,36.42208],[59.23463,36.42219],[59.23474,36.42207],[59.23469,36.42195],[59.2346,36.42186],[59.23452,36.42165],[59.23452,36.42152],[59.23452,36.4213],[59.23454,36.42112],[59.23454,36.42099],[59.23461,36.42068],[59.23461,36.42047],[59.23461,36.42031],[59.23461,36.42002],[59.23457,36.41982],[59.23452,36.41972],[59.23437,36.41946],[59.23434,36.41929],[59.23426,36.41911],[59.2342,36.41885],[59.23418,36.41872],[59.23418,36.41859],[59.23418,36.41847],[59.23408,36.41803],[59.2343,36.41762],[59.23439,36.41747],[59.23443,36.4173],[59.23453,36.41716],[59.23468,36.4171],[59.23478,36.41716],[59.23481,36.41728],[59.23477,36.41746],[59.2347,36.41765],[59.23458,36.41775],[59.23448,36.41785],[59.23441,36.41801],[59.23444,36.41817],[59.23454,36.41826],[59.23478,36.41799],[59.23487,36.41786],[59.23499,36.41775],[59.23512,36.41765],[59.23529,36.41768],[59.23519,36.418],[59.23503,36.41828],[59.23483,36.4184],[59.23457,36.41856],[59.23472,36.419],[59.23486,36.419],[59.23497,36.41892],[59.23514,36.41861],[59.23522,36.4184],[59.23531,36.41832],[59.23537,36.41846],[59.23527,36.41877],[59.2351,36.41899],[59.23491,36.41923],[59.23494,36.41948],[59.23497,36.41979],[59.23511,36.42032],[59.23527,36.42007],[59.23538,36.41985],[59.23544,36.41959],[59.23558,36.41937],[59.23576,36.41937],[59.23588,36.41947],[59.23593,36.4196],[59.23573,36.41983],[59.23551,36.41996],[59.23551,36.42025],[59.23551,36.42037],[59.23549,36.42055],[59.23557,36.42071],[59.23559,36.42097],[59.23541,36.42116],[59.23523,36.42129],[59.235,36.42159],[59.23502,36.4221],[59.23517,36.42264],[59.23515,36.42283],[59.2351,36.42293],[59.23508,36.42305],[59.23522,36.42313],[59.23552,36.42327],[59.23567,36.42349],[59.23574,36.42367],[59.23577,36.42382],[59.2358,36.42395],[59.23587,36.4241],[59.23578,36.42426],[59.23551,36.42426],[59.23535,36.42415],[59.23529,36.42392],[59.23507,36.42383],[59.23496,36.42372],[59.23479,36.42353],[59.23475,36.42342],[59.23466,36.42323],[59.23451,36.42318],[59.23425,36.4232],[59.23403,36.42308],[59.23397,36.42291],[59.23405,36.42282],[59.23424,36.42282],[59.23448,36.42284],[59.23459,36.42278],[59.2343,36.42259],[59.23417,36.42244],[59.23397,36.42219],[59.23394,36.42198],[59.23373,36.42176],[59.23357,36.42155],[59.23334,36.4213],[59.23306,36.4209],[59.23298,36.42079],[59.23268,36.42046],[59.23254,36.41992],[59.23231,36.4196],[59.23221,36.41932],[59.23212,36.41892],[59.23216,36.41866],[59.23248,36.41859],[59.23248,36.41844],[59.23219,36.41798],[59.23219,36.41783],[59.23248,36.41775],[59.23256,36.41758],[59.23226,36.41733],[59.23258,36.41727],[59.23299,36.41733],[59.23307,36.41714],[59.23324,36.41687],[59.23338,36.41683],[59.23364,36.41678]]]}},{"type":"Feature","properties":{},"geometry":{"type":"Polygon","coordinates":[[[59.2452,36.42939],[59.24476,36.42845],[59.24456,36.42829],[59.24436,36.42815],[59.24414,36.42785],[59.24401,36.42771],[59.24375,36.42745],[59.24366,36.42734],[59.24353,36.42686],[59.24414,36.42611],[59.24406,36.42583],[59.24384,36.42577],[59.24356,36.4256],[59.24351,36.42536],[59.24363,36.42525],[59.24384,36.42498],[59.244,36.42473],[59.24419,36.42449],[59.24441,36.42433],[59.24462,36.4241],[59.24441,36.42382],[59.24392,36.42403],[59.24352,36.42437],[59.24333,36.42445],[59.24319,36.42455],[59.24308,36.42488],[59.24305,36.42509],[59.24289,36.42559],[59.24282,36.42579],[59.24257,36.4258],[59.24242,36.42549],[59.24206,36.42452],[59.24229,36.42425],[59.24207,36.42395],[59.2421,36.42382],[59.24202,36.42369],[59.24196,36.42353],[59.2419,36.42338],[59.24185,36.42323],[59.24185,36.42309],[59.24205,36.42278],[59.24238,36.42261],[59.24256,36.42255],[59.24262,36.42234],[59.24235,36.42213],[59.24203,36.42219],[59.24181,36.42234],[59.24172,36.42221],[59.24177,36.42203],[59.24143,36.42207],[59.24133,36.42236],[59.2413,36.4226],[59.24121,36.4229],[59.24133,36.42338],[59.2414,36.42366],[59.24148,36.42391],[59.24144,36.42404],[59.24104,36.42386],[59.24084,36.42362],[59.24077,36.42348],[59.24063,36.42319],[59.24047,36.4228],[59.24037,36.42263],[59.24053,36.42241],[59.24089,36.42205],[59.24102,36.42189],[59.24095,36.42168],[59.24113,36.42144],[59.24133,36.421],[59.24115,36.42084],[59.24088,36.42063],[59.24059,36.42051],[59.24048,36.42096],[59.24038,36.42117],[59.2402,36.42142],[59.23992,36.42141],[59.23996,36.42108],[59.24036,36.42062],[59.24053,36.42003],[59.24064,36.41976],[59.24063,36.41953],[59.24037,36.41938],[59.24023,36.4195],[59.24011,36.41977],[59.24011,36.42002],[59.24009,36.42035],[59.23994,36.42065],[59.23979,36.42076],[59.23965,36.42037],[59.23953,36.42053],[59.2395,36.42066],[59.23953,36.42081],[59.23958,36.42117],[59.23958,36.42133],[59.23965,36.42154],[59.23982,36.42176],[59.23992,36.42209],[59.23992,36.42225],[59.23989,36.42245],[59.23989,36.4226],[59.23961,36.42237],[59.23957,36.42221],[59.23956,36.42205],[59.23949,36.42182],[59.23938,36.42142],[59.23927,36.42117],[59.23902,36.42101],[59.23895,36.4212],[59.23903,36.42157],[59.23872,36.42141],[59.23872,36.42124],[59.23868,36.42087],[59.23886,36.4206],[59.23913,36.42024],[59.23941,36.42001],[59.23954,36.41987],[59.2396,36.41955],[59.23936,36.41956],[59.23902,36.41986],[59.23894,36.41998],[59.23891,36.41977],[59.23894,36.41958],[59.2392,36.41934],[59.23928,36.41916],[59.23928,36.41895],[59.23883,36.41885],[59.23872,36.41898],[59.23859,36.41884],[59.23837,36.41876],[59.23824,36.4193],[59.23826,36.41951],[59.23835,36.41989],[59.23846,36.42028],[59.23828,36.42062],[59.23798,36.42021],[59.23796,36.41967],[59.23755,36.41916],[59.23749,36.41937],[59.23756,36.41966],[59.23765,36.42008],[59.23733,36.4198],[59.2371,36.41951],[59.23679,36.41952],[59.23672,36.41976],[59.23696,36.42007],[59.23718,36.42025],[59.23748,36.42043],[59.23802,36.42096],[59.23846,36.42169],[59.23859,36.4219],[59.23887,36.42216],[59.23917,36.42241],[59.23942,36.42274],[59.24008,36.42355],[59.24041,36.42413],[59.24059,36.42429],[59.24096,36.42467],[59.24113,36.4247],[59.24166,36.42491],[59.24183,36.42515],[59.24194,36.42528],[59.24199,36.42543],[59.24234,36.42608],[59.24279,36.42638],[59.24264,36.42656],[59.24254,36.42729],[59.24283,36.4276],[59.24305,36.42763],[59.24324,36.42747],[59.24381,36.42767],[59.24393,36.42797],[59.24368,36.42798],[59.24345,36.42802],[59.24307,36.42808],[59.24301,36.4284],[59.24322,36.42846],[59.24337,36.42882],[59.24337,36.42898],[59.24389,36.4292],[59.24415,36.42935],[59.24467,36.42952],[59.2452,36.42939]]]}},{"type":"Feature","properties":{},"geometry":{"type":"Polygon","coordinates":[[[59.24157,36.41958],[59.2421,36.42021],[59.24213,36.42033],[59.24216,36.42052],[59.24236,36.42061],[59.24252,36.42059],[59.24269,36.42062],[59.24279,36.4207],[59.24291,36.42089],[59.24296,36.42098],[59.24284,36.42109],[59.24277,36.42122],[59.24275,36.42133],[59.24276,36.42144],[59.24304,36.42172],[59.2431,36.42181],[59.24323,36.42185],[59.24326,36.42166],[59.24332,36.42141],[59.24356,36.42125],[59.24362,36.42111],[59.24358,36.42097],[59.24352,36.42086],[59.24341,36.42041],[59.2434,36.4203],[59.24348,36.42021],[59.24363,36.42037],[59.24363,36.42081],[59.24371,36.4209],[59.24401,36.42094],[59.24425,36.42068],[59.24436,36.42082],[59.24424,36.42096],[59.24413,36.42108],[59.2438,36.42126],[59.24357,36.42144],[59.2435,36.42154],[59.2436,36.4223],[59.24366,36.4228],[59.24348,36.42299],[59.24314,36.42308],[59.24293,36.42316],[59.2426,36.4233],[59.24248,36.42336],[59.2424,36.42311],[59.24258,36.42293],[59.24286,36.42273],[59.24295,36.42263],[59.24303,36.42252],[59.24311,36.42234],[59.24301,36.42214],[59.24287,36.42201],[59.2427,36.42185],[59.2425,36.42158],[59.24234,36.4215],[59.24209,36.42122],[59.24209,36.42103],[59.242,36.42083],[59.24181,36.42059],[59.24174,36.42046],[59.2417,36.42029],[59.24151,36.42004],[59.24144,36.4197],[59.24157,36.41958]]]}},{"type":"Feature","properties":{},"geometry":{"type":"Polygon","coordinates":[[[59.32608,36.46548],[59.32829,36.46465],[59.32881,36.46555],[59.32958,36.46652],[59.32973,36.46672],[59.32984,36.46693],[59.32995,36.46714],[59.32967,36.46717],[59.32935,36.46735],[59.32898,36.46747],[59.32868,36.46757],[59.32832,36.46774],[59.32832,36.46797],[59.32836,36.46823],[59.32844,36.46845],[59.32872,36.46848],[59.32896,36.46836],[59.32937,36.46828],[59.32947,36.46857],[59.32954,36.46885],[59.32962,36.46905],[59.32992,36.46895],[59.33012,36.46912],[59.33012,36.4695],[59.33031,36.46988],[59.33031,36.47011],[59.32546,36.47354],[59.32525,36.4733],[59.32437,36.47376],[59.32402,36.47302],[59.32119,36.47459],[59.32063,36.47356],[59.32115,36.47326],[59.32102,36.47294],[59.32173,36.47254],[59.32126,36.47168],[59.32023,36.47218],[59.32005,36.47181],[59.31945,36.47204],[59.31814,36.46971],[59.31894,36.46854],[59.32608,36.46548]]]}},{"type":"Feature","properties":{},"geometry":{"type":"Polygon","coordinates":[[[59.33656,36.46311],[59.33895,36.46505],[59.33921,36.46484],[59.34062,36.46566],[59.34131,36.4663],[59.34178,36.46725],[59.34249,36.46639],[59.34329,36.46699],[59.34411,36.46751],[59.34366,36.46808],[59.34454,36.46833],[59.34501,36.4685],[59.3455,36.46879],[59.34657,36.46778],[59.3457,36.4673],[59.34722,36.46601],[59.34654,36.46538],[59.34733,36.46469],[59.34546,36.46328],[59.3447,36.464],[59.34067,36.46074],[59.33998,36.46002],[59.33983,36.45974],[59.339,36.46023],[59.33862,36.46053],[59.33831,36.46098],[59.33812,36.46133],[59.3381,36.46163],[59.33754,36.46234],[59.33713,36.46227],[59.33656,36.46311]]]}},{"type":"Feature","properties":{},"geometry":{"type":"Polygon","coordinates":[[[59.65624,36.25926],[59.65653,36.2594],[59.65624,36.2598],[59.65594,36.25966],[59.65624,36.25926]]]}},{"type":"Feature","properties":{},"geometry":{"type":"Polygon","coordinates":[[[59.6689,36.40642],[59.66891,36.4068],[59.66847,36.40681],[59.66846,36.40643],[59.6689,36.40642]]]}},{"type":"Feature","properties":{},"geometry":{"type":"Polygon","coordinates":[[[59.67085,36.40072],[59.66936,36.40082],[59.66932,36.40098],[59.67071,36.40093],[59.67071,36.4009],[59.67084,36.40089],[59.67085,36.40104],[59.67081,36.40104],[59.67085,36.40141],[59.6709,36.4014],[59.6709,36.40152],[59.67075,36.40153],[59.67074,36.40172],[59.67054,36.40173],[59.67055,36.40205],[59.67037,36.40206],[59.67039,36.40226],[59.6703,36.40226],[59.67032,36.40246],[59.67028,36.40246],[59.67028,36.40257],[59.67013,36.40257],[59.67013,36.40278],[59.67004,36.40279],[59.67004,36.40298],[59.67019,36.40297],[59.67027,36.40276],[59.67037,36.40252],[59.67056,36.40222],[59.67075,36.40196],[59.67101,36.40166],[59.67108,36.40155],[59.67108,36.40143],[59.67085,36.40072]]]}},{"type":"Feature","properties":{},"geometry":{"type":"Polygon","coordinates":[[[59.67059,36.39778],[59.67017,36.39794],[59.66997,36.39729],[59.67028,36.39722],[59.67059,36.39778]]]}},{"type":"Feature","properties":{},"geometry":{"type":"Polygon","coordinates":[[[59.61767,36.28075],[59.61777,36.28081],[59.61779,36.28084],[59.61781,36.28088],[59.61781,36.28091],[59.61781,36.28095],[59.61779,36.28099],[59.61777,36.28103],[59.61774,36.28105],[59.61769,36.28108],[59.61765,36.28109],[59.6176,36.28109],[59.61755,36.28109],[59.6175,36.28108],[59.61739,36.28102],[59.6173,36.28097],[59.61728,36.28094],[59.61726,36.2809],[59.61725,36.28086],[59.61726,36.28083],[59.61727,36.28079],[59.6173,36.28075],[59.61733,36.28073],[59.61737,36.2807],[59.61742,36.28069],[59.61747,36.28068],[59.61752,36.28069],[59.61757,36.2807],[59.61767,36.28075]]]}},{"type":"Feature","properties":{},"geometry":{"type":"Polygon","coordinates":[[[59.62418,36.28895],[59.62423,36.28903],[59.62425,36.28909],[59.62425,36.28925],[59.62421,36.28935],[59.62413,36.2894],[59.62395,36.2894],[59.62385,36.28932],[59.6238,36.28916],[59.62383,36.28896],[59.62389,36.28891],[59.62406,36.28887],[59.62418,36.28895]]]}},{"type":"Feature","properties":{},"geometry":{"type":"Polygon","coordinates":[[[59.61345,36.27701],[59.61354,36.27719],[59.61385,36.27706],[59.61376,36.27691],[59.61345,36.27701]]]}},{"type":"Feature","properties":{"name":"بوستان ستاره"},"geometry":{"type":"Polygon","coordinates":[[[59.62476,36.31233],[59.62412,36.3118],[59.62436,36.31169],[59.62425,36.31154],[59.6244,36.31149],[59.62488,36.31229],[59.62476,36.31233]]]}},{"type":"Feature","properties":{"name":"بوستان نسیم"},"geometry":{"type":"Polygon","coordinates":[[[59.53857,36.29187],[59.53812,36.29149],[59.53765,36.29184],[59.53789,36.29205],[59.53762,36.29226],[59.53782,36.29243],[59.53857,36.29187]]]}},{"type":"Feature","properties":{"name":"باغ رضا رضایی"},"geometry":{"type":"Polygon","coordinates":[[[59.53771,36.53095],[59.53747,36.53082],[59.53718,36.53115],[59.53741,36.53127],[59.53756,36.53111],[59.53771,36.53095]]]}},{"type":"Feature","properties":{"name":"باغ حسین حیدرزاده"},"geometry":{"type":"Polygon","coordinates":[[[59.44552,36.48813],[59.44533,36.48806],[59.4452,36.48827],[59.4454,36.48833],[59.44552,36.48813]]]}},{"type":"Feature","properties":{},"geometry":{"type":"Polygon","coordinates":[[[59.38648,36.44689],[59.38613,36.44717],[59.38444,36.44855],[59.38428,36.44873],[59.38444,36.44892],[59.38483,36.44926],[59.38648,36.44689]]]}},{"type":"Feature","properties":{"name":"باغ ایزدی"},"geometry":{"type":"Polygon","coordinates":[[[59.58449,36.5607],[59.58441,36.56054],[59.58392,36.56072],[59.58401,36.56086],[59.58409,36.56083],[59.58449,36.5607]]]}},{"type":"Feature","properties":{"name":"پارک پروانه"},"geometry":{"type":"Polygon","coordinates":[[[59.39291,36.34554],[59.39342,36.34534],[59.39335,36.34522],[59.39309,36.3452],[59.39301,36.34521],[59.39295,36.34527],[59.39291,36.34543],[59.39291,36.34554]]]}},{"type":"Feature","properties":{"name":"پارک ۱۱ بهشت"},"geometry":{"type":"Polygon","coordinates":[[[59.18125,36.58938],[59.18136,36.58932],[59.18176,36.58923],[59.18177,36.58989],[59.18132,36.5909],[59.18003,36.59056],[59.18012,36.59035],[59.17973,36.59024],[59.17996,36.58999],[59.18028,36.58975],[59.18052,36.58962],[59.18065,36.5896],[59.18075,36.58962],[59.18084,36.58965],[59.18095,36.58965],[59.18106,36.58962],[59.18114,36.58956],[59.18119,36.58947],[59.18125,36.58938]]]}},{"type":"Feature","properties":{},"geometry":{"type":"Polygon","coordinates":[[[59.17585,36.58932],[59.17406,36.58898],[59.17403,36.58908],[59.17303,36.58889],[59.17281,36.58972],[59.17378,36.58991],[59.17375,36.59004],[59.17554,36.59038],[59.1756,36.59009],[59.17553,36.59004],[59.17547,36.58995],[59.17545,36.58983],[59.17548,36.58973],[59.17557,36.58964],[59.17567,36.5896],[59.17578,36.58958],[59.17585,36.58932]]]}},{"type":"Feature","properties":{},"geometry":{"type":"Polygon","coordinates":[[[59.63179,36.3268],[59.63185,36.32688],[59.63182,36.32694],[59.63138,36.32716],[59.63027,36.32777],[59.62947,36.32825],[59.62946,36.32811],[59.63017,36.32765],[59.63032,36.32757],[59.63126,36.32704],[59.63179,36.3268]]]}},{"type":"Feature","properties":{},"geometry":{"type":"Polygon","coordinates":[[[59.54004,36.33661],[59.53918,36.33674],[59.5395,36.33676],[59.53986,36.33681],[59.54008,36.33687],[59.54021,36.33686],[59.54054,36.33697],[59.5406,36.33705],[59.54103,36.33727],[59.54139,36.33754],[59.54203,36.33802],[59.54211,36.33805],[59.54216,36.33807],[59.54227,36.33805],[59.54233,36.33803],[59.54115,36.33715],[59.54068,36.3369],[59.54026,36.33673],[59.54004,36.33666],[59.54004,36.33661]]]}},{"type":"Feature","properties":{"name":"خیابان استقلال ۱"},"geometry":{"type":"Polygon","coordinates":[[[59.53776,36.33662],[59.53781,36.3367],[59.54544,36.33541],[59.5454,36.33528],[59.53776,36.33662]]]}},{"type":"Feature","properties":{},"geometry":{"type":"Polygon","coordinates":[[[59.53816,36.31483],[59.53814,36.3148],[59.53817,36.31478],[59.53816,36.31483]]]}},{"type":"Feature","properties":{},"geometry":{"type":"Polygon","coordinates":[[[59.53749,36.3149],[59.53732,36.31453],[59.53755,36.31445],[59.53772,36.31483],[59.53749,36.3149]]]}},{"type":"Feature","properties":{},"geometry":{"type":"Polygon","coordinates":[[[59.53772,36.31483],[59.53794,36.31476],[59.53777,36.31438],[59.53755,36.31445],[59.53772,36.31483]]]}},{"type":"Feature","properties":{},"geometry":{"type":"Polygon","coordinates":[[[59.53755,36.31445],[59.53743,36.31419],[59.53719,36.31426],[59.53732,36.31453],[59.53755,36.31445]]]}},{"type":"Feature","properties":{},"geometry":{"type":"Polygon","coordinates":[[[59.53743,36.31419],[59.53766,36.31411],[59.53777,36.31438],[59.53755,36.31445],[59.53743,36.31419]]]}},{"type":"Feature","properties":{},"geometry":{"type":"Polygon","coordinates":[[[59.52212,36.3119],[59.52156,36.31136],[59.52154,36.31135],[59.52152,36.31135],[59.52153,36.31137],[59.52206,36.31188],[59.5221,36.31191],[59.52212,36.3119]]]}},{"type":"Feature","properties":{},"geometry":{"type":"Polygon","coordinates":[[[59.51899,36.30893],[59.51901,36.30894],[59.51902,36.30894],[59.51903,36.30893],[59.51902,36.30891],[59.51845,36.30837],[59.51825,36.30818],[59.51816,36.30807],[59.51809,36.30796],[59.51805,36.30787],[59.51802,36.3078],[59.51801,36.30779],[59.518,36.30779],[59.51799,36.3078],[59.51799,36.30781],[59.51806,36.30797],[59.51813,36.30808],[59.51819,36.30816],[59.51827,36.30824],[59.5184,36.30836],[59.51859,36.30854],[59.51882,36.30877],[59.51899,36.30893]]]}},{"type":"Feature","properties":{},"geometry":{"type":"Polygon","coordinates":[[[59.51585,36.30764],[59.51585,36.30762],[59.51768,36.30758],[59.51768,36.3076],[59.51585,36.30764]]]}},{"type":"Feature","properties":{},"geometry":{"type":"Polygon","coordinates":[[[59.51735,36.30912],[59.51734,36.3091],[59.51889,36.30907],[59.5189,36.30909],[59.51735,36.30912]]]}},{"type":"Feature","properties":{},"geometry":{"type":"Polygon","coordinates":[[[59.51592,36.30914],[59.51592,36.30912],[59.51721,36.3091],[59.51721,36.30912],[59.51592,36.30914]]]}},{"type":"Feature","properties":{},"geometry":{"type":"Polygon","coordinates":[[[59.51618,36.30983],[59.51618,36.30979],[59.51637,36.30979],[59.51637,36.30972],[59.51645,36.30972],[59.51645,36.30983],[59.51618,36.30983]]]}},{"type":"Feature","properties":{},"geometry":{"type":"Polygon","coordinates":[[[59.51619,36.30977],[59.51634,36.30977],[59.51634,36.30973],[59.51619,36.30973],[59.51619,36.30977]]]}},{"type":"Feature","properties":{},"geometry":{"type":"Polygon","coordinates":[[[59.51617,36.30992],[59.51641,36.30991],[59.51643,36.30989],[59.51677,36.30989],[59.51677,36.30981],[59.51675,36.30981],[59.51675,36.30982],[59.51672,36.30982],[59.51672,36.30981],[59.51671,36.30981],[59.51669,36.30983],[59.51655,36.30983],[59.51655,36.30978],[59.51654,36.30978],[59.51654,36.30983],[59.51652,36.30983],[59.51651,36.30983],[59.5165,36.30981],[59.5165,36.30979],[59.51651,36.30979],[59.51651,36.30978],[59.51648,36.30978],[59.51648,36.30984],[59.51638,36.30984],[59.51637,36.30986],[59.51617,36.30987],[59.51617,36.30992]]]}},{"type":"Feature","properties":{},"geometry":{"type":"Polygon","coordinates":[[[59.51606,36.3099],[59.51607,36.3099],[59.51608,36.30989],[59.51607,36.30974],[59.51609,36.30974],[59.5161,36.30987],[59.51611,36.30988],[59.51617,36.30988],[59.51617,36.30992],[59.51606,36.30992],[59.51597,36.3099],[59.51592,36.30982],[59.5159,36.30976],[59.51588,36.30965],[59.51604,36.30965],[59.51605,36.30989],[59.51606,36.3099]]]}},{"type":"Feature","properties":{},"geometry":{"type":"Polygon","coordinates":[[[59.51683,36.30979],[59.51683,36.30975],[59.51679,36.30975],[59.51679,36.30988],[59.51703,36.30988],[59.51704,36.30988],[59.51704,36.30987],[59.51703,36.30986],[59.51703,36.30985],[59.51695,36.30985],[59.51695,36.3097],[59.51694,36.30969],[59.51703,36.30969],[59.51703,36.30968],[59.51693,36.30968],[59.51692,36.3097],[59.51693,36.30984],[59.51692,36.30985],[59.51692,36.30986],[59.5169,36.30986],[59.5169,36.30979],[59.51683,36.30979]]]}},{"type":"Feature","properties":{},"geometry":{"type":"Polygon","coordinates":[[[59.53674,36.30986],[59.53798,36.30945],[59.53803,36.30947],[59.53816,36.31008],[59.53823,36.31012],[59.5383,36.31056],[59.53826,36.31076],[59.53811,36.31093],[59.53775,36.31107],[59.53584,36.3117],[59.53567,36.31132],[59.53615,36.31117],[59.53603,36.3109],[59.53705,36.31057],[59.53674,36.30986]]]}},{"type":"Feature","properties":{},"geometry":{"type":"Polygon","coordinates":[[[59.59232,36.26131],[59.59248,36.2611],[59.59238,36.26099],[59.59224,36.26106],[59.59232,36.26131]]]}},{"type":"Feature","properties":{},"geometry":{"type":"Polygon","coordinates":[[[59.59183,36.26079],[59.592,36.26074],[59.59211,36.26105],[59.59197,36.26112],[59.59183,36.26079]]]}},{"type":"Feature","properties":{},"geometry":{"type":"Polygon","coordinates":[[[59.6405,36.2659],[59.64051,36.26592],[59.64052,36.26596],[59.64054,36.26601],[59.64058,36.26605],[59.64063,36.26608],[59.64067,36.2661],[59.6407,36.26612],[59.64071,36.26613],[59.6407,36.26614],[59.64068,36.26614],[59.64066,36.26612],[59.64061,36.2661],[59.64055,36.26607],[59.64047,36.26604],[59.64041,36.26602],[59.64037,36.26602],[59.6405,36.2659]]]}},{"type":"Feature","properties":{},"geometry":{"type":"Polygon","coordinates":[[[59.62352,36.26103],[59.6233,36.26063],[59.6233,36.26061],[59.6233,36.26058],[59.62331,36.26055],[59.62333,36.26052],[59.62335,36.26051],[59.6234,36.2605],[59.62383,36.26039],[59.62389,36.26056],[59.62352,36.26103]]]}},{"type":"Feature","properties":{},"geometry":{"type":"Polygon","coordinates":[[[59.62455,36.26082],[59.62452,36.26078],[59.6243,36.26088],[59.62431,36.26121],[59.62433,36.26152],[59.62434,36.26167],[59.62436,36.26177],[59.62447,36.26193],[59.62533,36.26315],[59.62536,36.26317],[59.62541,36.26315],[59.62573,36.26301],[59.62577,36.26297],[59.62577,36.26291],[59.62576,36.26285],[59.62572,36.26277],[59.62529,36.26215],[59.62524,36.26206],[59.62522,36.26199],[59.62521,36.26192],[59.62521,36.26186],[59.62517,36.26177],[59.62481,36.2612],[59.62477,36.26123],[59.6245,36.26085],[59.62455,36.26082]]]}},{"type":"Feature","properties":{},"geometry":{"type":"Polygon","coordinates":[[[59.66728,36.27414],[59.66672,36.27397],[59.66711,36.27313],[59.66767,36.2733],[59.66728,36.27414]]]}},{"type":"Feature","properties":{},"geometry":{"type":"Polygon","coordinates":[[[59.66942,36.27454],[59.6694,36.2745],[59.66935,36.27448],[59.66931,36.27449],[59.66887,36.27464],[59.66866,36.27471],[59.66852,36.27473],[59.66846,36.27473],[59.66841,36.27474],[59.66834,36.27475],[59.66819,36.27479],[59.66813,36.27481],[59.66805,36.27482],[59.66796,36.27482],[59.66788,36.27481],[59.66777,36.2748],[59.66768,36.2748],[59.6676,36.27481],[59.66752,36.27484],[59.66746,36.27487],[59.66738,36.27491],[59.66728,36.27492],[59.6668,36.27492],[59.66663,36.27492],[59.66643,36.27491],[59.66628,36.2749],[59.66608,36.27488],[59.66583,36.27484],[59.66557,36.27477],[59.66607,36.2753],[59.66614,36.27533],[59.66626,36.27533],[59.6666,36.27532],[59.66688,36.27532],[59.6672,36.27531],[59.66762,36.27529],[59.66781,36.27527],[59.66801,36.27524],[59.66812,36.27522],[59.66817,36.27525],[59.66827,36.27527],[59.66839,36.27526],[59.66849,36.27521],[59.66856,36.27515],[59.6686,36.27513],[59.66879,36.27508],[59.66895,36.27504],[59.669,36.27502],[59.66936,36.27489],[59.66963,36.27479],[59.66954,36.27471],[59.66947,36.27463],[59.66942,36.27454]]]}},{"type":"Feature","properties":{},"geometry":{"type":"Polygon","coordinates":[[[59.66901,36.27505],[59.66918,36.2751],[59.6692,36.27507],[59.66938,36.27513],[59.66937,36.27515],[59.67015,36.27539],[59.66983,36.275],[59.66963,36.2748],[59.669,36.27502],[59.66901,36.27505]]]}},{"type":"Feature","properties":{},"geometry":{"type":"Polygon","coordinates":[[[59.66853,36.27527],[59.66861,36.27522],[59.66872,36.27518],[59.6689,36.27513],[59.66902,36.2751],[59.66916,36.27515],[59.66919,36.27519],[59.66918,36.27524],[59.66909,36.27539],[59.66887,36.27534],[59.66883,36.27537],[59.66853,36.27527]]]}},{"type":"Feature","properties":{},"geometry":{"type":"Polygon","coordinates":[[[59.66762,36.27537],[59.66812,36.27529],[59.66816,36.27531],[59.6682,36.27532],[59.66826,36.27533],[59.66832,36.27533],[59.66838,36.27532],[59.66846,36.27529],[59.66881,36.2754],[59.66878,36.27545],[59.66886,36.27547],[59.6689,36.27548],[59.66922,36.27557],[59.66927,36.27559],[59.66933,36.27561],[59.66936,36.27557],[59.66947,36.2756],[59.66946,36.27563],[59.6695,36.27565],[59.66952,36.27562],[59.66986,36.27572],[59.66984,36.27577],[59.66988,36.27579],[59.66991,36.27574],[59.67024,36.27584],[59.67021,36.27588],[59.67026,36.2759],[59.67029,36.27585],[59.67063,36.27596],[59.6709,36.2763],[59.6709,36.27632],[59.6709,36.27635],[59.67086,36.27639],[59.66913,36.27586],[59.6691,36.27585],[59.66877,36.27575],[59.66873,36.27574],[59.66762,36.27539],[59.66762,36.27537]]]}},{"type":"Feature","properties":{},"geometry":{"type":"Polygon","coordinates":[[[59.66877,36.27575],[59.66876,36.27577],[59.66887,36.27581],[59.66885,36.27585],[59.6687,36.2758],[59.66873,36.27574],[59.66877,36.27575]]]}},{"type":"Feature","properties":{},"geometry":{"type":"Polygon","coordinates":[[[59.66911,36.27592],[59.66897,36.27587],[59.66898,36.27584],[59.66908,36.27588],[59.6691,36.27585],[59.66913,36.27586],[59.66911,36.27592]]]}},{"type":"Feature","properties":{},"geometry":{"type":"Polygon","coordinates":[[[59.66922,36.27557],[59.66923,36.27555],[59.66913,36.27551],[59.66915,36.27548],[59.6693,36.27552],[59.66927,36.27559],[59.66922,36.27557]]]}},{"type":"Feature","properties":{},"geometry":{"type":"Polygon","coordinates":[[[59.6689,36.27548],[59.66891,36.27545],[59.66901,36.27548],[59.66903,36.27545],[59.66889,36.2754],[59.66886,36.27547],[59.6689,36.27548]]]}},{"type":"Feature","properties":{},"geometry":{"type":"Polygon","coordinates":[[[59.65345,36.29668],[59.65365,36.29648],[59.65307,36.29643],[59.65345,36.29668]]]}},{"type":"Feature","properties":{},"geometry":{"type":"Polygon","coordinates":[[[59.65157,36.29871],[59.65159,36.29849],[59.6517,36.2985],[59.6518,36.29848],[59.65171,36.29859],[59.65157,36.29871]]]}},{"type":"Feature","properties":{},"geometry":{"type":"Polygon","coordinates":[[[59.66164,36.29776],[59.66137,36.29723],[59.66136,36.29724],[59.66139,36.29749],[59.66129,36.29769],[59.66136,36.29771],[59.66146,36.2977],[59.66155,36.29772],[59.66164,36.29776]]]}},{"type":"Feature","properties":{},"geometry":{"type":"Polygon","coordinates":[[[59.50305,36.34588],[59.50464,36.34584],[59.50464,36.34582],[59.50575,36.34575],[59.50691,36.34573],[59.50749,36.34578],[59.50758,36.34582],[59.50767,36.34589],[59.50772,36.34597],[59.50778,36.34596],[59.50775,36.34584],[59.50767,36.34572],[59.50755,36.34561],[59.50737,36.34553],[59.50717,36.34548],[59.50606,36.34548],[59.50573,36.34545],[59.50495,36.34547],[59.50449,36.34551],[59.50397,36.3456],[59.50306,36.34584],[59.50175,36.34619],[59.50175,36.34622],[59.5029,36.34618],[59.5029,36.34609],[59.50301,36.34609],[59.50301,36.3459],[59.50305,36.34588]]]}},{"type":"Feature","properties":{},"geometry":{"type":"Polygon","coordinates":[[[59.51323,36.31076],[59.51323,36.31076],[59.5133,36.31091],[59.5133,36.31097],[59.51328,36.31101],[59.51321,36.31095],[59.51321,36.31077],[59.51323,36.31076]]]}},{"type":"Feature","properties":{},"geometry":{"type":"Polygon","coordinates":[[[59.5127,36.31024],[59.51268,36.31023],[59.51256,36.31035],[59.51257,36.31036],[59.5127,36.31024]]]}},{"type":"Feature","properties":{},"geometry":{"type":"Polygon","coordinates":[[[59.51273,36.31022],[59.51271,36.3102],[59.51282,36.31008],[59.51286,36.31011],[59.51273,36.31022]]]}},{"type":"Feature","properties":{},"geometry":{"type":"Polygon","coordinates":[[[59.51126,36.31108],[59.51125,36.31103],[59.51126,36.31102],[59.51127,36.31102],[59.51137,36.31099],[59.51138,36.311],[59.51139,36.311],[59.51139,36.31101],[59.51126,36.31108]]]}},{"type":"Feature","properties":{},"geometry":{"type":"Polygon","coordinates":[[[59.51122,36.31109],[59.51121,36.31104],[59.5112,36.31103],[59.51119,36.31103],[59.51114,36.31105],[59.51113,36.31106],[59.51113,36.31107],[59.51116,36.3111],[59.51119,36.31111],[59.5112,36.3111],[59.51122,36.31109]]]}},{"type":"Feature","properties":{},"geometry":{"type":"Polygon","coordinates":[[[59.51225,36.31162],[59.51205,36.31154],[59.51209,36.31136],[59.5121,36.31135],[59.51211,36.31135],[59.5123,36.31148],[59.51226,36.31153],[59.51237,36.3116],[59.51228,36.31162],[59.51225,36.31162]]]}},{"type":"Feature","properties":{},"geometry":{"type":"Polygon","coordinates":[[[59.51226,36.31177],[59.51227,36.31167],[59.51227,36.31166],[59.51242,36.31164],[59.51254,36.31171],[59.51255,36.31175],[59.51251,36.31177],[59.51246,36.31178],[59.5124,36.31179],[59.51232,36.31178],[59.51226,36.31177]]]}},{"type":"Feature","properties":{},"geometry":{"type":"Polygon","coordinates":[[[59.51222,36.31176],[59.51214,36.31174],[59.51207,36.31171],[59.51202,36.31168],[59.51201,36.31166],[59.51203,36.31159],[59.51204,36.31159],[59.51205,36.31159],[59.51222,36.31165],[59.51223,36.31166],[59.51224,36.31167],[59.51223,36.31175],[59.51222,36.31176]]]}},{"type":"Feature","properties":{},"geometry":{"type":"Polygon","coordinates":[[[59.51279,36.31067],[59.51279,36.31065],[59.51296,36.3106],[59.51299,36.3106],[59.51301,36.31061],[59.51318,36.31076],[59.51318,36.31078],[59.51317,36.3108],[59.51316,36.3109],[59.51316,36.31092],[59.51315,36.31092],[59.51279,36.31067]]]}},{"type":"Feature","properties":{},"geometry":{"type":"Polygon","coordinates":[[[59.51322,36.31073],[59.5132,36.31073],[59.51301,36.31055],[59.51292,36.31036],[59.51278,36.31025],[59.51277,36.31024],[59.51278,36.31023],[59.51289,36.31012],[59.51294,36.31014],[59.51322,36.31073]]]}},{"type":"Feature","properties":{},"geometry":{"type":"Polygon","coordinates":[[[59.51269,36.31059],[59.51255,36.31046],[59.51255,36.31044],[59.51255,36.31042],[59.51257,36.31041],[59.51272,36.31028],[59.51273,36.31027],[59.51275,36.31027],[59.51288,36.31038],[59.51294,36.31053],[59.51294,36.31054],[59.51274,36.3106],[59.51272,36.3106],[59.5127,36.3106],[59.51269,36.31059]]]}},{"type":"Feature","properties":{},"geometry":{"type":"Polygon","coordinates":[[[59.51135,36.31163],[59.51141,36.31155],[59.51155,36.31162],[59.51165,36.31167],[59.51169,36.31168],[59.51169,36.31169],[59.51135,36.31164],[59.51135,36.31163]]]}},{"type":"Feature","properties":{},"geometry":{"type":"Polygon","coordinates":[[[59.51127,36.31158],[59.51135,36.31151],[59.51123,36.31142],[59.51115,36.31134],[59.51111,36.31129],[59.51111,36.31129],[59.5111,36.31129],[59.51121,36.31153],[59.51123,36.31156],[59.51127,36.31158]]]}},{"type":"Feature","properties":{},"geometry":{"type":"Polygon","coordinates":[[[59.51162,36.31121],[59.51154,36.31114],[59.51149,36.31109],[59.51143,36.31101],[59.51143,36.311],[59.51143,36.31099],[59.51144,36.31098],[59.51156,36.31095],[59.51158,36.31095],[59.5116,36.31096],[59.51171,36.31113],[59.51172,36.31114],[59.51171,36.31116],[59.51165,36.31121],[59.51163,36.31122],[59.51162,36.31121]]]}},{"type":"Feature","properties":{},"geometry":{"type":"Polygon","coordinates":[[[59.51124,36.31096],[59.51122,36.31093],[59.51122,36.31092],[59.51122,36.31091],[59.51138,36.31076],[59.51142,36.31079],[59.51144,36.31076],[59.51158,36.31086],[59.51158,36.31088],[59.51158,36.31089],[59.51157,36.31089],[59.51125,36.31096],[59.51124,36.31096],[59.51124,36.31096]]]}},{"type":"Feature","properties":{},"geometry":{"type":"Polygon","coordinates":[[[59.51114,36.31092],[59.51112,36.31099],[59.51117,36.31098],[59.51118,36.31097],[59.51118,36.31096],[59.51117,36.31093],[59.51116,36.31092],[59.51114,36.31092]]]}},{"type":"Feature","properties":{},"geometry":{"type":"Polygon","coordinates":[[[59.51102,36.3109],[59.51094,36.31089],[59.51094,36.31089],[59.51094,36.3109],[59.511,36.31096],[59.51102,36.3109]]]}},{"type":"Feature","properties":{},"geometry":{"type":"Polygon","coordinates":[[[59.51086,36.31074],[59.51086,36.31071],[59.51087,36.31069],[59.51089,36.31068],[59.51092,36.31067],[59.51123,36.31065],[59.51134,36.31073],[59.51118,36.31089],[59.51117,36.3109],[59.51116,36.3109],[59.51091,36.31085],[59.51086,36.31074]]]}},{"type":"Feature","properties":{},"geometry":{"type":"Polygon","coordinates":[[[59.51115,36.31034],[59.51121,36.31035],[59.51115,36.3105],[59.51107,36.31059],[59.51091,36.31062],[59.51089,36.31061],[59.51089,36.3106],[59.51115,36.31034]]]}},{"type":"Feature","properties":{},"geometry":{"type":"Polygon","coordinates":[[[59.51129,36.31025],[59.51127,36.31023],[59.5112,36.31029],[59.51123,36.31031],[59.51129,36.31025]]]}},{"type":"Feature","properties":{},"geometry":{"type":"Polygon","coordinates":[[[59.51167,36.31002],[59.51163,36.30994],[59.5116,36.30993],[59.51158,36.30993],[59.51132,36.31018],[59.51135,36.31022],[59.51151,36.31015],[59.51167,36.31002]]]}},{"type":"Feature","properties":{},"geometry":{"type":"Polygon","coordinates":[[[59.51247,36.31011],[59.51228,36.3101],[59.51227,36.31011],[59.51224,36.31029],[59.51225,36.31031],[59.51227,36.31033],[59.51246,36.3104],[59.51263,36.31021],[59.51263,36.3102],[59.51249,36.31012],[59.51247,36.31011]]]}},{"type":"Feature","properties":{},"geometry":{"type":"Polygon","coordinates":[[[59.51228,36.31006],[59.51229,36.30998],[59.5123,36.30997],[59.51233,36.30996],[59.51276,36.31001],[59.51279,36.31005],[59.51268,36.31016],[59.51267,36.31017],[59.5125,36.31007],[59.51229,36.31006],[59.51228,36.31006]]]}},{"type":"Feature","properties":{},"geometry":{"type":"Polygon","coordinates":[[[59.51221,36.31005],[59.51202,36.31001],[59.51201,36.31],[59.51198,36.30992],[59.51198,36.30991],[59.5122,36.30994],[59.51222,36.30995],[59.51223,36.30997],[59.51221,36.31005],[59.51221,36.31005]]]}},{"type":"Feature","properties":{},"geometry":{"type":"Polygon","coordinates":[[[59.51188,36.31017],[59.51201,36.31005],[59.51202,36.31005],[59.51204,36.31005],[59.51219,36.31008],[59.5122,36.31009],[59.5122,36.3101],[59.51217,36.31031],[59.51216,36.31033],[59.51215,36.31035],[59.51208,36.31037],[59.51188,36.31024],[59.51193,36.31019],[59.51188,36.31017]]]}},{"type":"Feature","properties":{},"geometry":{"type":"Polygon","coordinates":[[[59.51186,36.31015],[59.5118,36.31011],[59.51171,36.30997],[59.51168,36.30991],[59.51169,36.30988],[59.51172,36.30987],[59.51181,36.30988],[59.51193,36.3099],[59.51195,36.30991],[59.51195,36.30993],[59.51198,36.31],[59.51199,36.31001],[59.51198,36.31002],[59.51186,36.31015]]]}},{"type":"Feature","properties":{},"geometry":{"type":"Polygon","coordinates":[[[59.15424,36.57135],[59.15435,36.57098],[59.15507,36.57112],[59.15497,36.57148],[59.15424,36.57135]]]}},{"type":"Feature","properties":{},"geometry":{"type":"Polygon","coordinates":[[[59.15801,36.56944],[59.15846,36.56953],[59.15861,36.56902],[59.15816,36.56893],[59.15801,36.56944]]]}},{"type":"Feature","properties":{},"geometry":{"type":"Polygon","coordinates":[[[59.64027,36.29056],[59.64031,36.29055],[59.64035,36.29054],[59.64039,36.29055],[59.64043,36.29056],[59.64046,36.29058],[59.64048,36.2906],[59.6405,36.29063],[59.64051,36.29066],[59.6405,36.2907],[59.64049,36.29072],[59.64046,36.29075],[59.64043,36.29077],[59.6404,36.29078],[59.64036,36.29079],[59.64032,36.29078],[59.64028,36.29077],[59.64025,36.29075],[59.64022,36.29073],[59.64021,36.2907],[59.6402,36.29067],[59.64021,36.29064],[59.64022,36.29061],[59.64024,36.29058],[59.64027,36.29056]]]}},{"type":"Feature","properties":{},"geometry":{"type":"Polygon","coordinates":[[[59.6491,36.29059],[59.64914,36.29057],[59.64918,36.29057],[59.64922,36.29057],[59.64926,36.29059],[59.64929,36.29061],[59.64932,36.29064],[59.64933,36.29067],[59.64933,36.2907],[59.64932,36.29074],[59.6493,36.29076],[59.64926,36.29079],[59.64923,36.2908],[59.64918,36.29081],[59.64914,36.2908],[59.6491,36.29079],[59.64907,36.29077],[59.64905,36.29074],[59.64904,36.29071],[59.64904,36.29067],[59.64905,36.29064],[59.64907,36.29061],[59.6491,36.29059]]]}},{"type":"Feature","properties":{},"geometry":{"type":"Polygon","coordinates":[[[59.65024,36.28993],[59.65027,36.28993],[59.6503,36.28993],[59.65033,36.28994],[59.65036,36.28995],[59.65037,36.28998],[59.65038,36.29],[59.65038,36.29003],[59.65037,36.29005],[59.65035,36.29007],[59.65032,36.29008],[59.65029,36.29009],[59.65026,36.29009],[59.65023,36.29008],[59.6502,36.29006],[59.65019,36.29004],[59.65018,36.29001],[59.65018,36.28999],[59.65019,36.28997],[59.65021,36.28995],[59.65024,36.28993]]]}},{"type":"Feature","properties":{},"geometry":{"type":"Polygon","coordinates":[[[59.53434,36.31438],[59.53425,36.31419],[59.53492,36.31398],[59.5351,36.31435],[59.53452,36.31454],[59.53434,36.31438]]]}},{"type":"Feature","properties":{},"geometry":{"type":"Polygon","coordinates":[[[59.66024,36.29001],[59.65997,36.28938],[59.65977,36.28858],[59.65978,36.28839],[59.65982,36.2882],[59.65992,36.28803],[59.66003,36.28792],[59.6602,36.28783],[59.66042,36.2878],[59.66091,36.28764],[59.66103,36.28754],[59.66157,36.28738],[59.66167,36.28753],[59.65998,36.28807],[59.66017,36.28871],[59.66011,36.28872],[59.66017,36.28914],[59.66022,36.28962],[59.66039,36.28996],[59.66024,36.29001]]]}},{"type":"Feature","properties":{},"geometry":{"type":"Polygon","coordinates":[[[59.6642,36.2861],[59.66412,36.28592],[59.66371,36.28603],[59.66377,36.28611],[59.66386,36.28618],[59.664,36.28623],[59.66421,36.28624],[59.66436,36.28624],[59.66561,36.28582],[59.66564,36.28576],[59.66587,36.28568],[59.66602,36.28568],[59.66636,36.28557],[59.6665,36.28548],[59.66659,36.28536],[59.66667,36.2852],[59.66671,36.28504],[59.66671,36.28494],[59.66618,36.28511],[59.66631,36.28538],[59.6642,36.2861]]]}},{"type":"Feature","properties":{},"geometry":{"type":"Polygon","coordinates":[[[59.66238,36.28682],[59.66222,36.28682],[59.66202,36.28675],[59.66344,36.28631],[59.66355,36.28615],[59.6636,36.28628],[59.66358,36.28639],[59.6635,36.28648],[59.6625,36.2868],[59.66238,36.28682]]]}},{"type":"Feature","properties":{},"geometry":{"type":"Polygon","coordinates":[[[59.66693,36.28526],[59.66698,36.28525],[59.66703,36.28524],[59.66708,36.28524],[59.66713,36.28526],[59.66717,36.28528],[59.66721,36.28531],[59.66724,36.28534],[59.66726,36.28538],[59.66727,36.28542],[59.66727,36.28546],[59.66725,36.2855],[59.66723,36.28554],[59.66719,36.28557],[59.66715,36.28559],[59.6671,36.28561],[59.66705,36.28561],[59.667,36.28561],[59.66695,36.2856],[59.6669,36.28558],[59.66686,36.28555],[59.66683,36.28552],[59.66681,36.28548],[59.66681,36.28544],[59.66681,36.2854],[59.66682,36.28536],[59.66685,36.28532],[59.66689,36.28529],[59.66693,36.28526]]]}},{"type":"Feature","properties":{},"geometry":{"type":"Polygon","coordinates":[[[59.53644,36.31375],[59.53634,36.31354],[59.53675,36.31342],[59.53685,36.31363],[59.53644,36.31375]]]}},{"type":"Feature","properties":{},"geometry":{"type":"Polygon","coordinates":[[[59.53852,36.31148],[59.53857,36.31145],[59.53864,36.31144],[59.5387,36.31144],[59.53897,36.31259],[59.53931,36.31406],[59.53934,36.31421],[59.53934,36.31431],[59.53899,36.31441],[59.539,36.31433],[59.53895,36.31422],[59.539,36.3142],[59.53892,36.31403],[59.53905,36.31399],[59.53897,36.31382],[59.53878,36.31387],[59.5387,36.31368],[59.53865,36.31362],[59.53859,36.31347],[59.53863,36.31342],[59.53861,36.31321],[59.53856,36.31292],[59.53861,36.3127],[59.53878,36.31262],[59.53852,36.31148]]]}},{"type":"Feature","properties":{},"geometry":{"type":"Polygon","coordinates":[[[59.53879,36.31526],[59.53858,36.31471],[59.53828,36.3148],[59.53826,36.3148],[59.53824,36.31477],[59.53827,36.31473],[59.53911,36.31448],[59.53916,36.31452],[59.53922,36.31469],[59.53921,36.31472],[59.53917,36.31479],[59.53913,36.3148],[59.53909,36.31483],[59.53909,36.31487],[59.53911,36.31492],[59.5391,36.31493],[59.53914,36.31503],[59.53929,36.31499],[59.53929,36.31512],[59.5388,36.31528],[59.53879,36.31526]]]}},{"type":"Feature","properties":{},"geometry":{"type":"Polygon","coordinates":[[[59.51903,36.31176],[59.51907,36.3117],[59.51912,36.31162],[59.51919,36.31156],[59.51928,36.3115],[59.51937,36.31146],[59.51948,36.31144],[59.51959,36.31144],[59.51973,36.31145],[59.51982,36.31149],[59.51993,36.31155],[59.52,36.31161],[59.52006,36.31168],[59.52009,36.31177],[59.52011,36.31259],[59.5201,36.31271],[59.52003,36.31282],[59.51995,36.31288],[59.51987,36.31294],[59.51977,36.31298],[59.51966,36.31301],[59.51953,36.31301],[59.51941,36.31299],[59.51931,36.31294],[59.51923,36.31289],[59.51916,36.31283],[59.51916,36.31294],[59.51907,36.31293],[59.51926,36.3131],[59.51942,36.31314],[59.51967,36.31316],[59.51983,36.31315],[59.51998,36.3131],[59.52014,36.31302],[59.52026,36.31294],[59.52026,36.31283],[59.52024,36.31138],[59.51881,36.3114],[59.51881,36.31144],[59.51883,36.31148],[59.51888,36.31153],[59.51891,36.31159],[59.51892,36.31163],[59.51894,36.31168],[59.51896,36.31172],[59.51899,36.31174],[59.51903,36.31176]]]}},{"type":"Feature","properties":{},"geometry":{"type":"Polygon","coordinates":[[[59.5357,36.31571],[59.53568,36.3157],[59.53566,36.31569],[59.53534,36.31502],[59.53536,36.315],[59.53538,36.315],[59.53572,36.3157],[59.5357,36.31571]]]}},{"type":"Feature","properties":{},"geometry":{"type":"Polygon","coordinates":[[[59.53824,36.27965],[59.53836,36.27965],[59.53837,36.27971],[59.53903,36.27971],[59.53904,36.27998],[59.53862,36.28007],[59.53857,36.28009],[59.53852,36.28008],[59.53849,36.28006],[59.53845,36.28004],[59.53824,36.27967],[59.53824,36.27965]]]}},{"type":"Feature","properties":{},"geometry":{"type":"Polygon","coordinates":[[[59.77496,36.20987],[59.775,36.20984],[59.77505,36.20981],[59.7751,36.2098],[59.77516,36.20979],[59.77521,36.2098],[59.77526,36.20982],[59.77531,36.20985],[59.77534,36.20989],[59.77536,36.20994],[59.77536,36.20998],[59.77535,36.21003],[59.77532,36.21007],[59.77529,36.2101],[59.77524,36.21013],[59.77519,36.21014],[59.77513,36.21014],[59.77507,36.21013],[59.77502,36.21011],[59.77498,36.21008],[59.77495,36.21005],[59.77493,36.21],[59.77493,36.20996],[59.77494,36.20991],[59.77496,36.20987]]]}},{"type":"Feature","properties":{},"geometry":{"type":"Polygon","coordinates":[[[59.77082,36.20846],[59.77045,36.20819],[59.77063,36.20803],[59.771,36.20831],[59.77082,36.20846]]]}},{"type":"Feature","properties":{},"geometry":{"type":"Polygon","coordinates":[[[59.64312,36.3176],[59.64158,36.31843],[59.64159,36.31844],[59.64162,36.31846],[59.64229,36.31813],[59.64312,36.31764],[59.64312,36.3176]]]}},{"type":"Feature","properties":{"name":"بوستان مادر وکودک"},"geometry":{"type":"Polygon","coordinates":[[[59.53984,36.34421],[59.53962,36.34344],[59.5412,36.34318],[59.54105,36.34267],[59.54108,36.3426],[59.54159,36.34251],[59.54153,36.3423],[59.54441,36.3418],[59.54482,36.34326],[59.54013,36.34413],[59.54015,36.34421],[59.53984,36.34421]]]}},{"type":"Feature","properties":{},"geometry":{"type":"Polygon","coordinates":[[[59.65413,36.31028],[59.65398,36.31018],[59.65379,36.31038],[59.65384,36.31038],[59.65413,36.31028]]]}},{"type":"Feature","properties":{},"geometry":{"type":"Polygon","coordinates":[[[59.47535,36.36365],[59.47526,36.36361],[59.47534,36.36271],[59.47539,36.36271],[59.4755,36.36277],[59.47562,36.36286],[59.47587,36.36305],[59.47586,36.3631],[59.47556,36.36336],[59.47539,36.36359],[59.47535,36.36365]]]}},{"type":"Feature","properties":{},"geometry":{"type":"Polygon","coordinates":[[[59.47501,36.36643],[59.47507,36.36582],[59.47406,36.36575],[59.474,36.36637],[59.47501,36.36643]]]}},{"type":"Feature","properties":{},"geometry":{"type":"Polygon","coordinates":[[[59.62423,36.23395],[59.6242,36.234],[59.62423,36.23403],[59.62427,36.23405],[59.6243,36.23406],[59.62434,36.23407],[59.62437,36.23407],[59.6244,36.23403],[59.62446,36.23404],[59.62448,36.23402],[59.62449,36.234],[59.6245,36.23397],[59.62451,36.23394],[59.62445,36.23391],[59.62447,36.23387],[59.62445,36.23385],[59.62442,36.23383],[59.62439,36.23382],[59.62436,36.23382],[59.62433,36.23382],[59.62431,36.23385],[59.62427,36.23383],[59.62424,36.23385],[59.62422,36.23386],[59.6242,36.23388],[59.62419,36.23391],[59.62419,36.23393],[59.62423,36.23395]]]}},{"type":"Feature","properties":{},"geometry":{"type":"Polygon","coordinates":[[[59.62554,36.23431],[59.62553,36.23433],[59.62552,36.23435],[59.6255,36.23437],[59.62548,36.23438],[59.62545,36.23438],[59.62542,36.23438],[59.6254,36.23437],[59.62538,36.23436],[59.62536,36.23434],[59.62534,36.23434],[59.62532,36.23433],[59.6253,36.23431],[59.62529,36.2343],[59.62529,36.23428],[59.62529,36.23425],[59.6253,36.23423],[59.62532,36.23421],[59.62535,36.2342],[59.62536,36.23418],[59.62537,36.23416],[59.6254,36.23414],[59.62543,36.23414],[59.62546,36.23414],[59.62549,36.23415],[59.62551,36.23417],[59.62552,36.23419],[59.62555,36.23419],[59.62557,36.23421],[59.62558,36.23423],[59.62559,36.23425],[59.62559,36.23427],[59.62558,36.23429],[59.62556,36.2343],[59.62554,36.23431]]]}},{"type":"Feature","properties":{},"geometry":{"type":"Polygon","coordinates":[[[59.47188,36.37727],[59.47203,36.37719],[59.47106,36.37597],[59.47089,36.37601],[59.47188,36.37727]]]}},{"type":"Feature","properties":{},"geometry":{"type":"Polygon","coordinates":[[[59.47934,36.38127],[59.47946,36.38063],[59.47869,36.38054],[59.47857,36.38118],[59.47934,36.38127]]]}},{"type":"Feature","properties":{},"geometry":{"type":"Polygon","coordinates":[[[59.49795,36.37509],[59.49741,36.37454],[59.49804,36.37413],[59.49863,36.37472],[59.49853,36.37477],[59.4985,36.37475],[59.49798,36.37503],[59.498,36.37506],[59.49795,36.37509]]]}},{"type":"Feature","properties":{},"geometry":{"type":"Polygon","coordinates":[[[59.51206,36.29745],[59.51238,36.29723],[59.51196,36.2968],[59.51187,36.29685],[59.51093,36.29594],[59.51075,36.29606],[59.5118,36.29707],[59.51172,36.29714],[59.51206,36.29745]]]}},{"type":"Feature","properties":{},"geometry":{"type":"Polygon","coordinates":[[[59.63293,36.26558],[59.63305,36.2655],[59.63195,36.26431],[59.63196,36.26453],[59.63293,36.26558]]]}},{"type":"Feature","properties":{},"geometry":{"type":"Polygon","coordinates":[[[59.63438,36.26795],[59.63434,36.26773],[59.63308,36.26631],[59.63299,36.26637],[59.63438,36.26795]]]}},{"type":"Feature","properties":{},"geometry":{"type":"Polygon","coordinates":[[[59.63478,36.26751],[59.63314,36.26563],[59.6331,36.26577],[59.63455,36.26746],[59.63478,36.26751]]]}},{"type":"Feature","properties":{},"geometry":{"type":"Polygon","coordinates":[[[59.62896,36.26088],[59.62877,36.2609],[59.6313,36.26375],[59.63155,36.26392],[59.63165,36.26394],[59.63071,36.2629],[59.63093,36.26275],[59.63061,36.26246],[59.63113,36.26244],[59.63113,36.26228],[59.63033,36.2623],[59.63033,36.26218],[59.63008,36.26218],[59.62896,36.26088]]]}},{"type":"Feature","properties":{},"geometry":{"type":"Polygon","coordinates":[[[59.63109,36.28952],[59.63107,36.28929],[59.63155,36.28926],[59.63157,36.28948],[59.63109,36.28952]]]}},{"type":"Feature","properties":{},"geometry":{"type":"Polygon","coordinates":[[[59.63732,36.27095],[59.63725,36.27103],[59.63894,36.27394],[59.63897,36.27385],[59.63897,36.27377],[59.6388,36.27349],[59.63872,36.27343],[59.63825,36.27268],[59.63835,36.27264],[59.63788,36.27184],[59.6381,36.27174],[59.63798,36.27151],[59.63815,36.27144],[59.63801,36.27122],[59.63786,36.27128],[59.6378,36.2712],[59.63755,36.27129],[59.63732,36.27095]]]}},{"type":"Feature","properties":{},"geometry":{"type":"Polygon","coordinates":[[[59.47123,36.31563],[59.47105,36.31587],[59.47112,36.31589],[59.47123,36.31618],[59.47147,36.31611],[59.47123,36.31563]]]}},{"type":"Feature","properties":{},"geometry":{"type":"Polygon","coordinates":[[[59.4958,36.36331],[59.49532,36.36329],[59.49534,36.36296],[59.49505,36.36295],[59.49506,36.36272],[59.49552,36.36273],[59.4955,36.36301],[59.49581,36.36302],[59.4958,36.36331]]]}},{"type":"Feature","properties":{},"geometry":{"type":"Polygon","coordinates":[[[59.49642,36.36396],[59.49603,36.36394],[59.49604,36.36369],[59.49579,36.36368],[59.49581,36.36342],[59.49619,36.36344],[59.49617,36.36369],[59.49644,36.3637],[59.49642,36.36396]]]}},{"type":"Feature","properties":{},"geometry":{"type":"Polygon","coordinates":[[[59.49687,36.36465],[59.49669,36.36464],[59.49671,36.36433],[59.49637,36.36433],[59.49638,36.36403],[59.4969,36.36405],[59.49687,36.36465]]]}},{"type":"Feature","properties":{},"geometry":{"type":"Polygon","coordinates":[[[59.49767,36.36533],[59.49769,36.36503],[59.49744,36.36502],[59.49745,36.36474],[59.49696,36.36473],[59.49694,36.36502],[59.49719,36.36502],[59.49718,36.36532],[59.49767,36.36533]]]}},{"type":"Feature","properties":{},"geometry":{"type":"Polygon","coordinates":[[[59.50387,36.3599],[59.50407,36.35964],[59.50462,36.35991],[59.50387,36.3599]]]}},{"type":"Feature","properties":{},"geometry":{"type":"Polygon","coordinates":[[[59.60395,36.23779],[59.60514,36.23755],[59.60356,36.23818],[59.60311,36.23765],[59.60303,36.23769],[59.60221,36.23727],[59.60077,36.23785],[59.60073,36.23779],[59.60065,36.23781],[59.60061,36.23777],[59.60027,36.23789],[59.60006,36.23761],[59.60053,36.23764],[59.60086,36.23762],[59.60155,36.23738],[59.60205,36.23717],[59.60223,36.23715],[59.60249,36.23721],[59.6035,36.23773],[59.60368,36.23779],[59.60383,36.23781],[59.60395,36.23779]]]}},{"type":"Feature","properties":{},"geometry":{"type":"Polygon","coordinates":[[[59.62484,36.34961],[59.62445,36.35002],[59.62448,36.3501],[59.62436,36.35023],[59.62391,36.3498],[59.62457,36.34935],[59.62479,36.34956],[59.62484,36.34961]]]}},{"type":"Feature","properties":{},"geometry":{"type":"Polygon","coordinates":[[[59.63168,36.27128],[59.63121,36.27084],[59.63111,36.27091],[59.63106,36.27087],[59.63078,36.2711],[59.63131,36.27155],[59.63168,36.27128]]]}},{"type":"Feature","properties":{},"geometry":{"type":"Polygon","coordinates":[[[59.48662,36.3471],[59.48585,36.3471],[59.48511,36.34709],[59.48499,36.34708],[59.48351,36.34709],[59.48351,36.34705],[59.48387,36.34698],[59.4842,36.34696],[59.48497,36.34696],[59.48522,36.34697],[59.48543,36.34698],[59.48576,36.34699],[59.48633,36.34703],[59.48672,36.34707],[59.48662,36.3471]]]}},{"type":"Feature","properties":{},"geometry":{"type":"Polygon","coordinates":[[[59.5126,36.30468],[59.51264,36.30466],[59.51268,36.30466],[59.51273,36.30466],[59.51276,36.30467],[59.5128,36.30469],[59.51282,36.30472],[59.51284,36.30475],[59.51285,36.30478],[59.51284,36.30482],[59.51283,36.30485],[59.5128,36.30488],[59.51277,36.3049],[59.51273,36.30491],[59.51269,36.30491],[59.51265,36.30491],[59.51261,36.3049],[59.51258,36.30488],[59.51255,36.30485],[59.51253,36.30482],[59.51253,36.30479],[59.51253,36.30476],[59.51255,36.30472],[59.51257,36.3047],[59.5126,36.30468]]]}},{"type":"Feature","properties":{},"geometry":{"type":"Polygon","coordinates":[[[59.50179,36.47552],[59.50182,36.47551],[59.50186,36.4755],[59.5019,36.47549],[59.50193,36.4755],[59.50197,36.47552],[59.50199,36.47554],[59.50201,36.47557],[59.50202,36.4756],[59.50201,36.47563],[59.502,36.47566],[59.50197,36.47568],[59.50194,36.4757],[59.50191,36.47571],[59.50187,36.47571],[59.50183,36.4757],[59.5018,36.47569],[59.50177,36.47567],[59.50175,36.47564],[59.50174,36.47561],[59.50175,36.47558],[59.50176,36.47555],[59.50179,36.47552]]]}},{"type":"Feature","properties":{},"geometry":{"type":"Polygon","coordinates":[[[59.51534,36.30888],[59.51534,36.30886],[59.51531,36.30886],[59.51531,36.30874],[59.51518,36.30875],[59.51508,36.30859],[59.51514,36.30859],[59.51508,36.30848],[59.51512,36.30848],[59.51512,36.30838],[59.51515,36.30838],[59.51515,36.3084],[59.51558,36.30839],[59.5156,36.30887],[59.51534,36.30888]]]}},{"type":"Feature","properties":{},"geometry":{"type":"Polygon","coordinates":[[[59.51561,36.30744],[59.5151,36.30713],[59.5151,36.30702],[59.51548,36.30702],[59.51547,36.30651],[59.51559,36.3065],[59.51561,36.30744]]]}},{"type":"Feature","properties":{},"geometry":{"type":"Polygon","coordinates":[[[59.51516,36.30696],[59.51543,36.30696],[59.51542,36.30656],[59.51515,36.30657],[59.51516,36.30696]]]}},{"type":"Feature","properties":{},"geometry":{"type":"Polygon","coordinates":[[[59.51563,36.30761],[59.51546,36.30762],[59.51514,36.30743],[59.51505,36.30744],[59.51485,36.30766],[59.51486,36.30773],[59.51489,36.30797],[59.51477,36.30801],[59.51438,36.30731],[59.51466,36.30692],[59.51563,36.3075],[59.51563,36.30761]]]}},{"type":"Feature","properties":{},"geometry":{"type":"Polygon","coordinates":[[[59.50902,36.32615],[59.50886,36.32581],[59.50884,36.3257],[59.50884,36.32561],[59.50888,36.32552],[59.50901,36.32542],[59.50914,36.32537],[59.50923,36.3255],[59.50906,36.32614],[59.50902,36.32615]]]}},{"type":"Feature","properties":{},"geometry":{"type":"Polygon","coordinates":[[[59.50873,36.32623],[59.50806,36.32586],[59.508,36.32574],[59.50822,36.32569],[59.50833,36.3257],[59.50844,36.32575],[59.50854,36.32583],[59.50862,36.32594],[59.50876,36.32621],[59.50873,36.32623]]]}},{"type":"Feature","properties":{},"geometry":{"type":"Polygon","coordinates":[[[59.63889,36.34208],[59.63824,36.34162],[59.63946,36.34042],[59.64019,36.34097],[59.63889,36.34208]]]}},{"type":"Feature","properties":{},"geometry":{"type":"Polygon","coordinates":[[[59.63618,36.34055],[59.63614,36.34052],[59.63739,36.33956],[59.63765,36.33909],[59.63767,36.33899],[59.63765,36.33891],[59.63759,36.33886],[59.6375,36.33883],[59.6374,36.33883],[59.63732,36.33885],[59.63729,36.33882],[59.63785,36.33845],[59.63776,36.33837],[59.63788,36.33831],[59.63822,36.33845],[59.63809,36.3387],[59.63805,36.33896],[59.63798,36.33918],[59.63786,36.3394],[59.63727,36.34002],[59.63702,36.34001],[59.63669,36.34027],[59.63618,36.34055]]]}},{"type":"Feature","properties":{},"geometry":{"type":"Polygon","coordinates":[[[59.65582,36.20435],[59.65574,36.20426],[59.65576,36.20423],[59.65587,36.20426],[59.65582,36.20435]]]}},{"type":"Feature","properties":{},"geometry":{"type":"Polygon","coordinates":[[[59.65566,36.20444],[59.65573,36.2043],[59.65578,36.20438],[59.65566,36.20444]]]}},{"type":"Feature","properties":{},"geometry":{"type":"Polygon","coordinates":[[[59.65551,36.20477],[59.65558,36.20462],[59.65563,36.20467],[59.6556,36.20476],[59.65551,36.20477]]]}},{"type":"Feature","properties":{},"geometry":{"type":"Polygon","coordinates":[[[59.65552,36.20498],[59.65546,36.20494],[59.65553,36.20481],[59.65562,36.20481],[59.65552,36.20498]]]}},{"type":"Feature","properties":{},"geometry":{"type":"Polygon","coordinates":[[[59.65533,36.20514],[59.6554,36.20496],[59.65549,36.20501],[59.6554,36.20514],[59.65533,36.20514]]]}},{"type":"Feature","properties":{},"geometry":{"type":"Polygon","coordinates":[[[59.65535,36.20534],[59.65532,36.20534],[59.65529,36.20529],[59.65535,36.20518],[59.65543,36.20518],[59.65535,36.20534]]]}},{"type":"Feature","properties":{},"geometry":{"type":"Polygon","coordinates":[[[59.65516,36.20545],[59.65523,36.20531],[59.6553,36.2054],[59.65526,36.20542],[59.65523,36.20544],[59.6552,36.20544],[59.65516,36.20545]]]}},{"type":"Feature","properties":{},"geometry":{"type":"Polygon","coordinates":[[[59.64811,36.20326],[59.64819,36.20311],[59.64783,36.20299],[59.64783,36.20303],[59.64784,36.20307],[59.64786,36.20311],[59.64788,36.20314],[59.64791,36.20318],[59.64795,36.2032],[59.64811,36.20326]]]}},{"type":"Feature","properties":{},"geometry":{"type":"Polygon","coordinates":[[[59.64685,36.20328],[59.64708,36.2028],[59.64678,36.2027],[59.64685,36.20328]]]}},{"type":"Feature","properties":{},"geometry":{"type":"Polygon","coordinates":[[[59.65088,36.20404],[59.65093,36.20394],[59.65106,36.20398],[59.65106,36.20403],[59.65103,36.20401],[59.65101,36.20404],[59.65098,36.20403],[59.65097,36.20406],[59.65094,36.20404],[59.65092,36.20407],[59.65088,36.20404]]]}},{"type":"Feature","properties":{},"geometry":{"type":"Polygon","coordinates":[[[59.65149,36.20423],[59.65154,36.20414],[59.65141,36.20409],[59.65137,36.20413],[59.65141,36.20414],[59.65139,36.20417],[59.65143,36.20417],[59.65141,36.2042],[59.65144,36.20421],[59.65144,36.20424],[59.65149,36.20423]]]}},{"type":"Feature","properties":{},"geometry":{"type":"Polygon","coordinates":[[[59.65147,36.20332],[59.6513,36.20367],[59.65117,36.20363],[59.65116,36.20357],[59.65112,36.20353],[59.65127,36.20326],[59.65147,36.20332]]]}},{"type":"Feature","properties":{},"geometry":{"type":"Polygon","coordinates":[[[59.57666,36.3501],[59.57663,36.35005],[59.57602,36.35015],[59.57592,36.35019],[59.57586,36.35025],[59.57564,36.3505],[59.57564,36.35053],[59.57566,36.35055],[59.5757,36.35056],[59.57616,36.35028],[59.57623,36.35026],[59.57632,36.35029],[59.57666,36.3501]]]}},{"type":"Feature","properties":{},"geometry":{"type":"Polygon","coordinates":[[[59.57751,36.3504],[59.57696,36.35009],[59.57706,36.35001],[59.57714,36.35002],[59.57723,36.35004],[59.57727,36.35007],[59.57734,36.35014],[59.57742,36.35028],[59.57751,36.3504]]]}},{"type":"Feature","properties":{"name":"۵۱۲ دستگاه"},"geometry":{"type":"Polygon","coordinates":[[[59.56995,36.32241],[59.57081,36.32224],[59.57044,36.32066],[59.56898,36.32148],[59.56995,36.32241]]]}},{"type":"Feature","properties":{},"geometry":{"type":"Polygon","coordinates":[[[59.57048,36.32051],[59.57156,36.3203],[59.57145,36.31962],[59.57127,36.31961],[59.57123,36.31947],[59.57156,36.31932],[59.57105,36.31901],[59.57064,36.31849],[59.57055,36.31803],[59.57089,36.31752],[59.57134,36.31732],[59.57128,36.31706],[59.56957,36.31741],[59.57048,36.32051]]]}},{"type":"Feature","properties":{},"geometry":{"type":"Polygon","coordinates":[[[59.62519,36.21845],[59.62497,36.21847],[59.62482,36.21647],[59.62473,36.21647],[59.62459,36.21311],[59.62467,36.21304],[59.62481,36.21304],[59.62496,36.2131],[59.62506,36.21319],[59.6251,36.21332],[59.62534,36.21501],[59.62541,36.21614],[59.62542,36.21669],[59.62537,36.21709],[59.62525,36.21762],[59.62522,36.21802],[59.62517,36.2182],[59.62519,36.21845]]]}},{"type":"Feature","properties":{},"geometry":{"type":"Polygon","coordinates":[[[59.62504,36.21247],[59.62453,36.21247],[59.62444,36.21071],[59.62437,36.21067],[59.62409,36.20771],[59.62454,36.20777],[59.62462,36.20877],[59.62457,36.20934],[59.62462,36.20996],[59.62478,36.21136],[59.62504,36.21247]]]}},{"type":"Feature","properties":{},"geometry":{"type":"Polygon","coordinates":[[[59.62487,36.20735],[59.62494,36.20735],[59.62507,36.20839],[59.62526,36.21087],[59.62526,36.21089],[59.62525,36.21091],[59.62523,36.21093],[59.6252,36.21094],[59.62517,36.21095],[59.62514,36.21095],[59.62511,36.21094],[59.62509,36.21093],[59.62507,36.21091],[59.62506,36.21089],[59.62505,36.21087],[59.62494,36.20982],[59.6249,36.20838],[59.62487,36.20735]]]}},{"type":"Feature","properties":{},"geometry":{"type":"Polygon","coordinates":[[[59.17564,36.5469],[59.17575,36.54654],[59.17586,36.54652],[59.17596,36.54646],[59.17602,36.54638],[59.17605,36.54629],[59.17603,36.5462],[59.17598,36.54611],[59.17589,36.54605],[59.17596,36.54584],[59.17795,36.54623],[59.17762,36.54729],[59.17564,36.5469]]]}},{"type":"Feature","properties":{},"geometry":{"type":"Polygon","coordinates":[[[59.53576,36.30414],[59.53583,36.30392],[59.5352,36.30382],[59.53514,36.30405],[59.53544,36.3041],[59.53576,36.30414]]]}},{"type":"Feature","properties":{},"geometry":{"type":"Polygon","coordinates":[[[59.53641,36.30278],[59.53653,36.30232],[59.53661,36.30233],[59.53665,36.30242],[59.5368,36.30326],[59.53635,36.30319],[59.53644,36.30285],[59.53641,36.30278]]]}},{"type":"Feature","properties":{},"geometry":{"type":"Polygon","coordinates":[[[59.5351,36.30298],[59.5356,36.30306],[59.53566,36.3028],[59.53516,36.30272],[59.5351,36.30298]]]}},{"type":"Feature","properties":{},"geometry":{"type":"Polygon","coordinates":[[[59.53395,36.30203],[59.53399,36.30187],[59.53417,36.3019],[59.53413,36.30206],[59.53395,36.30203]]]}},{"type":"Feature","properties":{},"geometry":{"type":"Polygon","coordinates":[[[59.53445,36.30307],[59.53452,36.30304],[59.53458,36.30301],[59.53463,36.30296],[59.53464,36.30293],[59.53471,36.30265],[59.53471,36.30261],[59.53469,36.30256],[59.53466,36.30251],[59.53463,36.30246],[59.53459,36.30242],[59.53479,36.30245],[59.53463,36.3031],[59.53445,36.30307]]]}},{"type":"Feature","properties":{},"geometry":{"type":"Polygon","coordinates":[[[59.53463,36.30322],[59.53469,36.30296],[59.53477,36.30297],[59.53471,36.30323],[59.53463,36.30322]]]}},{"type":"Feature","properties":{},"geometry":{"type":"Polygon","coordinates":[[[59.53469,36.30293],[59.53479,36.30256],[59.53487,36.30258],[59.53478,36.30294],[59.53469,36.30293]]]}},{"type":"Feature","properties":{},"geometry":{"type":"Polygon","coordinates":[[[59.53479,36.30253],[59.53483,36.30239],[59.53491,36.30241],[59.53488,36.30254],[59.53479,36.30253]]]}},{"type":"Feature","properties":{},"geometry":{"type":"Polygon","coordinates":[[[59.62526,36.2127],[59.62533,36.2127],[59.62531,36.21132],[59.62529,36.21106],[59.62526,36.21108],[59.62522,36.2111],[59.62516,36.2111],[59.62511,36.2111],[59.62503,36.21107],[59.62498,36.21105],[59.62493,36.21101],[59.62488,36.21095],[59.62496,36.21137],[59.62526,36.2127]]]}},{"type":"Feature","properties":{},"geometry":{"type":"Polygon","coordinates":[[[59.61822,36.2335],[59.6182,36.23354],[59.61821,36.23359],[59.61823,36.23364],[59.61826,36.23367],[59.61832,36.23369],[59.61837,36.2337],[59.61843,36.23369],[59.61848,36.23367],[59.61851,36.23364],[59.61853,36.2336],[59.61854,36.23356],[59.61853,36.23352],[59.61851,36.23348],[59.61847,36.23346],[59.61842,36.23344],[59.61837,36.23343],[59.61831,36.23344],[59.61826,36.23346],[59.61822,36.2335]]]}},{"type":"Feature","properties":{},"geometry":{"type":"Polygon","coordinates":[[[59.61873,36.23374],[59.61877,36.23365],[59.61888,36.23369],[59.61904,36.23375],[59.61926,36.23379],[59.62123,36.23415],[59.62214,36.2343],[59.62235,36.23431],[59.62262,36.2343],[59.62291,36.23425],[59.62335,36.23415],[59.6238,36.23404],[59.62395,36.23399],[59.62399,36.23398],[59.62403,36.23406],[59.62397,36.23406],[59.6239,36.23406],[59.62336,36.2342],[59.62291,36.23429],[59.62262,36.23433],[59.62236,36.23435],[59.6221,36.23433],[59.62174,36.23428],[59.61903,36.23379],[59.6189,36.23377],[59.61873,36.23374]]]}},{"type":"Feature","properties":{},"geometry":{"type":"Polygon","coordinates":[[[59.61264,36.23176],[59.6126,36.23175],[59.61258,36.23173],[59.61258,36.23172],[59.6126,36.23171],[59.61262,36.23171],[59.61267,36.23173],[59.61418,36.2322],[59.61416,36.23223],[59.61264,36.23176]]]}},{"type":"Feature","properties":{},"geometry":{"type":"Polygon","coordinates":[[[59.61423,36.23226],[59.61425,36.23223],[59.61785,36.23338],[59.61795,36.2334],[59.61792,36.23345],[59.61783,36.23341],[59.61423,36.23226]]]}},{"type":"Feature","properties":{},"geometry":{"type":"Polygon","coordinates":[[[59.61418,36.23245],[59.61414,36.2324],[59.61416,36.23235],[59.61431,36.2324],[59.61418,36.23245]]]}},{"type":"Feature","properties":{},"geometry":{"type":"Polygon","coordinates":[[[59.61405,36.23255],[59.61405,36.23245],[59.61409,36.23244],[59.61411,36.23245],[59.61414,36.23248],[59.61405,36.23255]]]}},{"type":"Feature","properties":{},"geometry":{"type":"Polygon","coordinates":[[[59.61404,36.2324],[59.61408,36.23238],[59.61411,36.23233],[59.61399,36.23229],[59.61404,36.2324]]]}},{"type":"Feature","properties":{},"geometry":{"type":"Polygon","coordinates":[[[59.61429,36.23209],[59.61433,36.23201],[59.61439,36.23201],[59.61441,36.23208],[59.61446,36.23215],[59.61429,36.23209]]]}},{"type":"Feature","properties":{},"geometry":{"type":"Polygon","coordinates":[[[59.61422,36.23208],[59.61426,36.232],[59.61424,36.23197],[59.61409,36.23204],[59.61422,36.23208]]]}},{"type":"Feature","properties":{},"geometry":{"type":"Polygon","coordinates":[[[59.61433,36.23195],[59.6143,36.23193],[59.61441,36.2318],[59.61437,36.23195],[59.61433,36.23195]]]}},{"type":"Feature","properties":{},"geometry":{"type":"Polygon","coordinates":[[[59.48739,36.36593],[59.48751,36.36532],[59.48667,36.36522],[59.48661,36.3656],[59.48664,36.36565],[59.48664,36.36569],[59.48662,36.36572],[59.48658,36.36574],[59.48651,36.36575],[59.4865,36.36583],[59.48739,36.36593]]]}},{"type":"Feature","properties":{},"geometry":{"type":"Polygon","coordinates":[[[59.54406,36.28299],[59.54415,36.28297],[59.54424,36.28299],[59.54431,36.28304],[59.54434,36.28311],[59.54433,36.28319],[59.54427,36.28325],[59.54419,36.28328],[59.5441,36.28328],[59.54401,36.28324],[59.54396,36.28318],[59.54395,36.28311],[59.54399,36.28304],[59.54406,36.28299]]]}},{"type":"Feature","properties":{},"geometry":{"type":"Polygon","coordinates":[[[59.51607,36.30968],[59.5165,36.30967],[59.51651,36.30968],[59.51651,36.30969],[59.51651,36.3097],[59.5165,36.30971],[59.5165,36.30971],[59.51649,36.30972],[59.5165,36.30973],[59.51651,36.30974],[59.51651,36.30975],[59.51651,36.30976],[59.51647,36.30976],[59.51647,36.30969],[59.51641,36.30969],[59.51641,36.3097],[59.51632,36.3097],[59.51632,36.30969],[59.51628,36.30969],[59.51628,36.3097],[59.51624,36.30971],[59.51624,36.30969],[59.5162,36.30969],[59.5162,36.30971],[59.51607,36.30971],[59.51607,36.30968]]]}},{"type":"Feature","properties":{},"geometry":{"type":"Polygon","coordinates":[[[59.51662,36.30981],[59.51662,36.30976],[59.51655,36.30976],[59.51655,36.30969],[59.51668,36.30969],[59.51668,36.30969],[59.5169,36.30969],[59.5169,36.30977],[59.51685,36.30977],[59.51685,36.30973],[59.51679,36.30973],[59.51679,36.30971],[59.51677,36.30971],[59.51677,36.30973],[59.51674,36.30973],[59.51674,36.30975],[59.51677,36.30975],[59.51677,36.30979],[59.51671,36.30979],[59.5167,36.30979],[59.51669,36.3098],[59.51669,36.30981],[59.51662,36.30981]]]}},{"type":"Feature","properties":{},"geometry":{"type":"Polygon","coordinates":[[[59.51853,36.31184],[59.51852,36.31148],[59.51873,36.31148],[59.51874,36.31183],[59.51853,36.31184]]]}},{"type":"Feature","properties":{},"geometry":{"type":"Polygon","coordinates":[[[59.51829,36.31184],[59.51828,36.31149],[59.51849,36.31148],[59.5185,36.31184],[59.51829,36.31184]]]}},{"type":"Feature","properties":{},"geometry":{"type":"Polygon","coordinates":[[[59.51805,36.31185],[59.51804,36.31149],[59.51825,36.31149],[59.51826,36.31185],[59.51805,36.31185]]]}},{"type":"Feature","properties":{},"geometry":{"type":"Polygon","coordinates":[[[59.51781,36.31185],[59.51779,36.3115],[59.51799,36.3115],[59.51801,36.31185],[59.51781,36.31185]]]}},{"type":"Feature","properties":{"name":"میدان شریعتی"},"geometry":{"type":"Polygon","coordinates":[[[59.58612,36.29098],[59.58616,36.29102],[59.58618,36.29107],[59.58617,36.29113],[59.58615,36.29118],[59.5861,36.29122],[59.58604,36.29124],[59.58597,36.29125],[59.58591,36.29124],[59.58585,36.29122],[59.58581,36.29118],[59.58578,36.29113],[59.58578,36.29108],[59.58579,36.29103],[59.58582,36.29099],[59.58587,36.29095],[59.58593,36.29093],[59.586,36.29093],[59.58606,36.29094],[59.58612,36.29098]]]}},{"type":"Feature","properties":{},"geometry":{"type":"Polygon","coordinates":[[[59.51745,36.30963],[59.51775,36.30962],[59.51775,36.30955],[59.51779,36.30955],[59.51779,36.30951],[59.51792,36.3095],[59.51793,36.30954],[59.51778,36.30969],[59.51739,36.3097],[59.51737,36.3092],[59.51798,36.30919],[59.51798,36.30925],[59.5179,36.30925],[59.5179,36.30935],[59.5176,36.30935],[59.5176,36.30944],[59.51744,36.30945],[59.51745,36.30963]]]}},{"type":"Feature","properties":{},"geometry":{"type":"Polygon","coordinates":[[[59.51809,36.3095],[59.5182,36.3095],[59.5182,36.30955],[59.51825,36.30954],[59.51825,36.3096],[59.51854,36.30959],[59.51853,36.30943],[59.51836,36.30944],[59.51836,36.30933],[59.51819,36.30934],[59.51819,36.30918],[59.51895,36.30916],[59.51911,36.3092],[59.51933,36.3094],[59.51928,36.30943],[59.51908,36.30924],[59.51899,36.30922],[59.51893,36.30925],[59.51892,36.30932],[59.51903,36.30943],[59.51892,36.30951],[59.51879,36.30935],[59.51871,36.30935],[59.51873,36.3096],[59.51864,36.30968],[59.51826,36.30969],[59.51825,36.30964],[59.51812,36.30965],[59.51809,36.3095]]]}},{"type":"Feature","properties":{},"geometry":{"type":"Polygon","coordinates":[[[59.51597,36.30734],[59.51596,36.30727],[59.51612,36.30727],[59.51613,36.30734],[59.51597,36.30734]]]}},{"type":"Feature","properties":{},"geometry":{"type":"Polygon","coordinates":[[[59.52242,36.31222],[59.52235,36.31216],[59.52234,36.31214],[59.52235,36.31214],[59.52237,36.31214],[59.52244,36.3122],[59.52242,36.31222]]]}},{"type":"Feature","properties":{"name":"فضای سبز"},"geometry":{"type":"Polygon","coordinates":[[[59.5095,36.3597],[59.5095,36.35973],[59.50945,36.35979],[59.50944,36.35981],[59.50936,36.3599],[59.50929,36.35995],[59.50929,36.35983],[59.5093,36.35965],[59.50936,36.35962],[59.5094,36.35962],[59.50945,36.35964],[59.5095,36.3597]]]}},{"type":"Feature","properties":{},"geometry":{"type":"Polygon","coordinates":[[[59.51235,36.35928],[59.51235,36.35925],[59.5101,36.35926],[59.51011,36.3593],[59.51093,36.3593],[59.51143,36.35929],[59.51207,36.35929],[59.5123,36.35928],[59.51235,36.35928]]]}},{"type":"Feature","properties":{},"geometry":{"type":"Polygon","coordinates":[[[59.51004,36.35926],[59.51003,36.35929],[59.5081,36.35927],[59.50785,36.35925],[59.50809,36.35924],[59.50852,36.35925],[59.50897,36.35925],[59.50941,36.35925],[59.50991,36.35926],[59.51002,36.35926],[59.51004,36.35926]]]}},{"type":"Feature","properties":{},"geometry":{"type":"Polygon","coordinates":[[[59.5119,36.35869],[59.51197,36.35868],[59.51203,36.35866],[59.51202,36.3586],[59.51197,36.35853],[59.5119,36.35837],[59.51189,36.35846],[59.51188,36.35859],[59.51189,36.35864],[59.51189,36.35867],[59.5119,36.35869]]]}},{"type":"Feature","properties":{},"geometry":{"type":"Polygon","coordinates":[[[59.10582,36.07966],[59.10527,36.07996],[59.10587,36.08067],[59.10642,36.08036],[59.10582,36.07966]]]}},{"type":"Feature","properties":{},"geometry":{"type":"Polygon","coordinates":[[[59.52308,36.31352],[59.52286,36.31308],[59.52302,36.31303],[59.52337,36.31337],[59.52308,36.31352]]]}},{"type":"Feature","properties":{},"geometry":{"type":"Polygon","coordinates":[[[59.52262,36.31307],[59.52244,36.31269],[59.5226,36.31263],[59.52296,36.31297],[59.52262,36.31307]]]}},{"type":"Feature","properties":{"name":"باغ رضوان"},"geometry":{"type":"Polygon","coordinates":[[[59.61629,36.29077],[59.61613,36.29051],[59.61614,36.29015],[59.61723,36.28985],[59.61816,36.29052],[59.61767,36.29085],[59.61733,36.29101],[59.61691,36.29067],[59.61629,36.29077]]]}},{"type":"Feature","properties":{},"geometry":{"type":"Polygon","coordinates":[[[59.42501,36.44268],[59.42505,36.44265],[59.42501,36.44233],[59.4249,36.44232],[59.42489,36.44221],[59.42485,36.44217],[59.4246,36.44242],[59.42501,36.44268]]]}},{"type":"Feature","properties":{"name":"آرامستان ابرده"},"geometry":{"type":"Polygon","coordinates":[[[59.25484,36.38475],[59.25464,36.38486],[59.25449,36.3852],[59.25509,36.38537],[59.2558,36.38531],[59.25526,36.38509],[59.25484,36.38475]]]}},{"type":"Feature","properties":{},"geometry":{"type":"Polygon","coordinates":[[[59.40849,36.43488],[59.40852,36.43484],[59.40857,36.43482],[59.40862,36.4348],[59.40867,36.4348],[59.40872,36.4348],[59.40877,36.43481],[59.40882,36.43483],[59.40886,36.43486],[59.40889,36.4349],[59.40891,36.43494],[59.40892,36.43498],[59.40892,36.43502],[59.4089,36.43506],[59.40888,36.4351],[59.40884,36.43513],[59.4088,36.43516],[59.40875,36.43517],[59.40869,36.43518],[59.40864,36.43518],[59.40859,36.43517],[59.40854,36.43515],[59.4085,36.43512],[59.40847,36.43508],[59.40845,36.43504],[59.40844,36.435],[59.40844,36.43496],[59.40846,36.43491],[59.40849,36.43488]]]}},{"type":"Feature","properties":{},"geometry":{"type":"Polygon","coordinates":[[[59.41232,36.43088],[59.41235,36.43085],[59.41239,36.43083],[59.41244,36.43081],[59.41249,36.4308],[59.41254,36.4308],[59.41259,36.43081],[59.41264,36.43082],[59.41269,36.43085],[59.41272,36.43088],[59.41275,36.43091],[59.41276,36.43095],[59.41277,36.43099],[59.41277,36.43104],[59.41275,36.43108],[59.41273,36.43111],[59.41269,36.43114],[59.41265,36.43117],[59.4126,36.43119],[59.41255,36.4312],[59.4125,36.4312],[59.41245,36.43119],[59.4124,36.43117],[59.41236,36.43115],[59.41232,36.43112],[59.4123,36.43108],[59.41228,36.43104],[59.41227,36.431],[59.41228,36.43096],[59.41229,36.43092],[59.41232,36.43088]]]}},{"type":"Feature","properties":{},"geometry":{"type":"Polygon","coordinates":[[[59.52597,36.30943],[59.52595,36.30939],[59.52595,36.30936],[59.526,36.30933],[59.52607,36.30933],[59.5261,36.30931],[59.52615,36.30929],[59.52618,36.30932],[59.52621,36.30939],[59.52623,36.30968],[59.52618,36.3097],[59.52616,36.30971],[59.52614,36.30974],[59.52612,36.30978],[59.52606,36.30981],[59.52601,36.30978],[59.52599,36.30975],[59.52598,36.30972],[59.52596,36.3097],[59.52594,36.30969],[59.52593,36.30968],[59.52585,36.30961],[59.52586,36.30952],[59.52587,36.30948],[59.52589,36.30946],[59.5259,36.30945],[59.52594,36.30945],[59.52596,36.30945],[59.52597,36.30943]]]}},{"type":"Feature","properties":{},"geometry":{"type":"Polygon","coordinates":[[[59.52571,36.30974],[59.52577,36.30981],[59.5259,36.30984],[59.52592,36.30985],[59.52591,36.30987],[59.5259,36.30988],[59.52582,36.30988],[59.52564,36.30988],[59.52566,36.30981],[59.52569,36.30975],[59.52571,36.30974]]]}},{"type":"Feature","properties":{},"geometry":{"type":"Polygon","coordinates":[[[59.52576,36.30966],[59.52585,36.30973],[59.52592,36.30978],[59.52594,36.30981],[59.52593,36.30982],[59.52589,36.30981],[59.52584,36.3098],[59.52577,36.30977],[59.52573,36.30971],[59.52572,36.30969],[59.52573,36.30968],[59.52575,36.30967],[59.52576,36.30966]]]}},{"type":"Feature","properties":{},"geometry":{"type":"Polygon","coordinates":[[[59.52428,36.30639],[59.52439,36.3064],[59.5246,36.30646],[59.52466,36.30652],[59.52512,36.30724],[59.52567,36.30811],[59.52572,36.30816],[59.52592,36.30823],[59.52635,36.30836],[59.52655,36.30835],[59.52717,36.30824],[59.52762,36.30815],[59.52784,36.30814],[59.52813,36.30821],[59.52844,36.30832],[59.52831,36.30844],[59.52819,36.30862],[59.52808,36.30891],[59.52802,36.30901],[59.52793,36.30904],[59.52768,36.30895],[59.52634,36.30858],[59.52615,36.30851],[59.52553,36.30831],[59.52536,36.30805],[59.52508,36.30766],[59.52428,36.30639]]]}},{"type":"Feature","properties":{},"geometry":{"type":"Polygon","coordinates":[[[59.52617,36.31351],[59.52684,36.31368],[59.52691,36.3138],[59.52691,36.31386],[59.52676,36.31416],[59.52598,36.31396],[59.52617,36.31351]]]}},{"type":"Feature","properties":{},"geometry":{"type":"Polygon","coordinates":[[[59.52563,36.31336],[59.52607,36.31348],[59.52588,36.31393],[59.52551,36.31383],[59.52563,36.31336]]]}},{"type":"Feature","properties":{},"geometry":{"type":"Polygon","coordinates":[[[59.52458,36.31352],[59.52376,36.31274],[59.52393,36.3123],[59.52558,36.31279],[59.5256,36.31274],[59.52572,36.31278],[59.52552,36.31327],[59.52558,36.3133],[59.52544,36.31379],[59.52458,36.31352]]]}},{"type":"Feature","properties":{"name":"زمین چمن امام رضا (ع)"},"geometry":{"type":"Polygon","coordinates":[[[59.52966,36.31653],[59.52961,36.31647],[59.52951,36.31649],[59.52888,36.31666],[59.52862,36.31675],[59.52861,36.3168],[59.52903,36.31766],[59.52905,36.31771],[59.5291,36.31779],[59.52922,36.31782],[59.52926,36.31782],[59.53001,36.31758],[59.53005,36.31756],[59.53008,36.3175],[59.53007,36.31744],[59.52991,36.31707],[59.52966,36.31653]]]}},{"type":"Feature","properties":{"name":"زمین چمن ۲۲ بهمن"},"geometry":{"type":"Polygon","coordinates":[[[59.53015,36.30806],[59.53023,36.30807],[59.53033,36.30808],[59.53045,36.30806],[59.53059,36.30802],[59.53069,36.30795],[59.53076,36.30789],[59.53084,36.30776],[59.531,36.30734],[59.53112,36.307],[59.53114,36.30696],[59.5311,36.30695],[59.53109,36.30693],[59.53108,36.3069],[59.53108,36.30686],[59.5311,36.30676],[59.53108,36.30672],[59.53102,36.30663],[59.5311,36.30638],[59.53032,36.30619],[59.53013,36.30665],[59.53004,36.3067],[59.52972,36.30766],[59.52974,36.30777],[59.52979,36.30783],[59.52986,36.3079],[59.52998,36.30799],[59.53008,36.30804],[59.53015,36.30806]]]}},{"type":"Feature","properties":{"name":"مجموعه زمین های تنیس"},"geometry":{"type":"Polygon","coordinates":[[[59.53222,36.30156],[59.53285,36.30167],[59.5331,36.30097],[59.53241,36.30085],[59.53222,36.30156]]]}},{"type":"Feature","properties":{"name":"زمین ورزشی آسفالت خوابگاه ها"},"geometry":{"type":"Polygon","coordinates":[[[59.52998,36.30132],[59.53058,36.30129],[59.53053,36.30058],[59.52992,36.3006],[59.52998,36.30132]]]}},{"type":"Feature","properties":{"name":"زمین ورزشی روباز (آسفالت)"},"geometry":{"type":"Polygon","coordinates":[[[59.53381,36.31525],[59.53326,36.31543],[59.53339,36.31569],[59.53394,36.31552],[59.53381,36.31525]]]}},{"type":"Feature","properties":{"name":"زمین چمن دانشکده علوم تربیتی و روانشناسی"},"geometry":{"type":"Polygon","coordinates":[[[59.53092,36.30137],[59.53219,36.30159],[59.53239,36.30086],[59.53112,36.30064],[59.53092,36.30137]]]}},{"type":"Feature","properties":{"name":"زمین ورزشی روباز بانوان- پیست دوچرخه سواری"},"geometry":{"type":"Polygon","coordinates":[[[59.53218,36.30355],[59.53218,36.30354],[59.53212,36.30353],[59.53132,36.30339],[59.5311,36.30424],[59.53106,36.30442],[59.53181,36.30446],[59.53218,36.30355]]]}},{"type":"Feature","properties":{"name":"زمین چمن دانشکده مهندسی"},"geometry":{"type":"Polygon","coordinates":[[[59.52765,36.31188],[59.52915,36.31232],[59.52944,36.31169],[59.52792,36.31125],[59.52765,36.31188]]]}},{"type":"Feature","properties":{},"geometry":{"type":"Polygon","coordinates":[[[59.55201,36.35969],[59.55304,36.36069],[59.55277,36.36094],[59.55166,36.36038],[59.55182,36.35984],[59.55201,36.35969]]]}},{"type":"Feature","properties":{},"geometry":{"type":"Polygon","coordinates":[[[59.57154,36.35341],[59.57151,36.35334],[59.57147,36.35327],[59.57143,36.3532],[59.57137,36.35314],[59.57131,36.35308],[59.57124,36.35302],[59.57117,36.35298],[59.57108,36.35293],[59.571,36.3529],[59.57091,36.35287],[59.57148,36.35282],[59.57145,36.35285],[59.57144,36.35289],[59.57144,36.35292],[59.57145,36.35296],[59.57147,36.35299],[59.57149,36.35302],[59.57152,36.35304],[59.57156,36.35306],[59.5716,36.35307],[59.57164,36.35308],[59.57154,36.35341]]]}},{"type":"Feature","properties":{"name":"میدان محرابی"},"geometry":{"type":"Polygon","coordinates":[[[59.57068,36.35419],[59.57063,36.35414],[59.5706,36.3541],[59.57057,36.35414],[59.57052,36.35417],[59.57038,36.35414],[59.57028,36.3541],[59.57027,36.35405],[59.57028,36.354],[59.57022,36.35402],[59.57015,36.35403],[59.57006,36.35394],[59.57,36.35387],[59.57002,36.35383],[59.57007,36.35379],[59.56999,36.35378],[59.56993,36.35376],[59.56991,36.35365],[59.5699,36.35356],[59.56995,36.35352],[59.57001,36.35351],[59.56995,36.35348],[59.56991,36.35343],[59.56996,36.35332],[59.57,36.35326],[59.57006,36.35324],[59.57013,36.35325],[59.57011,36.3532],[59.5701,36.35314],[59.57018,36.35307],[59.57028,36.35303],[59.57034,36.35304],[59.57039,36.35307],[59.57039,36.35302],[59.57041,36.35297],[59.57053,36.35294],[59.57066,36.35294],[59.57071,36.35298],[59.57074,36.35303],[59.57078,36.35299],[59.57084,36.35295],[59.57096,36.35298],[59.57106,36.35302],[59.57107,36.35308],[59.57105,36.35313],[59.57112,36.3531],[59.57119,36.3531],[59.57127,36.35316],[59.57134,36.35324],[59.57131,36.3533],[59.57127,36.35334],[59.57134,36.35335],[59.57139,36.35337],[59.57143,36.35347],[59.57143,36.35356],[59.57139,36.3536],[59.57134,36.35362],[59.57139,36.35365],[59.57142,36.35369],[59.57139,36.35378],[59.57132,36.35389],[59.57122,36.35399],[59.57115,36.354],[59.57109,36.35397],[59.57111,36.35403],[59.57109,36.35408],[59.5709,36.35416],[59.57078,36.35418],[59.57068,36.35419]]]}},{"type":"Feature","properties":{},"geometry":{"type":"Polygon","coordinates":[[[59.59185,36.26011],[59.59188,36.26013],[59.59192,36.26012],[59.59192,36.26015],[59.59195,36.26017],[59.59193,36.26019],[59.59194,36.26022],[59.5919,36.26022],[59.59188,36.26025],[59.59185,36.26023],[59.59182,36.26024],[59.59181,36.26021],[59.59178,36.26019],[59.59181,36.26017],[59.5918,36.26014],[59.59183,36.26014],[59.59185,36.26011]]]}},{"type":"Feature","properties":{},"geometry":{"type":"Polygon","coordinates":[[[59.59291,36.26061],[59.59259,36.26037],[59.59247,36.26049],[59.59277,36.26069],[59.59291,36.26061]]]}},{"type":"Feature","properties":{},"geometry":{"type":"Polygon","coordinates":[[[59.59333,36.26088],[59.59317,36.26091],[59.59284,36.26071],[59.59298,36.26064],[59.59333,36.26088]]]}},{"type":"Feature","properties":{},"geometry":{"type":"Polygon","coordinates":[[[59.59345,36.2611],[59.59327,36.26098],[59.59341,36.26095],[59.59351,36.26102],[59.59345,36.2611]]]}},{"type":"Feature","properties":{},"geometry":{"type":"Polygon","coordinates":[[[59.59255,36.26079],[59.59241,36.26063],[59.59242,36.26057],[59.59267,36.26072],[59.59255,36.26079]]]}},{"type":"Feature","properties":{},"geometry":{"type":"Polygon","coordinates":[[[59.59223,36.26096],[59.59214,36.26071],[59.5922,36.26072],[59.59235,36.26089],[59.59223,36.26096]]]}},{"type":"Feature","properties":{},"geometry":{"type":"Polygon","coordinates":[[[59.59228,36.26152],[59.59219,36.26162],[59.59223,36.26172],[59.59234,36.2617],[59.59228,36.26152]]]}},{"type":"Feature","properties":{},"geometry":{"type":"Polygon","coordinates":[[[59.592,36.26118],[59.59215,36.26153],[59.59223,36.26142],[59.59213,36.2611],[59.592,36.26118]]]}},{"type":"Feature","properties":{},"geometry":{"type":"Polygon","coordinates":[[[59.59181,36.26075],[59.59175,36.2606],[59.59182,36.26052],[59.59192,36.26051],[59.59198,36.2607],[59.59181,36.26075]]]}},{"type":"Feature","properties":{},"geometry":{"type":"Polygon","coordinates":[[[59.59086,36.28911],[59.59084,36.289],[59.59111,36.28897],[59.59113,36.28908],[59.59086,36.28911]]]}},{"type":"Feature","properties":{},"geometry":{"type":"Polygon","coordinates":[[[59.59133,36.28905],[59.59132,36.28895],[59.59153,36.28892],[59.59155,36.28903],[59.59133,36.28905]]]}},{"type":"Feature","properties":{},"geometry":{"type":"Polygon","coordinates":[[[59.58989,36.28921],[59.58987,36.2891],[59.59014,36.28907],[59.59016,36.28918],[59.58989,36.28921]]]}},{"type":"Feature","properties":{},"geometry":{"type":"Polygon","coordinates":[[[59.58939,36.28927],[59.58937,36.28916],[59.58964,36.28913],[59.58966,36.28924],[59.58939,36.28927]]]}},{"type":"Feature","properties":{},"geometry":{"type":"Polygon","coordinates":[[[59.59036,36.2891],[59.59029,36.28906],[59.59026,36.28906],[59.59029,36.28922],[59.59034,36.28922],[59.59036,36.2891]]]}},{"type":"Feature","properties":{},"geometry":{"type":"Polygon","coordinates":[[[59.59061,36.28907],[59.59065,36.28902],[59.59069,36.28901],[59.59072,36.28917],[59.59068,36.28918],[59.59061,36.28907]]]}},{"type":"Feature","properties":{},"geometry":{"type":"Polygon","coordinates":[[[59.59039,36.2892],[59.59042,36.28912],[59.59047,36.28913],[59.59051,36.28913],[59.59054,36.28912],[59.59057,36.2891],[59.59062,36.28917],[59.59059,36.28919],[59.59054,36.28921],[59.5905,36.28922],[59.59045,36.28922],[59.59039,36.2892]]]}},{"type":"Feature","properties":{},"geometry":{"type":"Polygon","coordinates":[[[59.59172,36.28901],[59.59171,36.2889],[59.59176,36.28889],[59.59181,36.289],[59.59172,36.28901]]]}},{"type":"Feature","properties":{"name":"مجموعه ورزشی بانوان- زمین چمن فوتبال"},"geometry":{"type":"Polygon","coordinates":[[[59.52313,36.3033],[59.5234,36.30322],[59.52323,36.30287],[59.52296,36.30296],[59.52313,36.3033]]]}},{"type":"Feature","properties":{},"geometry":{"type":"Polygon","coordinates":[[[59.63753,36.22989],[59.63749,36.22987],[59.63746,36.22984],[59.63869,36.22889],[59.63886,36.2287],[59.63898,36.22853],[59.63908,36.22833],[59.63915,36.22814],[59.63918,36.22793],[59.63918,36.22782],[59.63922,36.22777],[59.63932,36.22771],[59.63943,36.2277],[59.63949,36.22774],[59.63952,36.2278],[59.63955,36.22791],[59.6396,36.22809],[59.63945,36.22839],[59.63937,36.22835],[59.63928,36.22836],[59.63917,36.22841],[59.63911,36.22848],[59.63909,36.22856],[59.6391,36.22863],[59.63905,36.22869],[59.63876,36.22894],[59.63753,36.22989]]]}},{"type":"Feature","properties":{},"geometry":{"type":"Polygon","coordinates":[[[59.37926,36.1382],[59.37928,36.13797],[59.37938,36.13774],[59.37925,36.13769],[59.37918,36.1377],[59.37905,36.13771],[59.37895,36.1377],[59.3789,36.13772],[59.37874,36.13775],[59.37871,36.13802],[59.37902,36.13805],[59.37901,36.13825],[59.37926,36.1382]]]}},{"type":"Feature","properties":{},"geometry":{"type":"Polygon","coordinates":[[[59.60202,36.35079],[59.6015,36.35109],[59.60163,36.35121],[59.60191,36.35103],[59.60219,36.35149],[59.60237,36.3517],[59.60246,36.35165],[59.60202,36.35079]]]}},{"type":"Feature","properties":{"name":"قبرستان"},"geometry":{"type":"Polygon","coordinates":[[[59.63915,36.39377],[59.63919,36.39399],[59.63927,36.39463],[59.63899,36.39476],[59.63873,36.395],[59.63786,36.3951],[59.63781,36.39488],[59.63786,36.39451],[59.63813,36.39393],[59.63838,36.3937],[59.63915,36.39377]]]}},{"type":"Feature","properties":{},"geometry":{"type":"Polygon","coordinates":[[[59.59039,36.24023],[59.59026,36.24029],[59.59017,36.24086],[59.59025,36.24089],[59.5903,36.24078],[59.59035,36.24053],[59.59039,36.24023]]]}},{"type":"Feature","properties":{},"geometry":{"type":"Polygon","coordinates":[[[59.58321,36.2923],[59.58336,36.29225],[59.58339,36.29229],[59.58369,36.2922],[59.58353,36.29186],[59.58362,36.29185],[59.58373,36.29196],[59.58386,36.29226],[59.58344,36.2924],[59.58341,36.29235],[59.58332,36.29238],[59.58325,36.29236],[59.58321,36.2923]]]}},{"type":"Feature","properties":{"name":"زمین چمن مصنوعی"},"geometry":{"type":"Polygon","coordinates":[[[59.69001,36.29775],[59.69023,36.29761],[59.6905,36.2979],[59.69036,36.2981],[59.69001,36.29775]]]}},{"type":"Feature","properties":{"name":"بوستان برکت"},"geometry":{"type":"Polygon","coordinates":[[[59.52304,36.34218],[59.52309,36.34329],[59.52302,36.34356],[59.52302,36.34371],[59.5229,36.34415],[59.52284,36.34431],[59.52271,36.34443],[59.52253,36.34451],[59.52229,36.34455],[59.5218,36.34461],[59.5218,36.34453],[59.5208,36.34459],[59.52077,36.34382],[59.51117,36.34432],[59.51107,36.34436],[59.51102,36.34445],[59.51096,36.34446],[59.51097,36.34474],[59.51007,36.34476],[59.51003,36.34485],[59.50978,36.34484],[59.5095,36.34491],[59.50847,36.34433],[59.50824,36.34427],[59.50808,36.34307],[59.50904,36.34349],[59.51117,36.34337],[59.5113,36.34355],[59.51588,36.34262],[59.51632,36.34256],[59.51717,36.34253],[59.51779,36.34253],[59.51823,36.3425],[59.52276,36.34174],[59.5229,36.34219],[59.52304,36.34218]]]}},{"type":"Feature","properties":{},"geometry":{"type":"Polygon","coordinates":[[[59.58669,36.34382],[59.5865,36.34363],[59.58523,36.34441],[59.58539,36.34459],[59.58669,36.34382]]]}},{"type":"Feature","properties":{"name":"هلیوم پارک helium park"},"geometry":{"type":"Polygon","coordinates":[[[59.56283,36.33],[59.56293,36.32977],[59.56265,36.32963],[59.56251,36.32986],[59.56258,36.32989],[59.56283,36.33]]]}},{"type":"Feature","properties":{},"geometry":{"type":"Polygon","coordinates":[[[59.38174,36.40454],[59.38393,36.40764],[59.38334,36.40809],[59.38362,36.4085],[59.3843,36.40806],[59.38606,36.40885],[59.38719,36.40973],[59.38957,36.41365],[59.39049,36.41511],[59.38757,36.41622],[59.38625,36.41596],[59.38462,36.41618],[59.38102,36.41732],[59.37851,36.41769],[59.37923,36.41976],[59.37764,36.42023],[59.37643,36.42035],[59.37574,36.42021],[59.37521,36.42001],[59.37432,36.41811],[59.37274,36.41814],[59.37226,36.41742],[59.37705,36.41574],[59.37881,36.41503],[59.3781,36.41367],[59.37794,36.41099],[59.37825,36.41019],[59.38089,36.40742],[59.3813,36.40613],[59.3804,36.40498],[59.38174,36.40454]]]}},{"type":"Feature","properties":{},"geometry":{"type":"Polygon","coordinates":[[[59.37001,36.41525],[59.36881,36.41725],[59.36949,36.4178],[59.37048,36.41821],[59.37237,36.4199],[59.37262,36.41937],[59.37001,36.41525]]]}},{"type":"Feature","properties":{},"geometry":{"type":"Polygon","coordinates":[[[59.32089,36.40607],[59.31959,36.40711],[59.32078,36.4077],[59.32022,36.40834],[59.32187,36.41092],[59.32206,36.41116],[59.32314,36.41258],[59.32494,36.41324],[59.32548,36.41258],[59.32509,36.41208],[59.32533,36.41176],[59.32714,36.4124],[59.32755,36.41325],[59.32881,36.41477],[59.33147,36.41765],[59.33226,36.41795],[59.33497,36.41551],[59.33547,36.41546],[59.33631,36.41422],[59.33537,36.41368],[59.33459,36.41433],[59.3318,36.41214],[59.33241,36.41138],[59.33025,36.40988],[59.32868,36.41124],[59.32681,36.40961],[59.32637,36.40846],[59.32089,36.40607]]]}},{"type":"Feature","properties":{},"geometry":{"type":"Polygon","coordinates":[[[59.41956,36.47107],[59.41106,36.47767],[59.40525,36.48217],[59.40185,36.48457],[59.39872,36.48679],[59.39396,36.48275],[59.3933,36.48237],[59.39049,36.48325],[59.38802,36.48212],[59.38737,36.48108],[59.38878,36.48041],[59.39158,36.47878],[59.39469,36.4809],[59.39616,36.47985],[59.39457,36.47844],[59.39563,36.47754],[59.39573,36.47731],[59.39476,36.47654],[59.39476,36.47592],[59.39471,36.47503],[59.39527,36.47456],[59.39642,36.47489],[59.39708,36.47457],[59.396,36.47351],[59.39686,36.47231],[59.40004,36.47045],[59.40065,36.47009],[59.4024,36.46906],[59.40244,36.46911],[59.40398,36.47088],[59.40599,36.47043],[59.40652,36.4702],[59.4073,36.46986],[59.4075,36.46977],[59.40787,36.46962],[59.40785,36.46838],[59.40877,36.46784],[59.40964,36.46847],[59.41023,36.46827],[59.41078,36.46839],[59.41137,36.46795],[59.4105,36.46727],[59.41205,36.46595],[59.41364,36.46705],[59.41783,36.46986],[59.41956,36.47107]]]}},{"type":"Feature","properties":{},"geometry":{"type":"Polygon","coordinates":[[[59.39766,36.48867],[59.3993,36.48916],[59.40031,36.49009],[59.40095,36.49025],[59.40238,36.49002],[59.40359,36.49021],[59.40453,36.4908],[59.4074,36.49135],[59.40859,36.48918],[59.40899,36.48769],[59.41077,36.48497],[59.40975,36.48394],[59.40608,36.4822],[59.39766,36.48867]]]}},{"type":"Feature","properties":{},"geometry":{"type":"Polygon","coordinates":[[[59.43324,36.46022],[59.43998,36.46577],[59.44135,36.46486],[59.43501,36.45912],[59.43324,36.46022]]]}},{"type":"Feature","properties":{},"geometry":{"type":"Polygon","coordinates":[[[59.42681,36.46538],[59.43209,36.46943],[59.43231,36.46926],[59.43273,36.46932],[59.43309,36.46902],[59.43369,36.46894],[59.43495,36.46792],[59.43501,36.46787],[59.42914,36.46316],[59.42681,36.46538]]]}},{"type":"Feature","properties":{},"geometry":{"type":"Polygon","coordinates":[[[59.41874,36.46149],[59.41749,36.4627],[59.42498,36.46657],[59.42558,36.46601],[59.41874,36.46149]]]}},{"type":"Feature","properties":{},"geometry":{"type":"Polygon","coordinates":[[[59.42276,36.46866],[59.41801,36.4658],[59.41361,36.46288],[59.41461,36.46224],[59.41718,36.46357],[59.41674,36.46418],[59.4235,36.46784],[59.42276,36.46866]]]}},{"type":"Feature","properties":{},"geometry":{"type":"Polygon","coordinates":[[[59.43495,36.46792],[59.43692,36.46701],[59.43631,36.4661],[59.43074,36.46201],[59.42916,36.4631],[59.43495,36.46792]]]}},{"type":"Feature","properties":{},"geometry":{"type":"Polygon","coordinates":[[[59.44092,36.46672],[59.43922,36.46733],[59.43712,36.46697],[59.43656,36.46607],[59.43368,36.464],[59.43545,36.4623],[59.44092,36.46672]]]}},{"type":"Feature","properties":{},"geometry":{"type":"Polygon","coordinates":[[[59.44179,36.45429],[59.44446,36.45669],[59.44824,36.4601],[59.44905,36.45965],[59.45006,36.4605],[59.45242,36.46251],[59.45492,36.4648],[59.4574,36.46693],[59.45816,36.46715],[59.45984,36.4676],[59.46068,36.46737],[59.46109,36.46578],[59.46172,36.46482],[59.46072,36.46436],[59.46099,36.46312],[59.45998,36.46183],[59.45893,36.46159],[59.45718,36.46274],[59.45001,36.45657],[59.45081,36.45574],[59.44986,36.45488],[59.45021,36.45459],[59.44947,36.45386],[59.44899,36.45417],[59.44599,36.45147],[59.44179,36.45429]]]}},{"type":"Feature","properties":{},"geometry":{"type":"Polygon","coordinates":[[[59.44605,36.45145],[59.44901,36.45407],[59.44956,36.45376],[59.45619,36.45944],[59.45963,36.45689],[59.46314,36.4562],[59.46399,36.4545],[59.46073,36.4529],[59.45758,36.45326],[59.45429,36.45548],[59.44807,36.45016],[59.44605,36.45145]]]}},{"type":"Feature","properties":{},"geometry":{"type":"Polygon","coordinates":[[[59.31156,36.51927],[59.30766,36.5215],[59.30396,36.52323],[59.29945,36.52568],[59.2694,36.50557],[59.26989,36.50431],[59.28147,36.50203],[59.28502,36.50105],[59.31156,36.51927]]]}},{"type":"Feature","properties":{},"geometry":{"type":"Polygon","coordinates":[[[59.31282,36.51905],[59.30913,36.52099],[59.31161,36.52262],[59.31198,36.52222],[59.31309,36.52294],[59.31683,36.52165],[59.31282,36.51905]]]}},{"type":"Feature","properties":{"name":"اراضی فاز یک آبفام"},"geometry":{"type":"Polygon","coordinates":[[[59.27369,36.48691],[59.27305,36.4866],[59.26983,36.48495],[59.26798,36.48417],[59.27132,36.47966],[59.27205,36.47995],[59.27297,36.48036],[59.27317,36.48036],[59.2735,36.48095],[59.27401,36.48099],[59.27427,36.48135],[59.27481,36.48137],[59.27523,36.48164],[59.27369,36.48691]]]}},{"type":"Feature","properties":{},"geometry":{"type":"Polygon","coordinates":[[[59.29071,36.48455],[59.30123,36.49022],[59.30289,36.48882],[59.30329,36.48832],[59.29128,36.48236],[59.29071,36.48455]]]}},{"type":"Feature","properties":{},"geometry":{"type":"Polygon","coordinates":[[[59.29242,36.48904],[59.28927,36.4924],[59.29007,36.49285],[59.29107,36.49192],[59.2959,36.49487],[59.29869,36.49289],[59.29242,36.48904]]]}},{"type":"Feature","properties":{},"geometry":{"type":"Polygon","coordinates":[[[59.24794,36.49832],[59.25297,36.50187],[59.25793,36.50598],[59.26248,36.50982],[59.26374,36.50913],[59.25398,36.50107],[59.24821,36.49684],[59.24802,36.49764],[59.24794,36.49832]]]}},{"type":"Feature","properties":{},"geometry":{"type":"Polygon","coordinates":[[[59.26805,36.52311],[59.26245,36.52773],[59.26744,36.53059],[59.27329,36.52991],[59.27669,36.53234],[59.2779,36.53178],[59.27236,36.52607],[59.26805,36.52311]]]}},{"type":"Feature","properties":{},"geometry":{"type":"Polygon","coordinates":[[[59.28046,36.46694],[59.28045,36.46791],[59.28039,36.46824],[59.28028,36.46883],[59.28023,36.46938],[59.28018,36.46969],[59.28008,36.47013],[59.27994,36.47093],[59.27975,36.47183],[59.27967,36.47226],[59.2796,36.47263],[59.27953,36.47304],[59.2794,36.47346],[59.27921,36.47402],[59.27912,36.47421],[59.279,36.47441],[59.2789,36.47477],[59.30347,36.48759],[59.30421,36.48804],[59.30753,36.48421],[59.30716,36.48172],[59.30555,36.47815],[59.30402,36.47691],[59.3002,36.47572],[59.29842,36.47363],[59.29765,36.4704],[59.29581,36.46804],[59.28651,36.46298],[59.28129,36.45923],[59.28099,36.46],[59.28075,36.46099],[59.28073,36.46129],[59.28067,36.46201],[59.28072,36.46255],[59.28072,36.46395],[59.28083,36.46419],[59.28087,36.46451],[59.28082,36.46508],[59.28061,36.46636],[59.28054,36.46666],[59.28046,36.46694]]]}},{"type":"Feature","properties":{},"geometry":{"type":"Polygon","coordinates":[[[59.27371,36.43264],[59.27253,36.4343],[59.26921,36.43349],[59.26749,36.43252],[59.26487,36.43109],[59.2638,36.43141],[59.26155,36.42839],[59.25994,36.42686],[59.2588,36.42744],[59.25798,36.42701],[59.2574,36.42549],[59.25614,36.42323],[59.25426,36.42279],[59.25082,36.41973],[59.25078,36.41751],[59.25449,36.41791],[59.25678,36.41615],[59.25916,36.41655],[59.26459,36.41979],[59.26682,36.41976],[59.26723,36.42107],[59.26734,36.42365],[59.26612,36.42541],[59.26873,36.4275],[59.27371,36.43264]]]}},{"type":"Feature","properties":{},"geometry":{"type":"Polygon","coordinates":[[[59.37443,36.47327],[59.37861,36.47581],[59.38184,36.47812],[59.3839,36.47718],[59.3832,36.47629],[59.38194,36.47477],[59.3831,36.47411],[59.38096,36.47014],[59.37746,36.46376],[59.37666,36.46225],[59.37097,36.47106],[59.37443,36.47327]]]}},{"type":"Feature","properties":{},"geometry":{"type":"Polygon","coordinates":[[[59.36996,36.47268],[59.36425,36.48102],[59.36709,36.48232],[59.36571,36.48383],[59.36772,36.48573],[59.36731,36.48626],[59.36372,36.48897],[59.36744,36.49217],[59.36865,36.49134],[59.37348,36.48795],[59.37258,36.48724],[59.37331,36.4868],[59.375,36.48556],[59.37569,36.48621],[59.37855,36.48406],[59.37609,36.48213],[59.37346,36.48016],[59.37397,36.47963],[59.37742,36.48102],[59.38091,36.47843],[59.37771,36.47618],[59.37626,36.47525],[59.3756,36.4757],[59.37437,36.47502],[59.36996,36.47268]]]}},{"type":"Feature","properties":{},"geometry":{"type":"Polygon","coordinates":[[[59.51454,36.36024],[59.51453,36.36061],[59.51475,36.36061],[59.51477,36.36025],[59.51454,36.36024]]]}},{"type":"Feature","properties":{},"geometry":{"type":"Polygon","coordinates":[[[59.3527,36.42157],[59.35191,36.42242],[59.35178,36.42371],[59.35274,36.42383],[59.35433,36.42571],[59.35191,36.4302],[59.35221,36.43138],[59.35358,36.43395],[59.35405,36.43481],[59.3562,36.437],[59.35513,36.43902],[59.35517,36.44167],[59.35223,36.4427],[59.35043,36.44393],[59.34862,36.44662],[59.34719,36.44928],[59.35236,36.45271],[59.35169,36.45542],[59.35184,36.45735],[59.35352,36.45824],[59.35343,36.45936],[59.35463,36.46006],[59.35796,36.45691],[59.35993,36.4544],[59.3636,36.45713],[59.36577,36.45647],[59.36989,36.4612],[59.3759,36.45668],[59.37433,36.45359],[59.37137,36.45428],[59.36798,36.44898],[59.36779,36.44864],[59.37,36.44717],[59.36955,36.44624],[59.37068,36.44581],[59.37079,36.44106],[59.36746,36.44177],[59.36575,36.43671],[59.36871,36.43614],[59.36523,36.43269],[59.36425,36.43345],[59.36407,36.43333],[59.35665,36.42732],[59.35659,36.42592],[59.3562,36.42487],[59.3527,36.42157]]]}},{"type":"Feature","properties":{},"geometry":{"type":"Polygon","coordinates":[[[59.30325,36.41361],[59.30062,36.4148],[59.30277,36.41777],[59.30038,36.41918],[59.30126,36.42023],[59.30228,36.42202],[59.30337,36.42347],[59.30625,36.42219],[59.31084,36.42872],[59.31352,36.42794],[59.31564,36.42741],[59.31485,36.42649],[59.31195,36.42554],[59.31146,36.4242],[59.31054,36.42026],[59.30871,36.41769],[59.30749,36.41556],[59.30702,36.41408],[59.30489,36.41501],[59.30325,36.41361]]]}},{"type":"Feature","properties":{},"geometry":{"type":"Polygon","coordinates":[[[59.27928,36.4224],[59.27902,36.42316],[59.28271,36.42413],[59.28382,36.42281],[59.28142,36.42109],[59.28082,36.42266],[59.27928,36.4224]]]}},{"type":"Feature","properties":{},"geometry":{"type":"Polygon","coordinates":[[[59.42681,36.46538],[59.42477,36.46738],[59.42805,36.46964],[59.42976,36.47006],[59.43033,36.47035],[59.43092,36.46996],[59.43097,36.46948],[59.43136,36.46908],[59.43151,36.46907],[59.42681,36.46538]]]}},{"type":"Feature","properties":{},"geometry":{"type":"Polygon","coordinates":[[[59.36301,36.50016],[59.36493,36.5031],[59.36628,36.50419],[59.36986,36.50343],[59.37064,36.50318],[59.37211,36.50244],[59.37442,36.50388],[59.37687,36.50099],[59.37849,36.50209],[59.37955,36.50175],[59.37987,36.50133],[59.37719,36.49993],[59.37733,36.49832],[59.37563,36.4978],[59.37504,36.49729],[59.37199,36.4973],[59.36891,36.49818],[59.36559,36.49915],[59.36301,36.50016]]]}},{"type":"Feature","properties":{},"geometry":{"type":"Polygon","coordinates":[[[59.59017,36.2846],[59.59019,36.28457],[59.59022,36.28455],[59.59025,36.28453],[59.59029,36.28452],[59.59033,36.28452],[59.59037,36.28452],[59.59041,36.28454],[59.59044,36.28456],[59.59046,36.28459],[59.59048,36.28462],[59.59048,36.28465],[59.59047,36.28469],[59.59045,36.28472],[59.59042,36.28474],[59.59039,36.28476],[59.59035,36.28477],[59.59031,36.28477],[59.59027,36.28476],[59.59023,36.28475],[59.5902,36.28473],[59.59018,36.2847],[59.59016,36.28467],[59.59016,36.28463],[59.59017,36.2846]]]}},{"type":"Feature","properties":{},"geometry":{"type":"Polygon","coordinates":[[[59.5824,36.2861],[59.58241,36.28608],[59.58243,36.28607],[59.58245,36.28606],[59.58247,36.28605],[59.5825,36.28605],[59.58252,36.28606],[59.58254,36.28607],[59.58256,36.28608],[59.58257,36.2861],[59.58258,36.28612],[59.58258,36.28614],[59.58257,36.28616],[59.58256,36.28618],[59.58254,36.28619],[59.58252,36.2862],[59.5825,36.28621],[59.58247,36.28621],[59.58245,36.2862],[59.58243,36.28619],[59.58241,36.28618],[59.5824,36.28616],[59.58239,36.28614],[59.58239,36.28612],[59.5824,36.2861]]]}},{"type":"Feature","properties":{"name":"زمین تمرین منزل آباد"},"geometry":{"type":"Polygon","coordinates":[[[59.46951,36.41468],[59.47008,36.41413],[59.47109,36.41482],[59.47052,36.41537],[59.46951,36.41468]]]}},{"type":"Feature","properties":{},"geometry":{"type":"Polygon","coordinates":[[[59.50729,36.32844],[59.50722,36.32844],[59.50695,36.32835],[59.50692,36.32831],[59.50692,36.32826],[59.50705,36.32805],[59.50709,36.32802],[59.50716,36.32802],[59.50742,36.32812],[59.50745,36.32815],[59.50745,36.32821],[59.50734,36.32841],[59.50729,36.32844]]]}},{"type":"Feature","properties":{},"geometry":{"type":"Polygon","coordinates":[[[59.51164,36.32684],[59.51163,36.32678],[59.51174,36.3266],[59.51179,36.32657],[59.51186,36.32656],[59.51209,36.32663],[59.51215,36.32669],[59.51215,36.32677],[59.51205,36.32692],[59.51199,36.32696],[59.51193,36.32696],[59.5117,36.3269],[59.51164,36.32684]]]}},{"type":"Feature","properties":{"name":"بوستان سپیدار"},"geometry":{"type":"Polygon","coordinates":[[[59.53499,36.37182],[59.53528,36.37144],[59.53581,36.3717],[59.53552,36.37208],[59.53499,36.37182]]]}},{"type":"Feature","properties":{},"geometry":{"type":"Polygon","coordinates":[[[59.5322,36.36825],[59.53189,36.36811],[59.53216,36.36772],[59.53247,36.36786],[59.5322,36.36825]]]}},{"type":"Feature","properties":{},"geometry":{"type":"Polygon","coordinates":[[[59.41008,36.32401],[59.41309,36.32531],[59.4134,36.32545],[59.41378,36.32561],[59.41379,36.32563],[59.41378,36.32565],[59.41375,36.32565],[59.41345,36.32553],[59.41306,36.32537],[59.41003,36.32407],[59.4096,36.32394],[59.40917,36.32385],[59.40861,36.32374],[59.40871,36.32372],[59.40877,36.32368],[59.40881,36.32363],[59.40882,36.32357],[59.40878,36.32348],[59.40874,36.32343],[59.41008,36.32401]]]}},{"type":"Feature","properties":{},"geometry":{"type":"Polygon","coordinates":[[[59.43826,36.34167],[59.43823,36.34166],[59.43821,36.34167],[59.43821,36.34169],[59.43843,36.34199],[59.43869,36.34237],[59.43971,36.34362],[59.43972,36.34361],[59.43907,36.3427],[59.43877,36.34231],[59.43826,36.34167]]]}},{"type":"Feature","properties":{},"geometry":{"type":"Polygon","coordinates":[[[59.43709,36.34016],[59.43702,36.34018],[59.43685,36.34007],[59.43682,36.3401],[59.43767,36.34109],[59.43785,36.34127],[59.43803,36.34149],[59.43806,36.3415],[59.43809,36.34149],[59.43808,36.34146],[59.43793,36.34126],[59.43768,36.34089],[59.43732,36.34044],[59.43709,36.34016]]]}},{"type":"Feature","properties":{},"geometry":{"type":"Polygon","coordinates":[[[59.41396,36.32568],[59.41394,36.32572],[59.41392,36.32574],[59.41388,36.32576],[59.4142,36.3259],[59.41462,36.32605],[59.41762,36.32734],[59.42002,36.32839],[59.42094,36.32879],[59.42147,36.32907],[59.42201,36.32938],[59.42553,36.33149],[59.42596,36.3317],[59.42662,36.33209],[59.42662,36.33207],[59.42642,36.33192],[59.42207,36.32933],[59.42152,36.32901],[59.42098,36.32873],[59.42007,36.32832],[59.41765,36.32728],[59.41467,36.32599],[59.41396,36.32568]]]}},{"type":"Feature","properties":{},"geometry":{"type":"Polygon","coordinates":[[[59.52074,36.34243],[59.52065,36.34212],[59.52109,36.34204],[59.52118,36.34235],[59.52074,36.34243]]]}},{"type":"Feature","properties":{},"geometry":{"type":"Polygon","coordinates":[[[59.54248,36.34336],[59.54245,36.34324],[59.54239,36.34325],[59.54242,36.34337],[59.54248,36.34336]]]}},{"type":"Feature","properties":{},"geometry":{"type":"Polygon","coordinates":[[[59.5426,36.34333],[59.54257,36.34322],[59.54251,36.34323],[59.54254,36.34335],[59.5426,36.34333]]]}},{"type":"Feature","properties":{},"geometry":{"type":"Polygon","coordinates":[[[59.54207,36.34341],[59.54197,36.34343],[59.54201,36.34359],[59.54211,36.34357],[59.54207,36.34341]]]}},{"type":"Feature","properties":{},"geometry":{"type":"Polygon","coordinates":[[[59.54227,36.34354],[59.54222,36.34338],[59.54212,36.3434],[59.54217,36.34356],[59.54227,36.34354]]]}},{"type":"Feature","properties":{},"geometry":{"type":"Polygon","coordinates":[[[59.54272,36.34331],[59.54269,36.3432],[59.54263,36.34321],[59.54266,36.34332],[59.54272,36.34331]]]}},{"type":"Feature","properties":{},"geometry":{"type":"Polygon","coordinates":[[[59.34316,36.49553],[59.34337,36.49545],[59.34439,36.49705],[59.34418,36.49713],[59.34355,36.49614],[59.34328,36.49572],[59.34318,36.49556],[59.34316,36.49553],[59.34316,36.49553]]]}},{"type":"Feature","properties":{},"geometry":{"type":"Polygon","coordinates":[[[59.54516,36.30194],[59.5444,36.30297],[59.5443,36.30298],[59.54359,36.30217],[59.54516,36.30194]]]}},{"type":"Feature","properties":{},"geometry":{"type":"Polygon","coordinates":[[[59.54476,36.30133],[59.54366,36.30197],[59.54509,36.30173],[59.54476,36.30133]]]}},{"type":"Feature","properties":{},"geometry":{"type":"Polygon","coordinates":[[[59.54329,36.302],[59.54282,36.30152],[59.54307,36.30108],[59.54375,36.30176],[59.54329,36.302]]]}},{"type":"Feature","properties":{},"geometry":{"type":"Polygon","coordinates":[[[59.5445,36.3036],[59.54392,36.30393],[59.54368,36.30366],[59.54425,36.30333],[59.5445,36.3036]]]}},{"type":"Feature","properties":{},"geometry":{"type":"Polygon","coordinates":[[[59.41979,36.45804],[59.41802,36.45952],[59.42838,36.46333],[59.43042,36.46176],[59.42904,36.46072],[59.42204,36.4591],[59.42229,36.45865],[59.41979,36.45804]]]}},{"type":"Feature","properties":{},"geometry":{"type":"Polygon","coordinates":[[[59.4073,36.41508],[59.40743,36.41724],[59.40913,36.41696],[59.41033,36.41632],[59.41072,36.41551],[59.41069,36.41543],[59.409,36.41497],[59.40889,36.41498],[59.40772,36.41467],[59.4073,36.41508]]]}},{"type":"Feature","properties":{},"geometry":{"type":"Polygon","coordinates":[[[59.55117,36.35847],[59.55105,36.35863],[59.54968,36.35771],[59.54886,36.35729],[59.54886,36.35725],[59.54943,36.35738],[59.55037,36.35797],[59.55117,36.35847]]]}},{"type":"Feature","properties":{"name":"بوستان بهارستان"},"geometry":{"type":"Polygon","coordinates":[[[59.60233,36.34508],[59.60231,36.34427],[59.60134,36.34429],[59.60136,36.34509],[59.60233,36.34508]]]}},{"type":"Feature","properties":{},"geometry":{"type":"Polygon","coordinates":[[[59.4972,36.43937],[59.48233,36.44608],[59.47703,36.44234],[59.47225,36.43984],[59.47102,36.43733],[59.47405,36.43353],[59.47742,36.43124],[59.47806,36.42865],[59.47753,36.42658],[59.48062,36.42478],[59.48422,36.42252],[59.48536,36.42198],[59.48772,36.42078],[59.48959,36.42157],[59.48461,36.42533],[59.48673,36.4277],[59.48873,36.42742],[59.49484,36.42508],[59.49963,36.42823],[59.5031,36.43486],[59.4972,36.43937]]]}},{"type":"Feature","properties":{},"geometry":{"type":"Polygon","coordinates":[[[59.43811,36.39986],[59.42886,36.41162],[59.43436,36.41536],[59.43736,36.41659],[59.43826,36.41673],[59.44712,36.41005],[59.44758,36.40938],[59.44675,36.40718],[59.44637,36.40456],[59.44596,36.40356],[59.44542,36.40297],[59.43811,36.39986]]]}},{"type":"Feature","properties":{},"geometry":{"type":"Polygon","coordinates":[[[59.4645,36.41805],[59.46626,36.41656],[59.46628,36.41651],[59.46619,36.41647],[59.46607,36.41642],[59.4659,36.41643],[59.46443,36.41782],[59.46442,36.41796],[59.4645,36.41805]]]}},{"type":"Feature","properties":{},"geometry":{"type":"Polygon","coordinates":[[[59.46436,36.41823],[59.46281,36.41973],[59.46194,36.42069],[59.46176,36.42087],[59.46159,36.42064],[59.46177,36.42041],[59.46392,36.41831],[59.46403,36.41821],[59.46415,36.41815],[59.46424,36.41815],[59.46432,36.41815],[59.46436,36.41823]]]}},{"type":"Feature","properties":{},"geometry":{"type":"Polygon","coordinates":[[[59.46556,36.41826],[59.46401,36.41983],[59.46307,36.42074],[59.46281,36.42064],[59.46411,36.41948],[59.46535,36.41822],[59.46556,36.41826]]]}},{"type":"Feature","properties":{},"geometry":{"type":"Polygon","coordinates":[[[59.46704,36.41646],[59.46552,36.418],[59.46552,36.41807],[59.4657,36.41806],[59.46736,36.4165],[59.46704,36.41646]]]}},{"type":"Feature","properties":{},"geometry":{"type":"Polygon","coordinates":[[[59.46889,36.41358],[59.46777,36.41472],[59.46606,36.41629],[59.46633,36.4164],[59.46705,36.41577],[59.46804,36.41482],[59.46821,36.41463],[59.46845,36.41419],[59.46889,36.41358]]]}},{"type":"Feature","properties":{"name":"باغ عباچی"},"geometry":{"type":"Polygon","coordinates":[[[59.26532,36.46591],[59.2669,36.46636],[59.26704,36.46578],[59.26717,36.46517],[59.26559,36.46472],[59.26545,36.46535],[59.26532,36.46591]]]}},{"type":"Feature","properties":{},"geometry":{"type":"Polygon","coordinates":[[[59.24695,36.49133],[59.25073,36.49403],[59.25043,36.49463],[59.25059,36.4965],[59.25085,36.49713],[59.26682,36.50919],[59.2634,36.51233],[59.26008,36.51595],[59.2781,36.52861],[59.29126,36.52059],[59.26662,36.50403],[59.27991,36.50169],[59.28632,36.49991],[59.28746,36.49895],[59.28875,36.497],[59.27476,36.48777],[59.26922,36.49418],[59.25541,36.48446],[59.24695,36.49133]]]}},{"type":"Feature","properties":{},"geometry":{"type":"Polygon","coordinates":[[[59.25973,36.53289],[59.27419,36.54185],[59.27702,36.53989],[59.27196,36.53668],[59.26301,36.53071],[59.25973,36.53289]]]}},{"type":"Feature","properties":{},"geometry":{"type":"Polygon","coordinates":[[[59.25242,36.50931],[59.26418,36.51916],[59.26758,36.52164],[59.25747,36.52683],[59.2512,36.52273],[59.24948,36.52159],[59.24122,36.52675],[59.23498,36.52021],[59.24215,36.51361],[59.25242,36.50931]]]}},{"type":"Feature","properties":{},"geometry":{"type":"Polygon","coordinates":[[[59.50597,36.3078],[59.50556,36.3075],[59.50513,36.30791],[59.50554,36.3082],[59.50597,36.3078]]]}},{"type":"Feature","properties":{},"geometry":{"type":"Polygon","coordinates":[[[59.27457,36.48736],[59.27373,36.48692],[59.27418,36.48534],[59.27452,36.48419],[59.2748,36.48319],[59.27523,36.48175],[59.27571,36.48204],[59.27608,36.48211],[59.27558,36.4839],[59.27513,36.48546],[59.27457,36.48736]]]}},{"type":"Feature","properties":{"name":"صنایع دفاع"},"geometry":{"type":"Polygon","coordinates":[[[59.26789,36.48411],[59.26868,36.48303],[59.26927,36.48219],[59.27003,36.48113],[59.27076,36.48017],[59.27113,36.47963],[59.26989,36.47939],[59.26952,36.47921],[59.2686,36.47881],[59.26856,36.4788],[59.26803,36.47969],[59.26721,36.48088],[59.2664,36.48051],[59.26453,36.4797],[59.26366,36.47932],[59.26292,36.48052],[59.26234,36.48138],[59.26236,36.48151],[59.26436,36.48248],[59.26683,36.48365],[59.26789,36.48411]]]}},{"type":"Feature","properties":{},"geometry":{"type":"Polygon","coordinates":[[[59.26368,36.4793],[59.26416,36.47851],[59.26534,36.47894],[59.26781,36.47994],[59.2672,36.48083],[59.26368,36.4793]]]}},{"type":"Feature","properties":{},"geometry":{"type":"Polygon","coordinates":[[[59.26783,36.47991],[59.26837,36.47902],[59.26753,36.47874],[59.26734,36.47866],[59.26676,36.47849],[59.26658,36.47845],[59.26629,36.47837],[59.26595,36.47828],[59.26523,36.47803],[59.2647,36.47756],[59.26418,36.47848],[59.26602,36.47918],[59.26783,36.47991]]]}},{"type":"Feature","properties":{},"geometry":{"type":"Polygon","coordinates":[[[59.49782,36.28422],[59.49781,36.2842],[59.49783,36.28419],[59.49783,36.2841],[59.49781,36.28409],[59.49784,36.28407],[59.49786,36.28409],[59.49786,36.2842],[59.49782,36.28422]]]}},{"type":"Feature","properties":{},"geometry":{"type":"Polygon","coordinates":[[[59.49777,36.28425],[59.49768,36.28416],[59.49769,36.28415],[59.4977,36.28413],[59.49769,36.2841],[59.49779,36.28403],[59.49781,36.28405],[59.49772,36.2841],[59.49773,36.28413],[59.49772,36.28416],[59.49778,36.28422],[59.49779,36.28422],[59.4978,36.28424],[59.49777,36.28425]]]}},{"type":"Feature","properties":{},"geometry":{"type":"Polygon","coordinates":[[[59.4974,36.28434],[59.49742,36.28433],[59.49741,36.28431],[59.49743,36.28429],[59.49741,36.28428],[59.49736,36.28431],[59.4974,36.28434]]]}},{"type":"Feature","properties":{},"geometry":{"type":"Polygon","coordinates":[[[59.49753,36.28437],[59.49754,36.28435],[59.49746,36.28434],[59.49742,36.28437],[59.49744,36.28439],[59.49746,36.28437],[59.49753,36.28437]]]}},{"type":"Feature","properties":{},"geometry":{"type":"Polygon","coordinates":[[[59.4975,36.28429],[59.49748,36.2843],[59.4975,36.28432],[59.49763,36.28433],[59.49766,36.28431],[59.49764,36.2843],[59.49761,36.28431],[59.49756,36.2843],[59.49753,36.2843],[59.4975,36.28429]]]}},{"type":"Feature","properties":{},"geometry":{"type":"Polygon","coordinates":[[[59.49768,36.28431],[59.49766,36.28428],[59.49767,36.28428],[59.49762,36.28423],[59.49759,36.28422],[59.49755,36.28421],[59.49746,36.28427],[59.49744,36.28426],[59.49754,36.28418],[59.49758,36.2842],[59.49761,36.2842],[59.49763,36.2842],[59.49772,36.28428],[59.49768,36.28431]]]}},{"type":"Feature","properties":{},"geometry":{"type":"Polygon","coordinates":[[[59.49773,36.28385],[59.49771,36.28386],[59.49778,36.28393],[59.49778,36.28394],[59.49778,36.28395],[59.49776,36.28396],[59.49779,36.28398],[59.49781,36.28397],[59.49781,36.28395],[59.49781,36.28394],[59.49781,36.28392],[59.49773,36.28385]]]}},{"type":"Feature","properties":{},"geometry":{"type":"Polygon","coordinates":[[[59.49768,36.28384],[59.4977,36.28382],[59.49761,36.28373],[59.49757,36.28376],[59.49758,36.28378],[59.4976,36.28376],[59.49768,36.28384]]]}},{"type":"Feature","properties":{},"geometry":{"type":"Polygon","coordinates":[[[59.49754,36.28399],[59.49757,36.28397],[59.49753,36.28394],[59.4976,36.28389],[59.49752,36.28382],[59.49755,36.2838],[59.49754,36.28378],[59.49749,36.28382],[59.49756,36.28389],[59.49749,36.28394],[59.49754,36.28399]]]}},{"type":"Feature","properties":{},"geometry":{"type":"Polygon","coordinates":[[[59.49756,36.28401],[59.49759,36.284],[59.49762,36.28403],[59.49765,36.28403],[59.49767,36.28403],[59.49769,36.28401],[59.49761,36.28393],[59.49762,36.28392],[59.49771,36.28399],[59.49773,36.28398],[59.49775,36.284],[59.49766,36.28406],[59.49764,36.28405],[59.4976,36.28405],[59.49756,36.28401]]]}},{"type":"Feature","properties":{},"geometry":{"type":"Polygon","coordinates":[[[59.49742,36.28407],[59.49738,36.28403],[59.49731,36.28408],[59.49724,36.28401],[59.49721,36.28403],[59.49719,36.28401],[59.49724,36.28398],[59.49732,36.28405],[59.49739,36.284],[59.49745,36.28405],[59.49742,36.28407]]]}},{"type":"Feature","properties":{},"geometry":{"type":"Polygon","coordinates":[[[59.49741,36.28423],[59.49739,36.28421],[59.49741,36.28419],[59.49733,36.28411],[59.49736,36.28409],[59.49744,36.28417],[59.49746,36.28417],[59.49748,36.28416],[59.49747,36.28412],[59.49745,36.28409],[59.49747,36.28408],[59.49751,36.28412],[59.49751,36.28414],[59.49752,36.28416],[59.49741,36.28423]]]}},{"type":"Feature","properties":{},"geometry":{"type":"Polygon","coordinates":[[[59.49726,36.28416],[59.49723,36.28418],[59.49731,36.28426],[59.49733,36.28426],[59.49735,36.28426],[59.49738,36.28425],[59.49736,36.28423],[59.49735,36.28423],[59.49733,36.28423],[59.49731,36.28422],[59.49726,36.28416]]]}},{"type":"Feature","properties":{},"geometry":{"type":"Polygon","coordinates":[[[59.49721,36.28415],[59.49723,36.28413],[59.49716,36.28406],[59.49718,36.28405],[59.49716,36.28403],[59.49712,36.28406],[59.49721,36.28415]]]}},{"type":"Feature","properties":{},"geometry":{"type":"Polygon","coordinates":[[[59.49672,36.28366],[59.49665,36.28359],[59.49668,36.28353],[59.49671,36.28352],[59.49674,36.28353],[59.49678,36.28355],[59.49677,36.28357],[59.49671,36.28355],[59.49668,36.28359],[59.49674,36.28364],[59.49672,36.28366]]]}},{"type":"Feature","properties":{},"geometry":{"type":"Polygon","coordinates":[[[59.49686,36.28373],[59.49684,36.28371],[59.49682,36.28372],[59.49677,36.28367],[59.49674,36.28369],[59.49682,36.28376],[59.49686,36.28373]]]}},{"type":"Feature","properties":{},"geometry":{"type":"Polygon","coordinates":[[[59.49699,36.28364],[59.49699,36.28361],[59.497,36.28357],[59.49695,36.28352],[59.49691,36.28354],[59.49686,36.28355],[59.49686,36.28357],[59.49691,36.28357],[59.49695,36.28356],[59.49696,36.28357],[59.49695,36.2836],[59.49695,36.28364],[59.49687,36.28369],[59.49689,36.28371],[59.49699,36.28364]]]}},{"type":"Feature","properties":{},"geometry":{"type":"Polygon","coordinates":[[[59.49713,36.28352],[59.4971,36.28351],[59.49707,36.28351],[59.49705,36.28348],[59.49706,36.28345],[59.49703,36.28345],[59.497,36.28349],[59.49706,36.28354],[59.4971,36.28354],[59.49713,36.28355],[59.49723,36.28349],[59.49721,36.28347],[59.49713,36.28352]]]}},{"type":"Feature","properties":{},"geometry":{"type":"Polygon","coordinates":[[[59.49726,36.28347],[59.49724,36.28345],[59.49726,36.28343],[59.49721,36.28338],[59.49723,36.28337],[59.4973,36.28344],[59.49726,36.28347]]]}},{"type":"Feature","properties":{},"geometry":{"type":"Polygon","coordinates":[[[59.49716,36.28358],[59.49717,36.2836],[59.49717,36.28363],[59.49721,36.28367],[59.49723,36.28365],[59.4972,36.28362],[59.49719,36.28359],[59.49722,36.28357],[59.49731,36.28366],[59.49734,36.28364],[59.49725,36.28355],[59.49728,36.28354],[59.49726,36.28352],[59.49716,36.28358]]]}},{"type":"Feature","properties":{},"geometry":{"type":"Polygon","coordinates":[[[59.49741,36.28358],[59.49744,36.28357],[59.49734,36.28347],[59.49729,36.2835],[59.49731,36.28352],[59.49733,36.2835],[59.49741,36.28358]]]}},{"type":"Feature","properties":{},"geometry":{"type":"Polygon","coordinates":[[[59.4975,36.28371],[59.49749,36.28369],[59.49751,36.28368],[59.49745,36.28361],[59.49747,36.2836],[59.49755,36.28368],[59.4975,36.28371]]]}},{"type":"Feature","properties":{},"geometry":{"type":"Polygon","coordinates":[[[59.49726,36.28368],[59.49724,36.2837],[59.49729,36.28375],[59.49736,36.2837],[59.49743,36.28376],[59.49748,36.28373],[59.49746,36.28371],[59.49744,36.28373],[59.49737,36.28366],[59.49729,36.28371],[59.49726,36.28368]]]}},{"type":"Feature","properties":{},"geometry":{"type":"Polygon","coordinates":[[[59.49712,36.28377],[59.49715,36.2838],[59.49708,36.28385],[59.49715,36.28392],[59.49712,36.28394],[59.49714,36.28395],[59.49719,36.28392],[59.49712,36.28385],[59.49719,36.28381],[59.49713,36.28376],[59.49712,36.28377]]]}},{"type":"Feature","properties":{},"geometry":{"type":"Polygon","coordinates":[[[59.49702,36.28367],[59.49704,36.28368],[59.49707,36.28368],[59.49711,36.28372],[59.49709,36.28374],[59.49706,36.28372],[59.49702,36.28371],[59.49699,36.28373],[59.49707,36.28381],[59.49705,36.28383],[59.49697,36.28375],[59.49694,36.28376],[59.49692,36.28374],[59.49702,36.28367]]]}},{"type":"Feature","properties":{},"geometry":{"type":"Polygon","coordinates":[[[59.49695,36.28389],[59.49684,36.28379],[59.49689,36.28376],[59.49692,36.28378],[59.49689,36.2838],[59.49697,36.28388],[59.49695,36.28389]]]}},{"type":"Feature","properties":{},"geometry":{"type":"Polygon","coordinates":[[[59.49709,36.28396],[59.49711,36.28398],[59.49706,36.28401],[59.49697,36.28393],[59.497,36.28391],[59.49707,36.28398],[59.49709,36.28396]]]}},{"type":"Feature","properties":{},"geometry":{"type":"Polygon","coordinates":[[[59.41565,36.43822],[59.41459,36.43922],[59.41484,36.43937],[59.41588,36.43834],[59.41565,36.43822]]]}},{"type":"Feature","properties":{},"geometry":{"type":"Polygon","coordinates":[[[59.40299,36.43001],[59.40321,36.42989],[59.40583,36.42739],[59.40591,36.42729],[59.40609,36.42711],[59.40594,36.42703],[59.40288,36.42994],[59.40299,36.43001]]]}},{"type":"Feature","properties":{"name":"علی جنگی"},"geometry":{"type":"Polygon","coordinates":[[[59.25959,36.48015],[59.25979,36.48026],[59.26008,36.47991],[59.25988,36.4798],[59.25959,36.48015]]]}},{"type":"Feature","properties":{"name":"احسان جنگی"},"geometry":{"type":"Polygon","coordinates":[[[59.26237,36.48191],[59.26242,36.48195],[59.26256,36.48181],[59.26253,36.48179],[59.2625,36.48178],[59.26237,36.48191]]]}},{"type":"Feature","properties":{"name":"میدان سرهنگ"},"geometry":{"type":"Polygon","coordinates":[[[59.26788,36.47091],[59.26788,36.47091],[59.26788,36.4709],[59.26788,36.4709],[59.26789,36.47089],[59.26789,36.47089],[59.2679,36.47089],[59.2679,36.47088],[59.26791,36.47088],[59.26792,36.47088],[59.26792,36.47088],[59.26793,36.47088],[59.26794,36.47088],[59.26794,36.47089],[59.26795,36.47089],[59.26795,36.47089],[59.26796,36.4709],[59.26796,36.4709],[59.26796,36.47091],[59.26796,36.47091],[59.26796,36.47092],[59.26796,36.47093],[59.26796,36.47093],[59.26795,36.47094],[59.26795,36.47094],[59.26794,36.47094],[59.26794,36.47095],[59.26793,36.47095],[59.26792,36.47095],[59.26791,36.47095],[59.26791,36.47095],[59.2679,36.47094],[59.26789,36.47094],[59.26789,36.47094],[59.26788,36.47093],[59.26788,36.47093],[59.26788,36.47092],[59.26788,36.47092],[59.26788,36.47091]]]}},{"type":"Feature","properties":{},"geometry":{"type":"Polygon","coordinates":[[[59.40318,36.24832],[59.40335,36.24848],[59.40295,36.24876],[59.40278,36.24857],[59.40318,36.24832]]]}},{"type":"Feature","properties":{},"geometry":{"type":"Polygon","coordinates":[[[59.21492,36.58551],[59.21501,36.58554],[59.21507,36.58557],[59.21512,36.58558],[59.21518,36.5856],[59.21526,36.58561],[59.21532,36.58562],[59.21542,36.58562],[59.21549,36.58562],[59.2156,36.58561],[59.21568,36.58559],[59.21576,36.58557],[59.21583,36.58555],[59.21589,36.58552],[59.21595,36.58549],[59.21605,36.58543],[59.2161,36.5854],[59.21613,36.58537],[59.21618,36.58532],[59.21622,36.58527],[59.21625,36.58523],[59.21628,36.58519],[59.21632,36.58512],[59.21634,36.58506],[59.21636,36.58499],[59.21637,36.58493],[59.21638,36.58486],[59.21638,36.5848],[59.21636,36.58473],[59.21635,36.58466],[59.21633,36.58461],[59.2163,36.58456],[59.21626,36.58449],[59.21622,36.58443],[59.21619,36.5844],[59.21616,36.58437],[59.21612,36.58434],[59.21609,36.58431],[59.21604,36.58427],[59.216,36.58424],[59.21593,36.58421],[59.21586,36.58418],[59.2158,36.58415],[59.21573,36.58413],[59.21567,36.58412],[59.2156,36.5841],[59.21551,36.58409],[59.21543,36.58409],[59.21536,36.58409],[59.2153,36.5841],[59.21523,36.58411],[59.21516,36.58412],[59.2151,36.58414],[59.21507,36.58415],[59.21504,36.58416],[59.215,36.58417],[59.21563,36.58371],[59.21733,36.58249],[59.2174,36.58243],[59.21749,36.58238],[59.21743,36.58246],[59.21736,36.58253],[59.2173,36.58261],[59.21725,36.58267],[59.21719,36.58275],[59.21713,36.58283],[59.21708,36.5829],[59.21703,36.58298],[59.21698,36.58307],[59.21692,36.58318],[59.2169,36.58323],[59.21686,36.5833],[59.21682,36.58339],[59.21679,36.58347],[59.21674,36.5836],[59.21672,36.58368],[59.2167,36.58375],[59.21668,36.58384],[59.21665,36.58395],[59.21664,36.58403],[59.21663,36.58412],[59.2166,36.58431],[59.21659,36.58448],[59.21658,36.5846],[59.21657,36.58475],[59.21656,36.58491],[59.21655,36.58504],[59.21654,36.58517],[59.21654,36.58529],[59.21653,36.58537],[59.21652,36.58544],[59.21651,36.5855],[59.21649,36.58557],[59.21646,36.58566],[59.21643,36.58574],[59.21639,36.58584],[59.21636,36.5859],[59.21631,36.58598],[59.21627,36.58604],[59.21622,36.58611],[59.21617,36.58617],[59.21612,36.58624],[59.21606,36.5863],[59.21601,36.58634],[59.21597,36.58639],[59.21595,36.5864],[59.21492,36.58551]]]}},{"type":"Feature","properties":{},"geometry":{"type":"Polygon","coordinates":[[[59.21471,36.5856],[59.21475,36.58567],[59.21477,36.58573],[59.21479,36.58577],[59.2148,36.58582],[59.21481,36.58588],[59.21482,36.58593],[59.21481,36.58601],[59.21481,36.58607],[59.21478,36.58615],[59.21476,36.58622],[59.21473,36.58628],[59.21469,36.58633],[59.21465,36.58638],[59.21461,36.58643],[59.21453,36.5865],[59.21449,36.58654],[59.21445,36.58656],[59.21439,36.5866],[59.21432,36.58663],[59.21427,36.58665],[59.21421,36.58667],[59.21412,36.58669],[59.21404,36.58671],[59.21396,36.58672],[59.21388,36.58672],[59.2138,36.58672],[59.21372,36.58671],[59.21363,36.5867],[59.21355,36.58668],[59.21348,36.58666],[59.21343,36.58664],[59.21335,36.5866],[59.21328,36.58656],[59.21324,36.58653],[59.2132,36.58651],[59.21316,36.58648],[59.21313,36.58645],[59.21309,36.58641],[59.21306,36.58637],[59.21302,36.58631],[59.21298,36.58625],[59.21296,36.5862],[59.21294,36.58615],[59.21293,36.5861],[59.21291,36.58604],[59.21291,36.58596],[59.21291,36.5859],[59.21292,36.58585],[59.21293,36.5858],[59.21295,36.58575],[59.21297,36.58569],[59.21299,36.58564],[59.21301,36.58562],[59.21302,36.58559],[59.21304,36.58556],[59.21307,36.58553],[59.21241,36.58601],[59.21057,36.5873],[59.21044,36.5874],[59.21057,36.58734],[59.21063,36.58732],[59.21071,36.58729],[59.21082,36.58724],[59.21097,36.58719],[59.21105,36.58716],[59.21113,36.58713],[59.21122,36.58711],[59.21132,36.58708],[59.21142,36.58705],[59.21155,36.58702],[59.21169,36.58699],[59.21176,36.58698],[59.21185,36.58697],[59.21194,36.58695],[59.21205,36.58694],[59.21221,36.58692],[59.2123,36.58692],[59.21239,36.58691],[59.21252,36.5869],[59.21267,36.5869],[59.21275,36.5869],[59.21288,36.58691],[59.21311,36.58692],[59.21332,36.58692],[59.21347,36.58693],[59.21364,36.58694],[59.21383,36.58695],[59.21399,36.58696],[59.21416,36.58697],[59.21427,36.58697],[59.21437,36.58697],[59.21446,36.58697],[59.21454,36.58697],[59.21462,36.58696],[59.21474,36.58695],[59.21485,36.58693],[59.21496,36.5869],[59.21504,36.58688],[59.21515,36.58685],[59.21522,36.58682],[59.21532,36.58679],[59.2154,36.58676],[59.21549,36.58673],[59.21557,36.58668],[59.21566,36.58663],[59.21573,36.58659],[59.21578,36.58655],[59.2158,36.58653],[59.21471,36.5856]]]}},{"type":"Feature","properties":{},"geometry":{"type":"Polygon","coordinates":[[[59.21538,36.58553],[59.21552,36.58553],[59.21564,36.58551],[59.21577,36.58547],[59.21588,36.58543],[59.21596,36.58538],[59.21603,36.58533],[59.21608,36.58528],[59.21613,36.58523],[59.21618,36.58516],[59.21623,36.58508],[59.21625,36.585],[59.21627,36.58496],[59.21627,36.58491],[59.21628,36.58486],[59.21627,36.58482],[59.21626,36.58473],[59.21624,36.58466],[59.2162,36.58458],[59.21615,36.58452],[59.2161,36.58445],[59.21603,36.58438],[59.21594,36.58432],[59.21585,36.58427],[59.21574,36.58423],[59.21564,36.5842],[59.21552,36.58418],[59.21537,36.58418],[59.21521,36.5842],[59.21508,36.58423],[59.21498,36.58427],[59.21491,36.58429],[59.21482,36.58433],[59.21476,36.58438],[59.21431,36.5847],[59.21413,36.58483],[59.21437,36.58506],[59.21457,36.58524],[59.21464,36.58528],[59.21472,36.58533],[59.2148,36.58537],[59.21486,36.5854],[59.21492,36.58542],[59.21497,36.58545],[59.21503,36.58547],[59.21509,36.58549],[59.21516,36.5855],[59.21524,36.58552],[59.21531,36.58553],[59.21538,36.58553]]]}},{"type":"Feature","properties":{},"geometry":{"type":"Polygon","coordinates":[[[59.21304,36.58591],[59.21304,36.58602],[59.21306,36.58611],[59.2131,36.58622],[59.21316,36.58631],[59.21321,36.58637],[59.21327,36.58643],[59.21333,36.58647],[59.2134,36.58652],[59.21348,36.58656],[59.21359,36.58659],[59.21368,36.58662],[59.21374,36.58663],[59.2138,36.58663],[59.21385,36.58664],[59.21391,36.58664],[59.21402,36.58663],[59.2141,36.58661],[59.2142,36.58658],[59.21429,36.58655],[59.21437,36.5865],[59.21444,36.58645],[59.21452,36.58637],[59.21458,36.58631],[59.21463,36.58622],[59.21466,36.58614],[59.21469,36.58605],[59.21469,36.58593],[59.21467,36.58581],[59.21463,36.58572],[59.21459,36.58564],[59.21456,36.58558],[59.21452,36.58551],[59.21447,36.58544],[59.21442,36.58538],[59.21437,36.58531],[59.2143,36.58525],[59.21423,36.58517],[59.21409,36.58506],[59.21395,36.58493],[59.21365,36.58513],[59.21344,36.58529],[59.21337,36.58534],[59.2133,36.5854],[59.21325,36.58544],[59.21321,36.58549],[59.21318,36.58554],[59.21315,36.58558],[59.21312,36.58562],[59.2131,36.58568],[59.21308,36.58573],[59.21306,36.58579],[59.21304,36.58585],[59.21304,36.58591]]]}},{"type":"Feature","properties":{"name":"گلخانه روحبخش"},"geometry":{"type":"Polygon","coordinates":[[[59.2724,36.48717],[59.2728,36.48668],[59.27195,36.48624],[59.27166,36.4866],[59.2724,36.48717]]]}},{"type":"Feature","properties":{},"geometry":{"type":"Polygon","coordinates":[[[59.51713,36.29678],[59.51399,36.29381],[59.51437,36.29357],[59.51749,36.29659],[59.51713,36.29678]]]}},{"type":"Feature","properties":{"name":"اکو پارک چهل بوستان"},"geometry":{"type":"Polygon","coordinates":[[[59.45735,36.30321],[59.45755,36.30299],[59.45759,36.30285],[59.45758,36.30266],[59.45751,36.30231],[59.45737,36.30216],[59.4572,36.30212],[59.457,36.30208],[59.45661,36.30206],[59.4564,36.30199],[59.45625,36.30185],[59.4562,36.3016],[59.45618,36.30125],[59.456,36.30059],[59.45605,36.30045],[59.45611,36.30036],[59.45615,36.30018],[59.45666,36.29945],[59.45699,36.2988],[59.45731,36.29808],[59.45765,36.29739],[59.45775,36.29708],[59.45774,36.29689],[59.45769,36.29664],[59.45761,36.29629],[59.4576,36.29608],[59.45757,36.29588],[59.45835,36.29597],[59.45853,36.29638],[59.45827,36.29661],[59.4585,36.29696],[59.45872,36.29696],[59.45874,36.29729],[59.45855,36.29742],[59.45807,36.29727],[59.45774,36.29812],[59.45777,36.29844],[59.45737,36.29875],[59.45737,36.2989],[59.45748,36.29909],[59.45775,36.29919],[59.45796,36.2992],[59.45827,36.29905],[59.45862,36.2987],[59.45874,36.29897],[59.45901,36.2993],[59.45931,36.29931],[59.45852,36.29991],[59.45875,36.30008],[59.45846,36.30017],[59.45825,36.30038],[59.45805,36.30009],[59.45778,36.30002],[59.45748,36.30036],[59.45714,36.30046],[59.45694,36.3005],[59.45683,36.3006],[59.45682,36.30079],[59.45694,36.30095],[59.45717,36.30102],[59.45741,36.30094],[59.4575,36.30084],[59.45781,36.30076],[59.45819,36.30078],[59.45838,36.30111],[59.45827,36.30143],[59.45797,36.30172],[59.45779,36.30193],[59.45809,36.30192],[59.45829,36.30215],[59.4582,36.30233],[59.45793,36.30239],[59.45786,36.30254],[59.45783,36.30269],[59.45786,36.3028],[59.45797,36.30284],[59.45819,36.30273],[59.45836,36.30261],[59.45853,36.30257],[59.45869,36.30269],[59.45879,36.30292],[59.45879,36.30308],[59.45849,36.30323],[59.4581,36.30329],[59.45777,36.3032],[59.45785,36.30346],[59.45782,36.30365],[59.45769,36.30354],[59.45759,36.30338],[59.45736,36.30359],[59.45735,36.30321]]]}},{"type":"Feature","properties":{"name":"بوستان خطی قدس"},"geometry":{"type":"Polygon","coordinates":[[[59.6037,36.3418],[59.60475,36.34159],[59.60614,36.34151],[59.60614,36.34154],[59.60355,36.34201],[59.60352,36.34189],[59.6037,36.3418]]]}},{"type":"Feature","properties":{},"geometry":{"type":"Polygon","coordinates":[[[59.64341,36.31702],[59.64244,36.3175],[59.64039,36.31863],[59.64009,36.31872],[59.64002,36.31872],[59.64235,36.31738],[59.64338,36.31698],[59.64341,36.31702]]]}},{"type":"Feature","properties":{},"geometry":{"type":"Polygon","coordinates":[[[59.66436,36.25558],[59.66441,36.25551],[59.66447,36.25546],[59.66452,36.25543],[59.66457,36.2554],[59.66459,36.25535],[59.66458,36.2553],[59.66454,36.25525],[59.66447,36.25522],[59.66435,36.2552],[59.66422,36.2552],[59.66405,36.25521],[59.66392,36.25524],[59.66379,36.25527],[59.6637,36.25532],[59.66364,36.25535],[59.66436,36.25558]]]}},{"type":"Feature","properties":{},"geometry":{"type":"Polygon","coordinates":[[[59.6642,36.25552],[59.66407,36.25547],[59.66417,36.25527],[59.6643,36.25532],[59.6642,36.25552]]]}},{"type":"Feature","properties":{},"geometry":{"type":"Polygon","coordinates":[[[59.66435,36.25557],[59.66448,36.25532],[59.66433,36.25527],[59.6643,36.25532],[59.6642,36.25552],[59.66435,36.25557]]]}},{"type":"Feature","properties":{"name":"باغ طلایی"},"geometry":{"type":"Polygon","coordinates":[[[59.42976,36.32327],[59.42989,36.32334],[59.43028,36.32283],[59.43015,36.32276],[59.42976,36.32327]]]}},{"type":"Feature","properties":{"name":"لوتوس"},"geometry":{"type":"Polygon","coordinates":[[[59.45813,36.43429],[59.45838,36.43454],[59.45875,36.43429],[59.4585,36.43405],[59.45813,36.43429]]]}},{"type":"Feature","properties":{"name":"لوتوس"},"geometry":{"type":"Polygon","coordinates":[[[59.45822,36.43437],[59.45828,36.43434],[59.45828,36.43427],[59.45824,36.43423],[59.45814,36.4343],[59.45822,36.43437]]]}},{"type":"Feature","properties":{},"geometry":{"type":"Polygon","coordinates":[[[59.45827,36.43426],[59.45834,36.43421],[59.45842,36.43428],[59.45858,36.43417],[59.45847,36.43408],[59.45824,36.43423],[59.45827,36.43426]]]}},{"type":"Feature","properties":{},"geometry":{"type":"Polygon","coordinates":[[[59.45848,36.43434],[59.45855,36.43441],[59.45871,36.4343],[59.4586,36.4342],[59.45849,36.43427],[59.45848,36.43434]]]}},{"type":"Feature","properties":{},"geometry":{"type":"Polygon","coordinates":[[[59.45842,36.43432],[59.45833,36.43438],[59.45838,36.43443],[59.45846,36.43437],[59.45842,36.43432]]]}},{"type":"Feature","properties":{"name":"زمین چمن رسالت"},"geometry":{"type":"Polygon","coordinates":[[[59.54944,36.3264],[59.54941,36.32617],[59.54984,36.32613],[59.54988,36.32636],[59.54944,36.3264]]]}},{"type":"Feature","properties":{},"geometry":{"type":"Polygon","coordinates":[[[59.55259,36.53739],[59.55301,36.53703],[59.55289,36.53681],[59.55245,36.53633],[59.55209,36.536],[59.55191,36.53587],[59.55152,36.53608],[59.55259,36.53739]]]}},{"type":"Feature","properties":{},"geometry":{"type":"Polygon","coordinates":[[[59.77059,36.20199],[59.77096,36.20172],[59.77063,36.20156],[59.77029,36.20175],[59.77059,36.20199]]]}},{"type":"Feature","properties":{},"geometry":{"type":"Polygon","coordinates":[[[59.76771,36.20439],[59.76762,36.20399],[59.76724,36.20434],[59.76771,36.20439]]]}},{"type":"Feature","properties":{},"geometry":{"type":"Polygon","coordinates":[[[59.76781,36.20413],[59.76799,36.20374],[59.76794,36.20374],[59.76781,36.2039],[59.76778,36.20406],[59.76781,36.20413]]]}},{"type":"Feature","properties":{},"geometry":{"type":"Polygon","coordinates":[[[59.76694,36.20466],[59.7674,36.20449],[59.7673,36.20447],[59.76715,36.20449],[59.76706,36.20453],[59.76699,36.2046],[59.76694,36.20466]]]}},{"type":"Feature","properties":{},"geometry":{"type":"Polygon","coordinates":[[[59.77265,36.2091],[59.77257,36.20904],[59.7714,36.21005],[59.77149,36.2101],[59.77265,36.2091]]]}},{"type":"Feature","properties":{},"geometry":{"type":"Polygon","coordinates":[[[59.77226,36.21232],[59.77188,36.21203],[59.77173,36.21215],[59.77194,36.21227],[59.77209,36.21233],[59.77226,36.21232]]]}},{"type":"Feature","properties":{"name":"باغ آستان قدس رضوی"},"geometry":{"type":"Polygon","coordinates":[[[59.66159,36.26174],[59.65981,36.26376],[59.66188,36.26638],[59.66295,36.26771],[59.66429,36.2672],[59.66712,36.26607],[59.66226,36.26287],[59.6628,36.26235],[59.66159,36.26174]]]}},{"type":"Feature","properties":{},"geometry":{"type":"Polygon","coordinates":[[[59.62463,36.28712],[59.62409,36.28673],[59.6242,36.28664],[59.62448,36.28682],[59.62468,36.28665],[59.62473,36.28669],[59.62496,36.2865],[59.6252,36.28678],[59.62491,36.28698],[59.62474,36.28702],[59.62463,36.28712]]]}},{"type":"Feature","properties":{},"geometry":{"type":"Polygon","coordinates":[[[59.54895,36.28366],[59.54893,36.28367],[59.54892,36.28368],[59.54891,36.2837],[59.54891,36.28371],[59.54891,36.28373],[59.54893,36.28374],[59.54894,36.28375],[59.54896,36.28376],[59.54899,36.28376],[59.54901,36.28375],[59.54902,36.28374],[59.54903,36.28372],[59.54904,36.2837],[59.54903,36.28369],[59.54902,36.28367],[59.54901,36.28366],[59.54899,36.28365],[59.54897,36.28365],[59.54895,36.28366]]]}},{"type":"Feature","properties":{},"geometry":{"type":"Polygon","coordinates":[[[59.59702,36.30444],[59.59702,36.30446],[59.59702,36.30447],[59.59701,36.30448],[59.597,36.30449],[59.59698,36.3045],[59.59696,36.3045],[59.59695,36.3045],[59.59693,36.30449],[59.59692,36.30448],[59.59691,36.30446],[59.59691,36.30445],[59.59692,36.30443],[59.59693,36.30442],[59.59695,36.30441],[59.59696,36.30441],[59.59698,36.30441],[59.597,36.30442],[59.59701,36.30443],[59.59702,36.30444]]]}},{"type":"Feature","properties":{"name":"آرامستان ارامنه مشهد"},"geometry":{"type":"Polygon","coordinates":[[[59.59342,36.31464],[59.59333,36.31474],[59.59389,36.31515],[59.5943,36.31486],[59.59416,36.31475],[59.59401,36.31487],[59.59395,36.31482],[59.59382,36.31493],[59.59342,36.31464]]]}},{"type":"Feature","properties":{},"geometry":{"type":"Polygon","coordinates":[[[59.58234,36.26336],[59.58309,36.26252],[59.58311,36.26253],[59.58237,36.26338],[59.58093,36.26513],[59.5809,36.26511],[59.58234,36.26336]]]}},{"type":"Feature","properties":{},"geometry":{"type":"Polygon","coordinates":[[[59.61366,36.33202],[59.61285,36.33241],[59.61279,36.33233],[59.61359,36.33193],[59.61366,36.33202]]]}},{"type":"Feature","properties":{},"geometry":{"type":"Polygon","coordinates":[[[59.45094,36.34293],[59.44838,36.34382],[59.44805,36.34389],[59.44765,36.3434],[59.44703,36.34287],[59.44629,36.34239],[59.4456,36.34209],[59.44573,36.34196],[59.44588,36.34141],[59.44593,36.34111],[59.44608,36.34097],[59.44621,36.34087],[59.44636,36.34085],[59.44649,36.34086],[59.44689,36.34137],[59.44731,36.3422],[59.44759,36.34282],[59.44794,36.34303],[59.44834,36.34327],[59.44864,36.34332],[59.44888,36.34331],[59.44995,36.34308],[59.45094,36.34293]]]}},{"type":"Feature","properties":{},"geometry":{"type":"Polygon","coordinates":[[[59.44567,36.34239],[59.44685,36.34309],[59.44737,36.34362],[59.4474,36.34383],[59.44738,36.34386],[59.44734,36.34386],[59.44666,36.3435],[59.44646,36.34337],[59.44635,36.34329],[59.44626,36.34325],[59.44593,36.34329],[59.44542,36.34316],[59.44535,36.34311],[59.44536,36.34303],[59.44542,36.34263],[59.44554,36.3425],[59.44567,36.34239]]]}},{"type":"Feature","properties":{},"geometry":{"type":"Polygon","coordinates":[[[59.39384,36.39637],[59.39356,36.39606],[59.3933,36.3957],[59.39321,36.39566],[59.39233,36.39546],[59.39164,36.39654],[59.3918,36.3969],[59.39209,36.39721],[59.39225,36.39715],[59.39243,36.39736],[59.39318,36.39688],[59.39384,36.39637]]]}},{"type":"Feature","properties":{},"geometry":{"type":"Polygon","coordinates":[[[59.20054,36.57936],[59.19892,36.58082],[59.19823,36.58026],[59.19963,36.57873],[59.20009,36.57894],[59.20054,36.57936]]]}},{"type":"Feature","properties":{},"geometry":{"type":"Polygon","coordinates":[[[59.19869,36.58106],[59.19769,36.58199],[59.19718,36.58171],[59.19809,36.58056],[59.19869,36.58106]]]}},{"type":"Feature","properties":{"name":"بوستان امیر"},"geometry":{"type":"Polygon","coordinates":[[[59.53198,36.38867],[59.53072,36.38928],[59.53115,36.38955],[59.532,36.3887],[59.53198,36.38867]]]}},{"type":"Feature","properties":{},"geometry":{"type":"Polygon","coordinates":[[[59.64164,36.3174],[59.64164,36.31753],[59.64175,36.3176],[59.64492,36.31602],[59.64164,36.3174]]]}},{"type":"Feature","properties":{},"geometry":{"type":"Polygon","coordinates":[[[59.63534,36.26077],[59.6348,36.26081],[59.63483,36.26123],[59.63534,36.26077]]]}},{"type":"Feature","properties":{"name":"آرامستان شترک"},"geometry":{"type":"Polygon","coordinates":[[[59.72748,36.31567],[59.72808,36.31679],[59.72695,36.31727],[59.72659,36.31719],[59.72608,36.31742],[59.72589,36.31725],[59.72645,36.31628],[59.72666,36.31586],[59.72748,36.31567]]]}},{"type":"Feature","properties":{},"geometry":{"type":"Polygon","coordinates":[[[59.26682,36.47018],[59.26661,36.47012],[59.26647,36.47045],[59.26669,36.4705],[59.26682,36.47018]]]}},{"type":"Feature","properties":{},"geometry":{"type":"Polygon","coordinates":[[[59.26829,36.46985],[59.26785,36.46973],[59.26778,36.4699],[59.26823,36.47001],[59.26829,36.46985]]]}},{"type":"Feature","properties":{},"geometry":{"type":"Polygon","coordinates":[[[59.26734,36.46978],[59.26778,36.4699],[59.26785,36.46973],[59.2674,36.46962],[59.26734,36.46978]]]}},{"type":"Feature","properties":{},"geometry":{"type":"Polygon","coordinates":[[[59.27902,36.47242],[59.2786,36.4723],[59.27854,36.47247],[59.27896,36.47258],[59.27902,36.47242]]]}},{"type":"Feature","properties":{},"geometry":{"type":"Polygon","coordinates":[[[59.27287,36.47332],[59.27239,36.47319],[59.27233,36.47333],[59.27281,36.47346],[59.27287,36.47332]]]}}]}