{"type":"FeatureCollection","features":[{"type":"Feature","properties":{"name":"ایستگاه راه آهن شهید رئیسی مشهد","kind":"transit"},"geometry":{"type":"Point","coordinates":[59.62419,36.30456]}},{"type":"Feature","properties":{"name":"مسجد امام سجاد","kind":"shrine"},"geometry":{"type":"Point","coordinates":[59.53205,36.36115]}},{"type":"Feature","properties":{"name":"مسجد گوهرشاد","kind":"shrine"},"geometry":{"type":"Point","coordinates":[59.61456,36.28741]}},{"type":"Feature","properties":{"name":"هتل و رستوران ثامن","kind":"hotel"},"geometry":{"type":"Point","coordinates":[59.44076,36.34143]}},{"type":"Feature","properties":{"name":"مجتمع فرهنگی مذهبی جامعة الحسین","kind":"shrine"},"geometry":{"type":"Point","coordinates":[59.63333,36.27161]}},{"type":"Feature","properties":{"name":"خانه چای","kind":"food"},"geometry":{"type":"Point","coordinates":[59.57327,36.29577]}},{"type":"Feature","properties":{"name":"خانه چای","kind":"food"},"geometry":{"type":"Point","coordinates":[59.55367,36.31841]}},{"type":"Feature","properties":{"name":"مسجد جامع","kind":"shrine"},"geometry":{"type":"Point","coordinates":[59.16272,36.48042]}},{"type":"Feature","properties":{"name":"مسجد امام خمینی","kind":"shrine"},"geometry":{"type":"Point","coordinates":[59.19787,36.5731]}},{"type":"Feature","properties":{"name":"هتل اطلس","kind":"hotel"},"geometry":{"type":"Point","coordinates":[59.61234,36.28304]}},{"type":"Feature","properties":{"name":"هتل بزرگ رضویه","kind":"hotel"},"geometry":{"type":"Point","coordinates":[59.61352,36.28308]}},{"type":"Feature","properties":{"name":"نیکو","kind":"hotel"},"geometry":{"type":"Point","coordinates":[59.61319,36.28446]}},{"type":"Feature","properties":{"name":"مسجدالنبی","kind":"shrine"},"geometry":{"type":"Point","coordinates":[59.57893,36.28884]}},{"type":"Feature","properties":{"name":"دانشگاه آزاد علوم پایه","kind":"university"},"geometry":{"type":"Point","coordinates":[59.57246,36.30624]}},{"type":"Feature","properties":{"name":"بیمارستان فوق تخصصی ارولوژی ایرانیان","kind":"hospital"},"geometry":{"type":"Point","coordinates":[59.59955,36.28165]}},{"type":"Feature","properties":{"name":"موسسه آموزش عالی غیرانتفاعی تابران ۱","kind":"university"},"geometry":{"type":"Point","coordinates":[59.54502,36.31547]}},{"type":"Feature","properties":{"name":"بیمارستان سینا","kind":"hospital"},"geometry":{"type":"Point","coordinates":[59.59974,36.28148]}},{"type":"Feature","properties":{"name":"حسینیه امام محمد تقی","kind":"shrine"},"geometry":{"type":"Point","coordinates":[59.57547,36.27671]}},{"type":"Feature","properties":{"name":"هتل رازی","kind":"hotel"},"geometry":{"type":"Point","coordinates":[59.59682,36.28457]}},{"type":"Feature","properties":{"name":"مسجد جامع امام خمینی","kind":"shrine"},"geometry":{"type":"Point","coordinates":[59.76882,36.20517]}},{"type":"Feature","properties":{"name":"مسجد امام صادق","kind":"shrine"},"geometry":{"type":"Point","coordinates":[59.59544,36.2941]}},{"type":"Feature","properties":{"name":"معین درباری","kind":"food"},"geometry":{"type":"Point","coordinates":[59.54337,36.29753]}},{"type":"Feature","properties":{"name":"گروه علوم و صنایع غذایی","kind":"university"},"geometry":{"type":"Point","coordinates":[59.5267,36.30541]}},{"type":"Feature","properties":{"name":"دانشگاه فردوسی مشهد","kind":"transit"},"geometry":{"type":"Point","coordinates":[59.53264,36.31727]}},{"type":"Feature","properties":{"name":"پارک ملت","kind":"transit"},"geometry":{"type":"Point","coordinates":[59.533,36.318]}},{"type":"Feature","properties":{"name":"رستوران پسران کریم (فرهاد)","kind":"food"},"geometry":{"type":"Point","coordinates":[59.55993,36.31206]}},{"type":"Feature","properties":{"name":"رستوران ایران ایتالیا","kind":"food"},"geometry":{"type":"Point","coordinates":[59.56198,36.31138]}},{"type":"Feature","properties":{"name":"مسجد المهدی","kind":"shrine"},"geometry":{"type":"Point","coordinates":[59.56536,36.30468]}},{"type":"Feature","properties":{"name":"زائرسرای بانک ملی ایران","kind":"hotel"},"geometry":{"type":"Point","coordinates":[59.5774,36.31833]}},{"type":"Feature","properties":{"name":"رستوران بلبل عنبران","kind":"food"},"geometry":{"type":"Point","coordinates":[59.34418,36.3111]}},{"type":"Feature","properties":{"name":"رستوران کوهسنگی جبل النور","kind":"food"},"geometry":{"type":"Point","coordinates":[59.56165,36.28264]}},{"type":"Feature","properties":{"name":"مسجدالرضا","kind":"shrine"},"geometry":{"type":"Point","coordinates":[59.53304,36.34348]}},{"type":"Feature","properties":{"name":"مسجد امام حسین","kind":"shrine"},"geometry":{"type":"Point","coordinates":[59.47752,36.32179]}},{"type":"Feature","properties":{"name":"مسجد و حسینیه امام حسن مجتبی","kind":"shrine"},"geometry":{"type":"Point","coordinates":[59.62845,36.32004]}},{"type":"Feature","properties":{"name":"هتل آبان","kind":"hotel"},"geometry":{"type":"Point","coordinates":[59.48928,36.32008]}},{"type":"Feature","properties":{"name":"شیشلیک ارم","kind":"food"},"geometry":{"type":"Point","coordinates":[59.31161,36.39593]}},{"type":"Feature","properties":{"name":"رستوران باغ سالار مهستان","kind":"food"},"geometry":{"type":"Point","coordinates":[59.34134,36.40646]}},{"type":"Feature","properties":{"name":"رستوران پدیده شاندیز","kind":"food"},"geometry":{"type":"Point","coordinates":[59.29722,36.39528]}},{"type":"Feature","properties":{"name":"رستوران گراندیس","kind":"food"},"geometry":{"type":"Point","coordinates":[59.36309,36.30937]}},{"type":"Feature","properties":{"name":"رستوران گنجعلی خان","kind":"food"},"geometry":{"type":"Point","coordinates":[59.36291,36.30944]}},{"type":"Feature","properties":{"name":"باغ بهشت","kind":"food"},"geometry":{"type":"Point","coordinates":[59.36542,36.30911]}},{"type":"Feature","properties":{"name":"AX","kind":"food"},"geometry":{"type":"Point","coordinates":[59.56177,36.31142]}},{"type":"Feature","properties":{"name":"فانوس طلایی","kind":"food"},"geometry":{"type":"Point","coordinates":[59.5606,36.31427]}},{"type":"Feature","properties":{"name":"مسجد امام حسن مجتبی","kind":"shrine"},"geometry":{"type":"Point","coordinates":[59.49956,36.3087]}},{"type":"Feature","properties":{"name":"هتل جواهر شرق","kind":"hotel"},"geometry":{"type":"Point","coordinates":[59.61065,36.28146]}},{"type":"Feature","properties":{"name":"رستوران آبنوس","kind":"food"},"geometry":{"type":"Point","coordinates":[59.35697,36.31169]}},{"type":"Feature","properties":{"name":"مسجد توفیق","kind":"shrine"},"geometry":{"type":"Point","coordinates":[59.57125,36.2944]}},{"type":"Feature","properties":{"name":"هتل پارس","kind":"hotel"},"geometry":{"type":"Point","coordinates":[59.60084,36.28865]}},{"type":"Feature","properties":{"name":"مسجد صاحب الزمان","kind":"shrine"},"geometry":{"type":"Point","coordinates":[59.59729,36.2989]}},{"type":"Feature","properties":{"name":"مترو فجر","kind":"transit"},"geometry":{"type":"Point","coordinates":[59.6554,36.31283]}},{"type":"Feature","properties":{"name":"مترو شهید کاوه","kind":"transit"},"geometry":{"type":"Point","coordinates":[59.55004,36.28454]}},{"type":"Feature","properties":{"name":"مترو نبوت","kind":"transit"},"geometry":{"type":"Point","coordinates":[59.64465,36.30602]}},{"type":"Feature","properties":{"name":"مترو راه آهن","kind":"transit"},"geometry":{"type":"Point","coordinates":[59.62292,36.30342]}},{"type":"Feature","properties":{"name":"مترو الندشت","kind":"transit"},"geometry":{"type":"Point","coordinates":[59.57613,36.28771]}},{"type":"Feature","properties":{"name":"مترو سعدی","kind":"transit"},"geometry":{"type":"Point","coordinates":[59.59822,36.29535]}},{"type":"Feature","properties":{"name":"مترو مفتح","kind":"transit"},"geometry":{"type":"Point","coordinates":[59.63771,36.30172]}},{"type":"Feature","properties":{"name":"دانشگاه علمی کاربردی زندان","kind":"university"},"geometry":{"type":"Point","coordinates":[59.49031,36.34107]}},{"type":"Feature","properties":{"name":"رستوران بزرگ شاندیز","kind":"food"},"geometry":{"type":"Point","coordinates":[59.35443,36.4137]}},{"type":"Feature","properties":{"name":"رستوران حسین شیشلیکی","kind":"food"},"geometry":{"type":"Point","coordinates":[59.29553,36.39469]}},{"type":"Feature","properties":{"name":"مسجد صدیقی‌ها","kind":"shrine"},"geometry":{"type":"Point","coordinates":[59.61074,36.28852]}},{"type":"Feature","properties":{"name":"مسجدالزهرا","kind":"shrine"},"geometry":{"type":"Point","coordinates":[59.60498,36.24522]}},{"type":"Feature","properties":{"name":"مسجد امام حسین","kind":"shrine"},"geometry":{"type":"Point","coordinates":[59.62675,36.27468]}},{"type":"Feature","properties":{"name":"مسجد شجره","kind":"shrine"},"geometry":{"type":"Point","coordinates":[59.62355,36.27736]}},{"type":"Feature","properties":{"name":"مسجد المهدی","kind":"shrine"},"geometry":{"type":"Point","coordinates":[59.54463,36.29282]}},{"type":"Feature","properties":{"name":"استانبول","kind":"food"},"geometry":{"type":"Point","coordinates":[59.50979,36.31514]}},{"type":"Feature","properties":{"name":"رستوران کلبه","kind":"food"},"geometry":{"type":"Point","coordinates":[59.50941,36.31535]}},{"type":"Feature","properties":{"name":"مسجد جوادالائمه","kind":"shrine"},"geometry":{"type":"Point","coordinates":[59.55483,36.34283]}},{"type":"Feature","properties":{"name":"مسجد المهدی","kind":"shrine"},"geometry":{"type":"Point","coordinates":[59.59831,36.32508]}},{"type":"Feature","properties":{"name":"رستوران گل سرخ هتل ثامن","kind":"food"},"geometry":{"type":"Point","coordinates":[59.44092,36.34139]}},{"type":"Feature","properties":{"name":"مسجد امام حسین علیه السلام","kind":"shrine"},"geometry":{"type":"Point","coordinates":[59.66856,36.2081]}},{"type":"Feature","properties":{"name":"مسجد چهارده معصوم","kind":"shrine"},"geometry":{"type":"Point","coordinates":[59.58296,36.30959]}},{"type":"Feature","properties":{"name":"آشکده یاران گناباد","kind":"food"},"geometry":{"type":"Point","coordinates":[59.50127,36.33696]}},{"type":"Feature","properties":{"name":"فارد فود","kind":"food"},"geometry":{"type":"Point","coordinates":[59.52533,36.32243]}},{"type":"Feature","properties":{"name":"وکیل آباد","kind":"transit"},"geometry":{"type":"Point","coordinates":[59.44111,36.3459]}},{"type":"Feature","properties":{"name":"رستوران درویش","kind":"food"},"geometry":{"type":"Point","coordinates":[59.58023,36.28931]}},{"type":"Feature","properties":{"name":"رستوران رضایی","kind":"food"},"geometry":{"type":"Point","coordinates":[59.57875,36.30537]}},{"type":"Feature","properties":{"name":"مکتب نرجس","kind":"university"},"geometry":{"type":"Point","coordinates":[59.60084,36.2822]}},{"type":"Feature","properties":{"name":"سنت سرای سندروس","kind":"food"},"geometry":{"type":"Point","coordinates":[59.51439,36.34676]}},{"type":"Feature","properties":{"name":"سنت سرای شن های سفید","kind":"food"},"geometry":{"type":"Point","coordinates":[59.52302,36.32987]}},{"type":"Feature","properties":{"name":"مسجد حضرت ابراهیم","kind":"shrine"},"geometry":{"type":"Point","coordinates":[59.58536,36.28973]}},{"type":"Feature","properties":{"name":"مسجد غدیر باباعلی","kind":"shrine"},"geometry":{"type":"Point","coordinates":[59.61206,36.31417]}},{"type":"Feature","properties":{"name":"کافی شاپ دهکده","kind":"food"},"geometry":{"type":"Point","coordinates":[59.54893,36.32616]}},{"type":"Feature","properties":{"name":"۱۲ امامی‌ها","kind":"shrine"},"geometry":{"type":"Point","coordinates":[59.60597,36.3014]}},{"type":"Feature","properties":{"name":"مسجد سجادیه","kind":"shrine"},"geometry":{"type":"Point","coordinates":[59.6014,36.30061]}},{"type":"Feature","properties":{"name":"کباب شاندیز","kind":"food"},"geometry":{"type":"Point","coordinates":[59.48092,36.31518]}},{"type":"Feature","properties":{"name":"کلبه محبت","kind":"food"},"geometry":{"type":"Point","coordinates":[59.49965,36.32938]}},{"type":"Feature","properties":{"name":"پایانه امام رضا","kind":"transit"},"geometry":{"type":"Point","coordinates":[59.59335,36.26013]}},{"type":"Feature","properties":{"name":"مسجد و حسینیه سیستانی‌ها","kind":"shrine"},"geometry":{"type":"Point","coordinates":[59.58706,36.26528]}},{"type":"Feature","properties":{"name":"رستوران لاله مشهد","kind":"food"},"geometry":{"type":"Point","coordinates":[59.62482,36.29655]}},{"type":"Feature","properties":{"name":"مسجد حضرت زهرا","kind":"shrine"},"geometry":{"type":"Point","coordinates":[59.62561,36.29641]}},{"type":"Feature","properties":{"name":"تی بگ","kind":"food"},"geometry":{"type":"Point","coordinates":[59.52852,36.32014]}},{"type":"Feature","properties":{"name":"مسجد و حسینیه جواهری","kind":"shrine"},"geometry":{"type":"Point","coordinates":[59.59632,36.28132]}},{"type":"Feature","properties":{"name":"مرکز خرید گوهرشاد","kind":"mall"},"geometry":{"type":"Point","coordinates":[59.57482,36.31115]}},{"type":"Feature","properties":{"name":"مسجد امام علی","kind":"shrine"},"geometry":{"type":"Point","coordinates":[59.55055,36.33436]}},{"type":"Feature","properties":{"name":"مجتمع تعلیم و تربیت عباس زادگان","kind":"university"},"geometry":{"type":"Point","coordinates":[59.57141,36.29801]}},{"type":"Feature","properties":{"name":"مسجد ابا عبدالله","kind":"shrine"},"geometry":{"type":"Point","coordinates":[59.59274,36.27252]}},{"type":"Feature","properties":{"name":"مسجد حضرت ابوالفضل","kind":"shrine"},"geometry":{"type":"Point","coordinates":[59.5899,36.27108]}},{"type":"Feature","properties":{"name":"مسجد جواد الائمه","kind":"shrine"},"geometry":{"type":"Point","coordinates":[59.59369,36.26277]}},{"type":"Feature","properties":{"name":"مسجد صنعتگران","kind":"shrine"},"geometry":{"type":"Point","coordinates":[59.60264,36.27404]}},{"type":"Feature","properties":{"name":"بازار مرکزی ساعت","kind":"mall"},"geometry":{"type":"Point","coordinates":[59.60786,36.27945]}},{"type":"Feature","properties":{"name":"مسجد الرسول","kind":"shrine"},"geometry":{"type":"Point","coordinates":[59.58482,36.26489]}},{"type":"Feature","properties":{"name":"مجتمع فرهنگی و حسینیه جوادالائمه","kind":"shrine"},"geometry":{"type":"Point","coordinates":[59.58467,36.26496]}},{"type":"Feature","properties":{"name":"مسجد جفایی","kind":"shrine"},"geometry":{"type":"Point","coordinates":[59.60998,36.28171]}},{"type":"Feature","properties":{"name":"زائرسرای کارکنان شهرداری شاهرود","kind":"hotel"},"geometry":{"type":"Point","coordinates":[59.5993,36.27033]}},{"type":"Feature","properties":{"name":"مسجد المهدی","kind":"shrine"},"geometry":{"type":"Point","coordinates":[59.5849,36.26734]}},{"type":"Feature","properties":{"name":"حسینیه تهرانی‌ها","kind":"shrine"},"geometry":{"type":"Point","coordinates":[59.60384,36.28735]}},{"type":"Feature","properties":{"name":"فروشگاه اتکا شهید حامدی","kind":"mall"},"geometry":{"type":"Point","coordinates":[59.59032,36.27658]}},{"type":"Feature","properties":{"name":"حسینیه چهارده معصوم","kind":"shrine"},"geometry":{"type":"Point","coordinates":[59.59023,36.27613]}},{"type":"Feature","properties":{"name":"حسینیه شهید محمد حسین دلدار","kind":"shrine"},"geometry":{"type":"Point","coordinates":[59.59028,36.27608]}},{"type":"Feature","properties":{"name":"حسینیه انصارالحسین","kind":"shrine"},"geometry":{"type":"Point","coordinates":[59.59713,36.28374]}},{"type":"Feature","properties":{"name":"مسجد و حسینیه اخوان","kind":"shrine"},"geometry":{"type":"Point","coordinates":[59.59359,36.2918]}},{"type":"Feature","properties":{"name":"مسجد و مجتمع فرهنگی خاتم‌الانبیاء","kind":"shrine"},"geometry":{"type":"Point","coordinates":[59.5992,36.29171]}},{"type":"Feature","properties":{"name":"مسجد ولیعصر","kind":"shrine"},"geometry":{"type":"Point","coordinates":[59.59105,36.26363]}},{"type":"Feature","properties":{"name":"مسجد امام حسن مجتبی علیه‌السلام","kind":"shrine"},"geometry":{"type":"Point","coordinates":[59.56975,36.34529]}},{"type":"Feature","properties":{"name":"مسجد و حسینیه ولیعصر","kind":"shrine"},"geometry":{"type":"Point","coordinates":[59.5693,36.29983]}},{"type":"Feature","properties":{"name":"زائرسرای فرهنگیان استان تهران","kind":"hotel"},"geometry":{"type":"Point","coordinates":[59.59935,36.27023]}},{"type":"Feature","properties":{"name":"مسجد الحمید","kind":"shrine"},"geometry":{"type":"Point","coordinates":[59.61599,36.2755]}},{"type":"Feature","properties":{"name":"درمانگاه شبانه روزی آل محمد ص","kind":"hospital"},"geometry":{"type":"Point","coordinates":[59.61479,36.27571]}},{"type":"Feature","properties":{"name":"مرکز آموزشی رفاهی فرهنگیان مشهد","kind":"hotel"},"geometry":{"type":"Point","coordinates":[59.60705,36.27746]}},{"type":"Feature","properties":{"name":"هتل آپارتمان سرای نور","kind":"hotel"},"geometry":{"type":"Point","coordinates":[59.5972,36.27276]}},{"type":"Feature","properties":{"name":"مسجد مقبره","kind":"shrine"},"geometry":{"type":"Point","coordinates":[59.60922,36.29507]}},{"type":"Feature","properties":{"name":"مسجد بناها","kind":"shrine"},"geometry":{"type":"Point","coordinates":[59.60389,36.29107]}},{"type":"Feature","properties":{"name":"مسجد فاطمه الزهرا","kind":"shrine"},"geometry":{"type":"Point","coordinates":[59.62393,36.32893]}},{"type":"Feature","properties":{"name":"حسینیه حضرت رضا","kind":"shrine"},"geometry":{"type":"Point","coordinates":[59.61177,36.30501]}},{"type":"Feature","properties":{"name":"هتل بشری","kind":"hotel"},"geometry":{"type":"Point","coordinates":[59.60917,36.2863]}},{"type":"Feature","properties":{"name":"هتل نور","kind":"hotel"},"geometry":{"type":"Point","coordinates":[59.60908,36.2882]}},{"type":"Feature","properties":{"name":"مسجد چهارده معصوم","kind":"shrine"},"geometry":{"type":"Point","coordinates":[59.59809,36.26985]}},{"type":"Feature","properties":{"name":"هییت جاننثاران حسینی روستای نرم","kind":"shrine"},"geometry":{"type":"Point","coordinates":[59.62248,36.27302]}},{"type":"Feature","properties":{"name":"مسجد جامع رضوی","kind":"shrine"},"geometry":{"type":"Point","coordinates":[59.64027,36.29838]}},{"type":"Feature","properties":{"name":"نمازخانه","kind":"shrine"},"geometry":{"type":"Point","coordinates":[59.54922,36.19792]}},{"type":"Feature","properties":{"name":"سی نور","kind":"hotel"},"geometry":{"type":"Point","coordinates":[59.61182,36.27611]}},{"type":"Feature","properties":{"name":"مسجد محمد رسول الله","kind":"shrine"},"geometry":{"type":"Point","coordinates":[59.43077,36.44772]}},{"type":"Feature","properties":{"name":"هزار دستان","kind":"food"},"geometry":{"type":"Point","coordinates":[59.59894,36.29198]}},{"type":"Feature","properties":{"name":"حسینیه امام رضا۱","kind":"shrine"},"geometry":{"type":"Point","coordinates":[59.61122,36.30015]}},{"type":"Feature","properties":{"name":"مسجد فاطمیه","kind":"shrine"},"geometry":{"type":"Point","coordinates":[59.58747,36.27009]}},{"type":"Feature","properties":{"name":"أبو الباچه","kind":"food"},"geometry":{"type":"Point","coordinates":[59.60773,36.27926]}},{"type":"Feature","properties":{"name":"هتل اپارتمان درسا","kind":"hotel"},"geometry":{"type":"Point","coordinates":[59.60163,36.28335]}},{"type":"Feature","properties":{"name":"مجتمع زیتون","kind":"mall"},"geometry":{"type":"Point","coordinates":[59.63187,36.27404]}},{"type":"Feature","properties":{"name":"حسینیه باغشن","kind":"shrine"},"geometry":{"type":"Point","coordinates":[59.10831,36.07707]}},{"type":"Feature","properties":{"name":"مسجد باغشن","kind":"shrine"},"geometry":{"type":"Point","coordinates":[59.105,36.07391]}},{"type":"Feature","properties":{"name":"مول آرمان","kind":"mall"},"geometry":{"type":"Point","coordinates":[59.62259,36.28286]}},{"type":"Feature","properties":{"name":"مرکز بین المللی آموزش زبان فارسی به غیرفارسی زبانان","kind":"university"},"geometry":{"type":"Point","coordinates":[59.53525,36.30581]}},{"type":"Feature","properties":{"name":"شهید فکوری","kind":"transit"},"geometry":{"type":"Point","coordinates":[59.54239,36.2828]}},{"type":"Feature","properties":{"name":"مترو کوهسنگی","kind":"transit"},"geometry":{"type":"Point","coordinates":[59.56398,36.28377]}},{"type":"Feature","properties":{"name":"مترو طبرسی","kind":"transit"},"geometry":{"type":"Point","coordinates":[59.67524,36.32509]}},{"type":"Feature","properties":{"name":"غذای زارع","kind":"food"},"geometry":{"type":"Point","coordinates":[59.4858,36.35679]}},{"type":"Feature","properties":{"name":"خیام","kind":"hotel"},"geometry":{"type":"Point","coordinates":[59.6075,36.29599]}},{"type":"Feature","properties":{"name":"مسجد شایسته","kind":"shrine"},"geometry":{"type":"Point","coordinates":[59.62535,36.28106]}},{"type":"Feature","properties":{"name":"مسجد سجادیه","kind":"shrine"},"geometry":{"type":"Point","coordinates":[59.63004,36.28178]}},{"type":"Feature","properties":{"name":"مسجد امام هادی ع","kind":"shrine"},"geometry":{"type":"Point","coordinates":[59.63192,36.28153]}},{"type":"Feature","properties":{"name":"مرکز خرید هفده شهریور","kind":"mall"},"geometry":{"type":"Point","coordinates":[59.61838,36.27625]}},{"type":"Feature","properties":{"name":"بازار نگین","kind":"mall"},"geometry":{"type":"Point","coordinates":[59.61114,36.2924]}},{"type":"Feature","properties":{"name":"مسجد کرامت","kind":"shrine"},"geometry":{"type":"Point","coordinates":[59.61097,36.29368]}},{"type":"Feature","properties":{"name":"هتل حیات شرق بلوک B","kind":"hotel"},"geometry":{"type":"Point","coordinates":[59.62223,36.28309]}},{"type":"Feature","properties":{"name":"هتل فیروزه توس","kind":"hotel"},"geometry":{"type":"Point","coordinates":[59.62332,36.28237]}},{"type":"Feature","properties":{"name":"هتل زمرد","kind":"hotel"},"geometry":{"type":"Point","coordinates":[59.62354,36.28206]}},{"type":"Feature","properties":{"name":"سارا و ایمان","kind":"mall"},"geometry":{"type":"Point","coordinates":[59.62211,36.28366]}},{"type":"Feature","properties":{"name":"مجتمع تجاری زائر الرضا ع","kind":"mall"},"geometry":{"type":"Point","coordinates":[59.61973,36.28549]}},{"type":"Feature","properties":{"name":"بازار حضرتی","kind":"mall"},"geometry":{"type":"Point","coordinates":[59.61898,36.28554]}},{"type":"Feature","properties":{"name":"حسینیه پیروان دین نبوی","kind":"shrine"},"geometry":{"type":"Point","coordinates":[59.62004,36.28522]}},{"type":"Feature","properties":{"name":"مسجد قبله","kind":"shrine"},"geometry":{"type":"Point","coordinates":[59.61937,36.28579]}},{"type":"Feature","properties":{"name":"بازار بزرگ امین","kind":"mall"},"geometry":{"type":"Point","coordinates":[59.61948,36.28624]}},{"type":"Feature","properties":{"name":"مدرسه علمیه نواب","kind":"university"},"geometry":{"type":"Point","coordinates":[59.6137,36.29122]}},{"type":"Feature","properties":{"name":"مسجد ملاهاشم","kind":"shrine"},"geometry":{"type":"Point","coordinates":[59.61318,36.29158]}},{"type":"Feature","properties":{"name":"هتل قصر الضیافه قدس","kind":"hotel"},"geometry":{"type":"Point","coordinates":[59.61288,36.29086]}},{"type":"Feature","properties":{"name":"توس پاساژ","kind":"mall"},"geometry":{"type":"Point","coordinates":[59.61264,36.29128]}},{"type":"Feature","properties":{"name":"مجتمع تجاری اقامتی امید","kind":"mall"},"geometry":{"type":"Point","coordinates":[59.61284,36.29196]}},{"type":"Feature","properties":{"name":"تارا","kind":"hotel"},"geometry":{"type":"Point","coordinates":[59.60873,36.29579]}},{"type":"Feature","properties":{"name":"هتل توس","kind":"hotel"},"geometry":{"type":"Point","coordinates":[59.61249,36.29116]}},{"type":"Feature","properties":{"name":"هتل امیر","kind":"hotel"},"geometry":{"type":"Point","coordinates":[59.61102,36.2943]}},{"type":"Feature","properties":{"name":"هتل مدائن","kind":"hotel"},"geometry":{"type":"Point","coordinates":[59.60962,36.28139]}},{"type":"Feature","properties":{"name":"هتل فردوس","kind":"hotel"},"geometry":{"type":"Point","coordinates":[59.60971,36.28039]}},{"type":"Feature","properties":{"name":"هتل قصر","kind":"hotel"},"geometry":{"type":"Point","coordinates":[59.60767,36.27776]}},{"type":"Feature","properties":{"name":"هتل آریا","kind":"hotel"},"geometry":{"type":"Point","coordinates":[59.60845,36.279]}},{"type":"Feature","properties":{"name":"هتل آپارتمان ترنم","kind":"hotel"},"geometry":{"type":"Point","coordinates":[59.61145,36.28413]}},{"type":"Feature","properties":{"name":"هتل آرمان","kind":"hotel"},"geometry":{"type":"Point","coordinates":[59.62282,36.28279]}},{"type":"Feature","properties":{"name":"زایرسرای شهدای شرکت پالایش نفت اصفهان","kind":"hotel"},"geometry":{"type":"Point","coordinates":[59.59993,36.27079]}},{"type":"Feature","properties":{"name":"حسینیه سربیشه ای ها","kind":"shrine"},"geometry":{"type":"Point","coordinates":[59.60772,36.27741]}},{"type":"Feature","properties":{"name":"حسینیه و مجتمع فرهنگی مذهبی حضرت زینب (س)","kind":"shrine"},"geometry":{"type":"Point","coordinates":[59.60071,36.28027]}},{"type":"Feature","properties":{"name":"حسینیه","kind":"shrine"},"geometry":{"type":"Point","coordinates":[59.62069,36.28475]}},{"type":"Feature","properties":{"name":"رستوران شهرما","kind":"food"},"geometry":{"type":"Point","coordinates":[59.61933,36.28527]}},{"type":"Feature","properties":{"name":"کبابی حاج محمود","kind":"food"},"geometry":{"type":"Point","coordinates":[59.61925,36.28536]}},{"type":"Feature","properties":{"name":"رستوران سعادت","kind":"food"},"geometry":{"type":"Point","coordinates":[59.61959,36.28475]}},{"type":"Feature","properties":{"name":"پاساژ سعادت","kind":"mall"},"geometry":{"type":"Point","coordinates":[59.61972,36.28482]}},{"type":"Feature","properties":{"name":"بازار بزرگ مرتضوی","kind":"mall"},"geometry":{"type":"Point","coordinates":[59.62392,36.28048]}},{"type":"Feature","properties":{"name":"مسجد امام حسین","kind":"shrine"},"geometry":{"type":"Point","coordinates":[59.61021,36.30426]}},{"type":"Feature","properties":{"name":"مسجد علی اصغری","kind":"shrine"},"geometry":{"type":"Point","coordinates":[59.57359,36.27561]}},{"type":"Feature","properties":{"name":"مسجد ولی عصر","kind":"shrine"},"geometry":{"type":"Point","coordinates":[59.57621,36.27334]}},{"type":"Feature","properties":{"name":"حسینیه نقویه","kind":"shrine"},"geometry":{"type":"Point","coordinates":[59.63166,36.28075]}},{"type":"Feature","properties":{"name":"مجتمع آفتاب","kind":"hotel"},"geometry":{"type":"Point","coordinates":[59.59728,36.27834]}},{"type":"Feature","properties":{"name":"مسجد الهادی علیه‌السلام","kind":"shrine"},"geometry":{"type":"Point","coordinates":[59.61169,36.29979]}},{"type":"Feature","properties":{"name":"مسجد امام جعفر صادق (ع)","kind":"shrine"},"geometry":{"type":"Point","coordinates":[59.63504,36.28141]}},{"type":"Feature","properties":{"name":"بیمارستان ام البنین","kind":"hospital"},"geometry":{"type":"Point","coordinates":[59.61876,36.30092]}},{"type":"Feature","properties":{"name":"آرامگاه خواجه محمد","kind":"shrine"},"geometry":{"type":"Point","coordinates":[59.86086,36.33473]}},{"type":"Feature","properties":{"name":"هتل سپیدار","kind":"hotel"},"geometry":{"type":"Point","coordinates":[59.61831,36.29286]}},{"type":"Feature","properties":{"name":"رستوران طلائیه","kind":"food"},"geometry":{"type":"Point","coordinates":[59.47702,36.33586]}},{"type":"Feature","properties":{"name":"مسجد","kind":"shrine"},"geometry":{"type":"Point","coordinates":[59.54413,36.27529]}},{"type":"Feature","properties":{"name":"دبنهامز","kind":"mall"},"geometry":{"type":"Point","coordinates":[59.57515,36.29566]}},{"type":"Feature","properties":{"name":"ثامن الحجج","kind":"hotel"},"geometry":{"type":"Point","coordinates":[59.60967,36.27913]}},{"type":"Feature","properties":{"name":"هتل مشاهیر","kind":"hotel"},"geometry":{"type":"Point","coordinates":[59.60871,36.28234]}},{"type":"Feature","properties":{"name":"هتل سی برگ","kind":"hotel"},"geometry":{"type":"Point","coordinates":[59.5692,36.29773]}},{"type":"Feature","properties":{"name":"هتل خورشید تابان","kind":"hotel"},"geometry":{"type":"Point","coordinates":[59.59769,36.28782]}},{"type":"Feature","properties":{"name":"مجتمع مسکونی بعثت","kind":"hotel"},"geometry":{"type":"Point","coordinates":[59.49676,36.32533]}},{"type":"Feature","properties":{"name":"سرداب","kind":"food"},"geometry":{"type":"Point","coordinates":[59.3401,36.31214]}},{"type":"Feature","properties":{"name":"کافی شاپ","kind":"food"},"geometry":{"type":"Point","coordinates":[59.49643,36.30074]}},{"type":"Feature","properties":{"name":"هتل ولایت مشهد","kind":"hotel"},"geometry":{"type":"Point","coordinates":[59.62111,36.2867]}},{"type":"Feature","properties":{"name":"رنگین کمان","kind":"hotel"},"geometry":{"type":"Point","coordinates":[59.61245,36.27894]}},{"type":"Feature","properties":{"name":"شقتي","kind":"hotel"},"geometry":{"type":"Point","coordinates":[59.61249,36.27849]}},{"type":"Feature","properties":{"name":"کباب پارس","kind":"food"},"geometry":{"type":"Point","coordinates":[59.54183,36.32413]}},{"type":"Feature","properties":{"name":"حلیم نیشابوری سحرخیز","kind":"food"},"geometry":{"type":"Point","coordinates":[59.54212,36.32403]}},{"type":"Feature","properties":{"name":"تراس","kind":"food"},"geometry":{"type":"Point","coordinates":[59.57356,36.29649]}},{"type":"Feature","properties":{"name":"رستوران احسان","kind":"food"},"geometry":{"type":"Point","coordinates":[59.5738,36.29656]}},{"type":"Feature","properties":{"name":"رستوران نارمک","kind":"food"},"geometry":{"type":"Point","coordinates":[59.57423,36.29631]}},{"type":"Feature","properties":{"name":"رستوران مدائن","kind":"food"},"geometry":{"type":"Point","coordinates":[59.57575,36.29528]}},{"type":"Feature","properties":{"name":"هتل فرید","kind":"hotel"},"geometry":{"type":"Point","coordinates":[59.57828,36.29421]}},{"type":"Feature","properties":{"name":"مسجد نقویه","kind":"shrine"},"geometry":{"type":"Point","coordinates":[59.57853,36.29398]}},{"type":"Feature","properties":{"name":"هتل باستان","kind":"hotel"},"geometry":{"type":"Point","coordinates":[59.61078,36.28384]}},{"type":"Feature","properties":{"name":"هتل سحاب","kind":"hotel"},"geometry":{"type":"Point","coordinates":[59.39924,36.30959]}},{"type":"Feature","properties":{"name":"هتل سفیران","kind":"hotel"},"geometry":{"type":"Point","coordinates":[59.61691,36.27565]}},{"type":"Feature","properties":{"name":"مسجد موسی ابن الجعفر","kind":"shrine"},"geometry":{"type":"Point","coordinates":[59.59789,36.26604]}},{"type":"Feature","properties":{"name":"مسجد مسلم ابن عقیل","kind":"shrine"},"geometry":{"type":"Point","coordinates":[59.59609,36.30251]}},{"type":"Feature","properties":{"name":"مسجد سناباد","kind":"shrine"},"geometry":{"type":"Point","coordinates":[59.59353,36.29685]}},{"type":"Feature","properties":{"name":"رستوران و کترینگ ریخته گرزاده","kind":"food"},"geometry":{"type":"Point","coordinates":[59.52001,36.32207]}},{"type":"Feature","properties":{"name":"رستوران","kind":"food"},"geometry":{"type":"Point","coordinates":[59.62067,36.27296]}},{"type":"Feature","properties":{"name":"رستوران","kind":"food"},"geometry":{"type":"Point","coordinates":[59.61974,36.27354]}},{"type":"Feature","properties":{"name":"ساختمان آراسب","kind":"mall"},"geometry":{"type":"Point","coordinates":[59.55534,36.32523]}},{"type":"Feature","properties":{"name":"مسجد امیرالمومنین","kind":"shrine"},"geometry":{"type":"Point","coordinates":[59.60703,36.29198]}},{"type":"Feature","properties":{"name":"هتل هاترا","kind":"hotel"},"geometry":{"type":"Point","coordinates":[59.60429,36.2824]}},{"type":"Feature","properties":{"name":"متجمع فرهنگی اقامتی فرهنگیان استان قزوین","kind":"hotel"},"geometry":{"type":"Point","coordinates":[59.62756,36.29257]}},{"type":"Feature","properties":{"name":"مجتمع تجاری کیمیا ۲","kind":"mall"},"geometry":{"type":"Point","coordinates":[59.6155,36.27483]}},{"type":"Feature","properties":{"name":"هتل ارامیس","kind":"hotel"},"geometry":{"type":"Point","coordinates":[59.59349,36.29147]}},{"type":"Feature","properties":{"name":"رستوران دامون","kind":"food"},"geometry":{"type":"Point","coordinates":[59.42901,36.33795]}},{"type":"Feature","properties":{"name":"رستوران ماه و مهر","kind":"food"},"geometry":{"type":"Point","coordinates":[59.33181,36.31366]}},{"type":"Feature","properties":{"name":"هتل مدرس","kind":"hotel"},"geometry":{"type":"Point","coordinates":[59.62395,36.29252]}},{"type":"Feature","properties":{"name":"هتل امام رضا (تالار زمرد)","kind":"hotel"},"geometry":{"type":"Point","coordinates":[59.57769,36.28123]}},{"type":"Feature","properties":{"name":"هتل گلشن رضوی","kind":"hotel"},"geometry":{"type":"Point","coordinates":[59.62629,36.28743]}},{"type":"Feature","properties":{"name":"هتل رضوان","kind":"hotel"},"geometry":{"type":"Point","coordinates":[59.6074,36.27562]}},{"type":"Feature","properties":{"name":"هتل آپارتمان کربلا","kind":"hotel"},"geometry":{"type":"Point","coordinates":[59.61148,36.2955]}},{"type":"Feature","properties":{"name":"فندق","kind":"hotel"},"geometry":{"type":"Point","coordinates":[59.62137,36.29033]}},{"type":"Feature","properties":{"name":"رمضانی هوتیل","kind":"hotel"},"geometry":{"type":"Point","coordinates":[59.61043,36.28464]}},{"type":"Feature","properties":{"name":"مسجد الزهراء سناباد","kind":"shrine"},"geometry":{"type":"Point","coordinates":[59.5834,36.30115]}},{"type":"Feature","properties":{"name":"مسجد حاج خاور","kind":"shrine"},"geometry":{"type":"Point","coordinates":[59.62648,36.29051]}},{"type":"Feature","properties":{"name":"هتل آپارتمان ارکیده","kind":"hotel"},"geometry":{"type":"Point","coordinates":[59.60753,36.27933]}},{"type":"Feature","properties":{"name":"رستوران سنتی کلبه دنج","kind":"food"},"geometry":{"type":"Point","coordinates":[59.54274,36.29433]}},{"type":"Feature","properties":{"name":"مسجد حیدری ها","kind":"shrine"},"geometry":{"type":"Point","coordinates":[59.60079,36.30247]}},{"type":"Feature","properties":{"name":"کباب رضوی","kind":"food"},"geometry":{"type":"Point","coordinates":[59.53194,36.2995]}},{"type":"Feature","properties":{"name":"طباخی کوثر","kind":"food"},"geometry":{"type":"Point","coordinates":[59.56044,36.29266]}},{"type":"Feature","properties":{"name":"کافه لوک اوت","kind":"food"},"geometry":{"type":"Point","coordinates":[59.57298,36.29518]}},{"type":"Feature","properties":{"name":"آشپزخانه نیاوران","kind":"food"},"geometry":{"type":"Point","coordinates":[59.54967,36.32522]}},{"type":"Feature","properties":{"name":"هتل آپارتمان صوفیان","kind":"hotel"},"geometry":{"type":"Point","coordinates":[59.60691,36.28304]}},{"type":"Feature","properties":{"name":"۱۰۱","kind":"hotel"},"geometry":{"type":"Point","coordinates":[59.59854,36.27524]}},{"type":"Feature","properties":{"name":"رویال طلایی","kind":"food"},"geometry":{"type":"Point","coordinates":[59.54191,36.31541]}},{"type":"Feature","properties":{"name":"راستگو","kind":"food"},"geometry":{"type":"Point","coordinates":[59.51211,36.32459]}},{"type":"Feature","properties":{"name":"هتل فاطمیه","kind":"hotel"},"geometry":{"type":"Point","coordinates":[59.61177,36.29336]}},{"type":"Feature","properties":{"name":"تالار و رستوران عابدین زاده","kind":"food"},"geometry":{"type":"Point","coordinates":[59.62111,36.30388]}},{"type":"Feature","properties":{"name":"هتل آپارتمان صدر","kind":"hotel"},"geometry":{"type":"Point","coordinates":[59.62066,36.27773]}},{"type":"Feature","properties":{"name":"مجتمع فرهنگی رفاهی میلاد قوه قضاییه","kind":"hotel"},"geometry":{"type":"Point","coordinates":[59.57155,36.2858]}},{"type":"Feature","properties":{"name":"هتل اسکان","kind":"hotel"},"geometry":{"type":"Point","coordinates":[59.6081,36.28038]}},{"type":"Feature","properties":{"name":"هتل جنت","kind":"hotel"},"geometry":{"type":"Point","coordinates":[59.60793,36.2893]}},{"type":"Feature","properties":{"name":"کافه مرمر","kind":"food"},"geometry":{"type":"Point","coordinates":[59.59955,36.2867]}},{"type":"Feature","properties":{"name":"کمال الملک","kind":"food"},"geometry":{"type":"Point","coordinates":[59.5971,36.28291]}},{"type":"Feature","properties":{"name":"کافه دارکوب","kind":"food"},"geometry":{"type":"Point","coordinates":[59.58202,36.30035]}},{"type":"Feature","properties":{"name":"الماس ۱","kind":"hotel"},"geometry":{"type":"Point","coordinates":[59.61093,36.28191]}},{"type":"Feature","properties":{"name":"هتل طوبی","kind":"hotel"},"geometry":{"type":"Point","coordinates":[59.61418,36.29288]}},{"type":"Feature","properties":{"name":"مرکز آموزشی و رفاهی فرهنگیان امام سجاد (ع)","kind":"hotel"},"geometry":{"type":"Point","coordinates":[59.54447,36.32137]}},{"type":"Feature","properties":{"name":"مرکز آموزشی رفاهی فرهنگیان امام علی ع","kind":"hotel"},"geometry":{"type":"Point","coordinates":[59.46976,36.34095]}},{"type":"Feature","properties":{"name":"هتل آتوسا","kind":"hotel"},"geometry":{"type":"Point","coordinates":[59.61361,36.27645]}},{"type":"Feature","properties":{"name":"هتل آفاق","kind":"hotel"},"geometry":{"type":"Point","coordinates":[59.61008,36.29578]}},{"type":"Feature","properties":{"name":"هتل آزادی","kind":"hotel"},"geometry":{"type":"Point","coordinates":[59.61187,36.2949]}},{"type":"Feature","properties":{"name":"مرکز آموزشی و رفاهی فرهنگیان ناحیه ۳ خانه معلم","kind":"food"},"geometry":{"type":"Point","coordinates":[59.56006,36.30349]}},{"type":"Feature","properties":{"name":"مرکز آموزشی و رفاهی فرهنگیان، خانه معلم","kind":"food"},"geometry":{"type":"Point","coordinates":[59.46965,36.34108]}},{"type":"Feature","properties":{"name":"پاساژ دیدنیها","kind":"mall"},"geometry":{"type":"Point","coordinates":[59.59652,36.28267]}},{"type":"Feature","properties":{"name":"هتل آپارتمان گل نرگس","kind":"hotel"},"geometry":{"type":"Point","coordinates":[59.59609,36.28257]}},{"type":"Feature","properties":{"name":"مجتمع تجاری علاالدین","kind":"mall"},"geometry":{"type":"Point","coordinates":[59.59681,36.2831]}},{"type":"Feature","properties":{"name":"مسجد ام الایمه فاطمه الزهرا (س)","kind":"shrine"},"geometry":{"type":"Point","coordinates":[59.46793,36.34381]}},{"type":"Feature","properties":{"name":"مسجد غدیر باباعلی","kind":"shrine"},"geometry":{"type":"Point","coordinates":[59.51505,36.33295]}},{"type":"Feature","properties":{"name":"حسینیه امیرابادیها","kind":"hotel"},"geometry":{"type":"Point","coordinates":[59.63537,36.28279]}},{"type":"Feature","properties":{"name":"هتل آپارتمان آذر","kind":"hotel"},"geometry":{"type":"Point","coordinates":[59.59904,36.28242]}},{"type":"Feature","properties":{"name":"مسجد ارشاد الرضا","kind":"shrine"},"geometry":{"type":"Point","coordinates":[59.58786,36.2859]}},{"type":"Feature","properties":{"name":"مسجد حاج فیض الله","kind":"shrine"},"geometry":{"type":"Point","coordinates":[59.59907,36.28204]}},{"type":"Feature","properties":{"name":"بیمارستان علوی","kind":"hospital"},"geometry":{"type":"Point","coordinates":[59.59412,36.26425]}},{"type":"Feature","properties":{"name":"رستوران رویای سبز","kind":"food"},"geometry":{"type":"Point","coordinates":[59.59411,36.29419]}},{"type":"Feature","properties":{"name":"آشپزخانه رسول","kind":"food"},"geometry":{"type":"Point","coordinates":[59.59969,36.26414]}},{"type":"Feature","properties":{"name":"مسجد امام رضا علیه السلام","kind":"shrine"},"geometry":{"type":"Point","coordinates":[59.20319,36.56762]}},{"type":"Feature","properties":{"name":"کافى شاپ دیدار","kind":"food"},"geometry":{"type":"Point","coordinates":[59.57031,36.28873]}},{"type":"Feature","properties":{"name":"رستوران آقاجون","kind":"food"},"geometry":{"type":"Point","coordinates":[59.48844,36.35713]}},{"type":"Feature","properties":{"name":"رستوران عبدالهی","kind":"food"},"geometry":{"type":"Point","coordinates":[59.51087,36.35904]}},{"type":"Feature","properties":{"name":"رستوران رضا","kind":"food"},"geometry":{"type":"Point","coordinates":[59.57871,36.30598]}},{"type":"Feature","properties":{"name":"هتل سوئیت کاویان","kind":"hotel"},"geometry":{"type":"Point","coordinates":[59.61452,36.29284]}},{"type":"Feature","properties":{"name":"ربانی","kind":"food"},"geometry":{"type":"Point","coordinates":[59.61174,36.27731]}},{"type":"Feature","properties":{"name":"رستوران ارغوان","kind":"food"},"geometry":{"type":"Point","coordinates":[59.5736,36.30824]}},{"type":"Feature","properties":{"name":"هتل صدف","kind":"hotel"},"geometry":{"type":"Point","coordinates":[59.61229,36.27639]}},{"type":"Feature","properties":{"name":"کباب شهرما","kind":"food"},"geometry":{"type":"Point","coordinates":[59.57643,36.30203]}},{"type":"Feature","properties":{"name":"پالپ","kind":"food"},"geometry":{"type":"Point","coordinates":[59.57518,36.30004]}},{"type":"Feature","properties":{"name":"تالار رستوران قصر مهرگان","kind":"food"},"geometry":{"type":"Point","coordinates":[59.34141,36.40814]}},{"type":"Feature","properties":{"name":"هتل سیمرغ","kind":"hotel"},"geometry":{"type":"Point","coordinates":[59.61866,36.27338]}},{"type":"Feature","properties":{"name":"مهمان سرای خانه کارگر","kind":"hotel"},"geometry":{"type":"Point","coordinates":[59.6012,36.29705]}},{"type":"Feature","properties":{"name":"مسجد حسینه نصرت","kind":"shrine"},"geometry":{"type":"Point","coordinates":[59.58698,36.29648]}},{"type":"Feature","properties":{"name":"هتل آپارتمان کاسپین","kind":"hotel"},"geometry":{"type":"Point","coordinates":[59.59852,36.26938]}},{"type":"Feature","properties":{"name":"هتل حمزه سید الشهدا","kind":"hotel"},"geometry":{"type":"Point","coordinates":[59.61763,36.28382]}},{"type":"Feature","properties":{"name":"هتل یوسف","kind":"hotel"},"geometry":{"type":"Point","coordinates":[59.61786,36.28423]}},{"type":"Feature","properties":{"name":"هتل آدینه","kind":"hotel"},"geometry":{"type":"Point","coordinates":[59.61777,36.284]}},{"type":"Feature","properties":{"name":"هتل خاتم","kind":"hotel"},"geometry":{"type":"Point","coordinates":[59.60416,36.28148]}},{"type":"Feature","properties":{"name":"هتل هفت آسمان","kind":"hotel"},"geometry":{"type":"Point","coordinates":[59.60329,36.28129]}},{"type":"Feature","properties":{"name":"رستوران","kind":"food"},"geometry":{"type":"Point","coordinates":[59.62488,36.28136]}},{"type":"Feature","properties":{"name":"رستوران ارشاد","kind":"food"},"geometry":{"type":"Point","coordinates":[59.45026,36.34998]}},{"type":"Feature","properties":{"name":"نقش جهان","kind":"hotel"},"geometry":{"type":"Point","coordinates":[59.61147,36.27898]}},{"type":"Feature","properties":{"name":"کبابی امید","kind":"food"},"geometry":{"type":"Point","coordinates":[59.61297,36.26247]}},{"type":"Feature","properties":{"name":"مسجد ابوالفظلی باغو","kind":"shrine"},"geometry":{"type":"Point","coordinates":[59.63407,36.34155]}},{"type":"Feature","properties":{"name":"هتل حیات شرق بلوک A","kind":"hotel"},"geometry":{"type":"Point","coordinates":[59.62216,36.28345]}},{"type":"Feature","properties":{"name":"هتل مشهد","kind":"hotel"},"geometry":{"type":"Point","coordinates":[59.60211,36.27137]}},{"type":"Feature","properties":{"name":"هتل نور ولایت","kind":"hotel"},"geometry":{"type":"Point","coordinates":[59.61724,36.29956]}},{"type":"Feature","properties":{"name":"ضیافت نور","kind":"food"},"geometry":{"type":"Point","coordinates":[59.55051,36.33409]}},{"type":"Feature","properties":{"name":"رستوران شبدیز","kind":"food"},"geometry":{"type":"Point","coordinates":[59.56198,36.30731]}},{"type":"Feature","properties":{"name":"مسجد حضرت امام علی النقی","kind":"shrine"},"geometry":{"type":"Point","coordinates":[59.61483,36.31255]}},{"type":"Feature","properties":{"name":"ولایت مشهد حوزه علمیه","kind":"hotel"},"geometry":{"type":"Point","coordinates":[59.62138,36.28652]}},{"type":"Feature","properties":{"name":"هتل آپارتمان یادگار","kind":"hotel"},"geometry":{"type":"Point","coordinates":[59.59433,36.26155]}},{"type":"Feature","properties":{"name":"هتل نما٨","kind":"hotel"},"geometry":{"type":"Point","coordinates":[59.61168,36.27432]}},{"type":"Feature","properties":{"name":"سوئیت آپارتمان حمیدی","kind":"hotel"},"geometry":{"type":"Point","coordinates":[59.61465,36.29218]}},{"type":"Feature","properties":{"name":"رستوران ماهان شاندیز","kind":"food"},"geometry":{"type":"Point","coordinates":[59.32848,36.3989]}},{"type":"Feature","properties":{"name":"هتل اپارتمان داود","kind":"hotel"},"geometry":{"type":"Point","coordinates":[59.60858,36.28203]}},{"type":"Feature","properties":{"name":"هتل قصر آیدین","kind":"hotel"},"geometry":{"type":"Point","coordinates":[59.60537,36.27757]}},{"type":"Feature","properties":{"name":"هتل سبحان","kind":"hotel"},"geometry":{"type":"Point","coordinates":[59.60538,36.27774]}},{"type":"Feature","properties":{"name":"کافه گالرى رادین","kind":"food"},"geometry":{"type":"Point","coordinates":[59.54155,36.3187]}},{"type":"Feature","properties":{"name":"رستوران ایتالیایى لیو","kind":"food"},"geometry":{"type":"Point","coordinates":[59.57202,36.29117]}},{"type":"Feature","properties":{"name":"مسجد الزهرا","kind":"shrine"},"geometry":{"type":"Point","coordinates":[59.56761,36.29853]}},{"type":"Feature","properties":{"name":"هتل ممتاز هادی","kind":"hotel"},"geometry":{"type":"Point","coordinates":[59.61352,36.28437]}},{"type":"Feature","properties":{"name":"رستوران و تالار الماس","kind":"food"},"geometry":{"type":"Point","coordinates":[59.42994,36.33428]}},{"type":"Feature","properties":{"name":"سرزمین افتاب","kind":"hotel"},"geometry":{"type":"Point","coordinates":[59.57313,36.30844]}},{"type":"Feature","properties":{"name":"رستوران، کبابی و حلیم قائم","kind":"food"},"geometry":{"type":"Point","coordinates":[59.54901,36.29158]}},{"type":"Feature","properties":{"name":"هتل آپارتمان افسون","kind":"hotel"},"geometry":{"type":"Point","coordinates":[59.61083,36.28174]}},{"type":"Feature","properties":{"name":"هتل پردیسان ۵ مشهد","kind":"hotel"},"geometry":{"type":"Point","coordinates":[59.53565,36.30028]}},{"type":"Feature","properties":{"name":"هتل آپارتمان الرحمان","kind":"hotel"},"geometry":{"type":"Point","coordinates":[59.60899,36.28631]}},{"type":"Feature","properties":{"name":"پدربزرگ","kind":"food"},"geometry":{"type":"Point","coordinates":[59.37879,36.31589]}},{"type":"Feature","properties":{"name":"حسینیه حضرت قاسم ابن الحسن","kind":"shrine"},"geometry":{"type":"Point","coordinates":[59.49363,36.31273]}},{"type":"Feature","properties":{"name":"مسجد و حسینیه غدیر باباعلی ۳","kind":"shrine"},"geometry":{"type":"Point","coordinates":[59.57207,36.32043]}},{"type":"Feature","properties":{"name":"کافه غذا","kind":"food"},"geometry":{"type":"Point","coordinates":[59.56177,36.3118]}},{"type":"Feature","properties":{"name":"هتل کشتیرانی","kind":"hotel"},"geometry":{"type":"Point","coordinates":[59.56085,36.32]}},{"type":"Feature","properties":{"name":"مسجد و حسینیه قدس","kind":"shrine"},"geometry":{"type":"Point","coordinates":[59.59594,36.28531]}},{"type":"Feature","properties":{"name":"مسجد و حوزه علمیه حضرت سید الشهدا (علیه السلام)","kind":"shrine"},"geometry":{"type":"Point","coordinates":[59.60219,36.26743]}},{"type":"Feature","properties":{"name":"هزارویک","kind":"hotel"},"geometry":{"type":"Point","coordinates":[59.61328,36.27995]}},{"type":"Feature","properties":{"name":"هتل سجاد (مجتمع اموزشی رفاهی امام سجاد)","kind":"hotel"},"geometry":{"type":"Point","coordinates":[59.59106,36.27669]}},{"type":"Feature","properties":{"name":"مسجد امام خمینی","kind":"shrine"},"geometry":{"type":"Point","coordinates":[59.62112,36.21372]}},{"type":"Feature","properties":{"name":"مسجد امام حسین","kind":"shrine"},"geometry":{"type":"Point","coordinates":[59.59374,36.29008]}},{"type":"Feature","properties":{"name":"لادن فروشی مشهد","kind":"hotel"},"geometry":{"type":"Point","coordinates":[59.47419,36.32754]}},{"type":"Feature","properties":{"name":"رستوران","kind":"food"},"geometry":{"type":"Point","coordinates":[59.53699,36.33703]}},{"type":"Feature","properties":{"name":"حسینیه","kind":"shrine"},"geometry":{"type":"Point","coordinates":[59.53675,36.33741]}},{"type":"Feature","properties":{"name":"هتل آپارتمان زمرد","kind":"hotel"},"geometry":{"type":"Point","coordinates":[59.61092,36.28138]}},{"type":"Feature","properties":{"name":"الماس","kind":"hotel"},"geometry":{"type":"Point","coordinates":[59.61112,36.28155]}},{"type":"Feature","properties":{"name":"الماس ۲","kind":"hotel"},"geometry":{"type":"Point","coordinates":[59.60623,36.27645]}},{"type":"Feature","properties":{"name":"رستوران سولو","kind":"food"},"geometry":{"type":"Point","coordinates":[59.50715,36.31109]}},{"type":"Feature","properties":{"name":"جگر دادلی","kind":"food"},"geometry":{"type":"Point","coordinates":[59.50753,36.31175]}},{"type":"Feature","properties":{"name":"هتل قصر سفید","kind":"hotel"},"geometry":{"type":"Point","coordinates":[59.60687,36.27553]}},{"type":"Feature","properties":{"name":"رستوران تشریفات لبنان","kind":"food"},"geometry":{"type":"Point","coordinates":[59.60584,36.276]}},{"type":"Feature","properties":{"name":"هتل آبارتمان إیمانی","kind":"hotel"},"geometry":{"type":"Point","coordinates":[59.60578,36.28316]}},{"type":"Feature","properties":{"name":"منزل شهرداری - مشهد","kind":"hotel"},"geometry":{"type":"Point","coordinates":[59.58823,36.26973]}},{"type":"Feature","properties":{"name":"مسجد محسن ابن علی (علیه‌السلام)","kind":"shrine"},"geometry":{"type":"Point","coordinates":[59.5817,36.33643]}},{"type":"Feature","properties":{"name":"هتل تابران","kind":"hotel"},"geometry":{"type":"Point","coordinates":[59.6191,36.29901]}},{"type":"Feature","properties":{"name":"آبار تمان قو","kind":"hotel"},"geometry":{"type":"Point","coordinates":[59.6012,36.28172]}},{"type":"Feature","properties":{"name":"هتل چهارباغ شهرداری اصفهان","kind":"hotel"},"geometry":{"type":"Point","coordinates":[59.59963,36.27805]}},{"type":"Feature","properties":{"name":"رستوران طبرسی","kind":"food"},"geometry":{"type":"Point","coordinates":[59.62109,36.29289]}},{"type":"Feature","properties":{"name":"هتل‌آپارتمان کربلایی‌ها","kind":"hotel"},"geometry":{"type":"Point","coordinates":[59.62327,36.2941]}},{"type":"Feature","properties":{"name":"Terrasse Restaurant","kind":"food"},"geometry":{"type":"Point","coordinates":[59.533,36.3214]}},{"type":"Feature","properties":{"name":"هتل آپارتمان قطیف","kind":"hotel"},"geometry":{"type":"Point","coordinates":[59.61439,36.28029]}},{"type":"Feature","properties":{"name":"هتل فرحان","kind":"hotel"},"geometry":{"type":"Point","coordinates":[59.61391,36.27981]}},{"type":"Feature","properties":{"name":"کافی شاپ بیسکویت","kind":"food"},"geometry":{"type":"Point","coordinates":[59.53867,36.30105]}},{"type":"Feature","properties":{"name":"ایمان","kind":"food"},"geometry":{"type":"Point","coordinates":[59.1189,36.14075]}},{"type":"Feature","properties":{"name":"هتل آپارتمان آرکس","kind":"hotel"},"geometry":{"type":"Point","coordinates":[59.61385,36.2751]}},{"type":"Feature","properties":{"name":"شادا کافه","kind":"food"},"geometry":{"type":"Point","coordinates":[59.50773,36.31478]}},{"type":"Feature","properties":{"name":"رستوران صبا","kind":"food"},"geometry":{"type":"Point","coordinates":[59.61158,36.29515]}},{"type":"Feature","properties":{"name":"رستوران ننجون","kind":"food"},"geometry":{"type":"Point","coordinates":[59.41037,36.32112]}},{"type":"Feature","properties":{"name":"ماهان","kind":"hotel"},"geometry":{"type":"Point","coordinates":[59.61096,36.28046]}},{"type":"Feature","properties":{"name":"مسجد فقیه آیت الله سبزواری","kind":"shrine"},"geometry":{"type":"Point","coordinates":[59.63895,36.30102]}},{"type":"Feature","properties":{"name":"هتل ملوان","kind":"hotel"},"geometry":{"type":"Point","coordinates":[59.48476,36.358]}},{"type":"Feature","properties":{"name":"الزیتون","kind":"food"},"geometry":{"type":"Point","coordinates":[59.26244,36.37862]}},{"type":"Feature","properties":{"name":"هتل شباهنگ","kind":"hotel"},"geometry":{"type":"Point","coordinates":[59.61017,36.28194]}},{"type":"Feature","properties":{"name":"چرب وچیلی","kind":"food"},"geometry":{"type":"Point","coordinates":[59.6,36.2767]}},{"type":"Feature","properties":{"name":"رستوران حاج حسن شاندیز","kind":"food"},"geometry":{"type":"Point","coordinates":[59.31291,36.39581]}},{"type":"Feature","properties":{"name":"نان داغ کباب داغ امید رضاشهر","kind":"food"},"geometry":{"type":"Point","coordinates":[59.55004,36.28474]}},{"type":"Feature","properties":{"name":"صدقیان تبریزی","kind":"hotel"},"geometry":{"type":"Point","coordinates":[59.61919,36.29101]}},{"type":"Feature","properties":{"name":"نجف اشرف","kind":"hotel"},"geometry":{"type":"Point","coordinates":[59.61549,36.2815]}},{"type":"Feature","properties":{"name":"هتل حمزه","kind":"hotel"},"geometry":{"type":"Point","coordinates":[59.62101,36.28291]}},{"type":"Feature","properties":{"name":"هتل غفورین","kind":"hotel"},"geometry":{"type":"Point","coordinates":[59.61264,36.28218]}},{"type":"Feature","properties":{"name":"رستوران هفت خوان","kind":"food"},"geometry":{"type":"Point","coordinates":[59.51818,36.48555]}},{"type":"Feature","properties":{"name":"هتل آپارتمان پارمیس","kind":"hotel"},"geometry":{"type":"Point","coordinates":[59.59806,36.28286]}},{"type":"Feature","properties":{"name":"مترو غدیر","kind":"transit"},"geometry":{"type":"Point","coordinates":[59.6202,36.25682]}},{"type":"Feature","properties":{"name":"پارک ملت","kind":"transit"},"geometry":{"type":"Point","coordinates":[59.53389,36.31731]}},{"type":"Feature","properties":{"name":"کوثر","kind":"transit"},"geometry":{"type":"Point","coordinates":[59.52564,36.31987]}},{"type":"Feature","properties":{"name":"سید رضی","kind":"transit"},"geometry":{"type":"Point","coordinates":[59.51703,36.32255]}},{"type":"Feature","properties":{"name":"دانش آموز","kind":"transit"},"geometry":{"type":"Point","coordinates":[59.5086,36.32518]}},{"type":"Feature","properties":{"name":"هفت تیر","kind":"transit"},"geometry":{"type":"Point","coordinates":[59.5004,36.32774]}},{"type":"Feature","properties":{"name":"صدف","kind":"transit"},"geometry":{"type":"Point","coordinates":[59.4929,36.33008]}},{"type":"Feature","properties":{"name":"صیاد شیرازی","kind":"transit"},"geometry":{"type":"Point","coordinates":[59.48482,36.3326]}},{"type":"Feature","properties":{"name":"اقبال لاهوری","kind":"transit"},"geometry":{"type":"Point","coordinates":[59.47424,36.3359]}},{"type":"Feature","properties":{"name":"ایستگاه مترو نمایشگاه","kind":"transit"},"geometry":{"type":"Point","coordinates":[59.46314,36.33939]}},{"type":"Feature","properties":{"name":"کوهستان پارک","kind":"transit"},"geometry":{"type":"Point","coordinates":[59.45265,36.34267]}},{"type":"Feature","properties":{"name":"وکیل آباد","kind":"transit"},"geometry":{"type":"Point","coordinates":[59.44215,36.3451]}},{"type":"Feature","properties":{"name":"شهدا","kind":"transit"},"geometry":{"type":"Point","coordinates":[59.60655,36.29828]}},{"type":"Feature","properties":{"name":"آزادی","kind":"transit"},"geometry":{"type":"Point","coordinates":[59.54452,36.31255]}},{"type":"Feature","properties":{"name":"خیام","kind":"transit"},"geometry":{"type":"Point","coordinates":[59.55268,36.30713]}},{"type":"Feature","properties":{"name":"فلسطین","kind":"transit"},"geometry":{"type":"Point","coordinates":[59.56329,36.3002]}},{"type":"Feature","properties":{"name":"قائم","kind":"transit"},"geometry":{"type":"Point","coordinates":[59.5788,36.29428]}},{"type":"Feature","properties":{"name":"شریعتی","kind":"transit"},"geometry":{"type":"Point","coordinates":[59.5861,36.29108]}},{"type":"Feature","properties":{"name":"شریعتی","kind":"transit"},"geometry":{"type":"Point","coordinates":[59.586,36.2911]}},{"type":"Feature","properties":{"name":"امام خمینی","kind":"transit"},"geometry":{"type":"Point","coordinates":[59.59588,36.2812]}},{"type":"Feature","properties":{"name":"بسیج","kind":"transit"},"geometry":{"type":"Point","coordinates":[59.60355,36.27356]}},{"type":"Feature","properties":{"name":"ایستگاه قطارشهری هفده شهریور","kind":"transit"},"geometry":{"type":"Point","coordinates":[59.60922,36.26773]}},{"type":"Feature","properties":{"name":"پروین اعتصامی","kind":"transit"},"geometry":{"type":"Point","coordinates":[59.61418,36.26278]}},{"type":"Feature","properties":{"name":"فرودگاه","kind":"transit"},"geometry":{"type":"Point","coordinates":[59.6406,36.22834]}},{"type":"Feature","properties":{"name":"جگرکی","kind":"food"},"geometry":{"type":"Point","coordinates":[59.49831,36.35231]}},{"type":"Feature","properties":{"name":"برج ونوس","kind":"hotel"},"geometry":{"type":"Point","coordinates":[59.50212,36.35752]}},{"type":"Feature","properties":{"name":"مترو ولایت","kind":"transit"},"geometry":{"type":"Point","coordinates":[59.66224,36.31701]}},{"type":"Feature","properties":{"name":"باغ رستوران دولاب","kind":"food"},"geometry":{"type":"Point","coordinates":[59.40742,36.32476]}},{"type":"Feature","properties":{"name":"بیمارستان امام سجاد","kind":"hospital"},"geometry":{"type":"Point","coordinates":[59.67374,36.30041]}},{"type":"Feature","properties":{"name":"مسجد حضرت زینب کبری (س)","kind":"shrine"},"geometry":{"type":"Point","coordinates":[59.48985,36.37789]}},{"type":"Feature","properties":{"name":"حسینبه و زائرسرای اصفهانیها","kind":"hotel"},"geometry":{"type":"Point","coordinates":[59.6071,36.2858]}},{"type":"Feature","properties":{"name":"هتل پارستو","kind":"hotel"},"geometry":{"type":"Point","coordinates":[59.61007,36.28309]}},{"type":"Feature","properties":{"name":"هتل کیان","kind":"hotel"},"geometry":{"type":"Point","coordinates":[59.61274,36.28165]}},{"type":"Feature","properties":{"name":"زائرسرای بسیج شرکت ملی صنایع پتروشیمی","kind":"hotel"},"geometry":{"type":"Point","coordinates":[59.60528,36.27413]}},{"type":"Feature","properties":{"name":"رستوران سدروس","kind":"food"},"geometry":{"type":"Point","coordinates":[59.54575,36.28867]}},{"type":"Feature","properties":{"name":"هتل معین","kind":"hotel"},"geometry":{"type":"Point","coordinates":[59.62125,36.28822]}},{"type":"Feature","properties":{"name":"مرکز آموزشی اقامتی غدیر یزد","kind":"hotel"},"geometry":{"type":"Point","coordinates":[59.62209,36.28815]}},{"type":"Feature","properties":{"name":"رستوران و غذای آماده مهدی","kind":"food"},"geometry":{"type":"Point","coordinates":[59.56847,36.27825]}},{"type":"Feature","properties":{"name":"مسجد پنج تن","kind":"shrine"},"geometry":{"type":"Point","coordinates":[59.56844,36.27832]}},{"type":"Feature","properties":{"name":"قصر نیلی","kind":"hotel"},"geometry":{"type":"Point","coordinates":[59.60516,36.28758]}},{"type":"Feature","properties":{"name":"هتل رهپویان عدالت","kind":"hotel"},"geometry":{"type":"Point","coordinates":[59.59794,36.28319]}},{"type":"Feature","properties":{"name":"هتل پارسا","kind":"hotel"},"geometry":{"type":"Point","coordinates":[59.60839,36.29174]}},{"type":"Feature","properties":{"name":"خانه مس مشهد","kind":"hotel"},"geometry":{"type":"Point","coordinates":[59.58059,36.29954]}},{"type":"Feature","properties":{"name":"غذای مهرگان","kind":"food"},"geometry":{"type":"Point","coordinates":[59.58504,36.3009]}},{"type":"Feature","properties":{"name":"قهوه بلوط","kind":"food"},"geometry":{"type":"Point","coordinates":[59.58507,36.30061]}},{"type":"Feature","properties":{"name":"مجتمع تجاری ارم","kind":"mall"},"geometry":{"type":"Point","coordinates":[59.58038,36.30255]}},{"type":"Feature","properties":{"name":"هتل حلما","kind":"hotel"},"geometry":{"type":"Point","coordinates":[59.60539,36.27452]}},{"type":"Feature","properties":{"name":"کافه اتحاد","kind":"food"},"geometry":{"type":"Point","coordinates":[59.5201,36.31594]}},{"type":"Feature","properties":{"name":"موسسه آموزش عالی تگنوفن","kind":"university"},"geometry":{"type":"Point","coordinates":[59.5706,36.29271]}},{"type":"Feature","properties":{"name":"موسسه آموزش عالی آزادمهندسان","kind":"university"},"geometry":{"type":"Point","coordinates":[59.56844,36.29227]}},{"type":"Feature","properties":{"name":"دانشکده اقتصاد","kind":"university"},"geometry":{"type":"Point","coordinates":[59.56811,36.29553]}},{"type":"Feature","properties":{"name":"موسسه آموزش عالی آزاد امین","kind":"university"},"geometry":{"type":"Point","coordinates":[59.54402,36.31319]}},{"type":"Feature","properties":{"name":"انجمن پرستاری مشهد","kind":"university"},"geometry":{"type":"Point","coordinates":[59.57692,36.2938]}},{"type":"Feature","properties":{"name":"موسسه آموزش عالی حکیم توس","kind":"university"},"geometry":{"type":"Point","coordinates":[59.57981,36.29118]}},{"type":"Feature","properties":{"name":"موسسه آموزش عالی","kind":"university"},"geometry":{"type":"Point","coordinates":[59.58456,36.29826]}},{"type":"Feature","properties":{"name":"حسینیه حضرت فاطمه","kind":"shrine"},"geometry":{"type":"Point","coordinates":[59.59061,36.29861]}},{"type":"Feature","properties":{"name":"غذای فرنگی","kind":"food"},"geometry":{"type":"Point","coordinates":[59.59026,36.29778]}},{"type":"Feature","properties":{"name":"قهوه رئوف","kind":"food"},"geometry":{"type":"Point","coordinates":[59.59829,36.28495]}},{"type":"Feature","properties":{"name":"هتل پرستاره","kind":"hotel"},"geometry":{"type":"Point","coordinates":[59.60725,36.27655]}},{"type":"Feature","properties":{"name":"مسجد علی ابن ابی طالب","kind":"shrine"},"geometry":{"type":"Point","coordinates":[59.50952,36.35623]}},{"type":"Feature","properties":{"name":"مسجد حضرت ابوالفضل","kind":"shrine"},"geometry":{"type":"Point","coordinates":[59.50554,36.35874]}},{"type":"Feature","properties":{"name":"آبمیوه هندونه","kind":"food"},"geometry":{"type":"Point","coordinates":[59.50421,36.35894]}},{"type":"Feature","properties":{"name":"رستوران مایسا","kind":"food"},"geometry":{"type":"Point","coordinates":[59.5056,36.36386]}},{"type":"Feature","properties":{"name":"رستوران و کترینگ خاتم","kind":"food"},"geometry":{"type":"Point","coordinates":[59.50979,36.35619]}},{"type":"Feature","properties":{"name":"هتل آفتاب ولایت","kind":"hotel"},"geometry":{"type":"Point","coordinates":[59.61985,36.30105]}},{"type":"Feature","properties":{"name":"هتل صدف","kind":"hotel"},"geometry":{"type":"Point","coordinates":[59.62074,36.30295]}},{"type":"Feature","properties":{"name":"ورسیج","kind":"mall"},"geometry":{"type":"Point","coordinates":[59.58031,36.29404]}},{"type":"Feature","properties":{"name":"پاساژ خورشید","kind":"mall"},"geometry":{"type":"Point","coordinates":[59.56858,36.29821]}},{"type":"Feature","properties":{"name":"مسجد امام حسن عسگری","kind":"shrine"},"geometry":{"type":"Point","coordinates":[59.58771,36.30349]}},{"type":"Feature","properties":{"name":"رستورن","kind":"food"},"geometry":{"type":"Point","coordinates":[59.59282,36.30046]}},{"type":"Feature","properties":{"name":"رستوران","kind":"food"},"geometry":{"type":"Point","coordinates":[59.65655,36.26482]}},{"type":"Feature","properties":{"name":"مسجد امام حسن مجتبی","kind":"shrine"},"geometry":{"type":"Point","coordinates":[59.65846,36.2654]}},{"type":"Feature","properties":{"name":"نمازخانه دبیرستان صفورا","kind":"shrine"},"geometry":{"type":"Point","coordinates":[59.50978,36.35338]}},{"type":"Feature","properties":{"name":"کافی شاپ","kind":"food"},"geometry":{"type":"Point","coordinates":[59.47937,36.35281]}},{"type":"Feature","properties":{"name":"مسجد موسی ابن جعفر","kind":"shrine"},"geometry":{"type":"Point","coordinates":[59.4792,36.35791]}},{"type":"Feature","properties":{"name":"مسجد علی ابن موسی الرضا","kind":"shrine"},"geometry":{"type":"Point","coordinates":[59.48281,36.3544]}},{"type":"Feature","properties":{"name":"مسجد بقیع","kind":"shrine"},"geometry":{"type":"Point","coordinates":[59.66263,36.26263]}},{"type":"Feature","properties":{"name":"مسجد حضرت رقیه","kind":"shrine"},"geometry":{"type":"Point","coordinates":[59.65113,36.29875]}},{"type":"Feature","properties":{"name":"ghasr abooreyhan۱","kind":"food"},"geometry":{"type":"Point","coordinates":[59.63858,36.29736]}},{"type":"Feature","properties":{"name":"رستوران درویشی","kind":"food"},"geometry":{"type":"Point","coordinates":[59.63851,36.29774]}},{"type":"Feature","properties":{"name":"رستوران خسروی","kind":"food"},"geometry":{"type":"Point","coordinates":[59.58972,36.33737]}},{"type":"Feature","properties":{"name":"آبمیوه","kind":"food"},"geometry":{"type":"Point","coordinates":[59.65329,36.29672]}},{"type":"Feature","properties":{"name":"رستوران وطندار","kind":"food"},"geometry":{"type":"Point","coordinates":[59.64082,36.29921]}},{"type":"Feature","properties":{"name":"رستوران رضوی","kind":"food"},"geometry":{"type":"Point","coordinates":[59.64015,36.29833]}},{"type":"Feature","properties":{"name":"رستوران","kind":"food"},"geometry":{"type":"Point","coordinates":[59.6479,36.29112]}},{"type":"Feature","properties":{"name":"ورودی ایستگاه مترو مفتح","kind":"transit"},"geometry":{"type":"Point","coordinates":[59.63724,36.30172]}},{"type":"Feature","properties":{"name":"کباب سرا","kind":"food"},"geometry":{"type":"Point","coordinates":[59.61365,36.30999]}},{"type":"Feature","properties":{"name":"اغذیه دانیال","kind":"food"},"geometry":{"type":"Point","coordinates":[59.63546,36.31366]}},{"type":"Feature","properties":{"name":"رستوران میلاد","kind":"food"},"geometry":{"type":"Point","coordinates":[59.63888,36.31583]}},{"type":"Feature","properties":{"name":"مسجد حضرت زهرا","kind":"shrine"},"geometry":{"type":"Point","coordinates":[59.61315,36.31028]}},{"type":"Feature","properties":{"name":"مسجد موسی ابن جعفر","kind":"shrine"},"geometry":{"type":"Point","coordinates":[59.65261,36.26293]}},{"type":"Feature","properties":{"name":"مسجد ابالفضل","kind":"shrine"},"geometry":{"type":"Point","coordinates":[59.65552,36.26571]}},{"type":"Feature","properties":{"name":"رستوران سازگار","kind":"food"},"geometry":{"type":"Point","coordinates":[59.6619,36.26854]}},{"type":"Feature","properties":{"name":"مسجد امام جعفر صادق(ع)","kind":"shrine"},"geometry":{"type":"Point","coordinates":[59.6272,36.34014]}},{"type":"Feature","properties":{"name":"حیات شرق بلوک C","kind":"hotel"},"geometry":{"type":"Point","coordinates":[59.62256,36.28412]}},{"type":"Feature","properties":{"name":"زیتون","kind":"food"},"geometry":{"type":"Point","coordinates":[59.55633,36.30581]}},{"type":"Feature","properties":{"name":"مجموعه غذایی و پذیرایی شیدائی","kind":"food"},"geometry":{"type":"Point","coordinates":[59.59839,36.30303]}},{"type":"Feature","properties":{"name":"زایرسرای آموزش و پرورش تهران منطقه ۱۲","kind":"hotel"},"geometry":{"type":"Point","coordinates":[59.60611,36.28297]}},{"type":"Feature","properties":{"name":"آبمیوه فروشی","kind":"food"},"geometry":{"type":"Point","coordinates":[59.5129,36.37157]}},{"type":"Feature","properties":{"name":"مسجد چهارده معصوم","kind":"shrine"},"geometry":{"type":"Point","coordinates":[59.63456,36.31538]}},{"type":"Feature","properties":{"name":"کبابی زیتون","kind":"food"},"geometry":{"type":"Point","coordinates":[59.62785,36.31653]}},{"type":"Feature","properties":{"name":"مسجد سید","kind":"shrine"},"geometry":{"type":"Point","coordinates":[59.63401,36.31461]}},{"type":"Feature","properties":{"name":"مسجد حاجی حبیب","kind":"shrine"},"geometry":{"type":"Point","coordinates":[59.63202,36.31755]}},{"type":"Feature","properties":{"name":"Abmive Babakhan","kind":"food"},"geometry":{"type":"Point","coordinates":[59.61964,36.31955]}},{"type":"Feature","properties":{"name":"مسجد","kind":"shrine"},"geometry":{"type":"Point","coordinates":[59.61873,36.31788]}},{"type":"Feature","properties":{"name":"پیتزا گپ","kind":"food"},"geometry":{"type":"Point","coordinates":[59.58682,36.33969]}},{"type":"Feature","properties":{"name":"کباب و حلیم ملک","kind":"food"},"geometry":{"type":"Point","coordinates":[59.58597,36.3397]}},{"type":"Feature","properties":{"name":"حلیم نیشابوری اصیل","kind":"food"},"geometry":{"type":"Point","coordinates":[59.58451,36.33879]}},{"type":"Feature","properties":{"name":"کباب مخصوص عبداالهی","kind":"food"},"geometry":{"type":"Point","coordinates":[59.58661,36.33794]}},{"type":"Feature","properties":{"name":"رستوران نارنجی","kind":"food"},"geometry":{"type":"Point","coordinates":[59.48784,36.35416]}},{"type":"Feature","properties":{"name":"کبابی","kind":"food"},"geometry":{"type":"Point","coordinates":[59.62841,36.34067]}},{"type":"Feature","properties":{"name":"کافی شاپ","kind":"food"},"geometry":{"type":"Point","coordinates":[59.62625,36.33852]}},{"type":"Feature","properties":{"name":"ساندویچ فرهنگ","kind":"food"},"geometry":{"type":"Point","coordinates":[59.50535,36.33518]}},{"type":"Feature","properties":{"name":"فست فود سلام پیتزا","kind":"food"},"geometry":{"type":"Point","coordinates":[59.50557,36.33528]}},{"type":"Feature","properties":{"name":"موسسه آموزش عالی پارسوا","kind":"university"},"geometry":{"type":"Point","coordinates":[59.50588,36.33514]}},{"type":"Feature","properties":{"name":"پیتزا پاتیلو","kind":"food"},"geometry":{"type":"Point","coordinates":[59.50478,36.33391]}},{"type":"Feature","properties":{"name":"موسسه آموزش عالی شرفا","kind":"university"},"geometry":{"type":"Point","coordinates":[59.50473,36.3336]}},{"type":"Feature","properties":{"name":"مسجد فاطمیه","kind":"shrine"},"geometry":{"type":"Point","coordinates":[59.53691,36.33656]}},{"type":"Feature","properties":{"name":"کافه مان","kind":"food"},"geometry":{"type":"Point","coordinates":[59.57245,36.29272]}},{"type":"Feature","properties":{"name":"کافه کاکتوس","kind":"food"},"geometry":{"type":"Point","coordinates":[59.56997,36.29684]}},{"type":"Feature","properties":{"name":"کافه رترو","kind":"food"},"geometry":{"type":"Point","coordinates":[59.46576,36.33214]}},{"type":"Feature","properties":{"name":"مسجد حضرت ابوالفضلی (علیه السلام)","kind":"shrine"},"geometry":{"type":"Point","coordinates":[59.65519,36.33856]}},{"type":"Feature","properties":{"name":"رستوران سنتی شبستان","kind":"food"},"geometry":{"type":"Point","coordinates":[59.42723,36.33401]}},{"type":"Feature","properties":{"name":"رستوران شبنم","kind":"food"},"geometry":{"type":"Point","coordinates":[59.35248,36.31247]}},{"type":"Feature","properties":{"name":"مسجد چهارده معصوم (س)","kind":"shrine"},"geometry":{"type":"Point","coordinates":[59.59956,36.27435]}},{"type":"Feature","properties":{"name":"آپار تمان سوره","kind":"hotel"},"geometry":{"type":"Point","coordinates":[59.61666,36.29258]}},{"type":"Feature","properties":{"name":"گرند هتل پارک حیات مشهد","kind":"hotel"},"geometry":{"type":"Point","coordinates":[59.40677,36.32552]}},{"type":"Feature","properties":{"name":"دشت بهشت","kind":"food"},"geometry":{"type":"Point","coordinates":[59.32966,36.42171]}},{"type":"Feature","properties":{"name":"هتل پدیده","kind":"hotel"},"geometry":{"type":"Point","coordinates":[59.31813,36.40235]}},{"type":"Feature","properties":{"name":"ملل","kind":"food"},"geometry":{"type":"Point","coordinates":[59.31666,36.39696]}},{"type":"Feature","properties":{"name":"باغ زیتون","kind":"food"},"geometry":{"type":"Point","coordinates":[59.55328,36.32238]}},{"type":"Feature","properties":{"name":"هتل آپارتمان نظام مهندسی یزد","kind":"hotel"},"geometry":{"type":"Point","coordinates":[59.6023,36.27064]}},{"type":"Feature","properties":{"name":"کارن","kind":"hotel"},"geometry":{"type":"Point","coordinates":[59.61294,36.27854]}},{"type":"Feature","properties":{"name":"هتل یاران","kind":"hotel"},"geometry":{"type":"Point","coordinates":[59.61465,36.27952]}},{"type":"Feature","properties":{"name":"غذای آماده ممتاز","kind":"food"},"geometry":{"type":"Point","coordinates":[59.6346,36.30392]}},{"type":"Feature","properties":{"name":"رستوران غفوریان","kind":"food"},"geometry":{"type":"Point","coordinates":[59.63452,36.30514]}},{"type":"Feature","properties":{"name":"پرند","kind":"food"},"geometry":{"type":"Point","coordinates":[59.62878,36.30881]}},{"type":"Feature","properties":{"name":"هتل عماره الجلیل","kind":"hotel"},"geometry":{"type":"Point","coordinates":[59.61204,36.29603]}},{"type":"Feature","properties":{"name":"فروشگاه های زنجیره ای مایا","kind":"mall"},"geometry":{"type":"Point","coordinates":[59.57168,36.28641]}},{"type":"Feature","properties":{"name":"هتل آپارتمان شکوفه","kind":"hotel"},"geometry":{"type":"Point","coordinates":[59.60883,36.27818]}},{"type":"Feature","properties":{"name":"هتل ملل","kind":"hotel"},"geometry":{"type":"Point","coordinates":[59.61046,36.28304]}},{"type":"Feature","properties":{"name":"مروارید","kind":"hotel"},"geometry":{"type":"Point","coordinates":[59.6196,36.29258]}},{"type":"Feature","properties":{"name":"آبمیوه سیب","kind":"food"},"geometry":{"type":"Point","coordinates":[59.57032,36.29822]}},{"type":"Feature","properties":{"name":"هتل ناهید","kind":"hotel"},"geometry":{"type":"Point","coordinates":[59.56904,36.29906]}},{"type":"Feature","properties":{"name":"زائرسرای فدک","kind":"hotel"},"geometry":{"type":"Point","coordinates":[59.62618,36.28819]}},{"type":"Feature","properties":{"name":"هتل","kind":"hotel"},"geometry":{"type":"Point","coordinates":[59.5919,36.29633]}},{"type":"Feature","properties":{"name":"در النجف","kind":"hotel"},"geometry":{"type":"Point","coordinates":[59.61261,36.2955]}},{"type":"Feature","properties":{"name":"هتل آپارتمان میزبان","kind":"hotel"},"geometry":{"type":"Point","coordinates":[59.60237,36.27039]}},{"type":"Feature","properties":{"name":"هتل منجی","kind":"hotel"},"geometry":{"type":"Point","coordinates":[59.61432,36.28074]}},{"type":"Feature","properties":{"name":"مسجدالرضا","kind":"shrine"},"geometry":{"type":"Point","coordinates":[59.59422,36.28263]}},{"type":"Feature","properties":{"name":"امیدنو","kind":"food"},"geometry":{"type":"Point","coordinates":[59.60144,36.29019]}},{"type":"Feature","properties":{"name":"کترینگ و رستوران گلبرگ","kind":"food"},"geometry":{"type":"Point","coordinates":[59.59641,36.28185]}},{"type":"Feature","properties":{"name":"هتل های نگارستان","kind":"hotel"},"geometry":{"type":"Point","coordinates":[59.60246,36.27484]}},{"type":"Feature","properties":{"name":"هتل فدک الزهرا","kind":"hotel"},"geometry":{"type":"Point","coordinates":[59.62047,36.29027]}},{"type":"Feature","properties":{"name":"باغ محتشم","kind":"food"},"geometry":{"type":"Point","coordinates":[59.39763,36.32037]}},{"type":"Feature","properties":{"name":"دوستان","kind":"hotel"},"geometry":{"type":"Point","coordinates":[59.60835,36.28185]}},{"type":"Feature","properties":{"name":"رستوران ‌تی‌رکس","kind":"food"},"geometry":{"type":"Point","coordinates":[59.43601,36.35575]}},{"type":"Feature","properties":{"name":"هالیدیز","kind":"food"},"geometry":{"type":"Point","coordinates":[59.511,36.32049]}},{"type":"Feature","properties":{"name":"هتل زیتون","kind":"hotel"},"geometry":{"type":"Point","coordinates":[59.59517,36.28827]}},{"type":"Feature","properties":{"name":"کبابی آدرینا","kind":"food"},"geometry":{"type":"Point","coordinates":[59.53158,36.33851]}},{"type":"Feature","properties":{"name":"هتل حیدر ۲","kind":"hotel"},"geometry":{"type":"Point","coordinates":[59.62813,36.29271]}},{"type":"Feature","properties":{"name":"مهدیار","kind":"hotel"},"geometry":{"type":"Point","coordinates":[59.62816,36.2927]}},{"type":"Feature","properties":{"name":"مهدیار","kind":"hotel"},"geometry":{"type":"Point","coordinates":[59.62613,36.29183]}},{"type":"Feature","properties":{"name":"حسین","kind":"hotel"},"geometry":{"type":"Point","coordinates":[59.62569,36.29209]}},{"type":"Feature","properties":{"name":"هتیل ۱۰۱","kind":"hotel"},"geometry":{"type":"Point","coordinates":[59.61275,36.28181]}},{"type":"Feature","properties":{"name":"رستوران نورمحمدی","kind":"food"},"geometry":{"type":"Point","coordinates":[59.40547,36.46673]}},{"type":"Feature","properties":{"name":"معرفت","kind":"hotel"},"geometry":{"type":"Point","coordinates":[59.61826,36.28323]}},{"type":"Feature","properties":{"name":"هتل مرمر","kind":"hotel"},"geometry":{"type":"Point","coordinates":[59.61234,36.27881]}},{"type":"Feature","properties":{"name":"نمازخانه","kind":"shrine"},"geometry":{"type":"Point","coordinates":[59.46541,36.34446]}},{"type":"Feature","properties":{"name":"هتل سعید","kind":"hotel"},"geometry":{"type":"Point","coordinates":[59.6131,36.2797]}},{"type":"Feature","properties":{"name":"هتل آسیا","kind":"hotel"},"geometry":{"type":"Point","coordinates":[59.59499,36.28933]}},{"type":"Feature","properties":{"name":"ابشار","kind":"hotel"},"geometry":{"type":"Point","coordinates":[59.60734,36.28359]}},{"type":"Feature","properties":{"name":"هتل آپارتمان نگار","kind":"hotel"},"geometry":{"type":"Point","coordinates":[59.60035,36.26917]}},{"type":"Feature","properties":{"name":"مطعم عراقی","kind":"food"},"geometry":{"type":"Point","coordinates":[59.60868,36.27846]}},{"type":"Feature","properties":{"name":"هتل واپارتمان برلیان توس","kind":"hotel"},"geometry":{"type":"Point","coordinates":[59.60504,36.27798]}},{"type":"Feature","properties":{"name":"بوستان ریحانه","kind":"transit"},"geometry":{"type":"Point","coordinates":[59.62357,36.24338]}},{"type":"Feature","properties":{"name":"طالقانی","kind":"transit"},"geometry":{"type":"Point","coordinates":[59.57301,36.29717]}},{"type":"Feature","properties":{"name":"کوروش","kind":"food"},"geometry":{"type":"Point","coordinates":[59.2616,36.3784]}},{"type":"Feature","properties":{"name":"مجتمع تجاری عدالت","kind":"mall"},"geometry":{"type":"Point","coordinates":[59.62363,36.28183]}},{"type":"Feature","properties":{"name":"هتیل سعید","kind":"hotel"},"geometry":{"type":"Point","coordinates":[59.6128,36.27983]}},{"type":"Feature","properties":{"name":"رستوران قصر عتیق","kind":"food"},"geometry":{"type":"Point","coordinates":[59.6129,36.29479]}},{"type":"Feature","properties":{"name":"سخاوتی","kind":"hotel"},"geometry":{"type":"Point","coordinates":[59.60852,36.28425]}},{"type":"Feature","properties":{"name":"مسجد موسی ابن جعفر (ع)","kind":"shrine"},"geometry":{"type":"Point","coordinates":[59.5089,36.29538]}},{"type":"Feature","properties":{"name":"هتل آفتاب شرق","kind":"hotel"},"geometry":{"type":"Point","coordinates":[59.61356,36.2817]}},{"type":"Feature","properties":{"name":"مهماپذیر ابوالفضلی فیروزآباد میبد","kind":"hotel"},"geometry":{"type":"Point","coordinates":[59.62134,36.29443]}},{"type":"Feature","properties":{"name":"دجلة طلائی","kind":"hotel"},"geometry":{"type":"Point","coordinates":[59.61222,36.28093]}},{"type":"Feature","properties":{"name":"مسجد چهارده معصوم","kind":"shrine"},"geometry":{"type":"Point","coordinates":[59.36023,36.31884]}},{"type":"Feature","properties":{"name":"کبابی بناب اصلی","kind":"food"},"geometry":{"type":"Point","coordinates":[59.51675,36.33244]}},{"type":"Feature","properties":{"name":"هتل کربلا ۲","kind":"hotel"},"geometry":{"type":"Point","coordinates":[59.6116,36.29612]}},{"type":"Feature","properties":{"name":"هتل آپارتمان دانشگاه علوم پزشکی تبریز","kind":"hotel"},"geometry":{"type":"Point","coordinates":[59.6114,36.27535]}},{"type":"Feature","properties":{"name":"هتل ارغوان","kind":"hotel"},"geometry":{"type":"Point","coordinates":[59.6121,36.28038]}},{"type":"Feature","properties":{"name":"موسسه آموزش عالی شاندیز","kind":"university"},"geometry":{"type":"Point","coordinates":[59.42067,36.36525]}},{"type":"Feature","properties":{"name":"برج تجاری اداری آرمیتاژ گلشن","kind":"mall"},"geometry":{"type":"Point","coordinates":[59.49956,36.3243]}},{"type":"Feature","properties":{"name":"هتل ابارتمان آرال","kind":"hotel"},"geometry":{"type":"Point","coordinates":[59.62206,36.29407]}},{"type":"Feature","properties":{"name":"هتل آرال","kind":"hotel"},"geometry":{"type":"Point","coordinates":[59.62189,36.29412]}},{"type":"Feature","properties":{"name":"آریان","kind":"hotel"},"geometry":{"type":"Point","coordinates":[59.61124,36.28115]}},{"type":"Feature","properties":{"name":"رستوران بهشت","kind":"food"},"geometry":{"type":"Point","coordinates":[59.61191,36.2823]}},{"type":"Feature","properties":{"name":"رستوران کریم","kind":"food"},"geometry":{"type":"Point","coordinates":[59.61152,36.28244]}},{"type":"Feature","properties":{"name":"سویت ایرمان","kind":"hotel"},"geometry":{"type":"Point","coordinates":[59.61271,36.29473]}},{"type":"Feature","properties":{"name":"سفارشی","kind":"food"},"geometry":{"type":"Point","coordinates":[59.61596,36.2649]}},{"type":"Feature","properties":{"name":"فوندوو","kind":"food"},"geometry":{"type":"Point","coordinates":[59.31151,36.39938]}},{"type":"Feature","properties":{"name":"کافه گرام","kind":"food"},"geometry":{"type":"Point","coordinates":[59.31205,36.39956]}},{"type":"Feature","properties":{"name":"کافه تکسین","kind":"food"},"geometry":{"type":"Point","coordinates":[59.56238,36.31121]}},{"type":"Feature","properties":{"name":"سیب","kind":"food"},"geometry":{"type":"Point","coordinates":[59.57353,36.30899]}},{"type":"Feature","properties":{"name":"کافه دارک","kind":"food"},"geometry":{"type":"Point","coordinates":[59.5894,36.31955]}},{"type":"Feature","properties":{"name":"کافی شاپ","kind":"food"},"geometry":{"type":"Point","coordinates":[59.58339,36.31509]}},{"type":"Feature","properties":{"name":"کافی شاپ","kind":"food"},"geometry":{"type":"Point","coordinates":[59.58053,36.30915]}},{"type":"Feature","properties":{"name":"کافی شاپ","kind":"food"},"geometry":{"type":"Point","coordinates":[59.58757,36.31848]}},{"type":"Feature","properties":{"name":"شادتوس","kind":"hotel"},"geometry":{"type":"Point","coordinates":[59.61846,36.2911]}},{"type":"Feature","properties":{"name":"شادتوس","kind":"hotel"},"geometry":{"type":"Point","coordinates":[59.61807,36.29084]}},{"type":"Feature","properties":{"name":"کافه بلانش","kind":"food"},"geometry":{"type":"Point","coordinates":[59.55761,36.32268]}},{"type":"Feature","properties":{"name":"هتل فرات","kind":"hotel"},"geometry":{"type":"Point","coordinates":[59.61192,36.28103]}},{"type":"Feature","properties":{"name":"مطعم دامون","kind":"food"},"geometry":{"type":"Point","coordinates":[59.43031,36.33769]}},{"type":"Feature","properties":{"name":"مجموعه ورزشی و آموزشی نفت مشهد","kind":"food"},"geometry":{"type":"Point","coordinates":[59.56651,36.2834]}},{"type":"Feature","properties":{"name":"رستوران رضایی","kind":"food"},"geometry":{"type":"Point","coordinates":[59.61098,36.23078]}},{"type":"Feature","properties":{"name":"مسجد زین العابدین","kind":"shrine"},"geometry":{"type":"Point","coordinates":[59.18804,36.57047]}},{"type":"Feature","properties":{"name":"هتل خاور","kind":"hotel"},"geometry":{"type":"Point","coordinates":[59.6078,36.27842]}},{"type":"Feature","properties":{"name":"کافه و رستوران لبخند","kind":"food"},"geometry":{"type":"Point","coordinates":[59.31093,36.39918]}},{"type":"Feature","properties":{"name":"کافه چی","kind":"food"},"geometry":{"type":"Point","coordinates":[59.31081,36.39917]}},{"type":"Feature","properties":{"name":"هوتیل أعیان","kind":"hotel"},"geometry":{"type":"Point","coordinates":[59.61244,36.28249]}},{"type":"Feature","properties":{"name":"کافی‌شاپ ولز","kind":"food"},"geometry":{"type":"Point","coordinates":[59.50504,36.31464]}},{"type":"Feature","properties":{"name":"دوستان","kind":"hotel"},"geometry":{"type":"Point","coordinates":[59.6082,36.28126]}},{"type":"Feature","properties":{"name":"کباب سنگی","kind":"food"},"geometry":{"type":"Point","coordinates":[59.50192,36.35727]}},{"type":"Feature","properties":{"name":"تالار آرزو","kind":"food"},"geometry":{"type":"Point","coordinates":[59.58462,36.31805]}},{"type":"Feature","properties":{"name":"ملک شاهان","kind":"food"},"geometry":{"type":"Point","coordinates":[59.59155,36.29102]}},{"type":"Feature","properties":{"name":"پسران کریم","kind":"food"},"geometry":{"type":"Point","coordinates":[59.59394,36.29408]}},{"type":"Feature","properties":{"name":"حسینیه و زائر سرای قزوینی ها","kind":"hotel"},"geometry":{"type":"Point","coordinates":[59.60817,36.2832]}},{"type":"Feature","properties":{"name":"تجهیزات دندانپزشکی تاج الدین","kind":"mall"},"geometry":{"type":"Point","coordinates":[59.50466,36.30735]}},{"type":"Feature","properties":{"name":"کاویان","kind":"hotel"},"geometry":{"type":"Point","coordinates":[59.61053,36.28013]}},{"type":"Feature","properties":{"name":"هتل آدینا","kind":"hotel"},"geometry":{"type":"Point","coordinates":[59.60684,36.27727]}},{"type":"Feature","properties":{"name":"مطعم كباب فيروز","kind":"food"},"geometry":{"type":"Point","coordinates":[59.5332,36.29342]}},{"type":"Feature","properties":{"name":"ویتانوش","kind":"food"},"geometry":{"type":"Point","coordinates":[59.49654,36.32144]}},{"type":"Feature","properties":{"name":"نمازخانه صادقیه","kind":"shrine"},"geometry":{"type":"Point","coordinates":[59.47021,36.38024]}},{"type":"Feature","properties":{"name":"هتل ادریس","kind":"hotel"},"geometry":{"type":"Point","coordinates":[59.61281,36.28405]}},{"type":"Feature","properties":{"name":"Feizi Apartment and Suite","kind":"hotel"},"geometry":{"type":"Point","coordinates":[59.6039,36.28173]}},{"type":"Feature","properties":{"name":"Souda Cafe Restaurant","kind":"food"},"geometry":{"type":"Point","coordinates":[59.55475,36.31138]}},{"type":"Feature","properties":{"name":"علاء هتل","kind":"hotel"},"geometry":{"type":"Point","coordinates":[59.60876,36.27874]}},{"type":"Feature","properties":{"name":"الربيعي","kind":"hotel"},"geometry":{"type":"Point","coordinates":[59.61211,36.28118]}},{"type":"Feature","properties":{"name":"فهرنگ","kind":"hotel"},"geometry":{"type":"Point","coordinates":[59.61268,36.28171]}},{"type":"Feature","properties":{"name":"بازار الامام الرضا","kind":"mall"},"geometry":{"type":"Point","coordinates":[59.61309,36.28274]}},{"type":"Feature","properties":{"name":"فندق سهيل (Hotel Suhail)","kind":"hotel"},"geometry":{"type":"Point","coordinates":[59.61933,36.29268]}},{"type":"Feature","properties":{"name":"Torkan","kind":"food"},"geometry":{"type":"Point","coordinates":[59.61234,36.29091]}},{"type":"Feature","properties":{"name":"هتل نور طوبی","kind":"hotel"},"geometry":{"type":"Point","coordinates":[59.6037,36.28369]}},{"type":"Feature","properties":{"name":"فندق طاووس","kind":"hotel"},"geometry":{"type":"Point","coordinates":[59.60465,36.27744]}},{"type":"Feature","properties":{"name":"مسجد امام علی ع","kind":"shrine"},"geometry":{"type":"Point","coordinates":[59.60121,36.31103]}},{"type":"Feature","properties":{"name":"قصر خورشيد","kind":"food"},"geometry":{"type":"Point","coordinates":[59.35873,36.31045]}},{"type":"Feature","properties":{"name":"نورى زاده","kind":"hotel"},"geometry":{"type":"Point","coordinates":[59.61312,36.27889]}},{"type":"Feature","properties":{"name":"لیالی لبنان","kind":"food"},"geometry":{"type":"Point","coordinates":[59.52401,36.32089]}},{"type":"Feature","properties":{"name":"أمينيان","kind":"hotel"},"geometry":{"type":"Point","coordinates":[59.61045,36.2757]}},{"type":"Feature","properties":{"name":"صبحانه","kind":"food"},"geometry":{"type":"Point","coordinates":[59.53393,36.32428]}},{"type":"Feature","properties":{"name":"مسجد امیر المومنین (علیه السلام)","kind":"shrine"},"geometry":{"type":"Point","coordinates":[59.65424,36.33344]}},{"type":"Feature","properties":{"name":"مطعم معين درباري","kind":"food"},"geometry":{"type":"Point","coordinates":[59.59799,36.28691]}},{"type":"Feature","properties":{"name":"کباب طیب","kind":"food"},"geometry":{"type":"Point","coordinates":[59.63099,36.27647]}},{"type":"Feature","properties":{"name":"فندق شجاعي","kind":"hotel"},"geometry":{"type":"Point","coordinates":[59.61234,36.28184]}},{"type":"Feature","properties":{"name":"الشجاعي","kind":"hotel"},"geometry":{"type":"Point","coordinates":[59.61184,36.28165]}},{"type":"Feature","properties":{"name":"حسینیه و زائر سرای جواد الائمه","kind":"hotel"},"geometry":{"type":"Point","coordinates":[59.60287,36.28495]}},{"type":"Feature","properties":{"name":"الڤند","kind":"hotel"},"geometry":{"type":"Point","coordinates":[59.60126,36.27497]}},{"type":"Feature","properties":{"name":"سیتی سنتر","kind":"mall"},"geometry":{"type":"Point","coordinates":[59.18871,36.57066]}},{"type":"Feature","properties":{"name":"بيمارستان ٢٢بهمن","kind":"hospital"},"geometry":{"type":"Point","coordinates":[59.66048,36.29944]}},{"type":"Feature","properties":{"name":"آپارتمان ارين","kind":"hotel"},"geometry":{"type":"Point","coordinates":[59.6099,36.2828]}},{"type":"Feature","properties":{"name":"مول الماس","kind":"mall"},"geometry":{"type":"Point","coordinates":[59.59304,36.33904]}},{"type":"Feature","properties":{"name":"مطعم الفرات","kind":"food"},"geometry":{"type":"Point","coordinates":[59.61315,36.29574]}},{"type":"Feature","properties":{"name":"هتل سفرا","kind":"hotel"},"geometry":{"type":"Point","coordinates":[59.61116,36.28116]}},{"type":"Feature","properties":{"name":"هتل كيانا","kind":"hotel"},"geometry":{"type":"Point","coordinates":[59.61297,36.28112]}},{"type":"Feature","properties":{"name":"هتل آپارتمان رواق","kind":"hotel"},"geometry":{"type":"Point","coordinates":[59.60945,36.2789]}},{"type":"Feature","properties":{"name":"برج سلمان","kind":"mall"},"geometry":{"type":"Point","coordinates":[59.57185,36.30361]}},{"type":"Feature","properties":{"name":"هتل","kind":"hotel"},"geometry":{"type":"Point","coordinates":[59.60896,36.27841]}},{"type":"Feature","properties":{"name":"تریا وزنی خوابگاه فجر","kind":"food"},"geometry":{"type":"Point","coordinates":[59.52808,36.30302]}},{"type":"Feature","properties":{"name":"فروشگاه مرکزی دوو الکترونیک","kind":"mall"},"geometry":{"type":"Point","coordinates":[59.51373,36.33299]}},{"type":"Feature","properties":{"name":"هتل حدیث","kind":"hotel"},"geometry":{"type":"Point","coordinates":[59.60225,36.26918]}},{"type":"Feature","properties":{"name":"هتل جام","kind":"hotel"},"geometry":{"type":"Point","coordinates":[59.59823,36.27783]}},{"type":"Feature","properties":{"name":"فندق حلما","kind":"hotel"},"geometry":{"type":"Point","coordinates":[59.60545,36.27455]}},{"type":"Feature","properties":{"name":"مرکز علمی کاربردی مدیریت صنعتی خراسان رضوی","kind":"university"},"geometry":{"type":"Point","coordinates":[59.56059,36.29163]}},{"type":"Feature","properties":{"name":"فندق عاملى","kind":"hotel"},"geometry":{"type":"Point","coordinates":[59.60835,36.28196]}},{"type":"Feature","properties":{"name":"شیوخ کافیشاپ","kind":"food"},"geometry":{"type":"Point","coordinates":[59.62384,36.28176]}},{"type":"Feature","properties":{"name":"هتل باختر","kind":"hotel"},"geometry":{"type":"Point","coordinates":[59.59711,36.28812]}},{"type":"Feature","properties":{"name":"قصر نیلی","kind":"hotel"},"geometry":{"type":"Point","coordinates":[59.60511,36.28768]}},{"type":"Feature","properties":{"name":"هتل مهدوى","kind":"hotel"},"geometry":{"type":"Point","coordinates":[59.61425,36.2805]}},{"type":"Feature","properties":{"name":"هفت تیر کافی شاپ","kind":"food"},"geometry":{"type":"Point","coordinates":[59.46471,36.36939]}},{"type":"Feature","properties":{"name":"هتل اپارتمان جمالی","kind":"hotel"},"geometry":{"type":"Point","coordinates":[59.61186,36.27954]}},{"type":"Feature","properties":{"name":"هتل گل گندم شباهنگ","kind":"hotel"},"geometry":{"type":"Point","coordinates":[59.59657,36.26403]}},{"type":"Feature","properties":{"name":"حسينيه آيت الله طبسي حائري","kind":"shrine"},"geometry":{"type":"Point","coordinates":[59.60782,36.2761]}},{"type":"Feature","properties":{"name":"هتل حافظ","kind":"hotel"},"geometry":{"type":"Point","coordinates":[59.60877,36.28776]}},{"type":"Feature","properties":{"name":"هتل حکمت","kind":"hotel"},"geometry":{"type":"Point","coordinates":[59.59507,36.28633]}},{"type":"Feature","properties":{"name":"کبابی سید یوسف","kind":"food"},"geometry":{"type":"Point","coordinates":[59.51466,36.35167]}},{"type":"Feature","properties":{"name":"حسینیه رضویه معروف به حسینیه نه نه جان","kind":"shrine"},"geometry":{"type":"Point","coordinates":[59.64136,36.28457]}},{"type":"Feature","properties":{"name":"هتل ذاکر","kind":"hotel"},"geometry":{"type":"Point","coordinates":[59.60771,36.27629]}},{"type":"Feature","properties":{"name":"کافه نون","kind":"food"},"geometry":{"type":"Point","coordinates":[59.52482,36.31915]}},{"type":"Feature","properties":{"name":"قهوه پیک","kind":"food"},"geometry":{"type":"Point","coordinates":[59.49241,36.33085]}},{"type":"Feature","properties":{"name":"Hotel dorsa","kind":"hotel"},"geometry":{"type":"Point","coordinates":[59.60246,36.28503]}},{"type":"Feature","properties":{"name":"سهند","kind":"hotel"},"geometry":{"type":"Point","coordinates":[59.61265,36.28105]}},{"type":"Feature","properties":{"name":"هتل كميل","kind":"hotel"},"geometry":{"type":"Point","coordinates":[59.61391,36.28219]}},{"type":"Feature","properties":{"name":"رستوران لذیذ (الماس)","kind":"food"},"geometry":{"type":"Point","coordinates":[59.56771,36.30521]}},{"type":"Feature","properties":{"name":"باغ سرای بهشت","kind":"food"},"geometry":{"type":"Point","coordinates":[59.44349,36.43837]}},{"type":"Feature","properties":{"name":"مسجد امام رضا","kind":"shrine"},"geometry":{"type":"Point","coordinates":[59.40959,36.43501]}},{"type":"Feature","properties":{"name":"رستوران نیکنام","kind":"food"},"geometry":{"type":"Point","coordinates":[59.41283,36.43144]}},{"type":"Feature","properties":{"name":"تالار تیراژه","kind":"food"},"geometry":{"type":"Point","coordinates":[59.43357,36.35702]}},{"type":"Feature","properties":{"name":"تالار یلدا","kind":"food"},"geometry":{"type":"Point","coordinates":[59.42758,36.36084]}},{"type":"Feature","properties":{"name":"تالار ایرن","kind":"food"},"geometry":{"type":"Point","coordinates":[59.42758,36.36057]}},{"type":"Feature","properties":{"name":"تالار قصر مرسده","kind":"food"},"geometry":{"type":"Point","coordinates":[59.43308,36.35724]}},{"type":"Feature","properties":{"name":"رویای مدرن","kind":"food"},"geometry":{"type":"Point","coordinates":[59.41476,36.37395]}},{"type":"Feature","properties":{"name":"دهکده شاندیز","kind":"food"},"geometry":{"type":"Point","coordinates":[59.37231,36.40158]}},{"type":"Feature","properties":{"name":"مجموع پذیرایی سدروس","kind":"food"},"geometry":{"type":"Point","coordinates":[59.40829,36.39038]}},{"type":"Feature","properties":{"name":"هتل جوادیه","kind":"hotel"},"geometry":{"type":"Point","coordinates":[59.62706,36.29253]}},{"type":"Feature","properties":{"name":"کافه لوکات","kind":"food"},"geometry":{"type":"Point","coordinates":[59.49043,36.3314]}},{"type":"Feature","properties":{"name":"مسجد امام حسن مجتبی","kind":"shrine"},"geometry":{"type":"Point","coordinates":[59.68183,36.31807]}},{"type":"Feature","properties":{"name":"مسجد امام حسن مجتبی","kind":"shrine"},"geometry":{"type":"Point","coordinates":[59.65355,36.2007]}},{"type":"Feature","properties":{"name":"مسجد امام رضا","kind":"shrine"},"geometry":{"type":"Point","coordinates":[59.62113,36.19442]}},{"type":"Feature","properties":{"name":"مسجد الرسول","kind":"shrine"},"geometry":{"type":"Point","coordinates":[59.59996,36.26197]}},{"type":"Feature","properties":{"name":"مسجد حجت عجل الله تعالی","kind":"shrine"},"geometry":{"type":"Point","coordinates":[59.61722,36.29972]}},{"type":"Feature","properties":{"name":"دانشگاه علمی کاربردی واحد بازرگانی","kind":"university"},"geometry":{"type":"Point","coordinates":[59.45665,36.33808]}},{"type":"Feature","properties":{"name":"مسجد امام حسین","kind":"shrine"},"geometry":{"type":"Point","coordinates":[59.45612,36.34095]}},{"type":"Feature","properties":{"name":"مسجد امام رضا","kind":"shrine"},"geometry":{"type":"Point","coordinates":[59.61596,36.33618]}},{"type":"Feature","properties":{"name":"مسجد امام خمینی","kind":"shrine"},"geometry":{"type":"Point","coordinates":[59.57855,36.32219]}},{"type":"Feature","properties":{"name":"مسجد توحید","kind":"shrine"},"geometry":{"type":"Point","coordinates":[59.59293,36.31848]}},{"type":"Feature","properties":{"name":"مسجد حضرت خدیجه","kind":"shrine"},"geometry":{"type":"Point","coordinates":[59.76851,36.21492]}},{"type":"Feature","properties":{"name":"مسجد صاحب الزمان","kind":"shrine"},"geometry":{"type":"Point","coordinates":[59.68075,36.26127]}},{"type":"Feature","properties":{"name":"کافه کارن","kind":"food"},"geometry":{"type":"Point","coordinates":[59.63332,36.23556]}},{"type":"Feature","properties":{"name":"مسجد جواد ائمه","kind":"shrine"},"geometry":{"type":"Point","coordinates":[59.64347,36.25869]}},{"type":"Feature","properties":{"name":"مسجد حجت","kind":"shrine"},"geometry":{"type":"Point","coordinates":[59.65521,36.27399]}},{"type":"Feature","properties":{"name":"مسجد بقیه الله","kind":"shrine"},"geometry":{"type":"Point","coordinates":[59.63945,36.27177]}},{"type":"Feature","properties":{"name":"مسجد فاطمه الزهرا","kind":"shrine"},"geometry":{"type":"Point","coordinates":[59.49654,36.38188]}},{"type":"Feature","properties":{"name":"مسجد جواد ائمه","kind":"shrine"},"geometry":{"type":"Point","coordinates":[59.49373,36.37034]}},{"type":"Feature","properties":{"name":"مسجد امام رضا","kind":"shrine"},"geometry":{"type":"Point","coordinates":[59.65405,36.3136]}},{"type":"Feature","properties":{"name":"الماس نوين","kind":"hotel"},"geometry":{"type":"Point","coordinates":[59.60793,36.28133]}},{"type":"Feature","properties":{"name":"اقامتگاه بومگردی عمارت کوچه باغ","kind":"hotel"},"geometry":{"type":"Point","coordinates":[59.29759,36.40555]}},{"type":"Feature","properties":{"name":"مجتمع اقامتی رسول اکرم","kind":"hotel"},"geometry":{"type":"Point","coordinates":[59.61132,36.29683]}},{"type":"Feature","properties":{"name":"Dalahoo Cafe","kind":"food"},"geometry":{"type":"Point","coordinates":[59.50778,36.31723]}},{"type":"Feature","properties":{"name":"مرکز خرید خلیج فارس","kind":"mall"},"geometry":{"type":"Point","coordinates":[59.48139,36.36538]}},{"type":"Feature","properties":{"name":"جگری چرب و چیلی","kind":"food"},"geometry":{"type":"Point","coordinates":[59.53271,36.29303]}},{"type":"Feature","properties":{"name":"هتل","kind":"hotel"},"geometry":{"type":"Point","coordinates":[59.60361,36.27838]}},{"type":"Feature","properties":{"name":"هتل بارانا","kind":"hotel"},"geometry":{"type":"Point","coordinates":[59.62189,36.29388]}},{"type":"Feature","properties":{"name":"فندقنا","kind":"hotel"},"geometry":{"type":"Point","coordinates":[59.60908,36.28192]}},{"type":"Feature","properties":{"name":"رستوران شکوهی","kind":"food"},"geometry":{"type":"Point","coordinates":[59.66362,36.45484]}},{"type":"Feature","properties":{"name":"Wood Coffee","kind":"food"},"geometry":{"type":"Point","coordinates":[59.51868,36.35232]}},{"type":"Feature","properties":{"name":"قمر بنی هاشم","kind":"hotel"},"geometry":{"type":"Point","coordinates":[59.61217,36.27894]}},{"type":"Feature","properties":{"name":"کافه رژیمی","kind":"food"},"geometry":{"type":"Point","coordinates":[59.55328,36.32236]}},{"type":"Feature","properties":{"name":"هتل مشهد","kind":"hotel"},"geometry":{"type":"Point","coordinates":[59.6108,36.28284]}},{"type":"Feature","properties":{"name":"تالار و رستوران رسپینوس","kind":"food"},"geometry":{"type":"Point","coordinates":[59.38543,36.41289]}},{"type":"Feature","properties":{"name":"رستوران لذیذ الماس","kind":"food"},"geometry":{"type":"Point","coordinates":[59.56772,36.30522]}},{"type":"Feature","properties":{"name":"مسجد فاطمه الزهرا س","kind":"shrine"},"geometry":{"type":"Point","coordinates":[59.65697,36.29529]}},{"type":"Feature","properties":{"name":"مسجد امام حسین ع","kind":"shrine"},"geometry":{"type":"Point","coordinates":[59.65473,36.29558]}},{"type":"Feature","properties":{"name":"کافه رستوران الف","kind":"food"},"geometry":{"type":"Point","coordinates":[59.54578,36.32367]}},{"type":"Feature","properties":{"name":"مسجد جامع صاحب الزمان","kind":"shrine"},"geometry":{"type":"Point","coordinates":[59.11746,36.13881]}},{"type":"Feature","properties":{"name":"اکسیژن خوارکیان","kind":"mall"},"geometry":{"type":"Point","coordinates":[59.50297,36.39306]}},{"type":"Feature","properties":{"name":"هتل میعاد","kind":"hotel"},"geometry":{"type":"Point","coordinates":[59.60691,36.27404]}},{"type":"Feature","properties":{"name":"کافه کولاک","kind":"food"},"geometry":{"type":"Point","coordinates":[59.51042,36.28776]}},{"type":"Feature","properties":{"name":"مزه طوری","kind":"food"},"geometry":{"type":"Point","coordinates":[59.48174,36.40241]}},{"type":"Feature","properties":{"name":"کافی شاپ فا","kind":"food"},"geometry":{"type":"Point","coordinates":[59.51419,36.32187]}},{"type":"Feature","properties":{"name":"کافی شاپ Wolf","kind":"food"},"geometry":{"type":"Point","coordinates":[59.56664,36.29766]}},{"type":"Feature","properties":{"name":"کافی شاپ اوهانا","kind":"food"},"geometry":{"type":"Point","coordinates":[59.57401,36.31707]}},{"type":"Feature","properties":{"name":"کافی شاپ کارا","kind":"food"},"geometry":{"type":"Point","coordinates":[59.55336,36.31829]}},{"type":"Feature","properties":{"name":"کافه هشت انگشت","kind":"food"},"geometry":{"type":"Point","coordinates":[59.53345,36.32778]}},{"type":"Feature","properties":{"name":"مهمانسرای دانشگاه فردوسی مشهد","kind":"hotel"},"geometry":{"type":"Point","coordinates":[59.53383,36.30136]}},{"type":"Feature","properties":{"name":"گلخانه آقا سهراب","kind":"mall"},"geometry":{"type":"Point","coordinates":[59.56016,36.30812]}},{"type":"Feature","properties":{"name":"دارالقرآن","kind":"shrine"},"geometry":{"type":"Point","coordinates":[59.61415,36.2896]}},{"type":"Feature","properties":{"name":"کافی شاپ بام ایرانی","kind":"food"},"geometry":{"type":"Point","coordinates":[59.55284,36.33962]}},{"type":"Feature","properties":{"name":"غذای سنتی لاویج","kind":"food"},"geometry":{"type":"Point","coordinates":[59.52113,36.31964]}},{"type":"Feature","properties":{"name":"کوهستان","kind":"food"},"geometry":{"type":"Point","coordinates":[59.27582,36.34533]}},{"type":"Feature","properties":{"name":"کافه میثم خان","kind":"food"},"geometry":{"type":"Point","coordinates":[59.40798,36.39031]}},{"type":"Feature","properties":{"name":"رستوران جایگاه اختصاصی پمپ بنزین","kind":"food"},"geometry":{"type":"Point","coordinates":[59.868,36.10718]}},{"type":"Feature","properties":{"name":"کباب دربار","kind":"food"},"geometry":{"type":"Point","coordinates":[59.49461,36.3201]}},{"type":"Feature","properties":{"name":"صنایع چوبی آترینا","kind":"mall"},"geometry":{"type":"Point","coordinates":[59.56805,36.29449]}},{"type":"Feature","properties":{"name":"تریای دانشکده داروسازی","kind":"food"},"geometry":{"type":"Point","coordinates":[59.53713,36.31262]}},{"type":"Feature","properties":{"name":"مجتمع تجاری پاژ","kind":"mall"},"geometry":{"type":"Point","coordinates":[59.56296,36.32672]}},{"type":"Feature","properties":{"name":"مسجد عمار یاسر","kind":"shrine"},"geometry":{"type":"Point","coordinates":[59.51413,36.33122]}},{"type":"Feature","properties":{"name":"فندق رضائي","kind":"hotel"},"geometry":{"type":"Point","coordinates":[59.61393,36.29728]}},{"type":"Feature","properties":{"name":"خلج","kind":"hotel"},"geometry":{"type":"Point","coordinates":[59.54936,36.19788]}},{"type":"Feature","properties":{"name":"حديقة كوسنكي السياحيه","kind":"hotel"},"geometry":{"type":"Point","coordinates":[59.55871,36.28134]}},{"type":"Feature","properties":{"name":"سكن جديد","kind":"hotel"},"geometry":{"type":"Point","coordinates":[59.59571,36.26322]}},{"type":"Feature","properties":{"name":"دكتور المفاصل","kind":"hospital"},"geometry":{"type":"Point","coordinates":[59.58058,36.29313]}},{"type":"Feature","properties":{"name":"کافه نیلا","kind":"food"},"geometry":{"type":"Point","coordinates":[59.50137,36.31342]}},{"type":"Feature","properties":{"name":"مهستان","kind":"hotel"},"geometry":{"type":"Point","coordinates":[59.61137,36.28161]}},{"type":"Feature","properties":{"name":"مهستان","kind":"hotel"},"geometry":{"type":"Point","coordinates":[59.61123,36.28116]}},{"type":"Feature","properties":{"name":"فندق فولاذي","kind":"hotel"},"geometry":{"type":"Point","coordinates":[59.60133,36.28514]}},{"type":"Feature","properties":{"name":"هتل دیبا","kind":"hotel"},"geometry":{"type":"Point","coordinates":[59.6113,36.27936]}},{"type":"Feature","properties":{"name":"مجموعه غذایی یادبود","kind":"food"},"geometry":{"type":"Point","coordinates":[59.4936,36.33453]}},{"type":"Feature","properties":{"name":"باغ رستوران ویوان","kind":"food"},"geometry":{"type":"Point","coordinates":[59.43146,36.33343]}},{"type":"Feature","properties":{"name":"باغ رستوران هوپاد","kind":"food"},"geometry":{"type":"Point","coordinates":[59.40768,36.32442]}},{"type":"Feature","properties":{"name":"کلینیک دامپزشکی باران","kind":"hospital"},"geometry":{"type":"Point","coordinates":[59.56631,36.29238]}},{"type":"Feature","properties":{"name":"رستوران دیدار","kind":"food"},"geometry":{"type":"Point","coordinates":[59.60218,36.27169]}},{"type":"Feature","properties":{"name":"فندق سويت","kind":"hotel"},"geometry":{"type":"Point","coordinates":[59.6115,36.27701]}},{"type":"Feature","properties":{"name":"مسجد عباسی","kind":"shrine"},"geometry":{"type":"Point","coordinates":[59.59778,36.27647]}},{"type":"Feature","properties":{"name":"کافه رستوران کانو","kind":"food"},"geometry":{"type":"Point","coordinates":[59.54253,36.31812]}},{"type":"Feature","properties":{"name":"پسران کریم","kind":"food"},"geometry":{"type":"Point","coordinates":[59.58692,36.33988]}},{"type":"Feature","properties":{"name":"رستوران باغبان","kind":"food"},"geometry":{"type":"Point","coordinates":[59.36147,36.30996]}},{"type":"Feature","properties":{"name":"رستوران شایان شاندیز","kind":"food"},"geometry":{"type":"Point","coordinates":[59.31735,36.39614]}},{"type":"Feature","properties":{"name":"هتل نورگلستان","kind":"hotel"},"geometry":{"type":"Point","coordinates":[59.59711,36.28886]}},{"type":"Feature","properties":{"name":"جگرکی خان سالار","kind":"food"},"geometry":{"type":"Point","coordinates":[59.32569,36.31293]}},{"type":"Feature","properties":{"name":"درمانگاه پوست و مو رزسفید","kind":"hospital"},"geometry":{"type":"Point","coordinates":[59.5502,36.32561]}},{"type":"Feature","properties":{"name":"تی شاپ","kind":"food"},"geometry":{"type":"Point","coordinates":[59.55644,36.31765]}},{"type":"Feature","properties":{"name":"رستوران رضايي","kind":"food"},"geometry":{"type":"Point","coordinates":[59.60575,36.28982]}},{"type":"Feature","properties":{"name":"خانه سرآشپز","kind":"food"},"geometry":{"type":"Point","coordinates":[59.49839,36.32883]}},{"type":"Feature","properties":{"name":"مهدیه امام خامنه ای","kind":"shrine"},"geometry":{"type":"Point","coordinates":[59.58905,36.3016]}},{"type":"Feature","properties":{"name":"رستوران آبشار","kind":"food"},"geometry":{"type":"Point","coordinates":[59.36261,36.30897]}},{"type":"Feature","properties":{"name":"هتل پارسه","kind":"hotel"},"geometry":{"type":"Point","coordinates":[59.60174,36.28014]}},{"type":"Feature","properties":{"name":"دانشکده طب ایرانی و مکمل","kind":"university"},"geometry":{"type":"Point","coordinates":[59.53567,36.31269]}},{"type":"Feature","properties":{"name":"نمارخانه","kind":"shrine"},"geometry":{"type":"Point","coordinates":[59.53533,36.31305]}},{"type":"Feature","properties":{"name":"هتل آبارتمان شارستان طلايي","kind":"hotel"},"geometry":{"type":"Point","coordinates":[59.62327,36.29251]}},{"type":"Feature","properties":{"name":"کافی شاپ پینات","kind":"food"},"geometry":{"type":"Point","coordinates":[59.56037,36.31191]}},{"type":"Feature","properties":{"name":"مجتمع تجاری تفریحی جم۱","kind":"mall"},"geometry":{"type":"Point","coordinates":[59.19051,36.57627]}},{"type":"Feature","properties":{"name":"رستوران ایتالیایی پای","kind":"food"},"geometry":{"type":"Point","coordinates":[59.4826,36.33389]}},{"type":"Feature","properties":{"name":"هتل آرمان","kind":"hotel"},"geometry":{"type":"Point","coordinates":[59.6227,36.28268]}},{"type":"Feature","properties":{"name":"هنل رسالت","kind":"hotel"},"geometry":{"type":"Point","coordinates":[59.61224,36.27976]}},{"type":"Feature","properties":{"name":"کافه آزادی","kind":"food"},"geometry":{"type":"Point","coordinates":[59.572,36.31122]}},{"type":"Feature","properties":{"name":"کافی شاپ سیزده","kind":"food"},"geometry":{"type":"Point","coordinates":[59.48426,36.3386]}},{"type":"Feature","properties":{"name":"خدمات آداک  (کافی نت،چاپ دیجیتال،خدمات کامپیوتری)","kind":"food"},"geometry":{"type":"Point","coordinates":[59.5128,36.37193]}},{"type":"Feature","properties":{"name":"هتل لیان","kind":"hotel"},"geometry":{"type":"Point","coordinates":[59.62303,36.28527]}},{"type":"Feature","properties":{"name":"هتل ارسان","kind":"hotel"},"geometry":{"type":"Point","coordinates":[59.61162,36.27609]}},{"type":"Feature","properties":{"name":"فودپالاس لاويستا","kind":"food"},"geometry":{"type":"Point","coordinates":[59.42529,36.33008]}},{"type":"Feature","properties":{"name":"کافه کتاب کاژه","kind":"food"},"geometry":{"type":"Point","coordinates":[59.5153,36.35155]}},{"type":"Feature","properties":{"name":"باران","kind":"hotel"},"geometry":{"type":"Point","coordinates":[59.6059,36.28507]}},{"type":"Feature","properties":{"name":"هتل حورا","kind":"hotel"},"geometry":{"type":"Point","coordinates":[59.61903,36.28029]}},{"type":"Feature","properties":{"name":"هتل آفتاب","kind":"hotel"},"geometry":{"type":"Point","coordinates":[59.61232,36.28108]}},{"type":"Feature","properties":{"name":"Soriso Lounge","kind":"food"},"geometry":{"type":"Point","coordinates":[59.42508,36.32979]}},{"type":"Feature","properties":{"name":"هتل سراج","kind":"hotel"},"geometry":{"type":"Point","coordinates":[59.62368,36.29411]}},{"type":"Feature","properties":{"name":"هتل ارس","kind":"hotel"},"geometry":{"type":"Point","coordinates":[59.56602,36.32411]}},{"type":"Feature","properties":{"name":"هتل کوثر","kind":"hotel"},"geometry":{"type":"Point","coordinates":[59.61483,36.28146]}},{"type":"Feature","properties":{"name":"هتل میامی","kind":"hotel"},"geometry":{"type":"Point","coordinates":[59.60048,36.27151]}},{"type":"Feature","properties":{"name":"هتل سه ستاره سایه","kind":"hotel"},"geometry":{"type":"Point","coordinates":[59.60974,36.28215]}},{"type":"Feature","properties":{"name":"هتل اسپینو","kind":"hotel"},"geometry":{"type":"Point","coordinates":[59.61504,36.27335]}},{"type":"Feature","properties":{"name":"هتل آپارتمان معین درباری","kind":"hotel"},"geometry":{"type":"Point","coordinates":[59.60495,36.2777]}},{"type":"Feature","properties":{"name":"هتل انقلاب","kind":"hotel"},"geometry":{"type":"Point","coordinates":[59.61268,36.27994]}},{"type":"Feature","properties":{"name":"هتل نگین پاسارگاد","kind":"hotel"},"geometry":{"type":"Point","coordinates":[59.61093,36.29229]}},{"type":"Feature","properties":{"name":"هتل ایران زمین","kind":"hotel"},"geometry":{"type":"Point","coordinates":[59.61189,36.28079]}},{"type":"Feature","properties":{"name":"هتل سقا","kind":"hotel"},"geometry":{"type":"Point","coordinates":[59.6133,36.28071]}},{"type":"Feature","properties":{"name":"هتل آفرین","kind":"hotel"},"geometry":{"type":"Point","coordinates":[59.60799,36.2835]}},{"type":"Feature","properties":{"name":"هتل ارمغان ۲","kind":"hotel"},"geometry":{"type":"Point","coordinates":[59.61202,36.27908]}},{"type":"Feature","properties":{"name":"هتل پارمیدا","kind":"hotel"},"geometry":{"type":"Point","coordinates":[59.60636,36.27499]}},{"type":"Feature","properties":{"name":"هتل پرهام","kind":"hotel"},"geometry":{"type":"Point","coordinates":[59.60057,36.28374]}},{"type":"Feature","properties":{"name":"هتل ابریشم","kind":"hotel"},"geometry":{"type":"Point","coordinates":[59.6121,36.28207]}},{"type":"Feature","properties":{"name":"هتل زاگرس","kind":"hotel"},"geometry":{"type":"Point","coordinates":[59.62785,36.29343]}},{"type":"Feature","properties":{"name":"هتل سیمرغ فیروزه","kind":"hotel"},"geometry":{"type":"Point","coordinates":[59.60448,36.28206]}},{"type":"Feature","properties":{"name":"هتل علمدار","kind":"hotel"},"geometry":{"type":"Point","coordinates":[59.60806,36.28249]}},{"type":"Feature","properties":{"name":"هتل زمزم ۲","kind":"hotel"},"geometry":{"type":"Point","coordinates":[59.61571,36.29268]}},{"type":"Feature","properties":{"name":"هتل آراد","kind":"hotel"},"geometry":{"type":"Point","coordinates":[59.60743,36.27898]}},{"type":"Feature","properties":{"name":"هتل المپیا","kind":"hotel"},"geometry":{"type":"Point","coordinates":[59.61171,36.27945]}},{"type":"Feature","properties":{"name":"هتل پارسیس","kind":"hotel"},"geometry":{"type":"Point","coordinates":[59.62967,36.28958]}},{"type":"Feature","properties":{"name":"هتل سی و سه پل","kind":"hotel"},"geometry":{"type":"Point","coordinates":[59.61326,36.27907]}},{"type":"Feature","properties":{"name":"هتل هانی پارس","kind":"hotel"},"geometry":{"type":"Point","coordinates":[59.6094,36.28622]}},{"type":"Feature","properties":{"name":"هتل صدر","kind":"hotel"},"geometry":{"type":"Point","coordinates":[59.59595,36.29475]}},{"type":"Feature","properties":{"name":"هتل صدرا","kind":"hotel"},"geometry":{"type":"Point","coordinates":[59.60924,36.27898]}},{"type":"Feature","properties":{"name":"هتل داوود","kind":"hotel"},"geometry":{"type":"Point","coordinates":[59.6087,36.28242]}},{"type":"Feature","properties":{"name":"هتل رفاه پردیس","kind":"hotel"},"geometry":{"type":"Point","coordinates":[59.61352,36.27922]}},{"type":"Feature","properties":{"name":"هتل ایوان","kind":"hotel"},"geometry":{"type":"Point","coordinates":[59.60998,36.2791]}},{"type":"Feature","properties":{"name":"هتل نیما","kind":"hotel"},"geometry":{"type":"Point","coordinates":[59.62537,36.29383]}},{"type":"Feature","properties":{"name":"هتل دیدار","kind":"hotel"},"geometry":{"type":"Point","coordinates":[59.61109,36.28117]}},{"type":"Feature","properties":{"name":"هتل هرمس","kind":"hotel"},"geometry":{"type":"Point","coordinates":[59.61153,36.27525]}},{"type":"Feature","properties":{"name":"هتل ارمغان ۱","kind":"hotel"},"geometry":{"type":"Point","coordinates":[59.60958,36.27645]}},{"type":"Feature","properties":{"name":"هتل بهزاد","kind":"hotel"},"geometry":{"type":"Point","coordinates":[59.6085,36.28406]}},{"type":"Feature","properties":{"name":"هتل اولیا","kind":"hotel"},"geometry":{"type":"Point","coordinates":[59.60805,36.29726]}},{"type":"Feature","properties":{"name":"هتل نسیم شرق","kind":"hotel"},"geometry":{"type":"Point","coordinates":[59.61234,36.28004]}},{"type":"Feature","properties":{"name":"هتل یلدا","kind":"hotel"},"geometry":{"type":"Point","coordinates":[59.61191,36.27481]}},{"type":"Feature","properties":{"name":"هتل ثامن ۱","kind":"hotel"},"geometry":{"type":"Point","coordinates":[59.44063,36.3415]}},{"type":"Feature","properties":{"name":"هتل و مرکز رفاهی و آموزشی شهدای خلیج فارس","kind":"hotel"},"geometry":{"type":"Point","coordinates":[59.60116,36.28007]}},{"type":"Feature","properties":{"name":"هتل اوستا","kind":"hotel"},"geometry":{"type":"Point","coordinates":[59.6121,36.28048]}},{"type":"Feature","properties":{"name":"هتل آفریقا","kind":"hotel"},"geometry":{"type":"Point","coordinates":[59.61434,36.27355]}},{"type":"Feature","properties":{"name":"هتل خورشید","kind":"hotel"},"geometry":{"type":"Point","coordinates":[59.59633,36.29456]}},{"type":"Feature","properties":{"name":"هتل آپارتمان آجیلیان","kind":"hotel"},"geometry":{"type":"Point","coordinates":[59.6102,36.27546]}},{"type":"Feature","properties":{"name":"هتل مشهد الرضا","kind":"hotel"},"geometry":{"type":"Point","coordinates":[59.60982,36.28374]}},{"type":"Feature","properties":{"name":"هتل ساوین","kind":"hotel"},"geometry":{"type":"Point","coordinates":[59.61016,36.27807]}},{"type":"Feature","properties":{"name":"هتل مرآت","kind":"hotel"},"geometry":{"type":"Point","coordinates":[59.60459,36.2773]}},{"type":"Feature","properties":{"name":"هتل سفرا طلایی","kind":"hotel"},"geometry":{"type":"Point","coordinates":[59.61084,36.28142]}},{"type":"Feature","properties":{"name":"هتل نیک داد","kind":"hotel"},"geometry":{"type":"Point","coordinates":[59.61658,36.27191]}},{"type":"Feature","properties":{"name":"هتل پارساوا","kind":"hotel"},"geometry":{"type":"Point","coordinates":[59.60808,36.28014]}},{"type":"Feature","properties":{"name":"هتل پانیذ","kind":"hotel"},"geometry":{"type":"Point","coordinates":[59.60437,36.27531]}},{"type":"Feature","properties":{"name":"هتل هومن","kind":"hotel"},"geometry":{"type":"Point","coordinates":[59.60494,36.29369]}},{"type":"Feature","properties":{"name":"هتل گل","kind":"hotel"},"geometry":{"type":"Point","coordinates":[59.61327,36.28108]}},{"type":"Feature","properties":{"name":"هتل شاکر","kind":"hotel"},"geometry":{"type":"Point","coordinates":[59.60444,36.27153]}},{"type":"Feature","properties":{"name":"هتل رز درویشی","kind":"hotel"},"geometry":{"type":"Point","coordinates":[59.61155,36.28348]}},{"type":"Feature","properties":{"name":"هتل ایزد","kind":"hotel"},"geometry":{"type":"Point","coordinates":[59.62359,36.29242]}},{"type":"Feature","properties":{"name":"هتل عرشیا","kind":"hotel"},"geometry":{"type":"Point","coordinates":[59.6119,36.2782]}},{"type":"Feature","properties":{"name":"هتل گلایول","kind":"hotel"},"geometry":{"type":"Point","coordinates":[59.61174,36.2786]}},{"type":"Feature","properties":{"name":"هتل اصفهانی","kind":"hotel"},"geometry":{"type":"Point","coordinates":[59.61107,36.28365]}},{"type":"Feature","properties":{"name":"هتل تیانا","kind":"hotel"},"geometry":{"type":"Point","coordinates":[59.61454,36.27344]}},{"type":"Feature","properties":{"name":"هتل ساربان","kind":"hotel"},"geometry":{"type":"Point","coordinates":[59.61346,36.28163]}},{"type":"Feature","properties":{"name":"هتل عارفه","kind":"hotel"},"geometry":{"type":"Point","coordinates":[59.60803,36.29136]}},{"type":"Feature","properties":{"name":"هتل آپارتمان حامی","kind":"hotel"},"geometry":{"type":"Point","coordinates":[59.60181,36.27343]}},{"type":"Feature","properties":{"name":"هتل جاوید","kind":"hotel"},"geometry":{"type":"Point","coordinates":[59.62755,36.2933]}},{"type":"Feature","properties":{"name":"هتل فارس","kind":"hotel"},"geometry":{"type":"Point","coordinates":[59.61499,36.29339]}},{"type":"Feature","properties":{"name":"هتل حاتم","kind":"hotel"},"geometry":{"type":"Point","coordinates":[59.60964,36.29183]}},{"type":"Feature","properties":{"name":"هتل ملیسا","kind":"hotel"},"geometry":{"type":"Point","coordinates":[59.60521,36.27602]}},{"type":"Feature","properties":{"name":"هتل تبرک","kind":"hotel"},"geometry":{"type":"Point","coordinates":[59.61291,36.27796]}},{"type":"Feature","properties":{"name":"هتل حسینی","kind":"hotel"},"geometry":{"type":"Point","coordinates":[59.61368,36.27563]}},{"type":"Feature","properties":{"name":"هتل آپارتمان قصر گل","kind":"hotel"},"geometry":{"type":"Point","coordinates":[59.6028,36.27264]}},{"type":"Feature","properties":{"name":"هتل آرون","kind":"hotel"},"geometry":{"type":"Point","coordinates":[59.60556,36.28515]}},{"type":"Feature","properties":{"name":"هتل بنازاده","kind":"hotel"},"geometry":{"type":"Point","coordinates":[59.6138,36.28015]}},{"type":"Feature","properties":{"name":"هتل سینا","kind":"hotel"},"geometry":{"type":"Point","coordinates":[59.60756,36.29221]}},{"type":"Feature","properties":{"name":"هتل ضیافت الزهرا","kind":"hotel"},"geometry":{"type":"Point","coordinates":[59.62197,36.28773]}},{"type":"Feature","properties":{"name":"هتل گوهر","kind":"hotel"},"geometry":{"type":"Point","coordinates":[59.60921,36.28211]}},{"type":"Feature","properties":{"name":"هتل رودبار","kind":"hotel"},"geometry":{"type":"Point","coordinates":[59.61208,36.27758]}},{"type":"Feature","properties":{"name":"هتل تعاون","kind":"hotel"},"geometry":{"type":"Point","coordinates":[59.60683,36.29741]}},{"type":"Feature","properties":{"name":"هتل قاضی","kind":"hotel"},"geometry":{"type":"Point","coordinates":[59.61423,36.27876]}},{"type":"Feature","properties":{"name":"هتل آریو","kind":"hotel"},"geometry":{"type":"Point","coordinates":[59.6054,36.27397]}},{"type":"Feature","properties":{"name":"هتل قصر سفید","kind":"hotel"},"geometry":{"type":"Point","coordinates":[59.60876,36.27631]}},{"type":"Feature","properties":{"name":"هتل ایوان ۳ (احسان)","kind":"hotel"},"geometry":{"type":"Point","coordinates":[59.61218,36.29464]}},{"type":"Feature","properties":{"name":"هتل جوارالملک","kind":"hotel"},"geometry":{"type":"Point","coordinates":[59.6066,36.28878]}},{"type":"Feature","properties":{"name":"هتل اریکا","kind":"hotel"},"geometry":{"type":"Point","coordinates":[59.62745,36.2739]}},{"type":"Feature","properties":{"name":"هتل دیانا","kind":"hotel"},"geometry":{"type":"Point","coordinates":[59.60925,36.27657]}},{"type":"Feature","properties":{"name":"هتل نوین پلاس","kind":"hotel"},"geometry":{"type":"Point","coordinates":[59.46485,36.37591]}},{"type":"Feature","properties":{"name":"هتل بین الحرمین","kind":"hotel"},"geometry":{"type":"Point","coordinates":[59.62087,36.28884]}},{"type":"Feature","properties":{"name":"هتل مهر","kind":"hotel"},"geometry":{"type":"Point","coordinates":[59.61179,36.28159]}},{"type":"Feature","properties":{"name":"هتل خورشید هشتم رئوف کوثر","kind":"hotel"},"geometry":{"type":"Point","coordinates":[59.62206,36.28869]}},{"type":"Feature","properties":{"name":"هتل بشیر","kind":"hotel"},"geometry":{"type":"Point","coordinates":[59.6069,36.29205]}},{"type":"Feature","properties":{"name":"سوئیت آپارتمان هشت بهشت","kind":"hotel"},"geometry":{"type":"Point","coordinates":[59.60818,36.27508]}},{"type":"Feature","properties":{"name":"هتل ادمان","kind":"hotel"},"geometry":{"type":"Point","coordinates":[59.60595,36.27718]}},{"type":"Feature","properties":{"name":"هتل مینو","kind":"hotel"},"geometry":{"type":"Point","coordinates":[59.60678,36.27697]}},{"type":"Feature","properties":{"name":"کافی شاپ تات","kind":"food"},"geometry":{"type":"Point","coordinates":[59.52085,36.32471]}},{"type":"Feature","properties":{"name":"فندق روان","kind":"hotel"},"geometry":{"type":"Point","coordinates":[59.61185,36.28073]}},{"type":"Feature","properties":{"name":"جگرسرای هفت کباب","kind":"food"},"geometry":{"type":"Point","coordinates":[59.53274,36.29307]}},{"type":"Feature","properties":{"name":"خانه سبز","kind":"hotel"},"geometry":{"type":"Point","coordinates":[59.59979,36.30273]}},{"type":"Feature","properties":{"name":"قهوه مرتضی","kind":"food"},"geometry":{"type":"Point","coordinates":[59.63985,36.31144]}},{"type":"Feature","properties":{"name":"شکلات","kind":"food"},"geometry":{"type":"Point","coordinates":[59.4935,36.32644]}},{"type":"Feature","properties":{"name":"جگر آجودانی","kind":"food"},"geometry":{"type":"Point","coordinates":[59.49218,36.32489]}},{"type":"Feature","properties":{"name":"خیابان سی‌ام","kind":"food"},"geometry":{"type":"Point","coordinates":[59.49092,36.32313]}},{"type":"Feature","properties":{"name":"کباب شاهان","kind":"food"},"geometry":{"type":"Point","coordinates":[59.49154,36.32752]}},{"type":"Feature","properties":{"name":"چهارخونه","kind":"food"},"geometry":{"type":"Point","coordinates":[59.49447,36.32829]}},{"type":"Feature","properties":{"name":"کافه راموز","kind":"food"},"geometry":{"type":"Point","coordinates":[59.49416,36.32775]}},{"type":"Feature","properties":{"name":"جریان","kind":"food"},"geometry":{"type":"Point","coordinates":[59.49318,36.3269]}},{"type":"Feature","properties":{"name":"خیابان بیست‌و‌هشتم","kind":"food"},"geometry":{"type":"Point","coordinates":[59.49636,36.32849]}},{"type":"Feature","properties":{"name":"هتل محمدزاده","kind":"hotel"},"geometry":{"type":"Point","coordinates":[59.6102,36.28886]}},{"type":"Feature","properties":{"name":"کافی شاپ آرامش","kind":"food"},"geometry":{"type":"Point","coordinates":[59.51148,36.30213]}},{"type":"Feature","properties":{"name":"هتل آپارتمان مشکات","kind":"hotel"},"geometry":{"type":"Point","coordinates":[59.60976,36.27863]}},{"type":"Feature","properties":{"name":"تالار نیاوران","kind":"food"},"geometry":{"type":"Point","coordinates":[59.72541,36.33362]}},{"type":"Feature","properties":{"name":"هتل عرش مشهد","kind":"hotel"},"geometry":{"type":"Point","coordinates":[59.60228,36.28075]}},{"type":"Feature","properties":{"name":"تشریفات ملکوت","kind":"food"},"geometry":{"type":"Point","coordinates":[59.49948,36.30891]}},{"type":"Feature","properties":{"name":"کافه رستوران سالیز","kind":"food"},"geometry":{"type":"Point","coordinates":[59.34562,36.31076]}},{"type":"Feature","properties":{"name":"هتل شهری","kind":"hotel"},"geometry":{"type":"Point","coordinates":[59.60812,36.28498]}},{"type":"Feature","properties":{"name":"هتل برلیان","kind":"hotel"},"geometry":{"type":"Point","coordinates":[59.6133,36.28148]}},{"type":"Feature","properties":{"name":"مجتمع تجاری سی نور","kind":"mall"},"geometry":{"type":"Point","coordinates":[59.61559,36.27491]}},{"type":"Feature","properties":{"name":"هتل فرهنگیان یزد","kind":"hotel"},"geometry":{"type":"Point","coordinates":[59.60144,36.28133]}},{"type":"Feature","properties":{"name":"دانشگاه علمی کاربردی مقصود","kind":"university"},"geometry":{"type":"Point","coordinates":[59.41293,36.44068]}},{"type":"Feature","properties":{"name":"کافى شاپ ببر سفید","kind":"food"},"geometry":{"type":"Point","coordinates":[59.57031,36.2887]}},{"type":"Feature","properties":{"name":"رستوران عالی دربار","kind":"food"},"geometry":{"type":"Point","coordinates":[59.59774,36.34585]}},{"type":"Feature","properties":{"name":"هتل شقایق مشهد","kind":"hotel"},"geometry":{"type":"Point","coordinates":[59.60619,36.28524]}},{"type":"Feature","properties":{"name":"کافی شاپ پازل","kind":"food"},"geometry":{"type":"Point","coordinates":[59.38831,36.40152]}},{"type":"Feature","properties":{"name":"کافه بلک سالت","kind":"food"},"geometry":{"type":"Point","coordinates":[59.55763,36.32274]}},{"type":"Feature","properties":{"name":"راشن فود","kind":"food"},"geometry":{"type":"Point","coordinates":[59.4775,36.37187]}},{"type":"Feature","properties":{"name":"رستوران و کترینگ ته دیگ خوران","kind":"food"},"geometry":{"type":"Point","coordinates":[59.5314,36.33083]}},{"type":"Feature","properties":{"name":"کافی شاپ فرش صرافیان","kind":"food"},"geometry":{"type":"Point","coordinates":[59.62872,36.27525]}},{"type":"Feature","properties":{"name":"رستوران و فست فود بیروت لبنان","kind":"food"},"geometry":{"type":"Point","coordinates":[59.60686,36.27731]}},{"type":"Feature","properties":{"name":"فندق آبتين","kind":"hotel"},"geometry":{"type":"Point","coordinates":[59.60843,36.28555]}},{"type":"Feature","properties":{"name":"مسجد","kind":"shrine"},"geometry":{"type":"Point","coordinates":[59.3997,36.24594]}},{"type":"Feature","properties":{"name":"کافه سایروس","kind":"food"},"geometry":{"type":"Point","coordinates":[59.3887,36.31782]}},{"type":"Feature","properties":{"name":"هتل هانی","kind":"hotel"},"geometry":{"type":"Point","coordinates":[59.61932,36.28025]}},{"type":"Feature","properties":{"name":"فندق","kind":"hotel"},"geometry":{"type":"Point","coordinates":[59.60806,36.28198]}},{"type":"Feature","properties":{"name":"کافه سوما","kind":"food"},"geometry":{"type":"Point","coordinates":[59.52613,36.32019]}},{"type":"Feature","properties":{"name":"کافه عمارت","kind":"food"},"geometry":{"type":"Point","coordinates":[59.59386,36.35952]}},{"type":"Feature","properties":{"name":"کافه ویچمون cafe wichmon","kind":"food"},"geometry":{"type":"Point","coordinates":[59.56072,36.31433]}},{"type":"Feature","properties":{"name":"مرکز تجاری امید","kind":"mall"},"geometry":{"type":"Point","coordinates":[59.65179,36.33105]}},{"type":"Feature","properties":{"name":"کافه رستوران نوروزی","kind":"food"},"geometry":{"type":"Point","coordinates":[59.67598,36.29435]}},{"type":"Feature","properties":{"name":"چلو کبابی نارنج","kind":"food"},"geometry":{"type":"Point","coordinates":[59.4809,36.35886]}},{"type":"Feature","properties":{"name":"مجتمع طلا فروشی","kind":"mall"},"geometry":{"type":"Point","coordinates":[59.64117,36.29931]}},{"type":"Feature","properties":{"name":"کافه رستوران شاهان دژ","kind":"food"},"geometry":{"type":"Point","coordinates":[59.3088,36.4036]}},{"type":"Feature","properties":{"name":"قهوه کلمبیا","kind":"food"},"geometry":{"type":"Point","coordinates":[59.49313,36.32674]}},{"type":"Feature","properties":{"name":"کافه دوپیو","kind":"food"},"geometry":{"type":"Point","coordinates":[59.49394,36.32734]}},{"type":"Feature","properties":{"name":"بری","kind":"food"},"geometry":{"type":"Point","coordinates":[59.49408,36.32502]}},{"type":"Feature","properties":{"name":"رستوران مجلل همایون","kind":"food"},"geometry":{"type":"Point","coordinates":[59.49722,36.32327]}},{"type":"Feature","properties":{"name":"کافه مشتی","kind":"food"},"geometry":{"type":"Point","coordinates":[59.49662,36.3231]}},{"type":"Feature","properties":{"name":"سلام قهوه","kind":"food"},"geometry":{"type":"Point","coordinates":[59.49728,36.32325]}},{"type":"Feature","properties":{"name":"بازار مرکزی مشهد","kind":"mall"},"geometry":{"type":"Point","coordinates":[59.61078,36.293]}},{"type":"Feature","properties":{"name":"كافه رستوران نس تى مو","kind":"food"},"geometry":{"type":"Point","coordinates":[59.47039,36.33319]}},{"type":"Feature","properties":{"name":"هتل بیستون","kind":"hotel"},"geometry":{"type":"Point","coordinates":[59.60934,36.28468]}},{"type":"Feature","properties":{"name":"کباب وحلیم تک بهارستان","kind":"food"},"geometry":{"type":"Point","coordinates":[59.5627,36.31283]}},{"type":"Feature","properties":{"name":"کله پزی آب و آتش","kind":"food"},"geometry":{"type":"Point","coordinates":[59.50696,36.36155]}},{"type":"Feature","properties":{"name":"شله درباری مشهد","kind":"food"},"geometry":{"type":"Point","coordinates":[59.54988,36.33365]}},{"type":"Feature","properties":{"name":"ساندویچ سرد کالبکس","kind":"food"},"geometry":{"type":"Point","coordinates":[59.64388,36.29516]}},{"type":"Feature","properties":{"name":"کافه رستوران ستاره","kind":"food"},"geometry":{"type":"Point","coordinates":[59.43059,36.33517]}},{"type":"Feature","properties":{"name":"کافه سید","kind":"food"},"geometry":{"type":"Point","coordinates":[59.56356,36.31284]}},{"type":"Feature","properties":{"name":"طباخی نامدار","kind":"food"},"geometry":{"type":"Point","coordinates":[59.52544,36.3864]}},{"type":"Feature","properties":{"name":"مسجد حضرت رقیه","kind":"shrine"},"geometry":{"type":"Point","coordinates":[59.53859,36.33049]}},{"type":"Feature","properties":{"name":"آو کافه","kind":"food"},"geometry":{"type":"Point","coordinates":[59.49667,36.32943]}},{"type":"Feature","properties":{"name":"کد 5","kind":"food"},"geometry":{"type":"Point","coordinates":[59.47391,36.34062]}},{"type":"Feature","properties":{"name":"قهوه بامجو","kind":"food"},"geometry":{"type":"Point","coordinates":[59.54248,36.32409]}},{"type":"Feature","properties":{"name":"هتل همراز","kind":"hotel"},"geometry":{"type":"Point","coordinates":[59.61662,36.27244]}},{"type":"Feature","properties":{"name":"هرات رستوران","kind":"food"},"geometry":{"type":"Point","coordinates":[59.50992,36.3253]}},{"type":"Feature","properties":{"name":"کافه رستوران نیپر","kind":"food"},"geometry":{"type":"Point","coordinates":[59.55636,36.30587]}},{"type":"Feature","properties":{"name":"کافه بهشت","kind":"food"},"geometry":{"type":"Point","coordinates":[59.44387,36.34923]}},{"type":"Feature","properties":{"name":"مشهد گوشت ویچ","kind":"food"},"geometry":{"type":"Point","coordinates":[59.50583,36.32548]}},{"type":"Feature","properties":{"name":"هتل رفاه گستر","kind":"hotel"},"geometry":{"type":"Point","coordinates":[59.60695,36.28995]}},{"type":"Feature","properties":{"name":"کافه حب","kind":"food"},"geometry":{"type":"Point","coordinates":[59.48462,36.30124]}},{"type":"Feature","properties":{"name":"رستوران یل","kind":"food"},"geometry":{"type":"Point","coordinates":[59.48373,36.45693]}},{"type":"Feature","properties":{"name":"کافه ۱۸۶۰","kind":"food"},"geometry":{"type":"Point","coordinates":[59.16664,36.57603]}},{"type":"Feature","properties":{"name":"رستوران جان","kind":"food"},"geometry":{"type":"Point","coordinates":[59.42972,36.34907]}},{"type":"Feature","properties":{"name":"مجتمع تشریفات رضایی","kind":"food"},"geometry":{"type":"Point","coordinates":[59.41499,36.37389]}},{"type":"Feature","properties":{"name":"رستوران کترینگ فدک","kind":"food"},"geometry":{"type":"Point","coordinates":[59.53728,36.29982]}},{"type":"Feature","properties":{"name":"کباب عبداللهی","kind":"food"},"geometry":{"type":"Point","coordinates":[59.61937,36.31931]}},{"type":"Feature","properties":{"name":"هتل آپارتمان سی وپنج","kind":"hotel"},"geometry":{"type":"Point","coordinates":[59.6082,36.28172]}},{"type":"Feature","properties":{"name":"کافه بال","kind":"food"},"geometry":{"type":"Point","coordinates":[59.46464,36.34168]}},{"type":"Feature","properties":{"name":"کافی شاپ بلک","kind":"food"},"geometry":{"type":"Point","coordinates":[59.56198,36.31152]}},{"type":"Feature","properties":{"name":"کافه حب","kind":"food"},"geometry":{"type":"Point","coordinates":[59.48444,36.30107]}},{"type":"Feature","properties":{"name":"رستوران ملک شاهان ایزدی","kind":"food"},"geometry":{"type":"Point","coordinates":[59.33848,36.40453]}},{"type":"Feature","properties":{"name":"کافه بِلّا بار","kind":"food"},"geometry":{"type":"Point","coordinates":[59.53037,36.33413]}},{"type":"Feature","properties":{"name":"استقلال۲۰","kind":"food"},"geometry":{"type":"Point","coordinates":[59.18952,36.57532]}},{"type":"Feature","properties":{"name":"رستوران و غذای اماده ملک","kind":"food"},"geometry":{"type":"Point","coordinates":[59.50828,36.3142]}},{"type":"Feature","properties":{"name":"میدان آموزگار","kind":"food"},"geometry":{"type":"Point","coordinates":[59.53109,36.33848]}},{"type":"Feature","properties":{"name":"سوخاری چی","kind":"food"},"geometry":{"type":"Point","coordinates":[59.58585,36.29057]}},{"type":"Feature","properties":{"name":"دکتر حمید ولی زاده مقدم","kind":"hospital"},"geometry":{"type":"Point","coordinates":[59.56842,36.29268]}},{"type":"Feature","properties":{"name":"قهوه مستر کافی","kind":"food"},"geometry":{"type":"Point","coordinates":[59.61755,36.26878]}},{"type":"Feature","properties":{"name":"حسینیه و زائر سرای سیدالشهدا","kind":"shrine"},"geometry":{"type":"Point","coordinates":[59.60782,36.28253]}},{"type":"Feature","properties":{"name":"کافه لوک","kind":"food"},"geometry":{"type":"Point","coordinates":[59.57466,36.27856]}},{"type":"Feature","properties":{"name":"دیزی سرای لاله","kind":"food"},"geometry":{"type":"Point","coordinates":[59.56204,36.28209]}},{"type":"Feature","properties":{"name":"رستوران اکبر جوجه برادران کلبادی","kind":"food"},"geometry":{"type":"Point","coordinates":[59.40783,36.38932]}},{"type":"Feature","properties":{"name":"کبابی طهران اصیل شعبه ۱","kind":"food"},"geometry":{"type":"Point","coordinates":[59.65873,36.27918]}},{"type":"Feature","properties":{"name":"هتل بسطامی","kind":"hotel"},"geometry":{"type":"Point","coordinates":[59.60452,36.28699]}},{"type":"Feature","properties":{"name":"هتل احسان الرضا","kind":"hotel"},"geometry":{"type":"Point","coordinates":[59.60716,36.28582]}},{"type":"Feature","properties":{"name":"کافه راینو","kind":"food"},"geometry":{"type":"Point","coordinates":[59.48289,36.33109]}},{"type":"Feature","properties":{"name":"کافه رستوران چیل","kind":"food"},"geometry":{"type":"Point","coordinates":[59.43799,36.34192]}},{"type":"Feature","properties":{"name":"رستوران کیاهور","kind":"food"},"geometry":{"type":"Point","coordinates":[59.51591,36.35615]}},{"type":"Feature","properties":{"name":"دانشکده پیراپزشکی و علوم توانبخشی","kind":"university"},"geometry":{"type":"Point","coordinates":[59.53339,36.31416]}},{"type":"Feature","properties":{"name":"دانشکده پرستاری و مامایی","kind":"university"},"geometry":{"type":"Point","coordinates":[59.53295,36.31493]}},{"type":"Feature","properties":{"name":"دانشکده بهداشت","kind":"university"},"geometry":{"type":"Point","coordinates":[59.53304,36.31427]}},{"type":"Feature","properties":{"name":"سوئیت آپارتمان نقش جهان","kind":"hotel"},"geometry":{"type":"Point","coordinates":[59.61366,36.28242]}},{"type":"Feature","properties":{"name":"منتو آشک بولانی سفره خانه بی نظیر","kind":"food"},"geometry":{"type":"Point","coordinates":[59.64687,36.29388]}},{"type":"Feature","properties":{"name":"مرکز خرید غدیر","kind":"mall"},"geometry":{"type":"Point","coordinates":[59.63857,36.37077]}},{"type":"Feature","properties":{"name":"کافی شاپ قایق","kind":"food"},"geometry":{"type":"Point","coordinates":[59.47069,36.34204]}},{"type":"Feature","properties":{"name":"رستوران برادران رضایی","kind":"food"},"geometry":{"type":"Point","coordinates":[59.67368,36.3093]}},{"type":"Feature","properties":{"name":"کافه رینی","kind":"food"},"geometry":{"type":"Point","coordinates":[59.48201,36.333]}},{"type":"Feature","properties":{"name":"باغ محتشم","kind":"food"},"geometry":{"type":"Point","coordinates":[59.3977,36.32057]}},{"type":"Feature","properties":{"name":"کافه رستوران لومه Lomé","kind":"food"},"geometry":{"type":"Point","coordinates":[59.49725,36.32823]}},{"type":"Feature","properties":{"name":"کافه رستوران آقا جون","kind":"food"},"geometry":{"type":"Point","coordinates":[59.33228,36.40101]}},{"type":"Feature","properties":{"name":"هتل کمیل","kind":"hotel"},"geometry":{"type":"Point","coordinates":[59.6222,36.29359]}},{"type":"Feature","properties":{"name":"چلوکباب امید","kind":"food"},"geometry":{"type":"Point","coordinates":[59.52167,36.32173]}},{"type":"Feature","properties":{"name":"رستوران بهاران","kind":"food"},"geometry":{"type":"Point","coordinates":[59.66472,36.35375]}},{"type":"Feature","properties":{"name":"هتل مدینه الرضا","kind":"hotel"},"geometry":{"type":"Point","coordinates":[59.61189,36.29196]}},{"type":"Feature","properties":{"name":"کباب زغالی سید حجت","kind":"food"},"geometry":{"type":"Point","coordinates":[59.62505,36.29652]}},{"type":"Feature","properties":{"name":"هتل آپارتمان آرمان","kind":"hotel"},"geometry":{"type":"Point","coordinates":[59.61276,36.28051]}},{"type":"Feature","properties":{"name":"کترینگ و رستوران اسطوره","kind":"food"},"geometry":{"type":"Point","coordinates":[59.6149,36.32078]}},{"type":"Feature","properties":{"name":"شرکت همیار زائر توس","kind":"shrine"},"geometry":{"type":"Point","coordinates":[59.60943,36.28177]}},{"type":"Feature","properties":{"name":"کافه صبحانه بی بی گل","kind":"food"},"geometry":{"type":"Point","coordinates":[59.60535,36.26242]}},{"type":"Feature","properties":{"name":"قهوه مدرن","kind":"food"},"geometry":{"type":"Point","coordinates":[59.6033,36.3304]}},{"type":"Feature","properties":{"name":"درمانگاه شبانه روزی پردیس توس","kind":"hospital"},"geometry":{"type":"Point","coordinates":[59.56766,36.34541]}},{"type":"Feature","properties":{"name":"کافه سنتی فردوس","kind":"food"},"geometry":{"type":"Point","coordinates":[59.42435,36.36257]}},{"type":"Feature","properties":{"name":"کافه اهالی- Ahalicafe","kind":"food"},"geometry":{"type":"Point","coordinates":[59.60124,36.28892]}},{"type":"Feature","properties":{"name":"کافه کاخ","kind":"food"},"geometry":{"type":"Point","coordinates":[59.42635,36.33951]}},{"type":"Feature","properties":{"name":"Bamboo Cafe  کاقه بامبو","kind":"food"},"geometry":{"type":"Point","coordinates":[59.50401,36.31062]}},{"type":"Feature","properties":{"name":"کافه رستوران پارمیس","kind":"food"},"geometry":{"type":"Point","coordinates":[59.41343,36.35644]}},{"type":"Feature","properties":{"name":"طباخی صدف","kind":"food"},"geometry":{"type":"Point","coordinates":[59.1894,36.57185]}},{"type":"Feature","properties":{"name":"پاساژ جواد","kind":"mall"},"geometry":{"type":"Point","coordinates":[59.61713,36.27551]}},{"type":"Feature","properties":{"name":"کافه غذا رویان","kind":"food"},"geometry":{"type":"Point","coordinates":[59.48785,36.35413]}},{"type":"Feature","properties":{"name":"مهمانپذیرعلمدار","kind":"hotel"},"geometry":{"type":"Point","coordinates":[59.60808,36.28266]}},{"type":"Feature","properties":{"name":"کافه گَلِت","kind":"food"},"geometry":{"type":"Point","coordinates":[59.49701,36.32931]}},{"type":"Feature","properties":{"name":"رستوران پهلوان نادری","kind":"food"},"geometry":{"type":"Point","coordinates":[59.39513,36.4734]}},{"type":"Feature","properties":{"name":"هتل آپارتمان دینا","kind":"hotel"},"geometry":{"type":"Point","coordinates":[59.60234,36.27395]}},{"type":"Feature","properties":{"name":"کافی شاپ گل سنگ","kind":"food"},"geometry":{"type":"Point","coordinates":[59.56162,36.29558]}},{"type":"Feature","properties":{"name":"مهمانسرای آب‌و‌فاضلاب تهران","kind":"hotel"},"geometry":{"type":"Point","coordinates":[59.59211,36.296]}},{"type":"Feature","properties":{"name":"تالار بزرگ همت","kind":"food"},"geometry":{"type":"Point","coordinates":[59.66332,36.3558]}},{"type":"Feature","properties":{"name":"آبمیوه های‌پلاس  Juice bar High plus","kind":"food"},"geometry":{"type":"Point","coordinates":[59.52466,36.31893]}},{"type":"Feature","properties":{"name":"چلو کبابی خانم مختاری","kind":"food"},"geometry":{"type":"Point","coordinates":[59.62371,36.297]}},{"type":"Feature","properties":{"name":"کترینگ اصیل","kind":"food"},"geometry":{"type":"Point","coordinates":[59.46441,36.33951]}},{"type":"Feature","properties":{"name":"مرکز تخصصی سایکوسوماتیک خراسان","kind":"hospital"},"geometry":{"type":"Point","coordinates":[59.5865,36.29786]}},{"type":"Feature","properties":{"name":"جلاتو آس","kind":"food"},"geometry":{"type":"Point","coordinates":[59.50778,36.32589]}},{"type":"Feature","properties":{"name":"Next Generation Polyclinic درمانگاه ژنتیک نسل فردا","kind":"hospital"},"geometry":{"type":"Point","coordinates":[59.56988,36.28528]}},{"type":"Feature","properties":{"name":"چلوکباب ملل","kind":"food"},"geometry":{"type":"Point","coordinates":[59.48131,36.32062]}},{"type":"Feature","properties":{"name":"سلف سرویس","kind":"food"},"geometry":{"type":"Point","coordinates":[59.59651,36.30442]}},{"type":"Feature","properties":{"name":"کافه اساطیر","kind":"food"},"geometry":{"type":"Point","coordinates":[59.42783,36.33825]}},{"type":"Feature","properties":{"name":"نمازخانه","kind":"shrine"},"geometry":{"type":"Point","coordinates":[59.59125,36.28799]}},{"type":"Feature","properties":{"name":"رستوران و کترینگ زمانی","kind":"food"},"geometry":{"type":"Point","coordinates":[59.5189,36.2908]}},{"type":"Feature","properties":{"name":"کافه بلک بین","kind":"food"},"geometry":{"type":"Point","coordinates":[59.54662,36.35908]}},{"type":"Feature","properties":{"name":"بابا شله پز","kind":"food"},"geometry":{"type":"Point","coordinates":[59.18384,36.56508]}},{"type":"Feature","properties":{"name":"کباب مظفری","kind":"food"},"geometry":{"type":"Point","coordinates":[59.1933,36.5765]}},{"type":"Feature","properties":{"name":"كافه شهمير","kind":"food"},"geometry":{"type":"Point","coordinates":[59.46732,36.34846]}},{"type":"Feature","properties":{"name":"کافه آمالفی","kind":"food"},"geometry":{"type":"Point","coordinates":[59.54372,36.33903]}},{"type":"Feature","properties":{"name":"هتل تبریزی","kind":"hotel"},"geometry":{"type":"Point","coordinates":[59.6083,36.28204]}},{"type":"Feature","properties":{"name":"شله مشهدی وحلیم نیشابوری عارف","kind":"food"},"geometry":{"type":"Point","coordinates":[59.50703,36.35206]}},{"type":"Feature","properties":{"name":"رستوران معین درباری","kind":"food"},"geometry":{"type":"Point","coordinates":[59.59806,36.28711]}},{"type":"Feature","properties":{"name":"هتل سه ستاره تاپ سهند","kind":"hotel"},"geometry":{"type":"Point","coordinates":[59.61256,36.28091]}},{"type":"Feature","properties":{"name":"چایخانه رضوی- صحن امام حسن مجتبی علیه السلام","kind":"food"},"geometry":{"type":"Point","coordinates":[59.61917,36.28806]}},{"type":"Feature","properties":{"name":"کباب های آماده طبخ و رستوران (شاندیز مرینت)","kind":"food"},"geometry":{"type":"Point","coordinates":[59.29572,36.39826]}},{"type":"Feature","properties":{"name":"قهوه 1001","kind":"food"},"geometry":{"type":"Point","coordinates":[59.6145,36.26217]}},{"type":"Feature","properties":{"name":"Farajahan Cafe","kind":"food"},"geometry":{"type":"Point","coordinates":[59.5214,36.33632]}},{"type":"Feature","properties":{"name":"مسجد صاحب الزمان به آباد","kind":"shrine"},"geometry":{"type":"Point","coordinates":[59.2602,36.55152]}},{"type":"Feature","properties":{"name":"مسجد حسین آباد گوشه","kind":"shrine"},"geometry":{"type":"Point","coordinates":[59.26676,36.55825]}},{"type":"Feature","properties":{"name":"کباب حیدریان","kind":"food"},"geometry":{"type":"Point","coordinates":[59.50091,36.34703]}},{"type":"Feature","properties":{"name":"طباخی تیلیت","kind":"food"},"geometry":{"type":"Point","coordinates":[59.49007,36.31562]}},{"type":"Feature","properties":{"name":"شله وحليم جهار فصل","kind":"food"},"geometry":{"type":"Point","coordinates":[59.59612,36.28125]}},{"type":"Feature","properties":{"name":"اثر","kind":"food"},"geometry":{"type":"Point","coordinates":[59.52046,36.32103]}},{"type":"Feature","properties":{"name":"كوفي فلكه اب","kind":"food"},"geometry":{"type":"Point","coordinates":[59.6113,36.28361]}},{"type":"Feature","properties":{"name":"مشويات مناسب وطيب","kind":"food"},"geometry":{"type":"Point","coordinates":[59.62153,36.29052]}},{"type":"Feature","properties":{"name":"هتل آلاء","kind":"hotel"},"geometry":{"type":"Point","coordinates":[59.60403,36.28513]}},{"type":"Feature","properties":{"name":"رستوران طاوا کباب ترک تابه ای","kind":"food"},"geometry":{"type":"Point","coordinates":[59.61924,36.27338]}},{"type":"Feature","properties":{"name":"کافه رویال شاندیز","kind":"food"},"geometry":{"type":"Point","coordinates":[59.30512,36.402]}},{"type":"Feature","properties":{"name":"مطعم ولاية علي","kind":"food"},"geometry":{"type":"Point","coordinates":[59.61267,36.2769]}},{"type":"Feature","properties":{"name":"نمایندگی کولر البرز(شریفی)","kind":"mall"},"geometry":{"type":"Point","coordinates":[59.66149,36.30643]}},{"type":"Feature","properties":{"name":"فندق اراد","kind":"hotel"},"geometry":{"type":"Point","coordinates":[59.60691,36.27893]}},{"type":"Feature","properties":{"name":"هتل ایوان ۱","kind":"hotel"},"geometry":{"type":"Point","coordinates":[59.60701,36.27656]}},{"type":"Feature","properties":{"name":"مطعم اريانا","kind":"food"},"geometry":{"type":"Point","coordinates":[59.60838,36.29234]}},{"type":"Feature","properties":{"name":"مطعم قابلي سارا هرات دربار","kind":"food"},"geometry":{"type":"Point","coordinates":[59.60179,36.2721]}},{"type":"Feature","properties":{"name":"قابلی سرای شام هرات","kind":"food"},"geometry":{"type":"Point","coordinates":[59.53395,36.32726]}},{"type":"Feature","properties":{"name":"کباب و قابلی امین","kind":"food"},"geometry":{"type":"Point","coordinates":[59.67514,36.29497]}},{"type":"Feature","properties":{"name":"كباب وقابلي مهدي","kind":"food"},"geometry":{"type":"Point","coordinates":[59.67538,36.29434]}},{"type":"Feature","properties":{"name":"مطعم وطندار الأفغاني","kind":"food"},"geometry":{"type":"Point","coordinates":[59.59679,36.28472]}},{"type":"Feature","properties":{"name":"جاي السيد جاي عراقي","kind":"food"},"geometry":{"type":"Point","coordinates":[59.61162,36.2952]}},{"type":"Feature","properties":{"name":"مطعم مجيد","kind":"food"},"geometry":{"type":"Point","coordinates":[59.6131,36.26064]}},{"type":"Feature","properties":{"name":"باب‌الجواد","kind":"transit"},"geometry":{"type":"Point","coordinates":[59.6111,36.28569]}},{"type":"Feature","properties":{"name":"فلافل شب های جنوب","kind":"food"},"geometry":{"type":"Point","coordinates":[59.61933,36.26759]}},{"type":"Feature","properties":{"name":"مقهى عمو يحيى","kind":"food"},"geometry":{"type":"Point","coordinates":[59.60661,36.29223]}},{"type":"Feature","properties":{"name":"طاوا کباب ترک","kind":"food"},"geometry":{"type":"Point","coordinates":[59.61902,36.27331]}},{"type":"Feature","properties":{"name":"غذای خانگی درویش","kind":"food"},"geometry":{"type":"Point","coordinates":[59.59857,36.28048]}},{"type":"Feature","properties":{"name":"تالار عمارت سلطانیه","kind":"food"},"geometry":{"type":"Point","coordinates":[59.5942,36.34799]}},{"type":"Feature","properties":{"name":"تالار رز","kind":"food"},"geometry":{"type":"Point","coordinates":[59.55914,36.31227]}},{"type":"Feature","properties":{"name":"کافه غذا کریم خان","kind":"food"},"geometry":{"type":"Point","coordinates":[59.59343,36.2775]}},{"type":"Feature","properties":{"name":"هتل الیزه","kind":"hotel"},"geometry":{"type":"Point","coordinates":[59.62687,36.29352]}},{"type":"Feature","properties":{"name":"كباب مخصوص بناب","kind":"food"},"geometry":{"type":"Point","coordinates":[59.60282,36.31254]}},{"type":"Feature","properties":{"name":"كباب حسن بور","kind":"food"},"geometry":{"type":"Point","coordinates":[59.60497,36.31373]}},{"type":"Feature","properties":{"name":"کافه نون","kind":"food"},"geometry":{"type":"Point","coordinates":[59.56563,36.29467]}},{"type":"Feature","properties":{"name":"کافه هنر","kind":"food"},"geometry":{"type":"Point","coordinates":[59.67112,36.3932]}},{"type":"Feature","properties":{"name":"جگر آتیشی","kind":"food"},"geometry":{"type":"Point","coordinates":[59.4889,36.3281]}},{"type":"Feature","properties":{"name":"مطعم عابدين زاده","kind":"food"},"geometry":{"type":"Point","coordinates":[59.6206,36.30441]}},{"type":"Feature","properties":{"name":"قهوه کافئین پلاس","kind":"food"},"geometry":{"type":"Point","coordinates":[59.51804,36.3014]}},{"type":"Feature","properties":{"name":"طباخی سفیدبره ساغروان","kind":"food"},"geometry":{"type":"Point","coordinates":[59.31602,36.52258]}},{"type":"Feature","properties":{"name":"کافه کافئین","kind":"food"},"geometry":{"type":"Point","coordinates":[59.51815,36.30137]}},{"type":"Feature","properties":{"name":"کافه رستوران ژینار","kind":"food"},"geometry":{"type":"Point","coordinates":[59.36185,36.31179]}},{"type":"Feature","properties":{"name":"کافه کاژه","kind":"food"},"geometry":{"type":"Point","coordinates":[59.46799,36.36007]}},{"type":"Feature","properties":{"name":"مسجد امین چنارانی","kind":"shrine"},"geometry":{"type":"Point","coordinates":[59.15533,36.09656]}},{"type":"Feature","properties":{"name":"شله و حلیم گندم","kind":"food"},"geometry":{"type":"Point","coordinates":[59.52063,36.33109]}},{"type":"Feature","properties":{"name":"توچال کباب","kind":"food"},"geometry":{"type":"Point","coordinates":[59.46881,36.43436]}},{"type":"Feature","properties":{"name":"مطعم سينا باجه","kind":"food"},"geometry":{"type":"Point","coordinates":[59.62118,36.2978]}},{"type":"Feature","properties":{"name":"مطعم طباخي لاله باجه","kind":"food"},"geometry":{"type":"Point","coordinates":[59.49151,36.35929]}},{"type":"Feature","properties":{"name":"ایلی کلاب (ili club)","kind":"food"},"geometry":{"type":"Point","coordinates":[59.52781,36.32835]}},{"type":"Feature","properties":{"name":"پیتزا باشی","kind":"food"},"geometry":{"type":"Point","coordinates":[59.59757,36.29661]}},{"type":"Feature","properties":{"name":"Cafe Trip Bucks | کافه تریپ باکس","kind":"food"},"geometry":{"type":"Point","coordinates":[59.50435,36.33428]}},{"type":"Feature","properties":{"name":"مطعم امير كبير","kind":"food"},"geometry":{"type":"Point","coordinates":[59.59276,36.27466]}},{"type":"Feature","properties":{"name":"پخش قهوه موسوی","kind":"food"},"geometry":{"type":"Point","coordinates":[59.59756,36.30824]}},{"type":"Feature","properties":{"name":"فست فود اهوراویچ","kind":"food"},"geometry":{"type":"Point","coordinates":[59.48657,36.36438]}},{"type":"Feature","properties":{"name":"کافه باقلوا استانبولی و لبنانی کام","kind":"food"},"geometry":{"type":"Point","coordinates":[59.60739,36.27858]}},{"type":"Feature","properties":{"name":"طباخی حقیقت","kind":"food"},"geometry":{"type":"Point","coordinates":[59.58756,36.26823]}},{"type":"Feature","properties":{"name":"کلینیک دامپزشکی دکتر خانزاده","kind":"hospital"},"geometry":{"type":"Point","coordinates":[59.40977,36.32278]}},{"type":"Feature","properties":{"name":"جیگرمیگر ۱","kind":"food"},"geometry":{"type":"Point","coordinates":[59.49582,36.31679]}},{"type":"Feature","properties":{"name":"رستوران برادران بخشی","kind":"food"},"geometry":{"type":"Point","coordinates":[59.65673,36.34156]}},{"type":"Feature","properties":{"name":"کافی شاپ و رستوران هاست","kind":"food"},"geometry":{"type":"Point","coordinates":[59.49719,36.32219]}},{"type":"Feature","properties":{"name":"طباخی سینا","kind":"food"},"geometry":{"type":"Point","coordinates":[59.6212,36.29775]}},{"type":"Feature","properties":{"name":"لابراتوار دندانسازی دنتالین","kind":"hospital"},"geometry":{"type":"Point","coordinates":[59.51577,36.37244]}},{"type":"Feature","properties":{"name":"چلو کباب سمانه","kind":"food"},"geometry":{"type":"Point","coordinates":[59.61136,36.31455]}},{"type":"Feature","properties":{"name":"کافه لاو","kind":"food"},"geometry":{"type":"Point","coordinates":[59.38882,36.40046]}},{"type":"Feature","properties":{"name":"کافه کتاب واژه","kind":"food"},"geometry":{"type":"Point","coordinates":[59.48188,36.32186]}},{"type":"Feature","properties":{"name":"حضور و غیاب نوین پرداز","kind":"mall"},"geometry":{"type":"Point","coordinates":[59.59091,36.34091]}},{"type":"Feature","properties":{"name":"رستوران جیران","kind":"food"},"geometry":{"type":"Point","coordinates":[59.56566,36.30452]}},{"type":"Feature","properties":{"name":"کافه فست فود لونا","kind":"food"},"geometry":{"type":"Point","coordinates":[59.56973,36.30435]}},{"type":"Feature","properties":{"name":"اسپرلوس کافه","kind":"food"},"geometry":{"type":"Point","coordinates":[59.4727,36.332]}},{"type":"Feature","properties":{"name":"بیمارستان حیوانات خانگی و پرندگان زینتی سجاد","kind":"hospital"},"geometry":{"type":"Point","coordinates":[59.54351,36.3187]}},{"type":"Feature","properties":{"name":"باغ رستوران ملکشاه","kind":"food"},"geometry":{"type":"Point","coordinates":[59.26392,36.38137]}},{"type":"Feature","properties":{"name":"کافه رستوران گلسرخ","kind":"food"},"geometry":{"type":"Point","coordinates":[59.59304,36.26191]}},{"type":"Feature","properties":{"name":"کافه گالری هشت","kind":"food"},"geometry":{"type":"Point","coordinates":[59.49461,36.32858]}},{"type":"Feature","properties":{"name":"طباخي سفيد بره","kind":"food"},"geometry":{"type":"Point","coordinates":[59.59226,36.31545]}},{"type":"Feature","properties":{"name":"خانه مونس","kind":"food"},"geometry":{"type":"Point","coordinates":[59.54488,36.31746]}}]}