{"type":"FeatureCollection","features":[{"type":"Feature","properties":{"minzoom":12},"geometry":{"type":"LineString","coordinates":[[59.51717,36.32509],[59.51699,36.32485],[59.51679,36.32458],[59.51655,36.32435],[59.51649,36.32429],[59.51616,36.32396],[59.51609,36.32389],[59.51585,36.32364],[59.51562,36.32352],[59.51549,36.32348],[59.51516,36.32345],[59.51477,36.3235]]}},{"type":"Feature","properties":{"minzoom":12},"geometry":{"type":"LineString","coordinates":[[59.51663,36.32291],[59.51634,36.32309],[59.51626,36.32319],[59.51623,36.32324],[59.5162,36.3233],[59.51617,36.32345],[59.51619,36.3236],[59.51638,36.32381],[59.51658,36.32401],[59.5167,36.32413],[59.51699,36.32441],[59.5171,36.32455],[59.51719,36.32472],[59.51729,36.32506]]}},{"type":"Feature","properties":{"name":"بولوار دانشجو","minzoom":12},"geometry":{"type":"LineString","coordinates":[[59.50269,36.3301],[59.50248,36.32978],[59.5024,36.32966],[59.5021,36.32906],[59.5018,36.32841],[59.5018,36.32839],[59.50157,36.32822],[59.50135,36.32812],[59.50106,36.328],[59.50088,36.32797],[59.50055,36.32798]]}},{"type":"Feature","properties":{"name":"بولوار دانشجو","minzoom":12},"geometry":{"type":"LineString","coordinates":[[59.50217,36.32747],[59.50203,36.32762],[59.50197,36.32769],[59.50191,36.32778],[59.50187,36.32798],[59.50206,36.32839],[59.50236,36.32903],[59.50265,36.32963],[59.5027,36.32978],[59.50277,36.33007]]}},{"type":"Feature","properties":{"name":"بزرگراه شهید کلانتری","minzoom":12},"geometry":{"type":"LineString","coordinates":[[59.55601,36.28714],[59.55573,36.28725],[59.55549,36.28741],[59.55501,36.28786]]}},{"type":"Feature","properties":{"minzoom":12},"geometry":{"type":"LineString","coordinates":[[59.58235,36.2626],[59.58219,36.26255],[59.58201,36.26252],[59.58178,36.26252],[59.58162,36.26255],[59.58148,36.2626],[59.58114,36.26279],[59.58086,36.26298],[59.58074,36.26311],[59.58068,36.26321],[59.58065,36.26331],[59.58063,36.26342],[59.58064,36.26352],[59.5807,36.26367],[59.5808,36.26379],[59.58091,36.26388],[59.58106,36.26395],[59.58119,36.26399],[59.58134,36.264],[59.58157,36.26396],[59.5818,36.26386],[59.58194,36.26376]]}},{"type":"Feature","properties":{"minzoom":12},"geometry":{"type":"LineString","coordinates":[[59.58402,36.26347],[59.58352,36.26348],[59.58329,36.26351],[59.58311,36.26356],[59.58294,36.26363],[59.58263,36.26381]]}},{"type":"Feature","properties":{"minzoom":12},"geometry":{"type":"LineString","coordinates":[[59.5864,36.26008],[59.58609,36.26045],[59.58575,36.26078],[59.58517,36.26127],[59.58485,36.26154],[59.58455,36.26181],[59.58413,36.26221]]}},{"type":"Feature","properties":{"minzoom":12},"geometry":{"type":"LineString","coordinates":[[59.59401,36.25683],[59.59484,36.25666],[59.59542,36.25657],[59.59615,36.25644],[59.59693,36.25626],[59.59728,36.25614],[59.59762,36.25601],[59.59786,36.25578],[59.59801,36.2556]]}},{"type":"Feature","properties":{"minzoom":12},"geometry":{"type":"LineString","coordinates":[[59.59728,36.25614],[59.5976,36.25585],[59.59774,36.25567],[59.59782,36.25537],[59.59789,36.25501]]}},{"type":"Feature","properties":{"minzoom":12},"geometry":{"type":"LineString","coordinates":[[59.59877,36.2565],[59.59785,36.25651],[59.59748,36.25658],[59.59698,36.25668],[59.5962,36.25686],[59.5955,36.25697],[59.59501,36.25703],[59.59404,36.25705]]}},{"type":"Feature","properties":{"minzoom":12},"geometry":{"type":"LineString","coordinates":[[59.59967,36.25698],[59.59915,36.25685],[59.59893,36.25677],[59.59851,36.25667],[59.598,36.2566],[59.59748,36.25658]]}},{"type":"Feature","properties":{"minzoom":12},"geometry":{"type":"LineString","coordinates":[[59.60203,36.25468],[59.60153,36.25491],[59.60027,36.25548],[59.59992,36.25566]]}},{"type":"Feature","properties":{"minzoom":12},"geometry":{"type":"LineString","coordinates":[[59.60027,36.25548],[59.60002,36.25571],[59.59985,36.25592],[59.59974,36.25615],[59.59968,36.25645],[59.59975,36.25689]]}},{"type":"Feature","properties":{"minzoom":12},"geometry":{"type":"LineString","coordinates":[[59.61208,36.25125],[59.61186,36.25114],[59.61154,36.25101],[59.61118,36.25089],[59.61073,36.25082],[59.61024,36.25082],[59.60965,36.25091],[59.60904,36.25107],[59.60844,36.25132],[59.60657,36.25231]]}},{"type":"Feature","properties":{"minzoom":12},"geometry":{"type":"LineString","coordinates":[[59.61595,36.24711],[59.61528,36.24754],[59.61473,36.24784],[59.6131,36.24877],[59.61242,36.24918],[59.61205,36.24949],[59.61188,36.24972],[59.6118,36.24987],[59.61178,36.2501],[59.61182,36.25035],[59.6119,36.25055],[59.61215,36.25099]]}},{"type":"Feature","properties":{"minzoom":12},"geometry":{"type":"LineString","coordinates":[[59.61481,36.25235],[59.61501,36.25256],[59.61511,36.25267],[59.61532,36.25282],[59.61613,36.25338],[59.61691,36.25401]]}},{"type":"Feature","properties":{"minzoom":12},"geometry":{"type":"LineString","coordinates":[[59.61526,36.25166],[59.61508,36.25199],[59.61504,36.25214],[59.61504,36.25232],[59.61509,36.25249],[59.61518,36.25263],[59.61532,36.25282]]}},{"type":"Feature","properties":{"minzoom":12},"geometry":{"type":"LineString","coordinates":[[59.61374,36.25281],[59.61361,36.25255],[59.61354,36.25243],[59.61341,36.2523],[59.61321,36.25217],[59.61193,36.25128],[59.61177,36.25118],[59.61157,36.25108],[59.61132,36.25098],[59.61073,36.25082]]}},{"type":"Feature","properties":{"minzoom":12},"geometry":{"type":"LineString","coordinates":[[59.61336,36.25325],[59.61346,36.25301],[59.61351,36.25285],[59.61352,36.25267],[59.61346,36.2525],[59.61336,36.25235],[59.61321,36.25217]]}},{"type":"Feature","properties":{"minzoom":12},"geometry":{"type":"LineString","coordinates":[[59.61673,36.25423],[59.61531,36.25351],[59.61493,36.25333],[59.61462,36.2532],[59.61444,36.25315],[59.61424,36.25313],[59.61404,36.25316],[59.61386,36.25322],[59.61354,36.25336]]}},{"type":"Feature","properties":{"minzoom":13},"geometry":{"type":"LineString","coordinates":[[59.55703,36.28737],[59.55694,36.28719],[59.55693,36.28712],[59.55694,36.28708],[59.55697,36.28704],[59.55702,36.28702],[59.55709,36.28701],[59.55715,36.28702],[59.55721,36.28705],[59.55731,36.28723]]}},{"type":"Feature","properties":{"minzoom":12},"geometry":{"type":"LineString","coordinates":[[59.51374,36.32104],[59.51422,36.32139],[59.51493,36.32219],[59.51511,36.32238],[59.51523,36.32249],[59.51537,36.32256],[59.51554,36.32261],[59.51569,36.32263],[59.51616,36.32258]]}},{"type":"Feature","properties":{"minzoom":12},"geometry":{"type":"LineString","coordinates":[[59.51466,36.32305],[59.5148,36.32292],[59.51488,36.32279],[59.5149,36.3227],[59.5149,36.32255],[59.51428,36.32193],[59.51397,36.32159],[59.51373,36.32133],[59.5136,36.3211]]}},{"type":"Feature","properties":{"minzoom":12},"geometry":{"type":"LineString","coordinates":[[59.57792,36.26809],[59.57702,36.26866],[59.57595,36.26924],[59.5757,36.26939],[59.5752,36.26968],[59.57514,36.26972],[59.57506,36.26976],[59.57472,36.26996],[59.57412,36.27031],[59.5733,36.27081],[59.57254,36.2713],[59.57169,36.27172]]}},{"type":"Feature","properties":{"minzoom":13},"geometry":{"type":"LineString","coordinates":[[59.60835,36.25756],[59.60857,36.25761],[59.60875,36.25761],[59.60898,36.25757],[59.60915,36.2575]]}},{"type":"Feature","properties":{"minzoom":12},"geometry":{"type":"LineString","coordinates":[[59.53746,36.34505],[59.53816,36.34495],[59.53911,36.34486],[59.53924,36.34484],[59.53934,36.34481],[59.53943,36.34476],[59.5395,36.34467]]}},{"type":"Feature","properties":{"minzoom":12},"geometry":{"type":"LineString","coordinates":[[59.53994,36.3447],[59.54003,36.34476],[59.54015,36.34481],[59.5403,36.34485],[59.54138,36.34496],[59.54179,36.34504]]}},{"type":"Feature","properties":{"name":"امام علی به آزادی جنوب","minzoom":12},"geometry":{"type":"LineString","coordinates":[[59.54256,36.34504],[59.54362,36.34495],[59.54406,36.3449],[59.54442,36.34481],[59.54472,36.34467],[59.54499,36.34452],[59.54558,36.34405],[59.54591,36.3438],[59.54659,36.34325],[59.54689,36.34298],[59.547,36.34285],[59.54711,36.34271],[59.54725,36.34242],[59.54731,36.34204],[59.54726,36.34169]]}},{"type":"Feature","properties":{"minzoom":12},"geometry":{"type":"LineString","coordinates":[[59.54691,36.34777],[59.54702,36.34738],[59.54727,36.34685],[59.54748,36.34631],[59.54751,36.34623]]}},{"type":"Feature","properties":{"minzoom":12},"geometry":{"type":"LineString","coordinates":[[59.54444,36.34505],[59.54534,36.34498]]}},{"type":"Feature","properties":{"name":"آزادی به شهید چراغچی شرق","minzoom":12},"geometry":{"type":"LineString","coordinates":[[59.54781,36.34438],[59.54771,36.34422],[59.54761,36.3441],[59.54747,36.34398],[59.54726,36.34386],[59.5471,36.34383],[59.54689,36.34381],[59.54668,36.34383],[59.54652,36.34388],[59.54639,36.34396],[59.54625,36.34411],[59.54617,36.34432],[59.54616,36.34447],[59.54624,36.34466],[59.54636,36.3448],[59.54654,36.34491],[59.54683,36.34501]]}},{"type":"Feature","properties":{"minzoom":13},"geometry":{"type":"LineString","coordinates":[[59.53228,36.31843],[59.53229,36.31838],[59.5323,36.31836],[59.53232,36.31835],[59.53236,36.31834],[59.5324,36.31834],[59.53242,36.31834],[59.53245,36.31835],[59.53247,36.31836],[59.53249,36.31837],[59.53251,36.31839]]}},{"type":"Feature","properties":{"minzoom":12},"geometry":{"type":"LineString","coordinates":[[59.55134,36.3459],[59.5501,36.34577],[59.54892,36.34561],[59.54843,36.34555]]}},{"type":"Feature","properties":{"minzoom":12},"geometry":{"type":"LineString","coordinates":[[59.54843,36.34555],[59.54753,36.34547]]}},{"type":"Feature","properties":{"minzoom":12},"geometry":{"type":"LineString","coordinates":[[59.54753,36.34547],[59.54674,36.34541]]}},{"type":"Feature","properties":{"minzoom":12},"geometry":{"type":"LineString","coordinates":[[59.54831,36.34444],[59.54829,36.34503],[59.54821,36.34542],[59.54815,36.34573],[59.54803,36.34624],[59.54793,36.3466],[59.54771,36.34706],[59.54751,36.34748],[59.54713,36.34795]]}},{"type":"Feature","properties":{"name":"آزادی به امام علی غرب","minzoom":12},"geometry":{"type":"LineString","coordinates":[[59.54803,36.34624],[59.54807,36.3465],[59.54813,36.34668],[59.54828,36.34686],[59.54849,36.34699],[59.54875,36.34708],[59.54898,36.34709],[59.54923,36.34705],[59.54946,36.34695],[59.54964,36.34683],[59.54976,36.34665],[59.54982,36.34645],[59.54982,36.34627],[59.54975,36.34605],[59.54961,36.34589],[59.54942,36.34576],[59.54925,36.3457],[59.54892,36.34561]]}},{"type":"Feature","properties":{"name":"شهید چراغچی به آزادی جنوب","minzoom":12},"geometry":{"type":"LineString","coordinates":[[59.54674,36.34541],[59.54632,36.3455],[59.54607,36.34561],[59.5459,36.34578],[59.5458,36.34599],[59.54579,36.34621],[59.54584,36.3464],[59.54596,36.34655],[59.54613,36.34669],[59.54641,36.3468],[59.54673,36.34681],[59.54697,36.34675],[59.54716,36.34663],[59.54733,36.34649],[59.54751,36.34623]]}},{"type":"Feature","properties":{"name":"امام علی به آزادی شمال","minzoom":12},"geometry":{"type":"LineString","coordinates":[[59.5492,36.34521],[59.54953,36.34515],[59.54975,36.34507],[59.54995,36.34495],[59.55008,36.3448],[59.55017,36.34464],[59.55021,36.34445],[59.55018,36.34425],[59.55007,36.34406],[59.54993,36.34391],[59.54974,36.34379],[59.54951,36.34371],[59.54928,36.34369],[59.54906,36.34371],[59.54884,36.34377],[59.54865,36.34388],[59.5485,36.34402],[59.54841,36.34419],[59.54831,36.34444]]}},{"type":"Feature","properties":{"minzoom":12},"geometry":{"type":"LineString","coordinates":[[59.5474,36.34327],[59.54788,36.34319],[59.54837,36.3432]]}},{"type":"Feature","properties":{"minzoom":12},"geometry":{"type":"LineString","coordinates":[[59.54837,36.3432],[59.54864,36.34323],[59.54904,36.34331],[59.54931,36.3434],[59.54957,36.34353],[59.54985,36.34368],[59.55033,36.344]]}},{"type":"Feature","properties":{"minzoom":12},"geometry":{"type":"LineString","coordinates":[[59.54527,36.34538],[59.54448,36.34529]]}},{"type":"Feature","properties":{"minzoom":12},"geometry":{"type":"LineString","coordinates":[[59.54547,36.34539],[59.54527,36.34538]]}},{"type":"Feature","properties":{"minzoom":12},"geometry":{"type":"LineString","coordinates":[[59.54606,36.34711],[59.54591,36.34684],[59.5456,36.34635],[59.54548,36.34607],[59.5454,36.34577],[59.54536,36.34541],[59.54537,36.34512],[59.54544,36.34487],[59.54556,36.34458],[59.5457,36.34437],[59.54591,36.34412],[59.54614,36.34389],[59.54646,36.34365],[59.54672,36.34351],[59.54706,36.34337],[59.5474,36.34327]]}},{"type":"Feature","properties":{"minzoom":12},"geometry":{"type":"LineString","coordinates":[[59.54534,36.34498],[59.54548,36.34498]]}},{"type":"Feature","properties":{"minzoom":12},"geometry":{"type":"LineString","coordinates":[[59.54548,36.34498],[59.54648,36.345],[59.54683,36.34501]]}},{"type":"Feature","properties":{"name":"شهید چراغچی به آزادی شمال","minzoom":12},"geometry":{"type":"LineString","coordinates":[[59.5542,36.34641],[59.55361,36.34642],[59.55213,36.3462],[59.55148,36.34627],[59.55109,36.34638],[59.55072,36.34654],[59.54771,36.34801],[59.5472,36.34833],[59.54687,36.3487]]}},{"type":"Feature","properties":{"minzoom":12},"geometry":{"type":"LineString","coordinates":[[59.54606,36.34711],[59.54573,36.34676],[59.54544,36.34634],[59.54523,36.34609],[59.54502,36.34589],[59.54475,36.34572],[59.54442,36.34556],[59.54415,36.34547],[59.54371,36.3454],[59.54253,36.34528]]}},{"type":"Feature","properties":{"minzoom":12},"geometry":{"type":"LineString","coordinates":[[59.54567,36.32597],[59.54525,36.32611],[59.54499,36.3262],[59.54478,36.32632],[59.54457,36.32648],[59.54441,36.32667],[59.54428,36.32687],[59.54422,36.32712],[59.54418,36.32755]]}},{"type":"Feature","properties":{"name":"ورودی بزرگراه آزادی","minzoom":12},"geometry":{"type":"LineString","coordinates":[[59.54429,36.32661],[59.54414,36.32683],[59.54411,36.32698],[59.54418,36.32755],[59.54444,36.32853],[59.54451,36.32898],[59.5446,36.3298]]}},{"type":"Feature","properties":{"minzoom":12},"geometry":{"type":"LineString","coordinates":[[59.49957,36.32511],[59.50003,36.32552],[59.50041,36.32596],[59.5009,36.3265],[59.50122,36.32688],[59.50136,36.32699],[59.50146,36.32705],[59.5016,36.32707],[59.50189,36.32707]]}},{"type":"Feature","properties":{"minzoom":12},"geometry":{"type":"LineString","coordinates":[[59.50047,36.32751],[59.50074,36.32734],[59.50087,36.32721],[59.50092,36.32713],[59.50092,36.32696],[59.50085,36.32686],[59.50061,36.32657],[59.50015,36.32605],[59.5,36.32588],[59.49944,36.32519]]}},{"type":"Feature","properties":{"minzoom":13},"geometry":{"type":"LineString","coordinates":[[59.59932,36.25675],[59.5993,36.25669],[59.59932,36.25662],[59.59936,36.25657],[59.59944,36.25654],[59.5995,36.25654],[59.59958,36.25657]]}},{"type":"Feature","properties":{"minzoom":13},"geometry":{"type":"LineString","coordinates":[[59.60424,36.26209],[59.60446,36.26208],[59.60467,36.26203]]}},{"type":"Feature","properties":{"minzoom":13},"geometry":{"type":"LineString","coordinates":[[59.60401,36.26269],[59.60411,36.26239],[59.60414,36.26212]]}},{"type":"Feature","properties":{"minzoom":13},"geometry":{"type":"LineString","coordinates":[[59.51964,36.3311],[59.51972,36.33089],[59.5198,36.33063]]}},{"type":"Feature","properties":{"name":"بولوار معلم","minzoom":13},"geometry":{"type":"LineString","coordinates":[[59.53458,36.32577],[59.53478,36.32591],[59.53497,36.32597],[59.53508,36.326],[59.53535,36.32604]]}},{"type":"Feature","properties":{"minzoom":12},"geometry":{"type":"LineString","coordinates":[[59.61215,36.25099],[59.61256,36.25113],[59.61309,36.25142],[59.61368,36.25174],[59.61395,36.25184],[59.61417,36.25188],[59.6144,36.25187],[59.61461,36.25181],[59.61481,36.25171],[59.6152,36.2514]]}},{"type":"Feature","properties":{"minzoom":12},"geometry":{"type":"LineString","coordinates":[[59.60738,36.2497],[59.60747,36.24975],[59.60754,36.24976],[59.60763,36.24975],[59.60771,36.24971],[59.60806,36.24939],[59.60847,36.24917]]}},{"type":"Feature","properties":{"minzoom":12},"geometry":{"type":"LineString","coordinates":[[59.60125,36.25453],[59.60223,36.2541],[59.60305,36.25372],[59.60358,36.25346],[59.60457,36.25287],[59.60486,36.2528],[59.60512,36.25276],[59.60564,36.25246],[59.60588,36.25236]]}},{"type":"Feature","properties":{"minzoom":13},"geometry":{"type":"LineString","coordinates":[[59.65793,36.28633],[59.65757,36.28534],[59.6571,36.28426],[59.65709,36.28421],[59.65709,36.28416],[59.65717,36.28411]]}},{"type":"Feature","properties":{"minzoom":12},"geometry":{"type":"LineString","coordinates":[[59.62701,36.21564],[59.62721,36.21588],[59.62732,36.21608],[59.62739,36.21632],[59.62739,36.21653],[59.62738,36.21674],[59.6273,36.21697],[59.62714,36.21722],[59.62692,36.2175],[59.62656,36.21796],[59.62636,36.21829],[59.62621,36.21862],[59.62609,36.219],[59.62602,36.21941],[59.62596,36.2203],[59.62586,36.22082]]}},{"type":"Feature","properties":{"minzoom":12},"geometry":{"type":"LineString","coordinates":[[59.62663,36.21523],[59.62701,36.21564]]}},{"type":"Feature","properties":{"minzoom":13},"geometry":{"type":"LineString","coordinates":[[59.62414,36.24227],[59.62432,36.24226],[59.62446,36.24226],[59.62459,36.2423],[59.62468,36.24238],[59.62476,36.24248],[59.62478,36.24261]]}},{"type":"Feature","properties":{"minzoom":12},"geometry":{"type":"LineString","coordinates":[[59.62696,36.21567],[59.62654,36.21525]]}},{"type":"Feature","properties":{"minzoom":12},"geometry":{"type":"LineString","coordinates":[[59.65068,36.18847],[59.65105,36.18865],[59.6513,36.1888],[59.6515,36.18897],[59.65168,36.18917],[59.65179,36.1894],[59.65185,36.18965],[59.65185,36.18991],[59.65176,36.19021],[59.65163,36.19043],[59.65146,36.19062],[59.65119,36.19084],[59.65082,36.19105],[59.65011,36.19155]]}},{"type":"Feature","properties":{"minzoom":12},"geometry":{"type":"LineString","coordinates":[[59.64975,36.18893],[59.64922,36.18937],[59.64903,36.18958],[59.64888,36.18975],[59.64873,36.19],[59.64861,36.19032],[59.64855,36.19076],[59.64849,36.19129],[59.64845,36.19162],[59.64834,36.19195],[59.64814,36.19229],[59.6479,36.19255],[59.64758,36.19278],[59.64703,36.1931]]}},{"type":"Feature","properties":{"minzoom":12},"geometry":{"type":"LineString","coordinates":[[59.64703,36.1931],[59.64637,36.19342],[59.64572,36.19373],[59.64538,36.19393],[59.64515,36.19416],[59.64491,36.19445],[59.64472,36.1947],[59.64443,36.19497]]}},{"type":"Feature","properties":{"minzoom":12},"geometry":{"type":"LineString","coordinates":[[59.65427,36.31038],[59.65488,36.3101],[59.65604,36.30968],[59.65643,36.30951],[59.65683,36.30934],[59.65798,36.30876]]}},{"type":"Feature","properties":{"minzoom":12},"geometry":{"type":"LineString","coordinates":[[59.65806,36.30899],[59.65767,36.3093],[59.65695,36.30977],[59.65669,36.30995],[59.65647,36.31013],[59.65592,36.31063],[59.65551,36.311],[59.65502,36.31139],[59.65476,36.31161],[59.65464,36.31174],[59.65461,36.31186],[59.65462,36.31199],[59.65472,36.31222]]}},{"type":"Feature","properties":{"minzoom":13},"geometry":{"type":"LineString","coordinates":[[59.62916,36.29654],[59.62885,36.29652],[59.62863,36.29658],[59.62851,36.29666],[59.62842,36.29674],[59.62771,36.29751],[59.62747,36.29772]]}},{"type":"Feature","properties":{"minzoom":13},"geometry":{"type":"LineString","coordinates":[[59.61866,36.2741],[59.61881,36.27396],[59.61888,36.27383],[59.61891,36.27354]]}},{"type":"Feature","properties":{"minzoom":13},"geometry":{"type":"LineString","coordinates":[[59.64303,36.29163],[59.64296,36.29171]]}},{"type":"Feature","properties":{"minzoom":13},"geometry":{"type":"LineString","coordinates":[[59.64738,36.29436],[59.64732,36.29443]]}},{"type":"Feature","properties":{"minzoom":13},"geometry":{"type":"LineString","coordinates":[[59.63058,36.2903],[59.63061,36.29026],[59.63066,36.29023],[59.63071,36.29022],[59.63077,36.29023],[59.63081,36.29026]]}},{"type":"Feature","properties":{"name":"بولوار وحدت","minzoom":13},"geometry":{"type":"LineString","coordinates":[[59.62555,36.28349],[59.62517,36.28317],[59.62499,36.28297],[59.62491,36.28286]]}},{"type":"Feature","properties":{"name":"هفده شهریور","minzoom":13},"geometry":{"type":"LineString","coordinates":[[59.62341,36.28117],[59.62317,36.2809],[59.62263,36.28051],[59.62211,36.28015],[59.62176,36.27987],[59.62155,36.27967],[59.62134,36.27939]]}},{"type":"Feature","properties":{"name":"هفده شهریور","minzoom":13},"geometry":{"type":"LineString","coordinates":[[59.62168,36.27946],[59.62205,36.27967],[59.62308,36.28041],[59.62342,36.28065],[59.62361,36.28075],[59.62368,36.28077],[59.62382,36.2808],[59.62409,36.28081]]}},{"type":"Feature","properties":{"name":"بولوار امت","minzoom":13},"geometry":{"type":"LineString","coordinates":[[59.6306,36.2888],[59.63074,36.28894],[59.63085,36.28899],[59.63099,36.28905]]}},{"type":"Feature","properties":{"minzoom":13},"geometry":{"type":"LineString","coordinates":[[59.52066,36.3309],[59.52049,36.33115],[59.52037,36.33136]]}},{"type":"Feature","properties":{"minzoom":13},"geometry":{"type":"LineString","coordinates":[[59.58145,36.31099],[59.58134,36.31105]]}},{"type":"Feature","properties":{"minzoom":13},"geometry":{"type":"LineString","coordinates":[[59.51889,36.30152],[59.51898,36.30165]]}},{"type":"Feature","properties":{"minzoom":13},"geometry":{"type":"LineString","coordinates":[[59.52464,36.29865],[59.52477,36.29877]]}},{"type":"Feature","properties":{"minzoom":13},"geometry":{"type":"LineString","coordinates":[[59.62526,36.20649],[59.62522,36.2065],[59.62518,36.20649],[59.62514,36.20648],[59.62511,36.20646],[59.62509,36.20643],[59.62508,36.2064],[59.62509,36.20637],[59.62511,36.20634],[59.62517,36.20629],[59.6253,36.20621]]}},{"type":"Feature","properties":{"minzoom":12},"geometry":{"type":"LineString","coordinates":[[59.62536,36.21087],[59.62534,36.21093],[59.62529,36.21098],[59.62522,36.21101],[59.62514,36.21102],[59.62507,36.211],[59.625,36.21097],[59.62496,36.21092],[59.62488,36.21013],[59.62476,36.20868]]}},{"type":"Feature","properties":{"minzoom":13},"geometry":{"type":"LineString","coordinates":[[59.61558,36.26067],[59.61623,36.26059]]}},{"type":"Feature","properties":{"name":"ورودی به بولوار شهید عباسپور","minzoom":13},"geometry":{"type":"LineString","coordinates":[[59.65715,36.27138],[59.65693,36.27102],[59.65675,36.27085],[59.65644,36.27075],[59.65614,36.27082],[59.65459,36.27145],[59.65387,36.27167]]}},{"type":"Feature","properties":{"name":"بولوار حر","minzoom":13},"geometry":{"type":"LineString","coordinates":[[59.65685,36.26918],[59.65756,36.26968],[59.6577,36.26975],[59.65779,36.26978],[59.65798,36.26979],[59.65826,36.26972],[59.65911,36.26938],[59.65971,36.26911],[59.66006,36.26896],[59.66043,36.26889]]}},{"type":"Feature","properties":{"minzoom":12},"geometry":{"type":"LineString","coordinates":[[59.54359,36.35381],[59.54306,36.35542]]}},{"type":"Feature","properties":{"minzoom":12},"geometry":{"type":"LineString","coordinates":[[59.65293,36.3127],[59.6524,36.31294],[59.65188,36.31313],[59.65131,36.31333],[59.65075,36.31353],[59.65044,36.31364],[59.65024,36.31373],[59.64999,36.31388],[59.64943,36.31413]]}},{"type":"Feature","properties":{"minzoom":12},"geometry":{"type":"LineString","coordinates":[[59.64925,36.31391],[59.64968,36.31355],[59.65015,36.31324],[59.65042,36.31301],[59.65077,36.31277],[59.65117,36.31243],[59.65154,36.31208],[59.65182,36.31179],[59.65208,36.31156],[59.65217,36.31147],[59.65227,36.31132],[59.6523,36.31119],[59.65227,36.31107],[59.65221,36.31095],[59.65212,36.31083]]}},{"type":"Feature","properties":{"minzoom":13},"geometry":{"type":"LineString","coordinates":[[59.60261,36.25059],[59.60266,36.25055],[59.60272,36.25052],[59.60279,36.25052],[59.60285,36.25053],[59.60291,36.25055],[59.60296,36.25059],[59.60299,36.25064],[59.603,36.2507]]}},{"type":"Feature","properties":{"minzoom":12},"geometry":{"type":"LineString","coordinates":[[59.54759,36.34505],[59.54848,36.34512]]}},{"type":"Feature","properties":{"minzoom":12},"geometry":{"type":"LineString","coordinates":[[59.5492,36.34521],[59.54991,36.34532],[59.55144,36.34567]]}},{"type":"Feature","properties":{"minzoom":13},"geometry":{"type":"LineString","coordinates":[[59.60036,36.28196],[59.60003,36.28217],[59.59991,36.28234],[59.59987,36.28246]]}},{"type":"Feature","properties":{"minzoom":12},"geometry":{"type":"LineString","coordinates":[[59.62884,36.21438],[59.62855,36.21467],[59.62836,36.21494],[59.62824,36.21518],[59.62818,36.21536],[59.62809,36.2159],[59.62802,36.21626],[59.62791,36.21661],[59.6278,36.21683],[59.6276,36.21713],[59.62738,36.21738],[59.62697,36.21779],[59.62675,36.21801],[59.62656,36.21825],[59.62643,36.21848],[59.6263,36.21878],[59.62622,36.21906],[59.62618,36.21937],[59.62616,36.21975]]}},{"type":"Feature","properties":{"minzoom":12},"geometry":{"type":"LineString","coordinates":[[59.62654,36.21525],[59.62632,36.2151],[59.62614,36.21505],[59.626,36.21504],[59.62586,36.21508],[59.62577,36.21516],[59.62573,36.21527],[59.62574,36.2154],[59.6258,36.21551],[59.62593,36.2156],[59.62608,36.21563],[59.62627,36.2156],[59.62653,36.21542]]}},{"type":"Feature","properties":{"minzoom":12},"geometry":{"type":"LineString","coordinates":[[59.6255,36.21331],[59.62572,36.21372],[59.62588,36.21396],[59.62606,36.21414],[59.62624,36.21427],[59.62651,36.21439],[59.62681,36.21447],[59.62712,36.2145],[59.62741,36.21448],[59.62772,36.21441],[59.62799,36.2143]]}},{"type":"Feature","properties":{"minzoom":13},"geometry":{"type":"LineString","coordinates":[[59.62633,36.17667],[59.62646,36.17676],[59.62657,36.1768],[59.62669,36.17679],[59.62677,36.17673],[59.62685,36.17661],[59.62694,36.17648]]}},{"type":"Feature","properties":{"minzoom":13},"geometry":{"type":"LineString","coordinates":[[59.62705,36.17649],[59.62709,36.17664],[59.62715,36.1768],[59.62727,36.17685],[59.62739,36.17685],[59.62751,36.17681],[59.62757,36.17675]]}},{"type":"Feature","properties":{"minzoom":13},"geometry":{"type":"LineString","coordinates":[[59.62757,36.17675],[59.62751,36.17688],[59.62739,36.177],[59.62724,36.17716],[59.62709,36.17731],[59.62698,36.17747],[59.62687,36.17772],[59.62677,36.178],[59.62667,36.17818]]}},{"type":"Feature","properties":{"minzoom":13},"geometry":{"type":"LineString","coordinates":[[59.62633,36.17667],[59.62632,36.17655],[59.62635,36.17644],[59.62642,36.17633],[59.62655,36.17622],[59.62672,36.17614],[59.6269,36.17609],[59.62727,36.17601],[59.62749,36.17596],[59.62763,36.17589],[59.62775,36.17578],[59.62784,36.17562]]}},{"type":"Feature","properties":{"minzoom":13},"geometry":{"type":"LineString","coordinates":[[59.62784,36.17562],[59.62777,36.17601],[59.6277,36.17636],[59.62757,36.17675]]}},{"type":"Feature","properties":{"minzoom":13},"geometry":{"type":"LineString","coordinates":[[59.63119,36.25808],[59.63123,36.25801],[59.63122,36.25783]]}},{"type":"Feature","properties":{"minzoom":13},"geometry":{"type":"LineString","coordinates":[[59.63122,36.25783],[59.63136,36.25799],[59.63153,36.2581]]}},{"type":"Feature","properties":{"minzoom":13},"geometry":{"type":"LineString","coordinates":[[59.57902,36.30549],[59.57884,36.30572],[59.57876,36.30599]]}},{"type":"Feature","properties":{"minzoom":13},"geometry":{"type":"LineString","coordinates":[[59.57322,36.30791],[59.57304,36.30782],[59.57276,36.30775],[59.57252,36.30772]]}},{"type":"Feature","properties":{"name":"میدان عدالت","minzoom":13},"geometry":{"type":"LineString","coordinates":[[59.62479,36.28028],[59.62481,36.28012],[59.62478,36.27995],[59.62478,36.27976],[59.62483,36.27956],[59.62493,36.27944],[59.62511,36.2793],[59.62528,36.27921],[59.62539,36.27919],[59.62574,36.27911],[59.62594,36.27905],[59.62629,36.27873],[59.62734,36.27765],[59.62777,36.27736]]}},{"type":"Feature","properties":{"name":"میدان عدالت","minzoom":13},"geometry":{"type":"LineString","coordinates":[[59.62574,36.27928],[59.62586,36.27934],[59.62594,36.27941]]}},{"type":"Feature","properties":{"name":"میدان عدالت","minzoom":13},"geometry":{"type":"LineString","coordinates":[[59.6279,36.27745],[59.6275,36.27787],[59.62713,36.27826],[59.62691,36.27849],[59.62621,36.27923],[59.62615,36.27937],[59.62615,36.27956],[59.62615,36.27972],[59.6261,36.27986],[59.62601,36.28001],[59.6259,36.28012],[59.62572,36.2802],[59.62548,36.28026],[59.62524,36.28027],[59.62506,36.28031],[59.62484,36.28037]]}},{"type":"Feature","properties":{"name":"بولوار وحدت","minzoom":13},"geometry":{"type":"LineString","coordinates":[[59.62432,36.28107],[59.62444,36.28154],[59.62449,36.28163],[59.62465,36.28185],[59.62529,36.28277],[59.62552,36.28308],[59.62569,36.28343]]}},{"type":"Feature","properties":{"minzoom":13},"geometry":{"type":"LineString","coordinates":[[59.64268,36.28496],[59.64274,36.28473],[59.64273,36.28462],[59.64271,36.28452],[59.64262,36.28435]]}},{"type":"Feature","properties":{"minzoom":13},"geometry":{"type":"LineString","coordinates":[[59.51242,36.33545],[59.51255,36.33542]]}},{"type":"Feature","properties":{"minzoom":13},"geometry":{"type":"LineString","coordinates":[[59.6454,36.26098],[59.64553,36.26084],[59.64562,36.2607],[59.64567,36.26066],[59.64574,36.26065],[59.64581,36.26066],[59.64587,36.2607],[59.6459,36.26076],[59.6459,36.26082],[59.64587,36.26087]]}},{"type":"Feature","properties":{"minzoom":13},"geometry":{"type":"LineString","coordinates":[[59.61451,36.227],[59.61428,36.22694]]}},{"type":"Feature","properties":{"minzoom":13},"geometry":{"type":"LineString","coordinates":[[59.62464,36.32793],[59.62444,36.32816],[59.62435,36.32825],[59.62435,36.32834],[59.62437,36.32846],[59.62437,36.32852],[59.62447,36.32903],[59.62463,36.32974],[59.62484,36.33071],[59.62496,36.33124],[59.62498,36.33165]]}},{"type":"Feature","properties":{"minzoom":13},"geometry":{"type":"LineString","coordinates":[[59.6243,36.31128],[59.62427,36.31125],[59.62427,36.31121],[59.62429,36.31117],[59.62433,36.31114],[59.62438,36.31114],[59.62443,36.31116]]}},{"type":"Feature","properties":{"minzoom":13},"geometry":{"type":"LineString","coordinates":[[59.5371,36.3256],[59.53705,36.32548]]}},{"type":"Feature","properties":{"name":"بولوار امامت","minzoom":13},"geometry":{"type":"LineString","coordinates":[[59.53531,36.32616],[59.53481,36.32657]]}},{"type":"Feature","properties":{"name":"ورودی بزرگراه آزادی","minzoom":12},"geometry":{"type":"LineString","coordinates":[[59.54282,36.32581],[59.54291,36.32564],[59.54293,36.32551],[59.54291,36.32528],[59.54287,36.32504]]}},{"type":"Feature","properties":{"minzoom":12},"geometry":{"type":"LineString","coordinates":[[59.54154,36.32655],[59.54194,36.32638],[59.5422,36.32626],[59.54241,36.3261],[59.54252,36.32598],[59.54265,36.32582],[59.54274,36.32563],[59.54281,36.32538],[59.54287,36.32504]]}},{"type":"Feature","properties":{"name":"ورودی میدان استقلال","minzoom":12},"geometry":{"type":"LineString","coordinates":[[59.54422,36.32956],[59.54406,36.32935],[59.54383,36.32865],[59.54355,36.32757],[59.54337,36.32713],[59.54329,36.32705],[59.54305,36.32683]]}},{"type":"Feature","properties":{"minzoom":12},"geometry":{"type":"LineString","coordinates":[[59.54355,36.32757],[59.54338,36.32735],[59.54321,36.32717],[59.54305,36.32704],[59.54285,36.3269],[59.54267,36.32682],[59.5425,36.32675],[59.54221,36.32669],[59.54193,36.32666],[59.54148,36.32667]]}},{"type":"Feature","properties":{"minzoom":12},"geometry":{"type":"LineString","coordinates":[[59.54431,36.33071],[59.54432,36.33062],[59.54434,36.3305],[59.54441,36.3302]]}},{"type":"Feature","properties":{"minzoom":12},"geometry":{"type":"LineString","coordinates":[[59.54477,36.33156],[59.54457,36.3311],[59.54452,36.33101],[59.54447,36.33097],[59.54436,36.33088]]}},{"type":"Feature","properties":{"minzoom":12},"geometry":{"type":"LineString","coordinates":[[59.62344,36.32824],[59.62298,36.3283],[59.62228,36.32851]]}},{"type":"Feature","properties":{"minzoom":13},"geometry":{"type":"LineString","coordinates":[[59.50436,36.33363],[59.50448,36.33359]]}},{"type":"Feature","properties":{"minzoom":13},"geometry":{"type":"LineString","coordinates":[[59.51353,36.33307],[59.51363,36.33317]]}},{"type":"Feature","properties":{"minzoom":13},"geometry":{"type":"LineString","coordinates":[[59.59541,36.32613],[59.59601,36.32618]]}},{"type":"Feature","properties":{"minzoom":12},"geometry":{"type":"LineString","coordinates":[[59.63187,36.32291],[59.63208,36.32289],[59.63229,36.32284],[59.63261,36.32271]]}},{"type":"Feature","properties":{"minzoom":13},"geometry":{"type":"LineString","coordinates":[[59.54861,36.32549],[59.54847,36.32557],[59.54836,36.32566],[59.54829,36.32574],[59.54824,36.3258],[59.54818,36.32591],[59.54814,36.32603]]}},{"type":"Feature","properties":{"minzoom":13},"geometry":{"type":"LineString","coordinates":[[59.59578,36.32677],[59.59535,36.32678]]}},{"type":"Feature","properties":{"minzoom":13},"geometry":{"type":"LineString","coordinates":[[59.58166,36.33449],[59.58159,36.33462],[59.58158,36.33468],[59.58156,36.33475],[59.58158,36.33486],[59.5817,36.33506]]}},{"type":"Feature","properties":{"minzoom":13},"geometry":{"type":"LineString","coordinates":[[59.548,36.32605],[59.54789,36.32594],[59.54772,36.32583],[59.5477,36.32582],[59.54752,36.32575],[59.5472,36.32571]]}},{"type":"Feature","properties":{"minzoom":13},"geometry":{"type":"LineString","coordinates":[[59.57449,36.33751],[59.57467,36.3375]]}},{"type":"Feature","properties":{"minzoom":13},"geometry":{"type":"LineString","coordinates":[[59.58774,36.28943],[59.58765,36.28938]]}},{"type":"Feature","properties":{"minzoom":13},"geometry":{"type":"LineString","coordinates":[[59.51795,36.35852],[59.51788,36.35877],[59.5179,36.35888],[59.51796,36.35896],[59.51809,36.35906]]}},{"type":"Feature","properties":{"minzoom":13},"geometry":{"type":"LineString","coordinates":[[59.5167,36.3591],[59.51702,36.35904],[59.51718,36.35899],[59.51733,36.35894],[59.51748,36.35885],[59.51764,36.35874]]}},{"type":"Feature","properties":{"minzoom":13},"geometry":{"type":"LineString","coordinates":[[59.51698,36.35963],[59.517,36.35948],[59.51698,36.35938],[59.51697,36.35935],[59.5169,36.35932],[59.51681,36.35927],[59.51656,36.35922]]}},{"type":"Feature","properties":{"minzoom":13},"geometry":{"type":"LineString","coordinates":[[59.51809,36.35918],[59.51763,36.35928],[59.51746,36.35936],[59.51726,36.35948]]}},{"type":"Feature","properties":{"minzoom":13},"geometry":{"type":"LineString","coordinates":[[59.53558,36.36535],[59.53564,36.36541],[59.53566,36.36544],[59.53566,36.36548],[59.53565,36.36552],[59.53562,36.36555],[59.53558,36.36557],[59.53555,36.36557],[59.53549,36.36556],[59.53538,36.3655]]}},{"type":"Feature","properties":{"minzoom":13},"geometry":{"type":"LineString","coordinates":[[59.59828,36.29448],[59.59819,36.29451],[59.59812,36.29451],[59.59806,36.29446],[59.59806,36.2944],[59.59813,36.29432]]}},{"type":"Feature","properties":{"minzoom":13},"geometry":{"type":"LineString","coordinates":[[59.55283,36.30795],[59.55241,36.30772],[59.55224,36.30768],[59.5521,36.30769],[59.55194,36.30774]]}},{"type":"Feature","properties":{"minzoom":13},"geometry":{"type":"LineString","coordinates":[[59.52298,36.36113],[59.52243,36.36116]]}},{"type":"Feature","properties":{"minzoom":13},"geometry":{"type":"LineString","coordinates":[[59.66255,36.29702],[59.66248,36.29701],[59.66242,36.29698],[59.66239,36.29693],[59.66241,36.29687],[59.66247,36.29683],[59.66258,36.29683],[59.66287,36.2969],[59.66304,36.29692]]}},{"type":"Feature","properties":{"minzoom":13},"geometry":{"type":"LineString","coordinates":[[59.57756,36.33115],[59.57776,36.33117],[59.57787,36.33117],[59.57799,36.33114],[59.57833,36.33091]]}},{"type":"Feature","properties":{"minzoom":13},"geometry":{"type":"LineString","coordinates":[[59.57757,36.33218],[59.57758,36.33192],[59.57758,36.33179],[59.57756,36.33166],[59.57748,36.33146],[59.57736,36.33122]]}},{"type":"Feature","properties":{"minzoom":13},"geometry":{"type":"LineString","coordinates":[[59.57839,36.33113],[59.5783,36.33143],[59.57829,36.33156],[59.57835,36.33189]]}},{"type":"Feature","properties":{"minzoom":13},"geometry":{"type":"LineString","coordinates":[[59.57864,36.33243],[59.57836,36.33231],[59.57812,36.33229],[59.57802,36.3323],[59.57787,36.33235],[59.57775,36.33245],[59.57746,36.3327]]}},{"type":"Feature","properties":{"minzoom":13},"geometry":{"type":"LineString","coordinates":[[59.55527,36.27642],[59.55532,36.27656],[59.55539,36.27664],[59.55547,36.27667],[59.55562,36.27665]]}},{"type":"Feature","properties":{"minzoom":13},"geometry":{"type":"LineString","coordinates":[[59.5556,36.27699],[59.55543,36.27694],[59.55534,36.27696],[59.55528,36.27699],[59.55523,36.27707],[59.55522,36.27768],[59.55516,36.27815]]}},{"type":"Feature","properties":{"minzoom":13},"geometry":{"type":"LineString","coordinates":[[59.56501,36.30372],[59.56521,36.30365]]}},{"type":"Feature","properties":{"name":"شهید نواب صفوی","minzoom":13},"geometry":{"type":"LineString","coordinates":[[59.61831,36.2865],[59.61811,36.28671],[59.61798,36.28694],[59.61794,36.28715]]}},{"type":"Feature","properties":{"name":"شهید نواب صفوی","minzoom":13},"geometry":{"type":"LineString","coordinates":[[59.61714,36.28637],[59.61745,36.28644],[59.61772,36.28641],[59.61811,36.2863]]}},{"type":"Feature","properties":{"minzoom":12},"geometry":{"type":"LineString","coordinates":[[59.55584,36.28541],[59.55604,36.28524],[59.55617,36.28509],[59.55624,36.28489]]}},{"type":"Feature","properties":{"minzoom":13},"geometry":{"type":"LineString","coordinates":[[59.50811,36.36351],[59.50804,36.36361]]}},{"type":"Feature","properties":{"minzoom":13},"geometry":{"type":"LineString","coordinates":[[59.51396,36.34569],[59.51397,36.34564],[59.514,36.3456],[59.51404,36.34558],[59.5141,36.34557],[59.51415,36.34558],[59.51419,36.3456],[59.51422,36.34564],[59.51423,36.3457]]}},{"type":"Feature","properties":{"minzoom":13},"geometry":{"type":"LineString","coordinates":[[59.6255,36.27049],[59.62573,36.27057],[59.62588,36.2706],[59.62611,36.27059]]}},{"type":"Feature","properties":{"minzoom":13},"geometry":{"type":"LineString","coordinates":[[59.62624,36.27065],[59.62616,36.2709],[59.62616,36.27104],[59.62617,36.27114]]}},{"type":"Feature","properties":{"minzoom":13},"geometry":{"type":"LineString","coordinates":[[59.59243,36.28932],[59.59255,36.28922],[59.59266,36.28918],[59.59276,36.28916],[59.59286,36.28917],[59.59295,36.2892],[59.59304,36.28927],[59.59313,36.28933]]}},{"type":"Feature","properties":{"minzoom":13},"geometry":{"type":"LineString","coordinates":[[59.56889,36.34453],[59.56887,36.34466],[59.56888,36.34481],[59.56889,36.34497],[59.56892,36.3451]]}},{"type":"Feature","properties":{"minzoom":13},"geometry":{"type":"LineString","coordinates":[[59.59196,36.28516],[59.59192,36.28539],[59.59191,36.28555]]}},{"type":"Feature","properties":{"minzoom":13},"geometry":{"type":"LineString","coordinates":[[59.63328,36.29889],[59.63348,36.29889],[59.63362,36.29887],[59.63378,36.2988]]}},{"type":"Feature","properties":{"minzoom":13},"geometry":{"type":"LineString","coordinates":[[59.63997,36.29112],[59.63999,36.29093],[59.63995,36.29085],[59.63987,36.29076],[59.63965,36.29065],[59.63921,36.29045]]}},{"type":"Feature","properties":{"minzoom":13},"geometry":{"type":"LineString","coordinates":[[59.64077,36.29027],[59.64083,36.29044],[59.64094,36.29065],[59.64102,36.29075]]}},{"type":"Feature","properties":{"minzoom":13},"geometry":{"type":"LineString","coordinates":[[59.64219,36.30849],[59.64228,36.30855]]}},{"type":"Feature","properties":{"name":"دوربرگردان به سمت مشهد","minzoom":12},"geometry":{"type":"LineString","coordinates":[[59.43813,36.34176],[59.43814,36.3417],[59.43817,36.34166],[59.43823,36.34163],[59.43829,36.34162],[59.43835,36.34164],[59.4384,36.34168]]}},{"type":"Feature","properties":{"name":"بزرگراه وکیل آباد","minzoom":12},"geometry":{"type":"LineString","coordinates":[[59.44517,36.34415],[59.44549,36.34435],[59.44563,36.34447],[59.44577,36.34461],[59.4459,36.34481],[59.44596,36.34499],[59.44597,36.34521]]}},{"type":"Feature","properties":{"minzoom":12},"geometry":{"type":"LineString","coordinates":[[59.43816,36.34139],[59.43816,36.34143],[59.43814,36.34148],[59.4381,36.34151],[59.43805,36.34153],[59.43799,36.34153],[59.43794,36.34151],[59.4379,36.34148]]}},{"type":"Feature","properties":{"minzoom":12},"geometry":{"type":"LineString","coordinates":[[59.44226,36.34413],[59.4427,36.34392],[59.44299,36.34385],[59.44331,36.34379],[59.44361,36.34376],[59.44405,36.34376]]}},{"type":"Feature","properties":{"minzoom":12},"geometry":{"type":"LineString","coordinates":[[59.45691,36.34163],[59.45617,36.34195],[59.45394,36.34267],[59.45377,36.34267]]}},{"type":"Feature","properties":{"minzoom":12},"geometry":{"type":"LineString","coordinates":[[59.45377,36.34267],[59.45365,36.34263],[59.45354,36.34257],[59.45347,36.34248],[59.45343,36.34238],[59.45343,36.34228],[59.45347,36.34218]]}},{"type":"Feature","properties":{"minzoom":12},"geometry":{"type":"LineString","coordinates":[[59.45347,36.34218],[59.45367,36.34207],[59.45588,36.34137],[59.45678,36.34119]]}},{"type":"Feature","properties":{"minzoom":12},"geometry":{"type":"LineString","coordinates":[[59.46556,36.33833],[59.4676,36.33768],[59.4677,36.33768],[59.46779,36.33768]]}},{"type":"Feature","properties":{"minzoom":12},"geometry":{"type":"LineString","coordinates":[[59.46809,36.33803],[59.46808,36.33809],[59.46807,36.33815],[59.46803,36.3382]]}},{"type":"Feature","properties":{"minzoom":12},"geometry":{"type":"LineString","coordinates":[[59.46803,36.3382],[59.46789,36.33828],[59.46576,36.33896]]}},{"type":"Feature","properties":{"minzoom":12},"geometry":{"type":"LineString","coordinates":[[59.47998,36.34654],[59.48053,36.34659],[59.48063,36.34661],[59.48068,36.34667],[59.48069,36.34671],[59.48065,36.34678],[59.48055,36.34683],[59.47995,36.34685],[59.47932,36.3469],[59.47892,36.34693]]}},{"type":"Feature","properties":{"minzoom":12},"geometry":{"type":"LineString","coordinates":[[59.48129,36.34693],[59.48114,36.34688],[59.48107,36.34684],[59.48101,36.34676],[59.48103,36.34668],[59.4811,36.34663],[59.48121,36.3466],[59.4819,36.34661],[59.48303,36.34661]]}},{"type":"Feature","properties":{"minzoom":13},"geometry":{"type":"LineString","coordinates":[[59.47687,36.34731],[59.47686,36.34716],[59.47688,36.34711],[59.47692,36.34708],[59.47696,36.34707],[59.47701,36.34706],[59.47706,36.34708],[59.4771,36.34711],[59.47712,36.34715],[59.47713,36.3472],[59.47714,36.34732]]}},{"type":"Feature","properties":{"minzoom":12},"geometry":{"type":"LineString","coordinates":[[59.46114,36.34333],[59.46078,36.34286],[59.46058,36.34248],[59.46037,36.34202],[59.46027,36.3417],[59.4602,36.3412]]}},{"type":"Feature","properties":{"minzoom":12},"geometry":{"type":"LineString","coordinates":[[59.4602,36.3412],[59.46021,36.34105],[59.46026,36.34095],[59.46034,36.34088],[59.46048,36.34081],[59.46064,36.34081],[59.46079,36.34085],[59.46093,36.34099]]}},{"type":"Feature","properties":{"minzoom":13},"geometry":{"type":"LineString","coordinates":[[59.46141,36.33903],[59.46131,36.33933],[59.46126,36.33942],[59.46118,36.33949],[59.46095,36.33957],[59.46085,36.3396],[59.46071,36.33958],[59.46063,36.33951],[59.46061,36.33941]]}},{"type":"Feature","properties":{"minzoom":13},"geometry":{"type":"LineString","coordinates":[[59.48284,36.32518],[59.48258,36.32495],[59.48242,36.32489],[59.4823,36.32488],[59.48212,36.32495]]}},{"type":"Feature","properties":{"name":"اقبال لاهوری","minzoom":13},"geometry":{"type":"LineString","coordinates":[[59.47755,36.33419],[59.47754,36.33427],[59.47751,36.33431],[59.47743,36.33434],[59.47734,36.33434],[59.47726,36.3343]]}},{"type":"Feature","properties":{"minzoom":12},"geometry":{"type":"LineString","coordinates":[[59.4867,36.33229],[59.4863,36.3325],[59.48614,36.33266],[59.48604,36.33279],[59.48604,36.33289],[59.48615,36.33314],[59.48653,36.33404],[59.48664,36.3344]]}},{"type":"Feature","properties":{"minzoom":12},"geometry":{"type":"LineString","coordinates":[[59.48466,36.3303],[59.48487,36.3306],[59.48493,36.33069],[59.48532,36.33151],[59.48545,36.33173],[59.4856,36.33183],[59.48573,36.33188],[59.48578,36.3319],[59.4859,36.33192],[59.48608,36.33195]]}},{"type":"Feature","properties":{"minzoom":12},"geometry":{"type":"LineString","coordinates":[[59.48545,36.33173],[59.48544,36.33176],[59.48542,36.3318],[59.48539,36.33183],[59.48535,36.33185],[59.4853,36.33187],[59.48525,36.33187],[59.4852,36.33187],[59.48516,36.33185],[59.48512,36.33183]]}},{"type":"Feature","properties":{"minzoom":12},"geometry":{"type":"LineString","coordinates":[[59.48574,36.33307],[59.48574,36.33296],[59.48575,36.33289],[59.48581,36.33285],[59.48591,36.33283],[59.48598,36.33284],[59.48604,36.33289]]}},{"type":"Feature","properties":{"minzoom":12},"geometry":{"type":"LineString","coordinates":[[59.48645,36.33436],[59.48629,36.33412],[59.48618,36.33386],[59.48585,36.33325],[59.48574,36.33307],[59.48563,36.33299],[59.48554,36.33292],[59.48541,36.33288],[59.48523,36.33286],[59.48477,36.3329]]}},{"type":"Feature","properties":{"minzoom":13},"geometry":{"type":"LineString","coordinates":[[59.48092,36.32043],[59.48082,36.32046]]}},{"type":"Feature","properties":{"minzoom":13},"geometry":{"type":"LineString","coordinates":[[59.48275,36.32383],[59.48288,36.32393],[59.48304,36.32402],[59.48323,36.32405],[59.48347,36.32404]]}},{"type":"Feature","properties":{"name":"بولوار صیاد شیرازی","minzoom":13},"geometry":{"type":"LineString","coordinates":[[59.48228,36.32471],[59.48246,36.32449],[59.48256,36.32432],[59.48263,36.32411],[59.48263,36.32382]]}},{"type":"Feature","properties":{"minzoom":13},"geometry":{"type":"LineString","coordinates":[[59.49347,36.31859],[59.4932,36.31853],[59.49289,36.31853]]}},{"type":"Feature","properties":{"minzoom":13},"geometry":{"type":"LineString","coordinates":[[59.49607,36.31637],[59.49617,36.31649]]}},{"type":"Feature","properties":{"minzoom":13},"geometry":{"type":"LineString","coordinates":[[59.51009,36.48142],[59.51022,36.48126]]}},{"type":"Feature","properties":{"minzoom":13},"geometry":{"type":"LineString","coordinates":[[59.45506,36.42932],[59.45492,36.4292],[59.45463,36.42902],[59.45459,36.42899],[59.45457,36.42895],[59.45457,36.4289],[59.45459,36.42886],[59.45462,36.42883],[59.45466,36.4288],[59.45471,36.42879],[59.45477,36.42879],[59.45482,36.42881],[59.45486,36.42884],[59.45507,36.42907],[59.45529,36.42925]]}},{"type":"Feature","properties":{"minzoom":13},"geometry":{"type":"LineString","coordinates":[[59.53505,36.32812],[59.53482,36.32799],[59.53466,36.32791],[59.53453,36.32788]]}},{"type":"Feature","properties":{"name":"استقلال به امامت","minzoom":13},"geometry":{"type":"LineString","coordinates":[[59.53569,36.32768],[59.53547,36.32779],[59.53538,36.32788],[59.53523,36.32811]]}},{"type":"Feature","properties":{"minzoom":13},"geometry":{"type":"LineString","coordinates":[[59.64044,36.27671],[59.64047,36.27695],[59.64045,36.27719],[59.64042,36.27732],[59.64031,36.27745],[59.64006,36.27763],[59.6398,36.27786],[59.63959,36.27805],[59.63889,36.2787],[59.63847,36.279]]}},{"type":"Feature","properties":{"minzoom":13},"geometry":{"type":"LineString","coordinates":[[59.64044,36.27671],[59.64035,36.27692],[59.64029,36.27699],[59.64017,36.27705],[59.63926,36.27738],[59.63911,36.27744],[59.63903,36.27751]]}},{"type":"Feature","properties":{"minzoom":13},"geometry":{"type":"LineString","coordinates":[[59.64043,36.2766],[59.64041,36.27664],[59.64038,36.27667],[59.64034,36.27669],[59.64029,36.27669],[59.64025,36.27667],[59.63998,36.27628]]}},{"type":"Feature","properties":{"minzoom":13},"geometry":{"type":"LineString","coordinates":[[59.63894,36.27776],[59.63889,36.27768],[59.63889,36.27762],[59.63889,36.27755],[59.63892,36.2775],[59.63902,36.27742]]}},{"type":"Feature","properties":{"minzoom":13},"geometry":{"type":"LineString","coordinates":[[59.63839,36.27892],[59.63876,36.27846],[59.63916,36.27806],[59.63919,36.278],[59.63918,36.27795],[59.63911,36.27789],[59.63894,36.27776]]}},{"type":"Feature","properties":{"name":"سرخس ۲۸","minzoom":13},"geometry":{"type":"LineString","coordinates":[[59.63894,36.27776],[59.6389,36.27775],[59.63885,36.27772],[59.63864,36.27758]]}},{"type":"Feature","properties":{"name":"وکیل آباد به کلانتری","minzoom":12},"geometry":{"type":"LineString","coordinates":[[59.53634,36.31627],[59.53754,36.31582],[59.53925,36.31529],[59.53946,36.31522],[59.53959,36.31514],[59.53968,36.31505],[59.53973,36.31496],[59.54001,36.31429],[59.54007,36.31397]]}},{"type":"Feature","properties":{"name":"ورودی میدان آزادی","minzoom":12},"geometry":{"type":"LineString","coordinates":[[59.5392,36.30932],[59.5396,36.31014],[59.53969,36.31039],[59.53976,36.31067],[59.53977,36.31082],[59.53979,36.31119],[59.54036,36.31332],[59.54056,36.31405],[59.54064,36.31429],[59.54075,36.31451]]}},{"type":"Feature","properties":{"name":"ورودی بولوار ملک آباد","minzoom":12},"geometry":{"type":"LineString","coordinates":[[59.54085,36.31455],[59.54107,36.3145],[59.54122,36.31445],[59.54138,36.31436],[59.5433,36.31311],[59.54422,36.31265]]}},{"type":"Feature","properties":{"name":"ورودی میدان آزادی","minzoom":12},"geometry":{"type":"LineString","coordinates":[[59.54401,36.313],[59.54346,36.31346],[59.54302,36.31375],[59.54241,36.31416],[59.54166,36.31466],[59.54148,36.3148],[59.54137,36.31493],[59.54122,36.3152]]}},{"type":"Feature","properties":{"minzoom":12},"geometry":{"type":"LineString","coordinates":[[59.56649,36.34812],[59.56669,36.34819],[59.56702,36.34831],[59.56722,36.34837],[59.56767,36.34855],[59.568,36.34864],[59.56861,36.34881]]}},{"type":"Feature","properties":{"minzoom":12},"geometry":{"type":"LineString","coordinates":[[59.57167,36.34994],[59.57085,36.3499],[59.57007,36.34979],[59.56954,36.34969],[59.56801,36.34925]]}},{"type":"Feature","properties":{"minzoom":12},"geometry":{"type":"LineString","coordinates":[[59.56447,36.34831],[59.56422,36.34823],[59.56402,36.34816],[59.56379,36.3481],[59.56364,36.34808],[59.56344,36.34805],[59.56257,36.34794]]}},{"type":"Feature","properties":{"minzoom":12},"geometry":{"type":"LineString","coordinates":[[59.55937,36.34704],[59.561,36.34716],[59.56161,36.34728],[59.56205,36.34735],[59.56236,36.34739],[59.56255,36.34742],[59.56308,36.34747],[59.56366,36.34749],[59.56392,36.34749],[59.56439,36.3475],[59.56492,36.34752]]}},{"type":"Feature","properties":{"minzoom":13},"geometry":{"type":"LineString","coordinates":[[59.56739,36.34623],[59.56687,36.34694],[59.56649,36.34739],[59.56647,36.34747],[59.56646,36.34755],[59.5665,36.34764],[59.56656,36.34769],[59.56663,36.34774],[59.56719,36.34812],[59.56741,36.34827],[59.56752,36.34835],[59.56778,36.3485],[59.568,36.34864]]}},{"type":"Feature","properties":{"minzoom":13},"geometry":{"type":"LineString","coordinates":[[59.56183,36.34723],[59.56266,36.34734],[59.56283,36.34734],[59.56302,36.34733],[59.56347,36.34725],[59.56368,36.34721],[59.56392,36.3472],[59.56418,36.3472],[59.56453,36.34722],[59.56487,36.34726],[59.56528,36.34734],[59.56537,36.34735],[59.56557,36.34739],[59.56578,36.34741],[59.56594,36.34739],[59.56604,36.34735],[59.56618,36.34723],[59.56661,36.34676],[59.56705,36.34633],[59.56724,36.34613]]}},{"type":"Feature","properties":{"name":"خیام شمالی به چراغچی","minzoom":12},"geometry":{"type":"LineString","coordinates":[[59.59103,36.34424],[59.5909,36.34419],[59.59074,36.34418],[59.58982,36.34415],[59.58968,36.34418],[59.58905,36.34439]]}},{"type":"Feature","properties":{"minzoom":12},"geometry":{"type":"LineString","coordinates":[[59.58913,36.34216],[59.58959,36.3425],[59.58984,36.34264],[59.59006,36.34272],[59.59032,36.34272],[59.59051,36.34269],[59.59161,36.3424],[59.59186,36.34234],[59.592,36.34229],[59.59211,36.34225]]}},{"type":"Feature","properties":{"minzoom":12},"geometry":{"type":"LineString","coordinates":[[59.59011,36.344],[59.58993,36.34402],[59.58974,36.34409],[59.58905,36.34439],[59.5886,36.34459]]}},{"type":"Feature","properties":{"minzoom":13},"geometry":{"type":"LineString","coordinates":[[59.58979,36.3428],[59.58985,36.34285],[59.58986,36.34289],[59.58984,36.34292],[59.5898,36.34293],[59.58977,36.34293],[59.58973,36.34292],[59.58968,36.34287]]}},{"type":"Feature","properties":{"minzoom":12},"geometry":{"type":"LineString","coordinates":[[59.58401,36.34644],[59.58555,36.34547],[59.58676,36.34481],[59.5876,36.34442]]}},{"type":"Feature","properties":{"minzoom":12},"geometry":{"type":"LineString","coordinates":[[59.59636,36.34093],[59.5958,36.34127],[59.59508,36.34166],[59.59356,36.34232],[59.5932,36.34251]]}},{"type":"Feature","properties":{"minzoom":12},"geometry":{"type":"LineString","coordinates":[[59.59056,36.34286],[59.59082,36.34287],[59.59097,36.34282],[59.59189,36.34247],[59.59239,36.34224],[59.59265,36.34212]]}},{"type":"Feature","properties":{"minzoom":13},"geometry":{"type":"LineString","coordinates":[[59.59087,36.34412],[59.59087,36.34405],[59.5909,36.34399],[59.59097,36.34396],[59.59105,36.34395],[59.59112,36.34397]]}},{"type":"Feature","properties":{"minzoom":12},"geometry":{"type":"LineString","coordinates":[[59.61379,36.33207],[59.61681,36.3308]]}},{"type":"Feature","properties":{"minzoom":12},"geometry":{"type":"LineString","coordinates":[[59.61692,36.33106],[59.61463,36.33244]]}},{"type":"Feature","properties":{"minzoom":12},"geometry":{"type":"LineString","coordinates":[[59.61215,36.33344],[59.61087,36.33424],[59.60982,36.33478],[59.60966,36.33494]]}},{"type":"Feature","properties":{"minzoom":12},"geometry":{"type":"LineString","coordinates":[[59.60017,36.33892],[59.60061,36.33864],[59.60114,36.33835],[59.60249,36.3377]]}},{"type":"Feature","properties":{"minzoom":12},"geometry":{"type":"LineString","coordinates":[[59.60299,36.33815],[59.60125,36.33888],[59.60068,36.33907],[59.60022,36.33919]]}},{"type":"Feature","properties":{"minzoom":12},"geometry":{"type":"LineString","coordinates":[[59.618,36.3302],[59.61927,36.32944],[59.62119,36.32847]]}},{"type":"Feature","properties":{"minzoom":12},"geometry":{"type":"LineString","coordinates":[[59.60714,36.33549],[59.60783,36.33518],[59.60954,36.33432],[59.61079,36.33383]]}},{"type":"Feature","properties":{"minzoom":13},"geometry":{"type":"LineString","coordinates":[[59.62563,36.30826],[59.62578,36.30793]]}},{"type":"Feature","properties":{"minzoom":13},"geometry":{"type":"LineString","coordinates":[[59.62601,36.30767],[59.62656,36.30712]]}},{"type":"Feature","properties":{"minzoom":13},"geometry":{"type":"LineString","coordinates":[[59.67999,36.32747],[59.67994,36.32759]]}},{"type":"Feature","properties":{"minzoom":13},"geometry":{"type":"LineString","coordinates":[[59.69349,36.3265],[59.69338,36.32638]]}},{"type":"Feature","properties":{"minzoom":12},"geometry":{"type":"LineString","coordinates":[[59.73917,36.08941],[59.73948,36.08816],[59.73952,36.08791],[59.73958,36.08751],[59.73958,36.08698],[59.73952,36.08643],[59.73932,36.08551],[59.73927,36.08532],[59.73923,36.08515],[59.73855,36.08242],[59.73846,36.08204],[59.73839,36.08166],[59.73839,36.08125],[59.73845,36.08101],[59.73852,36.08078],[59.73875,36.08035],[59.73905,36.08001],[59.73931,36.0798],[59.73977,36.07953],[59.74029,36.07934],[59.74111,36.07921]]}},{"type":"Feature","properties":{"minzoom":12},"geometry":{"type":"LineString","coordinates":[[59.68738,36.16753],[59.6868,36.16783],[59.68663,36.16786],[59.68647,36.16785],[59.68634,36.16782],[59.68623,36.16776],[59.68609,36.16764],[59.68592,36.1675],[59.68582,36.16736],[59.68577,36.16721],[59.68577,36.1671],[59.68585,36.16697],[59.68637,36.16657]]}},{"type":"Feature","properties":{"minzoom":12},"geometry":{"type":"LineString","coordinates":[[59.70065,36.15734],[59.70167,36.15677],[59.70187,36.15673],[59.70206,36.15674],[59.70223,36.15681],[59.70233,36.15691],[59.70242,36.15702],[59.70247,36.15715],[59.70247,36.1573],[59.70238,36.15745],[59.70166,36.158]]}},{"type":"Feature","properties":{"minzoom":12},"geometry":{"type":"LineString","coordinates":[[59.68463,36.16767],[59.68495,36.16754],[59.68517,36.1675],[59.68536,36.1675],[59.68551,36.16756],[59.68565,36.16764],[59.68576,36.16774],[59.68584,36.16785],[59.68593,36.16798],[59.68597,36.1681],[59.68598,36.16822],[59.68598,36.16832],[59.68594,36.16841],[59.68573,36.16863]]}},{"type":"Feature","properties":{"minzoom":12},"geometry":{"type":"LineString","coordinates":[[59.6608,36.18521],[59.66048,36.18532],[59.6603,36.18527],[59.6601,36.18521],[59.65992,36.18509],[59.65944,36.18459],[59.65931,36.1844],[59.65927,36.18425],[59.65929,36.18414],[59.65952,36.18384]]}},{"type":"Feature","properties":{"minzoom":12},"geometry":{"type":"LineString","coordinates":[[59.66558,36.17994],[59.66608,36.1797],[59.66625,36.17965],[59.66643,36.17964],[59.66663,36.17967],[59.66681,36.17974],[59.66698,36.17984],[59.66735,36.1802],[59.66745,36.18033],[59.6675,36.18045],[59.6675,36.18058],[59.66746,36.18066],[59.66689,36.1811]]}},{"type":"Feature","properties":{"minzoom":12},"geometry":{"type":"LineString","coordinates":[[59.71193,36.14896],[59.71113,36.14843],[59.71081,36.14832],[59.71049,36.14828],[59.71015,36.14829],[59.70982,36.14835],[59.7095,36.14849],[59.70922,36.14866],[59.70902,36.14885],[59.70885,36.14909],[59.70781,36.15052],[59.70726,36.15119],[59.70703,36.15145],[59.70632,36.15202]]}},{"type":"Feature","properties":{"name":"آزادراه کنارگذر شمالی مشهد","minzoom":12},"geometry":{"type":"LineString","coordinates":[[59.71215,36.14916],[59.71193,36.14896],[59.7101,36.14726]]}},{"type":"Feature","properties":{"name":"آزادراه کنارگذر شمالی مشهد","minzoom":12},"geometry":{"type":"LineString","coordinates":[[59.7101,36.14726],[59.70974,36.14693]]}},{"type":"Feature","properties":{"name":"آزادراه کنارگذر شمالی مشهد","minzoom":12},"geometry":{"type":"LineString","coordinates":[[59.70974,36.14693],[59.70901,36.14629],[59.70878,36.146],[59.70866,36.14572],[59.70865,36.14543],[59.70877,36.14511],[59.70899,36.14486],[59.70929,36.14467],[59.70962,36.14453],[59.71145,36.14392],[59.71178,36.14375],[59.71201,36.14359],[59.71233,36.1433],[59.7131,36.14246]]}},{"type":"Feature","properties":{"name":"آزادراه کنارگذر شمالی مشهد","minzoom":12},"geometry":{"type":"LineString","coordinates":[[59.71018,36.14661],[59.71046,36.14597],[59.71053,36.14568],[59.71052,36.14542],[59.71042,36.14522],[59.71026,36.14506],[59.71005,36.14495],[59.70978,36.14489],[59.7095,36.14491],[59.70925,36.14501],[59.70903,36.14519],[59.70891,36.14542],[59.7089,36.14565],[59.70902,36.14589],[59.70924,36.14611],[59.70991,36.1467]]}},{"type":"Feature","properties":{"name":"آزادراه کنارگذر شمالی مشهد","minzoom":12},"geometry":{"type":"LineString","coordinates":[[59.70991,36.1467],[59.71028,36.14704]]}},{"type":"Feature","properties":{"name":"آزادراه کنارگذر شمالی مشهد","minzoom":12},"geometry":{"type":"LineString","coordinates":[[59.71028,36.14704],[59.71127,36.14791]]}},{"type":"Feature","properties":{"name":"آزادراه کنارگذر شمالی مشهد","minzoom":12},"geometry":{"type":"LineString","coordinates":[[59.38496,36.48016],[59.38532,36.47969],[59.38538,36.47952],[59.38538,36.47939],[59.38534,36.47925],[59.38527,36.47911],[59.38516,36.47901],[59.385,36.47892],[59.3848,36.47885],[59.38458,36.47885],[59.38437,36.47888],[59.38415,36.47896],[59.384,36.4791],[59.38391,36.47926],[59.38387,36.47943],[59.38387,36.4796],[59.38394,36.47975],[59.38406,36.47989],[59.38454,36.48024]]}},{"type":"Feature","properties":{"name":"آزادراه کنارگذر شمالی مشهد","minzoom":12},"geometry":{"type":"LineString","coordinates":[[59.38454,36.48024],[59.38495,36.48054]]}},{"type":"Feature","properties":{"name":"آزادراه کنارگذر شمالی مشهد","minzoom":12},"geometry":{"type":"LineString","coordinates":[[59.3847,36.48072],[59.38429,36.48042]]}},{"type":"Feature","properties":{"name":"آزادراه کنارگذر شمالی مشهد","minzoom":12},"geometry":{"type":"LineString","coordinates":[[59.38429,36.48042],[59.38395,36.48013],[59.38384,36.48005],[59.38367,36.47986],[59.38358,36.47964],[59.38357,36.47941],[59.38362,36.47919],[59.38375,36.47897],[59.38397,36.47876],[59.38428,36.47865],[59.38462,36.47862],[59.38539,36.47861]]}},{"type":"Feature","properties":{"name":"آزادراه کنارگذر شمالی مشهد","minzoom":12},"geometry":{"type":"LineString","coordinates":[[59.38495,36.48054],[59.38616,36.48139]]}},{"type":"Feature","properties":{"minzoom":12},"geometry":{"type":"LineString","coordinates":[[59.21835,36.5817],[59.21808,36.58199],[59.21742,36.58256],[59.21713,36.58297],[59.21696,36.5833],[59.21683,36.58359],[59.21677,36.58383],[59.21672,36.58405],[59.21666,36.58445],[59.21658,36.58541],[59.21652,36.58569],[59.2164,36.58593],[59.21625,36.58617],[59.21612,36.58631],[59.21597,36.58646]]}},{"type":"Feature","properties":{"minzoom":12},"geometry":{"type":"LineString","coordinates":[[59.21439,36.58701],[59.21283,36.58695],[59.21251,36.58695],[59.21225,36.58696],[59.21197,36.587],[59.21159,36.58706],[59.21122,36.58715],[59.21082,36.58729],[59.21046,36.58745],[59.21015,36.58762],[59.20885,36.58846]]}},{"type":"Feature","properties":{"minzoom":13},"geometry":{"type":"LineString","coordinates":[[59.20677,36.58129],[59.20672,36.58142]]}},{"type":"Feature","properties":{"minzoom":13},"geometry":{"type":"LineString","coordinates":[[59.20954,36.5821],[59.20959,36.58197]]}},{"type":"Feature","properties":{"minzoom":12},"geometry":{"type":"LineString","coordinates":[[59.53975,36.34561],[59.53977,36.34555],[59.5398,36.34549],[59.53984,36.34545],[59.5399,36.34543],[59.53998,36.34541],[59.54004,36.34541],[59.5401,36.34543],[59.54016,36.34546],[59.54019,36.3455],[59.54022,36.34556]]}},{"type":"Feature","properties":{"minzoom":12},"geometry":{"type":"LineString","coordinates":[[59.53994,36.3447],[59.53994,36.34481],[59.5399,36.34487],[59.53983,36.34492],[59.53975,36.34495],[59.53966,36.34494],[59.53958,36.34491],[59.53952,36.34485],[59.53949,36.34478],[59.5395,36.34467]]}},{"type":"Feature","properties":{"minzoom":12},"geometry":{"type":"LineString","coordinates":[[59.51999,36.38261],[59.52006,36.38271],[59.52012,36.3828],[59.52015,36.38291],[59.52013,36.38301],[59.51984,36.38335],[59.51981,36.38338],[59.51973,36.38344],[59.51963,36.3835],[59.5195,36.38353],[59.51937,36.3835],[59.51927,36.38346],[59.5192,36.38339],[59.51912,36.38324],[59.51893,36.38304],[59.51877,36.38289]]}},{"type":"Feature","properties":{"minzoom":12},"geometry":{"type":"LineString","coordinates":[[59.48097,36.35923],[59.48082,36.35944],[59.48078,36.35956],[59.48077,36.35964],[59.48078,36.35973],[59.4808,36.35982],[59.48083,36.35992],[59.48089,36.36006]]}},{"type":"Feature","properties":{"minzoom":13},"geometry":{"type":"LineString","coordinates":[[59.50484,36.37385],[59.50479,36.37391],[59.50476,36.37394],[59.50473,36.37397],[59.50468,36.37399],[59.50464,36.374],[59.50459,36.374],[59.50454,36.374],[59.5045,36.37398],[59.50446,36.37396],[59.50442,36.37394],[59.50439,36.37391],[59.50437,36.37387],[59.50436,36.37383],[59.50437,36.37379],[59.50438,36.37376],[59.50439,36.37372],[59.50442,36.37369],[59.50448,36.37364]]}},{"type":"Feature","properties":{"minzoom":13},"geometry":{"type":"LineString","coordinates":[[59.46402,36.32727],[59.46358,36.32829]]}},{"type":"Feature","properties":{"minzoom":13},"geometry":{"type":"LineString","coordinates":[[59.46241,36.33426],[59.46222,36.33475],[59.46206,36.33502]]}},{"type":"Feature","properties":{"minzoom":13},"geometry":{"type":"LineString","coordinates":[[59.46186,36.33592],[59.46185,36.33633],[59.46179,36.33668],[59.46179,36.33711]]}},{"type":"Feature","properties":{"minzoom":13},"geometry":{"type":"LineString","coordinates":[[59.46318,36.33298],[59.46314,36.33299],[59.46309,36.33298],[59.46305,36.33295],[59.46303,36.33291],[59.46304,36.33287],[59.46307,36.33284],[59.46311,36.33282]]}},{"type":"Feature","properties":{"minzoom":12},"geometry":{"type":"LineString","coordinates":[[59.30214,36.52721],[59.30265,36.52708],[59.30271,36.52707],[59.30277,36.52709],[59.30283,36.52715],[59.30284,36.52722],[59.30282,36.52727],[59.30277,36.52733],[59.29853,36.52889]]}},{"type":"Feature","properties":{"minzoom":12},"geometry":{"type":"LineString","coordinates":[[59.30396,36.527],[59.30344,36.5271],[59.30336,36.52709],[59.30329,36.52706],[59.30326,36.527],[59.30326,36.52693],[59.30328,36.52688],[59.30335,36.52683],[59.3074,36.52537]]}},{"type":"Feature","properties":{"minzoom":12},"geometry":{"type":"LineString","coordinates":[[59.34573,36.50744],[59.34614,36.50721],[59.34624,36.50717],[59.34633,36.50717],[59.34639,36.50721],[59.34642,36.50727],[59.34642,36.50733],[59.34637,36.50739],[59.34385,36.50914]]}},{"type":"Feature","properties":{"minzoom":12},"geometry":{"type":"LineString","coordinates":[[59.34721,36.50694],[59.34696,36.50706],[59.34682,36.5071],[59.34674,36.50708],[59.34668,36.50704],[59.34667,36.50696],[59.34671,36.50691],[59.3468,36.50685],[59.34962,36.50487]]}},{"type":"Feature","properties":{"minzoom":13},"geometry":{"type":"LineString","coordinates":[[59.44137,36.43854],[59.44154,36.43861],[59.44181,36.43868],[59.44183,36.4387],[59.44184,36.43872],[59.44185,36.43874],[59.44184,36.43877],[59.44183,36.43879],[59.4418,36.4388],[59.44177,36.43881],[59.44174,36.43881],[59.44171,36.43881],[59.44169,36.43879],[59.44159,36.43873],[59.44148,36.43868]]}},{"type":"Feature","properties":{"minzoom":13},"geometry":{"type":"LineString","coordinates":[[59.41595,36.4283],[59.41612,36.42845],[59.41617,36.42853],[59.41617,36.42861],[59.41612,36.42867],[59.41602,36.42871],[59.41591,36.42872],[59.41567,36.42868]]}},{"type":"Feature","properties":{"minzoom":13},"geometry":{"type":"LineString","coordinates":[[59.41424,36.42812],[59.41407,36.42794],[59.41406,36.42786],[59.41408,36.42779],[59.41411,36.42775],[59.41416,36.42771],[59.41426,36.4277],[59.41446,36.42776],[59.41474,36.42781]]}},{"type":"Feature","properties":{"minzoom":12},"geometry":{"type":"LineString","coordinates":[[59.47881,36.36025],[59.47895,36.36009],[59.47899,36.36001],[59.47901,36.35987],[59.47901,36.35974],[59.47899,36.35959],[59.47889,36.35944]]}},{"type":"Feature","properties":{"minzoom":13},"geometry":{"type":"LineString","coordinates":[[59.4983,36.30389],[59.49839,36.30384]]}},{"type":"Feature","properties":{"minzoom":13},"geometry":{"type":"LineString","coordinates":[[59.49403,36.30012],[59.49392,36.30015]]}},{"type":"Feature","properties":{"name":"دانشگاه","minzoom":13},"geometry":{"type":"LineString","coordinates":[[59.60423,36.29792],[59.60391,36.2977],[59.60381,36.2976],[59.60363,36.29744],[59.60355,36.29737],[59.60345,36.2973],[59.60323,36.29719],[59.60284,36.29704],[59.60231,36.29685],[59.60208,36.29677],[59.60171,36.29654]]}},{"type":"Feature","properties":{"minzoom":13},"geometry":{"type":"LineString","coordinates":[[59.61062,36.29368],[59.61051,36.29384],[59.61051,36.29394],[59.61051,36.29402],[59.61056,36.29421]]}},{"type":"Feature","properties":{"minzoom":13},"geometry":{"type":"LineString","coordinates":[[59.6098,36.29363],[59.61,36.29368],[59.61019,36.29368],[59.61036,36.29365],[59.61054,36.29357]]}},{"type":"Feature","properties":{"minzoom":13},"geometry":{"type":"LineString","coordinates":[[59.52468,36.3208],[59.52468,36.32077],[59.52469,36.32074],[59.52471,36.32072],[59.52474,36.3207],[59.52477,36.32069],[59.52481,36.32069],[59.52485,36.3207],[59.52487,36.32072],[59.52492,36.32078]]}},{"type":"Feature","properties":{"name":"ورودی کلاهدوز","minzoom":13},"geometry":{"type":"LineString","coordinates":[[59.57394,36.29684],[59.57381,36.297],[59.57359,36.29722],[59.57347,36.29733],[59.57339,36.29742],[59.57332,36.29756],[59.57323,36.29783]]}},{"type":"Feature","properties":{"minzoom":13},"geometry":{"type":"LineString","coordinates":[[59.59106,36.29824],[59.5911,36.29844],[59.59109,36.29851],[59.59108,36.29857]]}},{"type":"Feature","properties":{"minzoom":13},"geometry":{"type":"LineString","coordinates":[[59.57386,36.30727],[59.57371,36.30745],[59.5736,36.30769],[59.57358,36.30778],[59.57354,36.30791],[59.57353,36.30821]]}},{"type":"Feature","properties":{"minzoom":13},"geometry":{"type":"LineString","coordinates":[[59.57301,36.30701],[59.57304,36.30723],[59.57301,36.30737],[59.57295,36.30748],[59.57288,36.3076]]}},{"type":"Feature","properties":{"minzoom":12},"geometry":{"type":"LineString","coordinates":[[59.5733,36.27081],[59.57308,36.27117]]}},{"type":"Feature","properties":{"minzoom":13},"geometry":{"type":"LineString","coordinates":[[59.52585,36.32302],[59.52598,36.32298]]}},{"type":"Feature","properties":{"name":"بولوار مجد","minzoom":13},"geometry":{"type":"LineString","coordinates":[[59.58441,36.30099],[59.58431,36.30106],[59.58427,36.30113],[59.58427,36.30119]]}},{"type":"Feature","properties":{"minzoom":12},"geometry":{"type":"LineString","coordinates":[[59.56342,36.2731],[59.56215,36.27296],[59.5613,36.27291]]}},{"type":"Feature","properties":{"minzoom":12},"geometry":{"type":"LineString","coordinates":[[59.57035,36.27217],[59.57063,36.27202],[59.57083,36.27186],[59.57118,36.27151]]}},{"type":"Feature","properties":{"minzoom":12},"geometry":{"type":"LineString","coordinates":[[59.55491,36.27555],[59.5549,36.27521],[59.55492,36.27479],[59.55495,36.27452]]}},{"type":"Feature","properties":{"minzoom":12},"geometry":{"type":"LineString","coordinates":[[59.56474,36.27235],[59.56502,36.2724],[59.56532,36.27244],[59.56564,36.27243],[59.56645,36.27246]]}},{"type":"Feature","properties":{"minzoom":13},"geometry":{"type":"LineString","coordinates":[[59.55327,36.28115],[59.55333,36.28121]]}},{"type":"Feature","properties":{"minzoom":13},"geometry":{"type":"LineString","coordinates":[[59.55055,36.28309],[59.55065,36.28317]]}},{"type":"Feature","properties":{"minzoom":13},"geometry":{"type":"LineString","coordinates":[[59.60929,36.23762],[59.6093,36.2377],[59.60936,36.23777],[59.60945,36.23782],[59.60955,36.23784]]}},{"type":"Feature","properties":{"minzoom":13},"geometry":{"type":"LineString","coordinates":[[59.56892,36.32409],[59.56911,36.32401],[59.56912,36.324],[59.56917,36.32397],[59.56922,36.32391],[59.56926,36.32382],[59.56928,36.32373],[59.56925,36.32363],[59.56919,36.32351],[59.56915,36.32344]]}},{"type":"Feature","properties":{"minzoom":13},"geometry":{"type":"LineString","coordinates":[[59.55419,36.2805],[59.55428,36.28056]]}},{"type":"Feature","properties":{"minzoom":13},"geometry":{"type":"LineString","coordinates":[[59.49982,36.28855],[59.4999,36.28845]]}},{"type":"Feature","properties":{"minzoom":12},"geometry":{"type":"LineString","coordinates":[[59.42667,36.33202],[59.4267,36.33206],[59.42669,36.3321],[59.42666,36.33212],[59.42662,36.33212],[59.42659,36.33212],[59.42603,36.33178],[59.42572,36.33165]]}},{"type":"Feature","properties":{"minzoom":12},"geometry":{"type":"LineString","coordinates":[[59.42733,36.33263],[59.42735,36.33258],[59.4274,36.33254],[59.42746,36.33252],[59.42753,36.33252],[59.42759,36.33254]]}},{"type":"Feature","properties":{"minzoom":13},"geometry":{"type":"LineString","coordinates":[[59.5754,36.31634],[59.57553,36.31624],[59.57561,36.31614],[59.57569,36.31605],[59.57573,36.31595],[59.57574,36.31585]]}},{"type":"Feature","properties":{"minzoom":13},"geometry":{"type":"LineString","coordinates":[[59.58132,36.2935],[59.58127,36.29346],[59.58123,36.29343],[59.58121,36.29338],[59.58121,36.29333]]}},{"type":"Feature","properties":{"minzoom":13},"geometry":{"type":"LineString","coordinates":[[59.57299,36.29801],[59.57303,36.29796],[59.57308,36.29794],[59.57314,36.29793],[59.57319,36.29796],[59.57325,36.298]]}},{"type":"Feature","properties":{"minzoom":13},"geometry":{"type":"LineString","coordinates":[[59.52629,36.32443],[59.52635,36.3243],[59.52639,36.32415]]}},{"type":"Feature","properties":{"minzoom":13},"geometry":{"type":"LineString","coordinates":[[59.52652,36.32412],[59.52668,36.3242],[59.52683,36.32427]]}},{"type":"Feature","properties":{"minzoom":13},"geometry":{"type":"LineString","coordinates":[[59.52689,36.32436],[59.52681,36.3245],[59.52675,36.32462]]}},{"type":"Feature","properties":{"minzoom":13},"geometry":{"type":"LineString","coordinates":[[59.52663,36.32466],[59.52648,36.32459],[59.52626,36.32455]]}},{"type":"Feature","properties":{"minzoom":12},"geometry":{"type":"LineString","coordinates":[[59.52236,36.32115],[59.52196,36.32135],[59.51979,36.32205],[59.51961,36.32206]]}},{"type":"Feature","properties":{"minzoom":12},"geometry":{"type":"LineString","coordinates":[[59.51936,36.32153],[59.51949,36.32145],[59.52169,36.32077],[59.52245,36.32063]]}},{"type":"Feature","properties":{"minzoom":12},"geometry":{"type":"LineString","coordinates":[[59.51961,36.32206],[59.51953,36.32203],[59.51946,36.32198],[59.5194,36.32193],[59.51936,36.32187],[59.51933,36.32181],[59.51931,36.32174],[59.51931,36.32167],[59.51933,36.3216],[59.51936,36.32153]]}},{"type":"Feature","properties":{"minzoom":13},"geometry":{"type":"LineString","coordinates":[[59.66003,36.28784],[59.6599,36.28785],[59.65984,36.28781],[59.65979,36.28774],[59.65979,36.28766],[59.65984,36.28761],[59.65991,36.28757],[59.66005,36.28757]]}},{"type":"Feature","properties":{"minzoom":12},"geometry":{"type":"LineString","coordinates":[[59.65204,36.31226],[59.65243,36.31194],[59.65257,36.3118],[59.65266,36.31166],[59.65284,36.31126],[59.65292,36.31111],[59.65302,36.31101],[59.65318,36.3109],[59.65398,36.31049]]}},{"type":"Feature","properties":{"minzoom":12},"geometry":{"type":"LineString","coordinates":[[59.65516,36.31073],[59.65451,36.31119],[59.65439,36.31132],[59.65429,36.3115],[59.6541,36.31186],[59.65394,36.31208],[59.65368,36.31228],[59.65336,36.31243],[59.65293,36.3127]]}},{"type":"Feature","properties":{"minzoom":12},"geometry":{"type":"LineString","coordinates":[[59.66357,36.29962],[59.66285,36.29901],[59.66221,36.29843]]}},{"type":"Feature","properties":{"minzoom":12},"geometry":{"type":"LineString","coordinates":[[59.66282,36.29791],[59.66308,36.29843],[59.66336,36.2988],[59.66387,36.29954]]}},{"type":"Feature","properties":{"minzoom":12},"geometry":{"type":"LineString","coordinates":[[59.65578,36.28137],[59.65543,36.28002],[59.6554,36.27966],[59.65544,36.2792]]}},{"type":"Feature","properties":{"minzoom":12},"geometry":{"type":"LineString","coordinates":[[59.65612,36.28],[59.65622,36.28052],[59.65653,36.28149],[59.65661,36.28191]]}},{"type":"Feature","properties":{"minzoom":12},"geometry":{"type":"LineString","coordinates":[[59.65576,36.27805],[59.65586,36.27884],[59.65597,36.27934]]}},{"type":"Feature","properties":{"minzoom":12},"geometry":{"type":"LineString","coordinates":[[59.65798,36.28512],[59.65854,36.28604],[59.65885,36.2866],[59.65906,36.28692]]}},{"type":"Feature","properties":{"minzoom":12},"geometry":{"type":"LineString","coordinates":[[59.66075,36.29318],[59.66116,36.29419],[59.66149,36.29499]]}},{"type":"Feature","properties":{"minzoom":12},"geometry":{"type":"LineString","coordinates":[[59.66506,36.30362],[59.66516,36.30353],[59.66522,36.30341],[59.66527,36.3032],[59.66533,36.30292],[59.66536,36.30264],[59.66537,36.30239],[59.66526,36.30178]]}},{"type":"Feature","properties":{"minzoom":12},"geometry":{"type":"LineString","coordinates":[[59.66484,36.30071],[59.66541,36.30119],[59.66555,36.30136],[59.66565,36.30153],[59.66575,36.30172],[59.66583,36.3019],[59.66591,36.30215],[59.666,36.30253],[59.66609,36.30306]]}},{"type":"Feature","properties":{"minzoom":13},"geometry":{"type":"LineString","coordinates":[[59.66436,36.30536],[59.66438,36.30542],[59.66437,36.30546],[59.66432,36.30551],[59.66424,36.30557],[59.66289,36.30635],[59.66263,36.30659]]}},{"type":"Feature","properties":{"minzoom":13},"geometry":{"type":"LineString","coordinates":[[59.66426,36.30526],[59.66436,36.30536]]}},{"type":"Feature","properties":{"minzoom":13},"geometry":{"type":"LineString","coordinates":[[59.66417,36.30518],[59.66426,36.30526]]}},{"type":"Feature","properties":{"minzoom":13},"geometry":{"type":"LineString","coordinates":[[59.66406,36.30508],[59.66417,36.30518]]}},{"type":"Feature","properties":{"minzoom":13},"geometry":{"type":"LineString","coordinates":[[59.66277,36.30573],[59.66381,36.30511],[59.66392,36.30506],[59.66398,36.30505],[59.66406,36.30508]]}},{"type":"Feature","properties":{"minzoom":13},"geometry":{"type":"LineString","coordinates":[[59.66199,36.30617],[59.66277,36.30573]]}},{"type":"Feature","properties":{"minzoom":12},"geometry":{"type":"LineString","coordinates":[[59.66024,36.30806],[59.66027,36.30802],[59.66027,36.30797],[59.66024,36.30793],[59.66019,36.30791],[59.66013,36.30791]]}},{"type":"Feature","properties":{"minzoom":12},"geometry":{"type":"LineString","coordinates":[[59.65798,36.30876],[59.65856,36.30815]]}},{"type":"Feature","properties":{"name":"بزرگراه شهید کلانتری","minzoom":12},"geometry":{"type":"LineString","coordinates":[[59.5529,36.28918],[59.55389,36.28828],[59.55411,36.28809],[59.55475,36.28754],[59.55518,36.28718],[59.55529,36.28706],[59.55536,36.28691],[59.55542,36.28668]]}},{"type":"Feature","properties":{"minzoom":13},"geometry":{"type":"LineString","coordinates":[[59.63919,36.31705],[59.63949,36.31758],[59.63971,36.31814],[59.63978,36.31826],[59.63985,36.31832],[59.63998,36.31838],[59.64007,36.3184],[59.6402,36.31841],[59.6403,36.31841],[59.6404,36.3184],[59.64062,36.31836]]}},{"type":"Feature","properties":{"name":"ورودی بزرگراه شهید میرزایی","minzoom":12},"geometry":{"type":"LineString","coordinates":[[59.64057,36.32189],[59.64031,36.3215],[59.64022,36.32122],[59.64014,36.32095],[59.64011,36.32081],[59.63997,36.32024],[59.63992,36.32014],[59.63981,36.32004],[59.63969,36.31997],[59.63964,36.31995],[59.63947,36.31988],[59.63928,36.31984],[59.63907,36.31984],[59.63879,36.31989]]}},{"type":"Feature","properties":{"minzoom":13},"geometry":{"type":"LineString","coordinates":[[59.58155,36.34119],[59.58146,36.34112]]}},{"type":"Feature","properties":{"minzoom":13},"geometry":{"type":"LineString","coordinates":[[59.58468,36.33878],[59.58474,36.3387],[59.58478,36.33854],[59.58478,36.3384],[59.58476,36.3382]]}},{"type":"Feature","properties":{"minzoom":13},"geometry":{"type":"LineString","coordinates":[[59.58556,36.33895],[59.58532,36.33888],[59.58509,36.33884],[59.58496,36.33882],[59.58489,36.33883],[59.58477,36.33886]]}},{"type":"Feature","properties":{"minzoom":13},"geometry":{"type":"LineString","coordinates":[[59.57874,36.34319],[59.57882,36.34326]]}},{"type":"Feature","properties":{"minzoom":13},"geometry":{"type":"LineString","coordinates":[[59.58601,36.33809],[59.58594,36.33801]]}},{"type":"Feature","properties":{"minzoom":13},"geometry":{"type":"LineString","coordinates":[[59.58498,36.33816],[59.58517,36.33823],[59.58526,36.33825],[59.58533,36.33825],[59.58555,36.33822]]}},{"type":"Feature","properties":{"minzoom":13},"geometry":{"type":"LineString","coordinates":[[59.58563,36.33829],[59.58557,36.33843],[59.58554,36.33851],[59.58554,36.33859],[59.58558,36.33874]]}},{"type":"Feature","properties":{"minzoom":13},"geometry":{"type":"LineString","coordinates":[[59.59847,36.33324],[59.59854,36.33331]]}},{"type":"Feature","properties":{"minzoom":13},"geometry":{"type":"LineString","coordinates":[[59.62629,36.33547],[59.62612,36.33554],[59.62603,36.33564],[59.62599,36.33571],[59.62588,36.3359]]}},{"type":"Feature","properties":{"minzoom":13},"geometry":{"type":"LineString","coordinates":[[59.62572,36.33509],[59.6259,36.33522],[59.62596,36.33526],[59.62614,36.33532],[59.62633,36.33536]]}},{"type":"Feature","properties":{"minzoom":13},"geometry":{"type":"LineString","coordinates":[[59.63746,36.33291],[59.63754,36.33301]]}},{"type":"Feature","properties":{"minzoom":12},"geometry":{"type":"LineString","coordinates":[[59.54428,36.35266],[59.54418,36.35309],[59.54405,36.35374]]}},{"type":"Feature","properties":{"minzoom":13},"geometry":{"type":"LineString","coordinates":[[59.66463,36.4623],[59.6644,36.46153],[59.66448,36.46149],[59.66457,36.46147],[59.66465,36.4615],[59.66471,36.46159],[59.66535,36.46329],[59.66571,36.46396]]}},{"type":"Feature","properties":{"minzoom":13},"geometry":{"type":"LineString","coordinates":[[59.65707,36.43843],[59.65711,36.43797],[59.65717,36.4379],[59.65725,36.43788],[59.6573,36.4379],[59.65735,36.43795],[59.65737,36.43805],[59.65749,36.43991],[59.65755,36.44096]]}},{"type":"Feature","properties":{"minzoom":13},"geometry":{"type":"LineString","coordinates":[[59.66435,36.46028],[59.66444,36.46066],[59.66459,36.46111],[59.66457,36.46119],[59.66448,36.46123],[59.6644,36.46122],[59.66432,36.46117],[59.66378,36.45968],[59.66334,36.45848]]}},{"type":"Feature","properties":{"minzoom":13},"geometry":{"type":"LineString","coordinates":[[59.64103,36.39806],[59.64089,36.3974],[59.64097,36.39733],[59.64105,36.39732],[59.64114,36.39735],[59.64118,36.39744],[59.64162,36.39885],[59.64205,36.40006]]}},{"type":"Feature","properties":{"minzoom":13},"geometry":{"type":"LineString","coordinates":[[59.64093,36.39634],[59.64109,36.39702],[59.64103,36.39708],[59.64094,36.39709],[59.64086,36.39707],[59.64079,36.397],[59.64022,36.39523],[59.63994,36.39452]]}},{"type":"Feature","properties":{"minzoom":13},"geometry":{"type":"LineString","coordinates":[[59.64161,36.3997],[59.64139,36.39945],[59.64125,36.39935],[59.64111,36.3993],[59.64098,36.39927],[59.64085,36.39928],[59.64069,36.39931],[59.64035,36.3995]]}},{"type":"Feature","properties":{"minzoom":13},"geometry":{"type":"LineString","coordinates":[[59.63988,36.39426],[59.6397,36.39373],[59.63964,36.39369],[59.63955,36.39369],[59.63947,36.39372],[59.63945,36.39378],[59.63944,36.3939]]}},{"type":"Feature","properties":{"minzoom":13},"geometry":{"type":"LineString","coordinates":[[59.65745,36.43719],[59.6574,36.43755],[59.65732,36.4376],[59.65723,36.4376],[59.65714,36.43756],[59.65711,36.43744],[59.65707,36.43607],[59.657,36.43477]]}},{"type":"Feature","properties":{"minzoom":13},"geometry":{"type":"LineString","coordinates":[[59.63145,36.3564],[59.63148,36.35633],[59.63153,36.35627],[59.63161,36.35623],[59.6317,36.35621],[59.63179,36.35622],[59.63187,36.35625],[59.63193,36.35631]]}},{"type":"Feature","properties":{"minzoom":13},"geometry":{"type":"LineString","coordinates":[[59.6318,36.35588],[59.63177,36.35595],[59.63172,36.356],[59.63164,36.35604],[59.63155,36.35606],[59.63146,36.35605],[59.63138,36.35603],[59.63131,36.35598]]}},{"type":"Feature","properties":{"minzoom":12},"geometry":{"type":"LineString","coordinates":[[59.54673,36.29427],[59.54649,36.29464],[59.54631,36.29488],[59.54619,36.29507],[59.54599,36.29529]]}},{"type":"Feature","properties":{"minzoom":12},"geometry":{"type":"LineString","coordinates":[[59.53944,36.29958],[59.53996,36.299],[59.54017,36.29877]]}},{"type":"Feature","properties":{"minzoom":12},"geometry":{"type":"LineString","coordinates":[[59.54583,36.29439],[59.54613,36.29427],[59.54644,36.29408],[59.54678,36.29391]]}},{"type":"Feature","properties":{"minzoom":12},"geometry":{"type":"LineString","coordinates":[[59.54784,36.29305],[59.54856,36.29226]]}},{"type":"Feature","properties":{"minzoom":12},"geometry":{"type":"LineString","coordinates":[[59.55069,36.29165],[59.55032,36.2918],[59.5499,36.29194],[59.54952,36.29214]]}},{"type":"Feature","properties":{"name":"مجلسی به عبادی","minzoom":13},"geometry":{"type":"LineString","coordinates":[[59.61668,36.3142],[59.61654,36.31441],[59.61641,36.31468]]}},{"type":"Feature","properties":{"minzoom":12},"geometry":{"type":"LineString","coordinates":[[59.52083,36.34539],[59.52076,36.34542],[59.5207,36.34543],[59.51883,36.34546]]}},{"type":"Feature","properties":{"minzoom":13},"geometry":{"type":"LineString","coordinates":[[59.52322,36.34436],[59.52318,36.34441],[59.52312,36.34444],[59.52304,36.34445],[59.52297,36.34442],[59.52292,36.34438],[59.52291,36.34432]]}},{"type":"Feature","properties":{"minzoom":12},"geometry":{"type":"LineString","coordinates":[[59.52574,36.34542],[59.52485,36.34542],[59.52476,36.34541],[59.52467,36.34537]]}},{"type":"Feature","properties":{"name":"موسوی به عبدالمطلب","minzoom":13},"geometry":{"type":"LineString","coordinates":[[59.59028,36.33092],[59.59,36.33082],[59.58981,36.33082],[59.5896,36.33087]]}},{"type":"Feature","properties":{"minzoom":13},"geometry":{"type":"LineString","coordinates":[[59.50779,36.34584],[59.5078,36.34579],[59.50783,36.34574],[59.50789,36.3457],[59.50795,36.34569],[59.50802,36.34569],[59.50808,36.34572],[59.50813,36.34576],[59.50815,36.34581],[59.50815,36.34586]]}},{"type":"Feature","properties":{"minzoom":13},"geometry":{"type":"LineString","coordinates":[[59.52427,36.36831],[59.52424,36.36818],[59.52421,36.3681],[59.52413,36.36798],[59.52406,36.36792]]}},{"type":"Feature","properties":{"minzoom":13},"geometry":{"type":"LineString","coordinates":[[59.5765,36.31629],[59.57628,36.31638],[59.5762,36.31645],[59.57614,36.31654],[59.57609,36.31666]]}},{"type":"Feature","properties":{"minzoom":13},"geometry":{"type":"LineString","coordinates":[[59.58336,36.33664],[59.58322,36.33674]]}},{"type":"Feature","properties":{"minzoom":13},"geometry":{"type":"LineString","coordinates":[[59.51183,36.31924],[59.51184,36.31919],[59.51188,36.31914],[59.51194,36.31911],[59.51201,36.3191],[59.51208,36.31911]]}},{"type":"Feature","properties":{"minzoom":13},"geometry":{"type":"LineString","coordinates":[[59.51996,36.33063],[59.52024,36.33071],[59.52056,36.3308]]}},{"type":"Feature","properties":{"minzoom":13},"geometry":{"type":"LineString","coordinates":[[59.5202,36.33141],[59.51992,36.33134],[59.51953,36.33127]]}},{"type":"Feature","properties":{"minzoom":13},"geometry":{"type":"LineString","coordinates":[[59.53032,36.32766],[59.53036,36.32766],[59.53041,36.32767],[59.53044,36.3277],[59.53045,36.32774],[59.53045,36.32777],[59.53043,36.32781],[59.5304,36.32784]]}},{"type":"Feature","properties":{"name":"بولوار معلم","minzoom":13},"geometry":{"type":"LineString","coordinates":[[59.52858,36.32844],[59.5285,36.32859],[59.52841,36.32871],[59.52827,36.32882],[59.52803,36.32893]]}},{"type":"Feature","properties":{"name":"امامت به استقلال","minzoom":13},"geometry":{"type":"LineString","coordinates":[[59.53502,36.32735],[59.53515,36.32742],[59.53526,36.32748],[59.53553,36.32759]]}},{"type":"Feature","properties":{"minzoom":13},"geometry":{"type":"LineString","coordinates":[[59.59,36.3206],[59.58965,36.32057],[59.5893,36.32058]]}},{"type":"Feature","properties":{"minzoom":13},"geometry":{"type":"LineString","coordinates":[[59.58922,36.3196],[59.58944,36.31964],[59.58958,36.31963],[59.5897,36.31962],[59.58978,36.31959]]}},{"type":"Feature","properties":{"minzoom":13},"geometry":{"type":"LineString","coordinates":[[59.59603,36.32628],[59.59601,36.32638],[59.59594,36.32673]]}},{"type":"Feature","properties":{"minzoom":13},"geometry":{"type":"LineString","coordinates":[[59.59771,36.32948],[59.59784,36.32937],[59.59791,36.32924],[59.59792,36.32909]]}},{"type":"Feature","properties":{"minzoom":13},"geometry":{"type":"LineString","coordinates":[[59.59907,36.32947],[59.599,36.32968],[59.59894,36.32989]]}},{"type":"Feature","properties":{"minzoom":13},"geometry":{"type":"LineString","coordinates":[[59.59863,36.32977],[59.59849,36.32973],[59.59829,36.32966],[59.59793,36.3296]]}},{"type":"Feature","properties":{"minzoom":12},"geometry":{"type":"LineString","coordinates":[[59.4634,36.41946],[59.46371,36.4192],[59.46375,36.41917],[59.46382,36.41915],[59.46388,36.41916],[59.46394,36.41918],[59.46398,36.41922],[59.464,36.41927],[59.464,36.41932],[59.46397,36.41937],[59.46318,36.42007],[59.46228,36.42098]]}},{"type":"Feature","properties":{"minzoom":13},"geometry":{"type":"LineString","coordinates":[[59.44082,36.4177],[59.44015,36.41755],[59.43973,36.41749],[59.43966,36.41746],[59.43963,36.41741],[59.43963,36.41736],[59.43966,36.41731],[59.4397,36.41728],[59.43979,36.41727],[59.44063,36.41741],[59.44215,36.41764]]}},{"type":"Feature","properties":{"minzoom":13},"geometry":{"type":"LineString","coordinates":[[59.42084,36.42746],[59.42096,36.42755]]}},{"type":"Feature","properties":{"minzoom":13},"geometry":{"type":"LineString","coordinates":[[59.42369,36.42501],[59.42381,36.4251]]}},{"type":"Feature","properties":{"minzoom":13},"geometry":{"type":"LineString","coordinates":[[59.4378,36.41696],[59.43885,36.41713],[59.43918,36.41718],[59.43924,36.41722],[59.43927,36.41729],[59.43924,36.41736],[59.43919,36.41739],[59.43912,36.4174],[59.43856,36.41729],[59.4367,36.41699]]}},{"type":"Feature","properties":{"minzoom":13},"geometry":{"type":"LineString","coordinates":[[59.42713,36.42198],[59.42726,36.42208]]}},{"type":"Feature","properties":{"minzoom":13},"geometry":{"type":"LineString","coordinates":[[59.45377,36.42767],[59.45346,36.42786]]}},{"type":"Feature","properties":{"minzoom":13},"geometry":{"type":"LineString","coordinates":[[59.52088,36.3338],[59.52104,36.33377]]}},{"type":"Feature","properties":{"minzoom":13},"geometry":{"type":"LineString","coordinates":[[59.52718,36.32579],[59.52727,36.32576]]}},{"type":"Feature","properties":{"minzoom":12},"geometry":{"type":"LineString","coordinates":[[59.74401,36.07876],[59.74328,36.07903],[59.74267,36.07935],[59.74235,36.0796],[59.74208,36.07992],[59.74186,36.08023],[59.74173,36.08064],[59.74158,36.08182]]}},{"type":"Feature","properties":{"minzoom":12},"geometry":{"type":"LineString","coordinates":[[59.73956,36.07559],[59.74025,36.07654],[59.74084,36.07758],[59.74109,36.07789],[59.74141,36.07814],[59.74176,36.07837],[59.74218,36.07855],[59.74265,36.07867],[59.74317,36.07873],[59.74401,36.07876]]}},{"type":"Feature","properties":{"minzoom":12},"geometry":{"type":"LineString","coordinates":[[59.55394,36.28878],[59.55291,36.28992]]}},{"type":"Feature","properties":{"minzoom":13},"geometry":{"type":"LineString","coordinates":[[59.56048,36.29459],[59.56065,36.29454]]}},{"type":"Feature","properties":{"minzoom":13},"geometry":{"type":"LineString","coordinates":[[59.56258,36.29909],[59.56275,36.29903]]}},{"type":"Feature","properties":{"minzoom":13},"geometry":{"type":"LineString","coordinates":[[59.61489,36.31125],[59.61479,36.31151],[59.61478,36.31168],[59.61478,36.31173],[59.61482,36.31199]]}},{"type":"Feature","properties":{"minzoom":13},"geometry":{"type":"LineString","coordinates":[[59.61473,36.31215],[59.61456,36.31204],[59.61444,36.31201],[59.61442,36.312],[59.61433,36.31201],[59.61402,36.31211]]}},{"type":"Feature","properties":{"minzoom":13},"geometry":{"type":"LineString","coordinates":[[59.61409,36.3109],[59.61415,36.31093],[59.61426,36.31097],[59.61429,36.31099],[59.61444,36.31103],[59.61461,36.31102],[59.6147,36.311],[59.61477,36.31099],[59.61505,36.31084]]}},{"type":"Feature","properties":{"name":"عبادی به مجلسی","minzoom":13},"geometry":{"type":"LineString","coordinates":[[59.61606,36.31393],[59.61627,36.31401],[59.61642,36.31406],[59.6166,36.3141]]}},{"type":"Feature","properties":{"minzoom":13},"geometry":{"type":"LineString","coordinates":[[59.9282,36.07576],[59.92834,36.07565],[59.92869,36.07542],[59.92882,36.0753],[59.92886,36.07522],[59.92884,36.07511],[59.92877,36.07503]]}},{"type":"Feature","properties":{"minzoom":13},"geometry":{"type":"LineString","coordinates":[[59.92892,36.07509],[59.92915,36.07513],[59.9293,36.07516],[59.92946,36.07516],[59.92977,36.07514],[59.93027,36.07512]]}},{"type":"Feature","properties":{"minzoom":13},"geometry":{"type":"LineString","coordinates":[[59.57589,36.31592],[59.57604,36.31604],[59.57621,36.31613],[59.57639,36.31621]]}},{"type":"Feature","properties":{"minzoom":13},"geometry":{"type":"LineString","coordinates":[[59.57685,36.31948],[59.57668,36.31951]]}},{"type":"Feature","properties":{"name":"خروجی هاشمی نژاد","minzoom":13},"geometry":{"type":"LineString","coordinates":[[59.61409,36.30082],[59.61423,36.30092],[59.61432,36.30099],[59.61437,36.30104],[59.61439,36.30113],[59.61439,36.3012]]}},{"type":"Feature","properties":{"minzoom":13},"geometry":{"type":"LineString","coordinates":[[59.5312,36.34557],[59.53121,36.3455],[59.53123,36.34549],[59.53126,36.34548],[59.53129,36.34548],[59.53132,36.34549],[59.53135,36.3455],[59.53135,36.34557]]}},{"type":"Feature","properties":{"minzoom":13},"geometry":{"type":"LineString","coordinates":[[59.56885,36.34516],[59.56852,36.34517],[59.56837,36.34523],[59.56813,36.34537]]}},{"type":"Feature","properties":{"minzoom":13},"geometry":{"type":"LineString","coordinates":[[59.60741,36.32762],[59.60732,36.32753]]}},{"type":"Feature","properties":{"name":"موسوی به عبدالمطلب","minzoom":13},"geometry":{"type":"LineString","coordinates":[[59.58994,36.33015],[59.59009,36.33019],[59.59021,36.33021],[59.59042,36.33021]]}},{"type":"Feature","properties":{"minzoom":13},"geometry":{"type":"LineString","coordinates":[[59.63047,36.32122],[59.63057,36.32118]]}},{"type":"Feature","properties":{"minzoom":13},"geometry":{"type":"LineString","coordinates":[[59.62364,36.32615],[59.62378,36.32632],[59.62382,36.32647],[59.62378,36.32655],[59.62374,36.32659],[59.62366,36.32661],[59.62359,36.32661],[59.62351,36.3266],[59.62343,36.32655]]}},{"type":"Feature","properties":{"minzoom":13},"geometry":{"type":"LineString","coordinates":[[59.55149,36.33885],[59.5516,36.33894],[59.55173,36.339],[59.55208,36.33912]]}},{"type":"Feature","properties":{"minzoom":13},"geometry":{"type":"LineString","coordinates":[[59.55113,36.33927],[59.55128,36.3391],[59.55134,36.33896],[59.55135,36.33886]]}},{"type":"Feature","properties":{"name":"خروجی کاشانی","minzoom":13},"geometry":{"type":"LineString","coordinates":[[59.61733,36.30001],[59.61741,36.29994],[59.61748,36.29984],[59.61752,36.2997],[59.61752,36.29965],[59.61751,36.29959],[59.61748,36.29952]]}},{"type":"Feature","properties":{"name":"خروجی بهجت","minzoom":13},"geometry":{"type":"LineString","coordinates":[[59.61762,36.29949],[59.6178,36.2995],[59.6179,36.29949],[59.61817,36.29944]]}},{"type":"Feature","properties":{"minzoom":13},"geometry":{"type":"LineString","coordinates":[[59.62404,36.32855],[59.62403,36.3285],[59.62405,36.32845],[59.62408,36.32841],[59.62413,36.32838],[59.62419,36.32837],[59.62426,36.32838],[59.62432,36.32841],[59.62437,36.32846]]}},{"type":"Feature","properties":{"minzoom":12},"geometry":{"type":"LineString","coordinates":[[59.51883,36.34546],[59.51791,36.34546],[59.51582,36.34547],[59.51543,36.34547],[59.51458,36.34547]]}},{"type":"Feature","properties":{"minzoom":13},"geometry":{"type":"LineString","coordinates":[[59.47267,36.32174],[59.47285,36.32184],[59.47292,36.32187],[59.47311,36.3219]]}},{"type":"Feature","properties":{"minzoom":13},"geometry":{"type":"LineString","coordinates":[[59.53145,36.35944],[59.53139,36.35927],[59.53133,36.35914]]}},{"type":"Feature","properties":{"minzoom":13},"geometry":{"type":"LineString","coordinates":[[59.53142,36.35904],[59.53183,36.35896]]}},{"type":"Feature","properties":{"minzoom":13},"geometry":{"type":"LineString","coordinates":[[59.62539,36.27919],[59.62558,36.27922],[59.62574,36.27928]]}},{"type":"Feature","properties":{"minzoom":13},"geometry":{"type":"LineString","coordinates":[[59.62594,36.27941],[59.62606,36.27954],[59.62615,36.27972]]}},{"type":"Feature","properties":{"minzoom":13},"geometry":{"type":"LineString","coordinates":[[59.49069,36.31391],[59.4905,36.31412],[59.49037,36.31429],[59.49032,36.31441],[59.49031,36.31455],[59.49032,36.31469],[59.49037,36.31488]]}},{"type":"Feature","properties":{"minzoom":13},"geometry":{"type":"LineString","coordinates":[[59.49021,36.31498],[59.48983,36.31481],[59.48962,36.31472],[59.48947,36.31467],[59.48909,36.31462],[59.48892,36.3146]]}},{"type":"Feature","properties":{"minzoom":13},"geometry":{"type":"LineString","coordinates":[[59.39756,36.31829],[59.39756,36.31822],[59.39757,36.31817],[59.3976,36.31814],[59.39765,36.31812],[59.39772,36.31813],[59.39779,36.31816],[59.39809,36.31833],[59.39825,36.31838]]}},{"type":"Feature","properties":{"minzoom":13},"geometry":{"type":"LineString","coordinates":[[59.39743,36.31787],[59.39746,36.31791],[59.39746,36.31797],[59.39745,36.31801],[59.39742,36.31804],[59.39737,36.31807],[59.39734,36.31808],[59.39727,36.31808],[59.39718,36.31807]]}},{"type":"Feature","properties":{"minzoom":13},"geometry":{"type":"LineString","coordinates":[[59.59517,36.25111],[59.5951,36.25124],[59.59508,36.25139],[59.59509,36.25158]]}},{"type":"Feature","properties":{"minzoom":13},"geometry":{"type":"LineString","coordinates":[[59.61858,36.27423],[59.61885,36.27422],[59.61903,36.27426],[59.61915,36.27431],[59.61931,36.27442]]}},{"type":"Feature","properties":{"minzoom":13},"geometry":{"type":"LineString","coordinates":[[59.62597,36.27113],[59.62574,36.27109],[59.6255,36.27112]]}},{"type":"Feature","properties":{"minzoom":13},"geometry":{"type":"LineString","coordinates":[[59.62541,36.27103],[59.62547,36.27092],[59.62549,36.27079],[59.62548,36.27066]]}},{"type":"Feature","properties":{"minzoom":13},"geometry":{"type":"LineString","coordinates":[[59.62783,36.29552],[59.62789,36.29548],[59.62845,36.29496],[59.62875,36.29469],[59.62881,36.29464]]}},{"type":"Feature","properties":{"minzoom":12},"geometry":{"type":"LineString","coordinates":[[59.36812,36.31291],[59.36814,36.31306],[59.36821,36.31316],[59.36847,36.3133]]}},{"type":"Feature","properties":{"minzoom":13},"geometry":{"type":"LineString","coordinates":[[59.69374,36.32208],[59.69364,36.32223]]}},{"type":"Feature","properties":{"minzoom":13},"geometry":{"type":"LineString","coordinates":[[59.62684,36.25908],[59.62677,36.25891],[59.62678,36.25882],[59.6268,36.25877],[59.62684,36.25873],[59.62688,36.2587],[59.62693,36.25868],[59.627,36.25867],[59.62777,36.25871],[59.62783,36.25873],[59.62788,36.25876],[59.62792,36.2588],[59.62792,36.25886],[59.62781,36.25921],[59.62778,36.25954]]}},{"type":"Feature","properties":{"name":"بولوار امیرالمومنین","minzoom":13},"geometry":{"type":"LineString","coordinates":[[59.6305,36.2895],[59.63031,36.28935],[59.6301,36.28923]]}},{"type":"Feature","properties":{"minzoom":13},"geometry":{"type":"LineString","coordinates":[[59.63324,36.29948],[59.63327,36.29931],[59.63325,36.2992],[59.63321,36.29911],[59.63317,36.29901]]}},{"type":"Feature","properties":{"minzoom":12},"geometry":{"type":"LineString","coordinates":[[59.61633,36.24668],[59.61784,36.24563],[59.61807,36.24548],[59.61838,36.24533],[59.61855,36.24523],[59.61921,36.24479]]}},{"type":"Feature","properties":{"minzoom":13},"geometry":{"type":"LineString","coordinates":[[59.63246,36.26598],[59.63252,36.26576],[59.63252,36.26552]]}},{"type":"Feature","properties":{"minzoom":13},"geometry":{"type":"LineString","coordinates":[[59.50856,36.32578],[59.50855,36.32572],[59.50857,36.32567],[59.50863,36.32564],[59.50869,36.32564],[59.50875,36.32566],[59.50879,36.32571]]}},{"type":"Feature","properties":{"minzoom":13},"geometry":{"type":"LineString","coordinates":[[59.58415,36.3179],[59.5842,36.31791],[59.58425,36.31793],[59.58428,36.31796],[59.58429,36.318]]}},{"type":"Feature","properties":{"minzoom":12},"geometry":{"type":"LineString","coordinates":[[59.62434,36.23375],[59.62457,36.23369],[59.62474,36.23361],[59.6248,36.23351],[59.6249,36.23315],[59.62493,36.23287],[59.625,36.23247],[59.62508,36.2308],[59.62525,36.22983]]}},{"type":"Feature","properties":{"minzoom":13},"geometry":{"type":"LineString","coordinates":[[59.59405,36.3138],[59.59402,36.31396],[59.59403,36.31408],[59.59403,36.31412],[59.59409,36.31428]]}},{"type":"Feature","properties":{"minzoom":13},"geometry":{"type":"LineString","coordinates":[[59.59403,36.31437],[59.59384,36.31434],[59.59371,36.31436],[59.59365,36.31436],[59.59347,36.31442]]}},{"type":"Feature","properties":{"minzoom":12},"geometry":{"type":"LineString","coordinates":[[59.62207,36.23951],[59.62254,36.23819],[59.62324,36.23672],[59.62424,36.23479],[59.62427,36.23469],[59.62428,36.23459]]}},{"type":"Feature","properties":{"minzoom":13},"geometry":{"type":"LineString","coordinates":[[59.59647,36.31583],[59.59654,36.31575]]}},{"type":"Feature","properties":{"minzoom":13},"geometry":{"type":"LineString","coordinates":[[59.60588,36.32248],[59.60597,36.32241]]}},{"type":"Feature","properties":{"minzoom":12},"geometry":{"type":"LineString","coordinates":[[59.62429,36.23438],[59.62428,36.23427],[59.62424,36.23411]]}},{"type":"Feature","properties":{"minzoom":12},"geometry":{"type":"LineString","coordinates":[[59.62428,36.23459],[59.62429,36.23438]]}},{"type":"Feature","properties":{"minzoom":13},"geometry":{"type":"LineString","coordinates":[[59.61986,36.24672],[59.62004,36.24685]]}},{"type":"Feature","properties":{"minzoom":13},"geometry":{"type":"LineString","coordinates":[[59.63495,36.23226],[59.63511,36.2324]]}},{"type":"Feature","properties":{"minzoom":13},"geometry":{"type":"LineString","coordinates":[[59.63015,36.23642],[59.63034,36.23654]]}},{"type":"Feature","properties":{"minzoom":13},"geometry":{"type":"LineString","coordinates":[[59.6163,36.2506],[59.6161,36.25047]]}},{"type":"Feature","properties":{"minzoom":13},"geometry":{"type":"LineString","coordinates":[[59.62638,36.24022],[59.62655,36.24034]]}},{"type":"Feature","properties":{"minzoom":13},"geometry":{"type":"LineString","coordinates":[[59.50177,36.31584],[59.50163,36.31591]]}},{"type":"Feature","properties":{"name":"چراغچی به خیام شمالی","minzoom":12},"geometry":{"type":"LineString","coordinates":[[59.59307,36.34257],[59.59293,36.34266],[59.59248,36.34291],[59.59212,36.34315],[59.59138,36.34371],[59.59129,36.34383],[59.59126,36.34394],[59.59129,36.34407],[59.59157,36.3444]]}},{"type":"Feature","properties":{"minzoom":13},"geometry":{"type":"LineString","coordinates":[[59.61988,36.32053],[59.61976,36.32044],[59.61963,36.32037],[59.61952,36.32033],[59.61941,36.32033]]}},{"type":"Feature","properties":{"minzoom":13},"geometry":{"type":"LineString","coordinates":[[59.6179,36.21995],[59.6177,36.21989]]}},{"type":"Feature","properties":{"minzoom":13},"geometry":{"type":"LineString","coordinates":[[59.63505,36.27065],[59.63517,36.27076]]}},{"type":"Feature","properties":{"minzoom":13},"geometry":{"type":"LineString","coordinates":[[59.59123,36.32181],[59.59137,36.32172]]}},{"type":"Feature","properties":{"minzoom":13},"geometry":{"type":"LineString","coordinates":[[59.63131,36.27435],[59.63119,36.27426]]}},{"type":"Feature","properties":{"minzoom":13},"geometry":{"type":"LineString","coordinates":[[59.52768,36.36336],[59.52817,36.36324]]}},{"type":"Feature","properties":{"minzoom":13},"geometry":{"type":"LineString","coordinates":[[59.57499,36.32897],[59.57499,36.32892],[59.57503,36.32888],[59.57508,36.32885],[59.57514,36.32884]]}},{"type":"Feature","properties":{"minzoom":13},"geometry":{"type":"LineString","coordinates":[[59.62596,36.33622],[59.62618,36.33633],[59.62633,36.3364]]}},{"type":"Feature","properties":{"minzoom":12},"geometry":{"type":"LineString","coordinates":[[59.62397,36.19972],[59.62402,36.19966],[59.62408,36.19962],[59.62415,36.19961],[59.62422,36.19962],[59.62429,36.19965],[59.62433,36.19969],[59.62435,36.19975],[59.62428,36.20089],[59.62429,36.2012],[59.62448,36.20213]]}},{"type":"Feature","properties":{"minzoom":13},"geometry":{"type":"LineString","coordinates":[[59.66634,36.31959],[59.66644,36.3195]]}},{"type":"Feature","properties":{"minzoom":13},"geometry":{"type":"LineString","coordinates":[[59.66031,36.31585],[59.6604,36.31576]]}},{"type":"Feature","properties":{"minzoom":13},"geometry":{"type":"LineString","coordinates":[[59.67058,36.32207],[59.67048,36.32218]]}},{"type":"Feature","properties":{"minzoom":13},"geometry":{"type":"LineString","coordinates":[[59.64429,36.30628],[59.64428,36.30615],[59.64426,36.30604],[59.64417,36.30587]]}},{"type":"Feature","properties":{"minzoom":13},"geometry":{"type":"LineString","coordinates":[[59.64273,36.28426],[59.64291,36.28426],[59.64302,36.28425],[59.64315,36.28422],[59.6433,36.28414]]}},{"type":"Feature","properties":{"minzoom":13},"geometry":{"type":"LineString","coordinates":[[59.64469,36.27536],[59.64414,36.27563],[59.64182,36.27656],[59.64177,36.27657],[59.64173,36.27657],[59.64169,36.27655],[59.64165,36.27653],[59.64163,36.27649],[59.64163,36.27644],[59.64164,36.2764],[59.64167,36.27637],[59.6439,36.27546],[59.64464,36.27522]]}},{"type":"Feature","properties":{"minzoom":12},"geometry":{"type":"LineString","coordinates":[[59.48411,36.34682],[59.48325,36.34695],[59.48244,36.34695],[59.48223,36.34697],[59.48198,36.34702]]}},{"type":"Feature","properties":{"minzoom":12},"geometry":{"type":"LineString","coordinates":[[59.44076,36.44019],[59.44056,36.44003]]}},{"type":"Feature","properties":{"minzoom":12},"geometry":{"type":"LineString","coordinates":[[59.44106,36.43999],[59.4409,36.44018],[59.44084,36.4402],[59.44076,36.44019]]}},{"type":"Feature","properties":{"minzoom":12},"geometry":{"type":"LineString","coordinates":[[59.44056,36.44003],[59.44051,36.43998],[59.4405,36.43993],[59.44055,36.43988],[59.44064,36.43986],[59.44076,36.43981],[59.44092,36.43971],[59.44111,36.43958],[59.4413,36.43953]]}},{"type":"Feature","properties":{"minzoom":13},"geometry":{"type":"LineString","coordinates":[[59.47209,36.37559],[59.47204,36.37547]]}},{"type":"Feature","properties":{"minzoom":13},"geometry":{"type":"LineString","coordinates":[[59.65761,36.28398],[59.65767,36.28398],[59.65773,36.28401],[59.65779,36.28408],[59.65811,36.28485],[59.65837,36.28542],[59.65866,36.28588]]}},{"type":"Feature","properties":{"minzoom":13},"geometry":{"type":"LineString","coordinates":[[59.65717,36.28411],[59.65761,36.28398]]}},{"type":"Feature","properties":{"minzoom":13},"geometry":{"type":"LineString","coordinates":[[59.51245,36.33354],[59.51228,36.33374],[59.51221,36.33384],[59.51216,36.33395]]}},{"type":"Feature","properties":{"minzoom":13},"geometry":{"type":"LineString","coordinates":[[59.51166,36.33368],[59.5118,36.33354],[59.51188,36.33335]]}},{"type":"Feature","properties":{"minzoom":13},"geometry":{"type":"LineString","coordinates":[[59.51205,36.33404],[59.51184,36.33391],[59.51161,36.33386]]}},{"type":"Feature","properties":{"minzoom":13},"geometry":{"type":"LineString","coordinates":[[59.512,36.33331],[59.51218,36.33337],[59.51238,36.33345]]}},{"type":"Feature","properties":{"minzoom":13},"geometry":{"type":"LineString","coordinates":[[59.49936,36.37133],[59.49949,36.37126],[59.49959,36.37126],[59.49966,36.3713],[59.49969,36.37134],[59.49968,36.37139],[59.49964,36.37145]]}},{"type":"Feature","properties":{"minzoom":13},"geometry":{"type":"LineString","coordinates":[[59.51849,36.32785],[59.51861,36.32782]]}},{"type":"Feature","properties":{"minzoom":13},"geometry":{"type":"LineString","coordinates":[[59.4981,36.32373],[59.49809,36.32368],[59.49812,36.32364],[59.49817,36.32362],[59.49821,36.32363],[59.49828,36.32365]]}},{"type":"Feature","properties":{"minzoom":12},"geometry":{"type":"LineString","coordinates":[[59.49465,36.39597],[59.49482,36.39596],[59.49493,36.39596],[59.49501,36.39599],[59.49504,36.39605],[59.49504,36.39612],[59.49495,36.3962],[59.49415,36.39648],[59.49277,36.39705]]}},{"type":"Feature","properties":{"minzoom":12},"geometry":{"type":"LineString","coordinates":[[59.49585,36.39594],[59.49548,36.39605],[59.49538,36.39605],[59.49532,36.39603],[59.49527,36.39598],[59.49526,36.39592],[59.49528,36.39586],[59.49533,36.39582],[59.49673,36.39532],[59.49778,36.39487]]}},{"type":"Feature","properties":{"minzoom":13},"geometry":{"type":"LineString","coordinates":[[59.52226,36.38906],[59.52214,36.38899]]}},{"type":"Feature","properties":{"minzoom":13},"geometry":{"type":"LineString","coordinates":[[59.52694,36.38486],[59.52704,36.38495]]}},{"type":"Feature","properties":{"minzoom":12},"geometry":{"type":"LineString","coordinates":[[59.46457,36.41889],[59.46437,36.41903],[59.46433,36.41906],[59.46426,36.41908],[59.4642,36.41908],[59.46414,36.41905],[59.4641,36.41902],[59.46408,36.41897],[59.46408,36.41892],[59.46411,36.41887],[59.46567,36.41741]]}},{"type":"Feature","properties":{"minzoom":12},"geometry":{"type":"LineString","coordinates":[[59.41864,36.45824],[59.41897,36.45802],[59.41901,36.45799],[59.41907,36.45797],[59.41912,36.45797],[59.41917,36.45799],[59.41921,36.45803],[59.41923,36.45807],[59.41922,36.45811],[59.41919,36.45815],[59.41742,36.45965],[59.41565,36.46104]]}},{"type":"Feature","properties":{"minzoom":12},"geometry":{"type":"LineString","coordinates":[[59.44739,36.43482],[59.44724,36.43491],[59.44719,36.43494],[59.44713,36.43495],[59.44707,36.43495],[59.44703,36.43493],[59.44699,36.43489],[59.44697,36.43484],[59.44697,36.43478],[59.447,36.43474],[59.4498,36.43241]]}},{"type":"Feature","properties":{"minzoom":12},"geometry":{"type":"LineString","coordinates":[[59.41993,36.45768],[59.4197,36.45781],[59.41966,36.45784],[59.4196,36.45785],[59.41955,36.45785],[59.4195,36.45782],[59.41947,36.45779],[59.41946,36.45775],[59.41947,36.4577],[59.41949,36.45766],[59.42085,36.45654],[59.42228,36.45533]]}},{"type":"Feature","properties":{"minzoom":13},"geometry":{"type":"LineString","coordinates":[[59.63903,36.27751],[59.639,36.27758],[59.639,36.27764],[59.63904,36.27772],[59.6391,36.27778],[59.63919,36.27784],[59.63929,36.27787],[59.63936,36.27787],[59.63943,36.27787],[59.63953,36.27783]]}},{"type":"Feature","properties":{"minzoom":13},"geometry":{"type":"LineString","coordinates":[[59.63419,36.30516],[59.63426,36.30525],[59.63437,36.30529],[59.6345,36.30527]]}},{"type":"Feature","properties":{"minzoom":13},"geometry":{"type":"LineString","coordinates":[[59.6178,36.30785],[59.61795,36.30796]]}},{"type":"Feature","properties":{"minzoom":13},"geometry":{"type":"LineString","coordinates":[[59.63649,36.27031],[59.63636,36.27023],[59.63611,36.27015],[59.63601,36.27015],[59.63581,36.27016]]}},{"type":"Feature","properties":{"minzoom":13},"geometry":{"type":"LineString","coordinates":[[59.63276,36.30023],[59.63267,36.30018]]}},{"type":"Feature","properties":{"minzoom":13},"geometry":{"type":"LineString","coordinates":[[59.62417,36.30098],[59.62432,36.30106]]}},{"type":"Feature","properties":{"minzoom":13},"geometry":{"type":"LineString","coordinates":[[59.63659,36.26941],[59.63653,36.26961],[59.63651,36.26973],[59.63651,36.26992]]}},{"type":"Feature","properties":{"minzoom":13},"geometry":{"type":"LineString","coordinates":[[59.64481,36.28335],[59.64465,36.28328],[59.64457,36.28326],[59.64443,36.28329],[59.64431,36.28332]]}},{"type":"Feature","properties":{"minzoom":13},"geometry":{"type":"LineString","coordinates":[[59.56786,36.3095],[59.5679,36.30948],[59.56796,36.30947],[59.56801,36.30948],[59.56805,36.3095],[59.56807,36.30954],[59.56808,36.30958],[59.56804,36.30962],[59.56791,36.30971],[59.56784,36.30976],[59.56779,36.30983]]}},{"type":"Feature","properties":{"minzoom":13},"geometry":{"type":"LineString","coordinates":[[59.63307,36.26617],[59.63285,36.26608],[59.6327,36.26606],[59.63256,36.26606]]}},{"type":"Feature","properties":{"minzoom":13},"geometry":{"type":"LineString","coordinates":[[59.52839,36.36385],[59.52816,36.36387],[59.52798,36.36389],[59.5278,36.36394]]}},{"type":"Feature","properties":{"minzoom":13},"geometry":{"type":"LineString","coordinates":[[59.52828,36.36333],[59.52836,36.36358],[59.52846,36.36375]]}},{"type":"Feature","properties":{"minzoom":13},"geometry":{"type":"LineString","coordinates":[[59.52771,36.36385],[59.52763,36.36362],[59.52757,36.36345]]}},{"type":"Feature","properties":{"minzoom":13},"geometry":{"type":"LineString","coordinates":[[59.51552,36.30995],[59.51564,36.30992]]}},{"type":"Feature","properties":{"minzoom":13},"geometry":{"type":"LineString","coordinates":[[59.71623,36.24612],[59.71634,36.24622]]}},{"type":"Feature","properties":{"minzoom":13},"geometry":{"type":"LineString","coordinates":[[59.66403,36.26759],[59.66397,36.26748]]}},{"type":"Feature","properties":{"minzoom":13},"geometry":{"type":"LineString","coordinates":[[59.713,36.24764],[59.71294,36.24754]]}},{"type":"Feature","properties":{"minzoom":13},"geometry":{"type":"LineString","coordinates":[[59.68933,36.25727],[59.68926,36.25716]]}},{"type":"Feature","properties":{"minzoom":13},"geometry":{"type":"LineString","coordinates":[[59.66618,36.26672],[59.66612,36.26662]]}},{"type":"Feature","properties":{"minzoom":12},"geometry":{"type":"LineString","coordinates":[[59.77147,36.2003],[59.77067,36.19993],[59.77025,36.19988],[59.7699,36.19992],[59.76967,36.20004],[59.76945,36.20033],[59.76943,36.20065],[59.76958,36.20089],[59.76984,36.20105],[59.77013,36.20113],[59.77049,36.20111],[59.7711,36.20069]]}},{"type":"Feature","properties":{"minzoom":13},"geometry":{"type":"LineString","coordinates":[[59.61209,36.25452],[59.61228,36.25464]]}},{"type":"Feature","properties":{"minzoom":13},"geometry":{"type":"LineString","coordinates":[[59.49277,36.31845],[59.49291,36.31818],[59.49293,36.31801]]}},{"type":"Feature","properties":{"minzoom":13},"geometry":{"type":"LineString","coordinates":[[59.46083,36.38056],[59.46103,36.38059],[59.46122,36.3806]]}},{"type":"Feature","properties":{"minzoom":13},"geometry":{"type":"LineString","coordinates":[[59.63599,36.26919],[59.6362,36.26923],[59.6363,36.26924],[59.63643,36.26923],[59.63656,36.2692]]}},{"type":"Feature","properties":{"name":"خروجی شهید کلانتری","minzoom":12},"geometry":{"type":"LineString","coordinates":[[59.5566,36.28423],[59.55689,36.28477],[59.55721,36.28536],[59.55744,36.28582],[59.55748,36.28601],[59.5575,36.28622],[59.55748,36.28679],[59.55748,36.28691],[59.55744,36.2875]]}},{"type":"Feature","properties":{"minzoom":12},"geometry":{"type":"LineString","coordinates":[[59.55595,36.28192],[59.55631,36.28303],[59.5566,36.28423],[59.55667,36.28462],[59.55671,36.28495]]}},{"type":"Feature","properties":{"name":"ورودی شهید کلانتری","minzoom":12},"geometry":{"type":"LineString","coordinates":[[59.55731,36.28797],[59.55704,36.28751],[59.55694,36.28739],[59.55675,36.2873],[59.5565,36.28727],[59.55611,36.28734],[59.5558,36.28744],[59.55547,36.28759],[59.55501,36.28786]]}},{"type":"Feature","properties":{"name":"دوربرگردان","minzoom":12},"geometry":{"type":"LineString","coordinates":[[59.55518,36.28718],[59.55526,36.28715],[59.55534,36.28715],[59.55542,36.28717],[59.55549,36.28722],[59.55552,36.28728],[59.55552,36.28735],[59.55549,36.28741]]}},{"type":"Feature","properties":{"minzoom":12},"geometry":{"type":"LineString","coordinates":[[59.55671,36.28495],[59.55666,36.28502],[59.55658,36.28506],[59.55649,36.28508],[59.55639,36.28507],[59.55631,36.28503],[59.55626,36.28496],[59.55624,36.28489]]}},{"type":"Feature","properties":{"name":"ورودی شهید قاسم سلیمانی","minzoom":12},"geometry":{"type":"LineString","coordinates":[[59.5546,36.28553],[59.55495,36.28552],[59.55516,36.28549],[59.55541,36.28541],[59.55564,36.28529],[59.55585,36.28513],[59.55601,36.28494],[59.55613,36.28465],[59.55616,36.28428]]}},{"type":"Feature","properties":{"minzoom":13},"geometry":{"type":"LineString","coordinates":[[59.57684,36.29515],[59.57674,36.29511],[59.5767,36.29505],[59.57671,36.29498]]}},{"type":"Feature","properties":{"minzoom":13},"geometry":{"type":"LineString","coordinates":[[59.46999,36.33291],[59.47012,36.33287]]}},{"type":"Feature","properties":{"minzoom":13},"geometry":{"type":"LineString","coordinates":[[59.47203,36.33732],[59.47203,36.33726],[59.47207,36.33721],[59.47213,36.33718],[59.4722,36.33718],[59.47226,36.33721],[59.47229,36.33726]]}},{"type":"Feature","properties":{"minzoom":13},"geometry":{"type":"LineString","coordinates":[[59.50687,36.35106],[59.50704,36.35105]]}},{"type":"Feature","properties":{"minzoom":13},"geometry":{"type":"LineString","coordinates":[[59.50831,36.34483],[59.50828,36.34492],[59.50822,36.34497],[59.50813,36.34499],[59.50805,36.34497],[59.50799,36.34491],[59.50798,36.34484]]}},{"type":"Feature","properties":{"minzoom":13},"geometry":{"type":"LineString","coordinates":[[59.50121,36.35208],[59.50137,36.35194],[59.50149,36.35179]]}},{"type":"Feature","properties":{"minzoom":13},"geometry":{"type":"LineString","coordinates":[[59.50197,36.35216],[59.50181,36.35231],[59.50168,36.35245]]}},{"type":"Feature","properties":{"minzoom":13},"geometry":{"type":"LineString","coordinates":[[59.50155,36.35247],[59.50137,36.35229],[59.50126,36.35214]]}},{"type":"Feature","properties":{"minzoom":13},"geometry":{"type":"LineString","coordinates":[[59.50163,36.35178],[59.50174,36.35192],[59.50187,36.35202],[59.50202,36.35206]]}},{"type":"Feature","properties":{"minzoom":13},"geometry":{"type":"LineString","coordinates":[[59.50747,36.3143],[59.5076,36.31421]]}},{"type":"Feature","properties":{"minzoom":13},"geometry":{"type":"LineString","coordinates":[[59.50258,36.30761],[59.50256,36.30778],[59.50258,36.30792],[59.50263,36.30814]]}},{"type":"Feature","properties":{"minzoom":13},"geometry":{"type":"LineString","coordinates":[[59.51024,36.30017],[59.51048,36.30027],[59.51066,36.30031],[59.51099,36.30033]]}},{"type":"Feature","properties":{"minzoom":13},"geometry":{"type":"LineString","coordinates":[[59.47173,36.33613],[59.47172,36.33619],[59.4717,36.33624],[59.47164,36.33625],[59.47158,36.33624],[59.47152,36.33615]]}},{"type":"Feature","properties":{"minzoom":13},"geometry":{"type":"LineString","coordinates":[[59.47857,36.31605],[59.4784,36.31621],[59.47833,36.31633],[59.47831,36.31641],[59.47833,36.31659]]}},{"type":"Feature","properties":{"minzoom":13},"geometry":{"type":"LineString","coordinates":[[59.49188,36.35887],[59.49171,36.35887],[59.49159,36.35888],[59.49145,36.35891],[59.49133,36.35894]]}},{"type":"Feature","properties":{"minzoom":13},"geometry":{"type":"LineString","coordinates":[[59.49125,36.35891],[59.49123,36.35871],[59.4912,36.35861],[59.49116,36.3585]]}},{"type":"Feature","properties":{"minzoom":13},"geometry":{"type":"LineString","coordinates":[[59.49362,36.31809],[59.49358,36.31827],[59.49357,36.31845]]}},{"type":"Feature","properties":{"minzoom":13},"geometry":{"type":"LineString","coordinates":[[59.50364,36.36496],[59.5036,36.36488],[59.50345,36.36471],[59.50336,36.36465]]}},{"type":"Feature","properties":{"minzoom":13},"geometry":{"type":"LineString","coordinates":[[59.50406,36.36465],[59.50394,36.36473],[59.50386,36.36478],[59.50379,36.36487],[59.50372,36.36496]]}},{"type":"Feature","properties":{"name":"۲۴ وکیل آباد","minzoom":12},"geometry":{"type":"LineString","coordinates":[[59.50122,36.32688],[59.50129,36.32702],[59.50127,36.32709],[59.50121,36.32714],[59.50111,36.32715],[59.50104,36.32712],[59.50092,36.32696]]}},{"type":"Feature","properties":{"minzoom":12},"geometry":{"type":"LineString","coordinates":[[59.51477,36.3235],[59.51431,36.32374],[59.51342,36.32402],[59.51324,36.32412],[59.51298,36.3242],[59.51287,36.32424],[59.51263,36.32428],[59.51097,36.32481]]}},{"type":"Feature","properties":{"minzoom":13},"geometry":{"type":"LineString","coordinates":[[59.48313,36.32724],[59.48325,36.32722]]}},{"type":"Feature","properties":{"minzoom":12},"geometry":{"type":"LineString","coordinates":[[59.50355,36.32703],[59.5033,36.32722]]}},{"type":"Feature","properties":{"minzoom":13},"geometry":{"type":"LineString","coordinates":[[59.46895,36.33824],[59.46897,36.33821],[59.46901,36.33819],[59.46906,36.33818],[59.4691,36.3382]]}},{"type":"Feature","properties":{"minzoom":13},"geometry":{"type":"LineString","coordinates":[[59.42504,36.42404],[59.42496,36.42396]]}},{"type":"Feature","properties":{"minzoom":12},"geometry":{"type":"LineString","coordinates":[[59.53998,36.34846],[59.54009,36.34799],[59.54012,36.3478],[59.54014,36.34752],[59.54013,36.34712],[59.54008,36.34668],[59.54003,36.34636],[59.53985,36.34573],[59.53975,36.34561],[59.53958,36.34549],[59.53946,36.34545],[59.53929,36.3454],[59.53903,36.34536],[59.53834,36.34526]]}},{"type":"Feature","properties":{"minzoom":13},"geometry":{"type":"LineString","coordinates":[[59.5421,36.31926],[59.542,36.31924],[59.54196,36.3192],[59.54195,36.31915],[59.54199,36.3191],[59.54205,36.31907]]}},{"type":"Feature","properties":{"minzoom":13},"geometry":{"type":"LineString","coordinates":[[59.59876,36.28688],[59.59888,36.28664],[59.59889,36.28652],[59.59892,36.28632]]}},{"type":"Feature","properties":{"minzoom":13},"geometry":{"type":"LineString","coordinates":[[59.6005,36.28168],[59.60054,36.28177],[59.60052,36.28183],[59.60036,36.28196]]}},{"type":"Feature","properties":{"minzoom":12},"geometry":{"type":"LineString","coordinates":[[59.57156,36.27161],[59.57198,36.27121],[59.57384,36.26999]]}},{"type":"Feature","properties":{"minzoom":12},"geometry":{"type":"LineString","coordinates":[[59.57595,36.26924],[59.57548,36.26964],[59.5754,36.26981],[59.57536,36.26998],[59.57539,36.27031]]}},{"type":"Feature","properties":{"minzoom":13},"geometry":{"type":"LineString","coordinates":[[59.54224,36.32373],[59.54229,36.32373],[59.54234,36.32374],[59.54237,36.32377],[59.54238,36.32381],[59.54237,36.32385],[59.54234,36.32388],[59.54229,36.3239]]}},{"type":"Feature","properties":{"minzoom":13},"geometry":{"type":"LineString","coordinates":[[59.53809,36.29128],[59.53791,36.29125],[59.53775,36.29124],[59.5376,36.29124]]}},{"type":"Feature","properties":{"minzoom":12},"geometry":{"type":"LineString","coordinates":[[59.54193,36.29846],[59.54159,36.29863],[59.54071,36.29904],[59.54036,36.29919]]}},{"type":"Feature","properties":{"minzoom":12},"geometry":{"type":"LineString","coordinates":[[59.54056,36.31405],[59.54047,36.31415],[59.54035,36.31421],[59.54024,36.3142],[59.5401,36.31413]]}},{"type":"Feature","properties":{"minzoom":12},"geometry":{"type":"LineString","coordinates":[[59.54166,36.31466],[59.54153,36.31489],[59.54154,36.31533],[59.54149,36.31547],[59.54143,36.3156],[59.5412,36.316],[59.54117,36.31611],[59.54115,36.31624]]}},{"type":"Feature","properties":{"minzoom":12},"geometry":{"type":"LineString","coordinates":[[59.5407,36.31637],[59.54072,36.3163],[59.54078,36.31623],[59.54087,36.31619],[59.54097,36.31617],[59.54107,36.31619],[59.54115,36.31624]]}},{"type":"Feature","properties":{"minzoom":13},"geometry":{"type":"LineString","coordinates":[[59.60465,36.26271],[59.60458,36.26267],[59.60448,36.26266],[59.60437,36.26266],[59.60411,36.26279]]}},{"type":"Feature","properties":{"minzoom":13},"geometry":{"type":"LineString","coordinates":[[59.58726,36.26719],[59.5871,36.26725]]}},{"type":"Feature","properties":{"minzoom":13},"geometry":{"type":"LineString","coordinates":[[59.60056,36.25784],[59.6005,36.25795]]}},{"type":"Feature","properties":{"minzoom":13},"geometry":{"type":"LineString","coordinates":[[59.60482,36.26207],[59.60471,36.26238],[59.6047,36.26251],[59.60474,36.26267]]}},{"type":"Feature","properties":{"minzoom":13},"geometry":{"type":"LineString","coordinates":[[59.6088,36.2382],[59.60904,36.23808]]}},{"type":"Feature","properties":{"name":"خیابان صدف","minzoom":13},"geometry":{"type":"LineString","coordinates":[[59.49661,36.33821],[59.49655,36.33811]]}},{"type":"Feature","properties":{"minzoom":13},"geometry":{"type":"LineString","coordinates":[[59.50186,36.3367],[59.5018,36.33658]]}},{"type":"Feature","properties":{"minzoom":12},"geometry":{"type":"LineString","coordinates":[[59.51947,36.32203],[59.51923,36.32222]]}},{"type":"Feature","properties":{"name":"بولوار بعثت","minzoom":13},"geometry":{"type":"LineString","coordinates":[[59.55992,36.29299],[59.55973,36.29296]]}},{"type":"Feature","properties":{"minzoom":13},"geometry":{"type":"LineString","coordinates":[[59.56042,36.29295],[59.56027,36.29303],[59.56021,36.29308],[59.56014,36.29316],[59.56009,36.29339]]}},{"type":"Feature","properties":{"name":"خیام شمالی به فردوسی","minzoom":13},"geometry":{"type":"LineString","coordinates":[[59.5704,36.32463],[59.57005,36.3245],[59.56956,36.32433],[59.5693,36.32424]]}},{"type":"Feature","properties":{"name":"بولوار بعثت","minzoom":13},"geometry":{"type":"LineString","coordinates":[[59.55973,36.29296],[59.55986,36.29286]]}},{"type":"Feature","properties":{"minzoom":13},"geometry":{"type":"LineString","coordinates":[[59.55976,36.29264],[59.55971,36.29268],[59.55964,36.2927],[59.55958,36.29269]]}},{"type":"Feature","properties":{"minzoom":13},"geometry":{"type":"LineString","coordinates":[[59.5747,36.3115],[59.57457,36.31152]]}},{"type":"Feature","properties":{"minzoom":13},"geometry":{"type":"LineString","coordinates":[[59.57651,36.29509],[59.57661,36.29511],[59.57666,36.29516],[59.57666,36.29525]]}},{"type":"Feature","properties":{"minzoom":13},"geometry":{"type":"LineString","coordinates":[[59.58981,36.29234],[59.59,36.29235],[59.59012,36.29233],[59.59027,36.29227],[59.59041,36.29221]]}},{"type":"Feature","properties":{"minzoom":13},"geometry":{"type":"LineString","coordinates":[[59.59085,36.2928],[59.59071,36.29269],[59.59039,36.29258],[59.59034,36.29251],[59.59032,36.29243],[59.59041,36.29221]]}},{"type":"Feature","properties":{"minzoom":13},"geometry":{"type":"LineString","coordinates":[[59.58047,36.2936],[59.5805,36.29361],[59.58055,36.29365],[59.58058,36.29369],[59.58059,36.29376]]}},{"type":"Feature","properties":{"name":"به سمت ابن سینا","minzoom":13},"geometry":{"type":"LineString","coordinates":[[59.58441,36.30099],[59.58425,36.30091],[59.58416,36.30083],[59.58413,36.30073]]}},{"type":"Feature","properties":{"minzoom":13},"geometry":{"type":"LineString","coordinates":[[59.55404,36.30911],[59.55403,36.30907],[59.55404,36.30904],[59.55406,36.30901],[59.5541,36.309],[59.55414,36.309],[59.55418,36.30901]]}},{"type":"Feature","properties":{"minzoom":13},"geometry":{"type":"LineString","coordinates":[[59.58777,36.31852],[59.58792,36.31842]]}},{"type":"Feature","properties":{"minzoom":13},"geometry":{"type":"LineString","coordinates":[[59.58617,36.31681],[59.58598,36.31674],[59.58585,36.31674],[59.58574,36.31679],[59.58518,36.31727],[59.585,36.31744],[59.58485,36.31756],[59.58471,36.31757]]}},{"type":"Feature","properties":{"minzoom":13},"geometry":{"type":"LineString","coordinates":[[59.5842,36.31786],[59.58426,36.31769],[59.58455,36.3174],[59.58545,36.3166],[59.58548,36.31654],[59.5855,36.31645],[59.58554,36.31625],[59.58553,36.31614]]}},{"type":"Feature","properties":{"minzoom":13},"geometry":{"type":"LineString","coordinates":[[59.58735,36.31517],[59.58725,36.31538],[59.58667,36.3159],[59.58632,36.31623],[59.58625,36.3163],[59.58621,36.31638],[59.58621,36.31651],[59.58625,36.31667]]}},{"type":"Feature","properties":{"minzoom":13},"geometry":{"type":"LineString","coordinates":[[59.60187,36.29159],[59.60192,36.29146],[59.60194,36.2913]]}},{"type":"Feature","properties":{"minzoom":12},"geometry":{"type":"LineString","coordinates":[[59.48467,36.33239],[59.48472,36.33236],[59.4849,36.33227],[59.48501,36.33219],[59.48508,36.33209],[59.48512,36.33198],[59.48512,36.33183],[59.48505,36.33157],[59.48468,36.33074],[59.48452,36.33034]]}},{"type":"Feature","properties":{"minzoom":13},"geometry":{"type":"LineString","coordinates":[[59.48322,36.3243],[59.48306,36.32456],[59.483,36.32467],[59.48293,36.32488]]}},{"type":"Feature","properties":{"minzoom":13},"geometry":{"type":"LineString","coordinates":[[59.60911,36.25776],[59.60913,36.25794],[59.60914,36.25796],[59.60918,36.25809]]}},{"type":"Feature","properties":{"minzoom":13},"geometry":{"type":"LineString","coordinates":[[59.57459,36.33762],[59.57449,36.33751]]}},{"type":"Feature","properties":{"minzoom":13},"geometry":{"type":"LineString","coordinates":[[59.59807,36.26852],[59.59809,36.26852],[59.59812,36.26852],[59.59815,36.26852],[59.59818,36.26853],[59.5982,36.26855],[59.59822,36.26857],[59.59823,36.26859],[59.59823,36.26862]]}},{"type":"Feature","properties":{"minzoom":13},"geometry":{"type":"LineString","coordinates":[[59.5927,36.27414],[59.59268,36.27416],[59.59264,36.27415],[59.5926,36.27414],[59.59257,36.27412],[59.59256,36.27409],[59.59255,36.27406]]}},{"type":"Feature","properties":{"minzoom":12},"geometry":{"type":"LineString","coordinates":[[59.57463,36.26952],[59.57472,36.26952],[59.57481,36.26954],[59.57487,36.26959],[59.57491,36.26966],[59.5749,36.26973],[59.57487,36.2698]]}},{"type":"Feature","properties":{"minzoom":12},"geometry":{"type":"LineString","coordinates":[[59.57531,36.27043],[59.57518,36.27029],[59.57505,36.27021],[59.57485,36.27015],[59.57468,36.27014],[59.57453,36.27017],[59.57412,36.27031]]}},{"type":"Feature","properties":{"minzoom":12},"geometry":{"type":"LineString","coordinates":[[59.57535,36.2695],[59.57527,36.26951],[59.57519,36.26948],[59.57513,36.26943],[59.5751,36.26936],[59.57511,36.26929],[59.57516,36.26923]]}},{"type":"Feature","properties":{"minzoom":12},"geometry":{"type":"LineString","coordinates":[[59.62588,36.32681],[59.62578,36.32684],[59.62566,36.32684],[59.62556,36.3268],[59.62548,36.32674],[59.62543,36.32666],[59.62542,36.32657],[59.62545,36.32649],[59.62551,36.32641],[59.62561,36.32636]]}},{"type":"Feature","properties":{"name":"بزرگراه شهید میرزائی","minzoom":12},"geometry":{"type":"LineString","coordinates":[[59.62984,36.32475],[59.62927,36.32516],[59.62828,36.32564],[59.62716,36.32619],[59.62629,36.32661],[59.62588,36.32681],[59.62549,36.32711],[59.6252,36.32736]]}},{"type":"Feature","properties":{"minzoom":12},"geometry":{"type":"LineString","coordinates":[[59.62195,36.32807],[59.62213,36.32799],[59.62225,36.32795],[59.62238,36.32793],[59.6225,36.32795],[59.6226,36.32802],[59.62266,36.3281],[59.62267,36.32819],[59.62264,36.32827],[59.62256,36.32836],[59.62245,36.32843],[59.62228,36.32851]]}},{"type":"Feature","properties":{"minzoom":13},"geometry":{"type":"LineString","coordinates":[[59.47754,36.37243],[59.47764,36.37243],[59.47774,36.37246],[59.47781,36.37252],[59.47784,36.3726],[59.47782,36.37268]]}},{"type":"Feature","properties":{"minzoom":13},"geometry":{"type":"LineString","coordinates":[[59.47535,36.36259],[59.47532,36.36252],[59.47535,36.36245],[59.47543,36.36241],[59.47552,36.36242],[59.47559,36.36248]]}},{"type":"Feature","properties":{"minzoom":13},"geometry":{"type":"LineString","coordinates":[[59.4713,36.38044],[59.47121,36.38053]]}},{"type":"Feature","properties":{"minzoom":13},"geometry":{"type":"LineString","coordinates":[[59.49153,36.37636],[59.49159,36.3762],[59.49161,36.37612],[59.49161,36.376],[59.4916,36.37593],[59.49156,36.37587]]}},{"type":"Feature","properties":{"minzoom":13},"geometry":{"type":"LineString","coordinates":[[59.49173,36.37583],[59.49194,36.3759],[59.49206,36.37591],[59.49226,36.37588]]}},{"type":"Feature","properties":{"minzoom":13},"geometry":{"type":"LineString","coordinates":[[59.4614,36.38068],[59.46136,36.3808],[59.46135,36.38086],[59.46134,36.38095],[59.46139,36.38112]]}},{"type":"Feature","properties":{"minzoom":13},"geometry":{"type":"LineString","coordinates":[[59.46871,36.36554],[59.46858,36.36572],[59.46853,36.3658],[59.46853,36.36592],[59.46856,36.36607]]}},{"type":"Feature","properties":{"minzoom":13},"geometry":{"type":"LineString","coordinates":[[59.64273,36.29185],[59.64272,36.29178],[59.64268,36.29166],[59.64265,36.29162],[59.64256,36.29148]]}},{"type":"Feature","properties":{"name":"روگذر طبرسی","minzoom":13},"geometry":{"type":"LineString","coordinates":[[59.6197,36.29053],[59.6196,36.29053],[59.61955,36.29052],[59.61923,36.29031],[59.61916,36.29029],[59.61903,36.29028],[59.61892,36.29029],[59.61875,36.29033],[59.61864,36.29035],[59.61851,36.29034],[59.61838,36.29031],[59.61826,36.29022],[59.6182,36.29012],[59.61817,36.28998],[59.61822,36.28981],[59.6183,36.28967],[59.61837,36.28958],[59.61849,36.28949],[59.61868,36.2894],[59.61879,36.28937],[59.61896,36.28936],[59.6191,36.28938],[59.61919,36.28944],[59.61926,36.28954],[59.6193,36.28967],[59.61929,36.28982],[59.61931,36.28994],[59.61935,36.29004],[59.61942,36.29013],[59.61973,36.29036],[59.61976,36.2904],[59.61976,36.29046]]}},{"type":"Feature","properties":{"name":"رستگاری به امامیه","minzoom":13},"geometry":{"type":"LineString","coordinates":[[59.5091,36.36889],[59.50894,36.36887],[59.50882,36.36888],[59.50866,36.36892],[59.50849,36.369]]}},{"type":"Feature","properties":{"minzoom":13},"geometry":{"type":"LineString","coordinates":[[59.65798,36.28821],[59.65805,36.2882],[59.65812,36.28822],[59.65817,36.28826],[59.65821,36.28831],[59.65821,36.28837],[59.65819,36.28842],[59.65816,36.28845],[59.65813,36.28846],[59.65802,36.28849]]}},{"type":"Feature","properties":{"minzoom":13},"geometry":{"type":"LineString","coordinates":[[59.65992,36.28934],[59.66019,36.29035],[59.66053,36.29157],[59.66053,36.29164],[59.66049,36.29171],[59.66043,36.29176],[59.66003,36.29183],[59.65997,36.29184],[59.6599,36.29183],[59.65984,36.2918],[59.6598,36.29175],[59.65978,36.2917],[59.65936,36.29027],[59.65922,36.28982]]}},{"type":"Feature","properties":{"minzoom":13},"geometry":{"type":"LineString","coordinates":[[59.68215,36.31666],[59.682,36.31675]]}},{"type":"Feature","properties":{"minzoom":12},"geometry":{"type":"LineString","coordinates":[[59.66081,36.29533],[59.66065,36.29444],[59.66046,36.29323]]}},{"type":"Feature","properties":{"minzoom":12},"geometry":{"type":"LineString","coordinates":[[59.66416,36.30043],[59.66407,36.30044],[59.66399,36.30042],[59.66392,36.30036],[59.66328,36.29959],[59.66296,36.29929]]}},{"type":"Feature","properties":{"minzoom":13},"geometry":{"type":"LineString","coordinates":[[59.6741,36.31289],[59.67402,36.313]]}},{"type":"Feature","properties":{"minzoom":13},"geometry":{"type":"LineString","coordinates":[[59.67197,36.31199],[59.67214,36.31194],[59.6723,36.31181]]}},{"type":"Feature","properties":{"minzoom":13},"geometry":{"type":"LineString","coordinates":[[59.67813,36.31478],[59.67805,36.31489]]}},{"type":"Feature","properties":{"minzoom":12},"geometry":{"type":"LineString","coordinates":[[59.66453,36.30022],[59.66441,36.30029],[59.66429,36.30036],[59.66416,36.30043]]}},{"type":"Feature","properties":{"minzoom":12},"geometry":{"type":"LineString","coordinates":[[59.66348,36.29871],[59.66384,36.29924],[59.66452,36.3],[59.66457,36.30008],[59.66457,36.30013],[59.66453,36.30022]]}},{"type":"Feature","properties":{"minzoom":13},"geometry":{"type":"LineString","coordinates":[[59.53658,36.33368],[59.53662,36.33365],[59.53667,36.33364],[59.53672,36.33363],[59.53677,36.33365]]}},{"type":"Feature","properties":{"minzoom":12},"geometry":{"type":"LineString","coordinates":[[59.48943,36.36438],[59.48869,36.36408],[59.4881,36.36374],[59.48711,36.36314],[59.48663,36.3629],[59.48641,36.36279],[59.48612,36.36266],[59.486,36.3626],[59.48578,36.36252],[59.4851,36.36229],[59.48429,36.36205],[59.48366,36.36184]]}},{"type":"Feature","properties":{"minzoom":13},"geometry":{"type":"LineString","coordinates":[[59.49093,36.3656],[59.49097,36.3656],[59.49101,36.36562],[59.49104,36.36565],[59.49105,36.36569]]}},{"type":"Feature","properties":{"minzoom":12},"geometry":{"type":"LineString","coordinates":[[59.51585,36.32364],[59.51582,36.32356],[59.51583,36.32351],[59.51587,36.32346],[59.51593,36.32344],[59.516,36.32345],[59.51609,36.3235],[59.51619,36.3236]]}},{"type":"Feature","properties":{"name":"۱۴ وکیل آباد","minzoom":12},"geometry":{"type":"LineString","coordinates":[[59.51523,36.32249],[59.51521,36.32254],[59.51517,36.32258],[59.51512,36.32261],[59.51506,36.32262],[59.515,36.32261],[59.5149,36.32255]]}},{"type":"Feature","properties":{"minzoom":13},"geometry":{"type":"LineString","coordinates":[[59.48464,36.31516],[59.48446,36.31498],[59.4843,36.3149]]}},{"type":"Feature","properties":{"minzoom":13},"geometry":{"type":"LineString","coordinates":[[59.46558,36.32263],[59.4657,36.3227]]}},{"type":"Feature","properties":{"minzoom":13},"geometry":{"type":"LineString","coordinates":[[59.48486,36.31485],[59.48473,36.31498],[59.48464,36.31516]]}},{"type":"Feature","properties":{"minzoom":12},"geometry":{"type":"LineString","coordinates":[[59.62237,36.23972],[59.622,36.24045],[59.62039,36.24384],[59.62008,36.24435],[59.61952,36.245],[59.61922,36.24529],[59.61864,36.24579],[59.61808,36.24615],[59.61689,36.24679],[59.61595,36.24711]]}},{"type":"Feature","properties":{"minzoom":13},"geometry":{"type":"LineString","coordinates":[[59.59955,36.24861],[59.59949,36.24853]]}},{"type":"Feature","properties":{"minzoom":13},"geometry":{"type":"LineString","coordinates":[[59.59943,36.25439],[59.59936,36.25438],[59.59933,36.25437],[59.59931,36.25434],[59.59929,36.25432],[59.59928,36.25429],[59.59927,36.25426],[59.59928,36.25423],[59.5993,36.2542],[59.59932,36.25417]]}},{"type":"Feature","properties":{"minzoom":13},"geometry":{"type":"LineString","coordinates":[[59.60785,36.2401],[59.60803,36.24017]]}},{"type":"Feature","properties":{"minzoom":13},"geometry":{"type":"LineString","coordinates":[[59.61826,36.27679],[59.6182,36.27672],[59.6182,36.27668],[59.61821,36.27665],[59.61823,36.27663],[59.61826,36.27661],[59.61831,36.27659],[59.61835,36.2766],[59.61857,36.27665]]}},{"type":"Feature","properties":{"minzoom":13},"geometry":{"type":"LineString","coordinates":[[59.65807,36.27205],[59.65801,36.27289],[59.65794,36.27335],[59.65779,36.27392]]}},{"type":"Feature","properties":{"minzoom":13},"geometry":{"type":"LineString","coordinates":[[59.20015,36.57802],[59.20009,36.57819],[59.20009,36.57829],[59.20012,36.57838],[59.20031,36.57859]]}},{"type":"Feature","properties":{"minzoom":13},"geometry":{"type":"LineString","coordinates":[[59.20558,36.57287],[59.20562,36.57271],[59.20562,36.57262],[59.20561,36.57255],[59.20556,36.5724]]}},{"type":"Feature","properties":{"minzoom":13},"geometry":{"type":"LineString","coordinates":[[59.20236,36.58528],[59.2023,36.58527],[59.20227,36.58525],[59.20224,36.58523],[59.20222,36.5852],[59.20223,36.58515]]}},{"type":"Feature","properties":{"minzoom":13},"geometry":{"type":"LineString","coordinates":[[59.20954,36.5821],[59.20933,36.58214],[59.20918,36.58219],[59.20907,36.58222],[59.20896,36.58222],[59.20828,36.58205],[59.20705,36.58175],[59.20695,36.58169],[59.20688,36.58162],[59.20682,36.58152],[59.20672,36.58142]]}},{"type":"Feature","properties":{"minzoom":13},"geometry":{"type":"LineString","coordinates":[[59.1993,36.57788],[59.19956,36.57799],[59.1997,36.57801],[59.19984,36.578],[59.19998,36.57796]]}},{"type":"Feature","properties":{"minzoom":13},"geometry":{"type":"LineString","coordinates":[[59.19935,36.57853],[59.19938,36.5784],[59.19938,36.57829],[59.1993,36.57814],[59.19919,36.57799]]}},{"type":"Feature","properties":{"minzoom":13},"geometry":{"type":"LineString","coordinates":[[59.20714,36.58217],[59.20726,36.58212],[59.20735,36.58211],[59.20741,36.58212],[59.20743,36.58215],[59.20744,36.58218],[59.20742,36.58223]]}},{"type":"Feature","properties":{"minzoom":13},"geometry":{"type":"LineString","coordinates":[[59.2002,36.57869],[59.19987,36.57859],[59.19974,36.57858],[59.19953,36.57863]]}},{"type":"Feature","properties":{"minzoom":13},"geometry":{"type":"LineString","coordinates":[[59.59197,36.28576],[59.5918,36.28572],[59.59164,36.28572],[59.59139,36.28576]]}},{"type":"Feature","properties":{"minzoom":13},"geometry":{"type":"LineString","coordinates":[[59.58926,36.29217],[59.58975,36.29237],[59.58976,36.29238],[59.58976,36.2924],[59.58975,36.29241],[59.58972,36.29242]]}},{"type":"Feature","properties":{"minzoom":13},"geometry":{"type":"LineString","coordinates":[[59.58019,36.30904],[59.58031,36.30899]]}},{"type":"Feature","properties":{"minzoom":13},"geometry":{"type":"LineString","coordinates":[[59.58552,36.31591],[59.58541,36.316]]}},{"type":"Feature","properties":{"minzoom":13},"geometry":{"type":"LineString","coordinates":[[59.57853,36.30586],[59.57839,36.30582],[59.57816,36.30578]]}},{"type":"Feature","properties":{"minzoom":13},"geometry":{"type":"LineString","coordinates":[[59.62709,36.34678],[59.62709,36.3468],[59.62707,36.34682],[59.62705,36.34684],[59.62703,36.34684],[59.62701,36.34684],[59.62699,36.34684],[59.62697,36.34683]]}},{"type":"Feature","properties":{"minzoom":13},"geometry":{"type":"LineString","coordinates":[[59.63837,36.37387],[59.63842,36.37354],[59.63847,36.37351],[59.63853,36.37349],[59.63858,36.37351],[59.63863,36.37356],[59.63866,36.37389]]}},{"type":"Feature","properties":{"minzoom":13},"geometry":{"type":"LineString","coordinates":[[59.63875,36.37272],[59.63866,36.37315],[59.63863,36.37319],[59.63856,36.3732],[59.63851,36.37318],[59.63848,36.37313],[59.63849,36.37269]]}},{"type":"Feature","properties":{"minzoom":12},"geometry":{"type":"LineString","coordinates":[[59.68926,36.48436],[59.68868,36.4842],[59.68833,36.48415],[59.68758,36.48421],[59.68252,36.48457],[59.68182,36.48467],[59.68112,36.48485]]}},{"type":"Feature","properties":{"minzoom":12},"geometry":{"type":"LineString","coordinates":[[59.50241,36.32689],[59.50302,36.3266],[59.50352,36.32644],[59.50467,36.32609],[59.50491,36.32598],[59.5051,36.32592],[59.50539,36.32587],[59.5058,36.32574],[59.50823,36.32497],[59.50886,36.3248],[59.50907,36.32467],[59.50935,36.32456],[59.50942,36.32452],[59.50951,36.3245],[59.50972,36.32447],[59.51077,36.32413],[59.51144,36.32394],[59.51246,36.3236],[59.51256,36.32353],[59.51275,36.32347],[59.51295,36.32345],[59.51313,36.3234],[59.51473,36.32289],[59.51488,36.32279]]}},{"type":"Feature","properties":{"minzoom":13},"geometry":{"type":"LineString","coordinates":[[59.56506,36.29969],[59.56503,36.29968],[59.565,36.29965],[59.56498,36.29963],[59.56497,36.29959],[59.56497,36.29956],[59.56498,36.29953]]}},{"type":"Feature","properties":{"minzoom":13},"geometry":{"type":"LineString","coordinates":[[59.56273,36.30039],[59.56277,36.30039],[59.5628,36.3004],[59.56283,36.30042],[59.56285,36.30044],[59.56286,36.30047],[59.56286,36.3005],[59.56284,36.30052]]}},{"type":"Feature","properties":{"minzoom":13},"geometry":{"type":"LineString","coordinates":[[59.57139,36.2975],[59.57144,36.29751],[59.57148,36.29752],[59.57151,36.29755],[59.57153,36.29758],[59.57154,36.29762],[59.57153,36.29765],[59.57152,36.29768],[59.57148,36.29771]]}},{"type":"Feature","properties":{"minzoom":12},"geometry":{"type":"LineString","coordinates":[[59.5205,36.34498],[59.52074,36.34499],[59.5208,36.34501],[59.52084,36.34502]]}},{"type":"Feature","properties":{"minzoom":12},"geometry":{"type":"LineString","coordinates":[[59.52461,36.34506],[59.5247,36.34501],[59.5248,36.34498],[59.52623,36.34496]]}},{"type":"Feature","properties":{"minzoom":12},"geometry":{"type":"LineString","coordinates":[[59.52405,36.34476],[59.52483,36.34485],[59.52623,36.34496],[59.52784,36.34494],[59.52982,36.34506]]}},{"type":"Feature","properties":{"minzoom":12},"geometry":{"type":"LineString","coordinates":[[59.51514,36.34513],[59.51706,36.34499],[59.51857,36.34497],[59.5205,36.34498]]}},{"type":"Feature","properties":{"minzoom":12},"geometry":{"type":"LineString","coordinates":[[59.52978,36.34527],[59.52785,36.34541],[59.52574,36.34542]]}},{"type":"Feature","properties":{"minzoom":12},"geometry":{"type":"LineString","coordinates":[[59.52084,36.34502],[59.52089,36.34506],[59.52093,36.34511],[59.52095,36.34516],[59.52096,36.34521],[59.52095,36.34526],[59.52092,36.34531],[59.52088,36.34536],[59.52083,36.34539]]}},{"type":"Feature","properties":{"minzoom":12},"geometry":{"type":"LineString","coordinates":[[59.52467,36.34537],[59.52462,36.34533],[59.52459,36.34528],[59.52457,36.34523],[59.52457,36.34517],[59.52458,36.34511],[59.52461,36.34506]]}},{"type":"Feature","properties":{"minzoom":12},"geometry":{"type":"LineString","coordinates":[[59.41744,36.37311],[59.41734,36.37316],[59.41723,36.37315],[59.41714,36.37309],[59.4171,36.37301]]}},{"type":"Feature","properties":{"minzoom":12},"geometry":{"type":"LineString","coordinates":[[59.40685,36.38957],[59.40676,36.3896],[59.40667,36.38959],[59.40659,36.38954],[59.40656,36.38947],[59.40657,36.3894],[59.40662,36.38933]]}},{"type":"Feature","properties":{"minzoom":12},"geometry":{"type":"LineString","coordinates":[[59.40618,36.38963],[59.40626,36.38961],[59.40634,36.38962],[59.40641,36.38966],[59.40646,36.38972],[59.40646,36.38979],[59.40643,36.38985]]}},{"type":"Feature","properties":{"minzoom":12},"geometry":{"type":"LineString","coordinates":[[59.37426,36.40756],[59.37417,36.40754],[59.3741,36.40749],[59.37405,36.40742],[59.37405,36.40735],[59.37408,36.40728]]}},{"type":"Feature","properties":{"minzoom":12},"geometry":{"type":"LineString","coordinates":[[59.42974,36.35799],[59.42983,36.358],[59.4299,36.35803],[59.42994,36.35809],[59.42995,36.35816],[59.42992,36.35823],[59.42986,36.35827]]}},{"type":"Feature","properties":{"minzoom":12},"geometry":{"type":"LineString","coordinates":[[59.37362,36.40748],[59.3737,36.40748],[59.37378,36.4075],[59.37384,36.40754],[59.37388,36.4076],[59.3739,36.40766],[59.37388,36.40773]]}},{"type":"Feature","properties":{"minzoom":12},"geometry":{"type":"LineString","coordinates":[[59.36308,36.41275],[59.36302,36.41274],[59.36296,36.41271],[59.36292,36.41267],[59.3629,36.41261],[59.36291,36.41256],[59.36293,36.41251]]}},{"type":"Feature","properties":{"minzoom":12},"geometry":{"type":"LineString","coordinates":[[59.40784,36.323],[59.40813,36.32319],[59.40871,36.32343],[59.40875,36.32347],[59.40877,36.32353],[59.40876,36.32358],[59.40873,36.32364],[59.40867,36.32368],[59.40858,36.32369],[59.40798,36.32363],[59.40765,36.32366]]}},{"type":"Feature","properties":{"minzoom":13},"geometry":{"type":"LineString","coordinates":[[59.60107,36.3321],[59.60045,36.3321]]}},{"type":"Feature","properties":{"minzoom":13},"geometry":{"type":"LineString","coordinates":[[59.60131,36.33158],[59.60119,36.33203]]}},{"type":"Feature","properties":{"minzoom":12},"geometry":{"type":"LineString","coordinates":[[59.68944,36.47993],[59.68859,36.48068],[59.68842,36.48095],[59.68832,36.48132],[59.68831,36.48164],[59.68835,36.48202],[59.68848,36.48305],[59.6886,36.48342],[59.68871,36.48364],[59.68895,36.48394],[59.68935,36.48422]]}},{"type":"Feature","properties":{"minzoom":12},"geometry":{"type":"LineString","coordinates":[[59.68641,36.48286],[59.68694,36.48302],[59.6872,36.48304],[59.68742,36.483],[59.68762,36.48295],[59.68779,36.48283],[59.68791,36.48267],[59.68797,36.48249],[59.68796,36.48229],[59.68789,36.48216],[59.68774,36.482],[59.68755,36.4819],[59.6873,36.48184],[59.68699,36.48188],[59.68659,36.48203],[59.68598,36.48232]]}},{"type":"Feature","properties":{"minzoom":12},"geometry":{"type":"LineString","coordinates":[[59.68221,36.48087],[59.68296,36.48112],[59.68335,36.48116],[59.68365,36.48115],[59.68397,36.48107],[59.68467,36.48081],[59.68501,36.48072],[59.6867,36.48063],[59.68707,36.4806],[59.68741,36.48057],[59.68775,36.48049],[59.68806,36.48038],[59.68842,36.48022],[59.68931,36.47967]]}},{"type":"Feature","properties":{"minzoom":12},"geometry":{"type":"LineString","coordinates":[[59.68542,36.48231],[59.68579,36.48201],[59.68594,36.48182],[59.68599,36.48162],[59.68598,36.48138],[59.68587,36.4812],[59.68572,36.48107],[59.68553,36.48099],[59.68525,36.48094],[59.685,36.48099],[59.68475,36.48112],[59.68459,36.48132],[59.68457,36.48156],[59.68459,36.4817],[59.68472,36.48191],[59.68497,36.48217]]}},{"type":"Feature","properties":{"minzoom":12},"geometry":{"type":"LineString","coordinates":[[59.68455,36.48213],[59.684,36.48196],[59.68371,36.4819],[59.68345,36.48191],[59.68328,36.48194],[59.68313,36.48199],[59.68291,36.48215],[59.68281,36.4823],[59.68277,36.48246],[59.6828,36.48266],[59.68288,36.48282],[59.68301,36.48294],[59.68322,36.48304],[59.68344,36.4831],[59.68362,36.4831],[59.68397,36.48304],[59.68466,36.48276]]}},{"type":"Feature","properties":{"minzoom":12},"geometry":{"type":"LineString","coordinates":[[59.68548,36.48261],[59.68502,36.48301],[59.68485,36.48322],[59.68481,36.48339],[59.68485,36.48359],[59.68496,36.48376],[59.68514,36.4839],[59.68534,36.48397],[59.68557,36.484],[59.68585,36.48395],[59.68606,36.48384],[59.68619,36.48369],[59.68628,36.4835],[59.68628,36.48332],[59.68624,36.48314],[59.68614,36.48301],[59.68582,36.48275]]}},{"type":"Feature","properties":{"minzoom":12},"geometry":{"type":"LineString","coordinates":[[59.68095,36.48461],[59.68143,36.48428],[59.68186,36.48392],[59.6821,36.48366],[59.68225,36.48343],[59.68235,36.48322],[59.68242,36.48305],[59.68247,36.48275],[59.68249,36.48253],[59.68248,36.48227],[59.68241,36.48203],[59.68227,36.48172],[59.68208,36.4814],[59.68186,36.48114],[59.68162,36.48092],[59.68089,36.48042]]}},{"type":"Feature","properties":{"minzoom":13},"geometry":{"type":"LineString","coordinates":[[59.6266,36.17802],[59.62664,36.17769],[59.62665,36.1774],[59.62661,36.17721],[59.62656,36.17708],[59.62646,36.17694],[59.62638,36.17681],[59.62633,36.17667]]}},{"type":"Feature","properties":{"minzoom":13},"geometry":{"type":"LineString","coordinates":[[59.67044,36.26498],[59.67038,36.26489]]}},{"type":"Feature","properties":{"minzoom":13},"geometry":{"type":"LineString","coordinates":[[59.55099,36.33695],[59.55087,36.33697]]}},{"type":"Feature","properties":{"minzoom":12},"geometry":{"type":"LineString","coordinates":[[59.56183,36.34723],[59.56236,36.34739]]}},{"type":"Feature","properties":{"minzoom":13},"geometry":{"type":"LineString","coordinates":[[59.56799,36.3453],[59.56798,36.34504],[59.56792,36.34492],[59.56781,36.34479]]}},{"type":"Feature","properties":{"minzoom":13},"geometry":{"type":"LineString","coordinates":[[59.55379,36.33932],[59.55359,36.33917],[59.55334,36.33909]]}},{"type":"Feature","properties":{"minzoom":13},"geometry":{"type":"LineString","coordinates":[[59.63602,36.25902],[59.63535,36.25897],[59.63522,36.25894],[59.63511,36.25887],[59.63504,36.25877],[59.63503,36.25866],[59.63506,36.25856],[59.63514,36.25847],[59.63526,36.25841],[59.6354,36.25839],[59.63608,36.25844]]}},{"type":"Feature","properties":{"minzoom":13},"geometry":{"type":"LineString","coordinates":[[59.6338,36.2583],[59.63451,36.25836],[59.63466,36.25839],[59.63477,36.25847],[59.63483,36.25858],[59.63484,36.2587],[59.63478,36.25881],[59.63467,36.2589],[59.63453,36.25894],[59.63438,36.25893],[59.63373,36.25888]]}},{"type":"Feature","properties":{"minzoom":13},"geometry":{"type":"LineString","coordinates":[[59.63373,36.25888],[59.63267,36.25882],[59.63196,36.25883]]}},{"type":"Feature","properties":{"minzoom":13},"geometry":{"type":"LineString","coordinates":[[59.63608,36.25844],[59.63728,36.25852],[59.63774,36.25853],[59.6391,36.25853]]}},{"type":"Feature","properties":{"minzoom":13},"geometry":{"type":"LineString","coordinates":[[59.63777,36.25919],[59.63751,36.25912],[59.63725,36.25909],[59.63602,36.25902]]}},{"type":"Feature","properties":{"minzoom":13},"geometry":{"type":"LineString","coordinates":[[59.57249,36.2972],[59.57281,36.29699],[59.57294,36.29687],[59.57309,36.2967]]}},{"type":"Feature","properties":{"minzoom":13},"geometry":{"type":"LineString","coordinates":[[59.57327,36.29631],[59.57325,36.29645],[59.57322,36.29661],[59.57318,36.29683],[59.57315,36.29697],[59.57295,36.29727]]}},{"type":"Feature","properties":{"minzoom":13},"geometry":{"type":"LineString","coordinates":[[59.57296,36.29791],[59.57281,36.29777],[59.57264,36.29765],[59.57251,36.29758],[59.5724,36.29756],[59.57229,36.29754],[59.57213,36.29753]]}},{"type":"Feature","properties":{"minzoom":13},"geometry":{"type":"LineString","coordinates":[[59.58542,36.29156],[59.58548,36.29158],[59.58553,36.29161],[59.58558,36.29166]]}},{"type":"Feature","properties":{"minzoom":13},"geometry":{"type":"LineString","coordinates":[[59.58517,36.29075],[59.58517,36.29078],[59.58517,36.2908],[59.58515,36.29082],[59.58512,36.29085]]}},{"type":"Feature","properties":{"minzoom":13},"geometry":{"type":"LineString","coordinates":[[59.60584,36.31443],[59.60575,36.3145]]}},{"type":"Feature","properties":{"minzoom":13},"geometry":{"type":"LineString","coordinates":[[59.60116,36.31122],[59.60123,36.31115]]}},{"type":"Feature","properties":{"minzoom":13},"geometry":{"type":"LineString","coordinates":[[59.6076,36.31568],[59.60751,36.31575]]}},{"type":"Feature","properties":{"minzoom":13},"geometry":{"type":"LineString","coordinates":[[59.59571,36.30709],[59.59589,36.30709],[59.59604,36.30705]]}},{"type":"Feature","properties":{"minzoom":13},"geometry":{"type":"LineString","coordinates":[[59.59604,36.30756],[59.59584,36.30756],[59.59565,36.30758]]}},{"type":"Feature","properties":{"minzoom":13},"geometry":{"type":"LineString","coordinates":[[59.59561,36.30745],[59.59565,36.3073],[59.59564,36.30712]]}},{"type":"Feature","properties":{"minzoom":12},"geometry":{"type":"LineString","coordinates":[[59.59992,36.25566],[59.59969,36.25572],[59.59959,36.25571],[59.59951,36.25567],[59.59948,36.25563],[59.59945,36.25559],[59.59942,36.25553],[59.59943,36.25548],[59.59945,36.25542],[59.59951,36.25535],[59.59963,36.25522]]}},{"type":"Feature","properties":{"minzoom":12},"geometry":{"type":"LineString","coordinates":[[59.38335,36.48271],[59.38284,36.48274]]}},{"type":"Feature","properties":{"name":"آزادراه کنارگذر شمالی مشهد","minzoom":12},"geometry":{"type":"LineString","coordinates":[[59.38539,36.47861],[59.38566,36.4786]]}},{"type":"Feature","properties":{"minzoom":12},"geometry":{"type":"LineString","coordinates":[[59.38779,36.48291],[59.38707,36.48262],[59.3867,36.48259],[59.38335,36.48271]]}},{"type":"Feature","properties":{"name":"آزادراه کنارگذر شمالی مشهد","minzoom":12},"geometry":{"type":"LineString","coordinates":[[59.38566,36.4786],[59.38635,36.47857],[59.38683,36.47852],[59.38701,36.47848]]}},{"type":"Feature","properties":{"minzoom":12},"geometry":{"type":"LineString","coordinates":[[59.38284,36.48274],[59.38248,36.48276],[59.38195,36.48282],[59.38151,36.48298],[59.38077,36.48348],[59.38049,36.48349]]}},{"type":"Feature","properties":{"minzoom":12},"geometry":{"type":"LineString","coordinates":[[59.7122,36.14406],[59.71198,36.14458],[59.71194,36.14465],[59.71166,36.14509],[59.71087,36.14622],[59.71075,36.1465],[59.7107,36.14676],[59.71072,36.14704],[59.71083,36.14733],[59.71101,36.14759],[59.71127,36.14791]]}},{"type":"Feature","properties":{"minzoom":12},"geometry":{"type":"LineString","coordinates":[[59.38617,36.47942],[59.38583,36.4798],[59.38573,36.47992],[59.38556,36.4802],[59.38552,36.48049],[59.3856,36.48078],[59.38581,36.48099]]}},{"type":"Feature","properties":{"minzoom":12},"geometry":{"type":"LineString","coordinates":[[59.7157,36.14771],[59.71527,36.14807],[59.71491,36.14849],[59.71471,36.14887],[59.71459,36.14922],[59.71454,36.14958],[59.71454,36.14988],[59.71458,36.15025],[59.71471,36.15065],[59.71487,36.15096],[59.71562,36.15191]]}},{"type":"Feature","properties":{"minzoom":12},"geometry":{"type":"LineString","coordinates":[[59.71521,36.15198],[59.71433,36.15148],[59.71391,36.15131],[59.71337,36.15121],[59.71282,36.1512],[59.71228,36.15127],[59.71174,36.15145],[59.7113,36.15168],[59.70921,36.15307],[59.70862,36.15339]]}},{"type":"Feature","properties":{"name":"عبدالمطلب به موسوی","minzoom":13},"geometry":{"type":"LineString","coordinates":[[59.5905,36.33029],[59.59039,36.33058],[59.59038,36.33087]]}},{"type":"Feature","properties":{"minzoom":13},"geometry":{"type":"LineString","coordinates":[[59.60067,36.33151],[59.60115,36.33155]]}},{"type":"Feature","properties":{"minzoom":13},"geometry":{"type":"LineString","coordinates":[[59.59719,36.3283],[59.59731,36.32823]]}},{"type":"Feature","properties":{"minzoom":13},"geometry":{"type":"LineString","coordinates":[[59.60042,36.33201],[59.6005,36.33157]]}},{"type":"Feature","properties":{"minzoom":13},"geometry":{"type":"LineString","coordinates":[[59.59818,36.32918],[59.59844,36.32927],[59.59871,36.32935]]}},{"type":"Feature","properties":{"minzoom":13},"geometry":{"type":"LineString","coordinates":[[59.5889,36.3304],[59.589,36.33043],[59.58906,36.33048],[59.58933,36.3307],[59.58955,36.3308]]}},{"type":"Feature","properties":{"name":"عبدالمطلب به موسوی","minzoom":13},"geometry":{"type":"LineString","coordinates":[[59.58958,36.33078],[59.58971,36.33059],[59.58979,36.33043],[59.58983,36.33031],[59.58984,36.33021]]}},{"type":"Feature","properties":{"minzoom":12},"geometry":{"type":"LineString","coordinates":[[59.5876,36.34442],[59.58823,36.34399],[59.58907,36.34338],[59.58924,36.34329],[59.58932,36.34322],[59.58939,36.34313],[59.58944,36.343],[59.58946,36.3429],[59.58944,36.3428],[59.58939,36.3427],[59.58896,36.34223]]}},{"type":"Feature","properties":{"minzoom":13},"geometry":{"type":"LineString","coordinates":[[59.50976,36.37788],[59.50972,36.37791],[59.50968,36.37792],[59.50963,36.37792],[59.50958,36.37791],[59.50955,36.37789],[59.50952,36.37785],[59.50951,36.37782],[59.50952,36.37778]]}},{"type":"Feature","properties":{"minzoom":12},"geometry":{"type":"LineString","coordinates":[[59.54253,36.34528],[59.54134,36.34538],[59.5407,36.34538],[59.54054,36.3454],[59.54041,36.34545],[59.54031,36.34551],[59.54022,36.34556],[59.54016,36.34572],[59.54017,36.34587],[59.54031,36.34632],[59.54037,36.34666],[59.54042,36.34711],[59.54042,36.34755],[59.54038,36.34792],[59.54031,36.3482],[59.54024,36.34837],[59.54015,36.34852],[59.53988,36.34885]]}},{"type":"Feature","properties":{"minzoom":13},"geometry":{"type":"LineString","coordinates":[[59.76448,36.20698],[59.76445,36.20695],[59.76444,36.20691],[59.76446,36.20687],[59.76449,36.20685],[59.76453,36.20683],[59.76458,36.20683],[59.76462,36.20685]]}},{"type":"Feature","properties":{"minzoom":13},"geometry":{"type":"LineString","coordinates":[[59.4035,36.32128],[59.40322,36.32127],[59.40279,36.32118],[59.40252,36.32109],[59.40216,36.32094],[59.40155,36.32066],[59.40135,36.32054],[59.40113,36.32037],[59.40102,36.32028],[59.40087,36.32011]]}},{"type":"Feature","properties":{"minzoom":13},"geometry":{"type":"LineString","coordinates":[[59.65482,36.26783],[59.65459,36.26755],[59.65448,36.26742],[59.65443,36.26733],[59.65443,36.26723],[59.65446,36.26713],[59.65453,36.26705],[59.65463,36.267],[59.65475,36.26697],[59.65488,36.26698],[59.65498,36.26702],[59.65506,36.26708],[59.65516,36.26719],[59.65545,36.26751]]}},{"type":"Feature","properties":{"minzoom":13},"geometry":{"type":"LineString","coordinates":[[59.67099,36.30135],[59.67108,36.30126]]}},{"type":"Feature","properties":{"minzoom":13},"geometry":{"type":"LineString","coordinates":[[59.66734,36.36607],[59.6675,36.36602]]}},{"type":"Feature","properties":{"minzoom":13},"geometry":{"type":"LineString","coordinates":[[59.52972,36.33287],[59.52984,36.33285]]}},{"type":"Feature","properties":{"minzoom":13},"geometry":{"type":"LineString","coordinates":[[59.50671,36.35195],[59.50688,36.35184],[59.50695,36.35174],[59.50695,36.35156]]}},{"type":"Feature","properties":{"minzoom":13},"geometry":{"type":"LineString","coordinates":[[59.5071,36.35226],[59.50682,36.35205]]}},{"type":"Feature","properties":{"minzoom":13},"geometry":{"type":"LineString","coordinates":[[59.50754,36.35203],[59.50723,36.35228]]}},{"type":"Feature","properties":{"minzoom":13},"geometry":{"type":"LineString","coordinates":[[59.50709,36.35157],[59.50722,36.3517],[59.50752,36.35192]]}},{"type":"Feature","properties":{"minzoom":13},"geometry":{"type":"LineString","coordinates":[[59.65073,36.28645],[59.65084,36.28641],[59.65099,36.28635],[59.65116,36.28619]]}},{"type":"Feature","properties":{"minzoom":13},"geometry":{"type":"LineString","coordinates":[[59.52229,36.36112],[59.52216,36.36071]]}},{"type":"Feature","properties":{"minzoom":13},"geometry":{"type":"LineString","coordinates":[[59.52226,36.36062],[59.52276,36.36052]]}},{"type":"Feature","properties":{"minzoom":13},"geometry":{"type":"LineString","coordinates":[[59.52286,36.36061],[59.52302,36.361]]}},{"type":"Feature","properties":{"minzoom":13},"geometry":{"type":"LineString","coordinates":[[59.48697,36.29888],[59.48689,36.29888],[59.48683,36.29883],[59.48682,36.29876],[59.48687,36.2987]]}},{"type":"Feature","properties":{"minzoom":13},"geometry":{"type":"LineString","coordinates":[[59.6105,36.29425],[59.61022,36.29422],[59.60993,36.2943]]}},{"type":"Feature","properties":{"minzoom":13},"geometry":{"type":"LineString","coordinates":[[59.63274,36.26549],[59.63272,36.26553],[59.63269,36.26557],[59.63264,36.2656],[59.63259,36.2656]]}},{"type":"Feature","properties":{"minzoom":13},"geometry":{"type":"LineString","coordinates":[[59.63354,36.26668],[59.63353,36.26663],[59.63356,36.26659],[59.63362,36.26656],[59.63368,36.26656]]}},{"type":"Feature","properties":{"minzoom":12},"geometry":{"type":"LineString","coordinates":[[59.62213,36.32859],[59.62127,36.32916]]}},{"type":"Feature","properties":{"minzoom":12},"geometry":{"type":"LineString","coordinates":[[59.62026,36.3288],[59.62119,36.32847]]}},{"type":"Feature","properties":{"minzoom":12},"geometry":{"type":"LineString","coordinates":[[59.13161,36.61246],[59.13099,36.61185],[59.13057,36.61149],[59.12979,36.61106],[59.12927,36.61085],[59.12873,36.61066],[59.12776,36.61052],[59.12721,36.61051],[59.12676,36.61052],[59.1261,36.61063],[59.12541,36.61076]]}},{"type":"Feature","properties":{"name":"ورودی به بزرگراه بسیج","minzoom":13},"geometry":{"type":"LineString","coordinates":[[59.65379,36.27155],[59.65441,36.27123],[59.65457,36.27116],[59.65577,36.27069],[59.65599,36.27058],[59.65612,36.27049],[59.65624,36.27037],[59.65631,36.27027],[59.65635,36.27013],[59.65635,36.26996],[59.65629,36.26976],[59.65606,36.26928]]}},{"type":"Feature","properties":{"minzoom":13},"geometry":{"type":"LineString","coordinates":[[59.65779,36.27392],[59.65766,36.27429],[59.65761,36.27439],[59.65755,36.27446],[59.65747,36.27452],[59.65737,36.27456],[59.65727,36.27457],[59.65716,36.27455],[59.65707,36.27452],[59.65699,36.27446],[59.65694,36.27438],[59.65691,36.2743],[59.65692,36.27421],[59.6571,36.27372]]}},{"type":"Feature","properties":{"minzoom":12},"geometry":{"type":"LineString","coordinates":[[59.65288,36.26474],[59.65373,36.26541]]}},{"type":"Feature","properties":{"minzoom":12},"geometry":{"type":"LineString","coordinates":[[59.65319,36.26593],[59.65266,36.26483]]}},{"type":"Feature","properties":{"minzoom":12},"geometry":{"type":"LineString","coordinates":[[59.62655,36.25806],[59.62848,36.25793]]}},{"type":"Feature","properties":{"minzoom":12},"geometry":{"type":"LineString","coordinates":[[59.62965,36.258],[59.63215,36.2584]]}},{"type":"Feature","properties":{"minzoom":12},"geometry":{"type":"LineString","coordinates":[[59.62227,36.2571],[59.62094,36.25668]]}},{"type":"Feature","properties":{"minzoom":13},"geometry":{"type":"LineString","coordinates":[[59.65606,36.26928],[59.65482,36.26783]]}},{"type":"Feature","properties":{"minzoom":13},"geometry":{"type":"LineString","coordinates":[[59.65545,36.26751],[59.65607,36.2683],[59.65645,36.26871]]}},{"type":"Feature","properties":{"minzoom":12},"geometry":{"type":"LineString","coordinates":[[59.63154,36.25858],[59.63007,36.2587]]}},{"type":"Feature","properties":{"minzoom":12},"geometry":{"type":"LineString","coordinates":[[59.63928,36.25924],[59.63823,36.25898]]}},{"type":"Feature","properties":{"minzoom":13},"geometry":{"type":"LineString","coordinates":[[59.63153,36.2581],[59.63272,36.25823],[59.6338,36.2583]]}},{"type":"Feature","properties":{"minzoom":12},"geometry":{"type":"LineString","coordinates":[[59.65099,36.26299],[59.65053,36.26271],[59.64973,36.26206],[59.64918,36.26172],[59.64861,36.26141],[59.64786,36.26111]]}},{"type":"Feature","properties":{"minzoom":13},"geometry":{"type":"LineString","coordinates":[[59.61687,36.2544],[59.61692,36.25425],[59.61702,36.25415],[59.61717,36.25409]]}},{"type":"Feature","properties":{"minzoom":13},"geometry":{"type":"LineString","coordinates":[[59.6571,36.27372],[59.65723,36.27322],[59.6573,36.2728],[59.65732,36.27228],[59.65724,36.27166]]}},{"type":"Feature","properties":{"minzoom":13},"geometry":{"type":"LineString","coordinates":[[59.61717,36.25409],[59.61733,36.25408],[59.6175,36.25411],[59.61853,36.25462],[59.61927,36.25501],[59.61989,36.25534]]}},{"type":"Feature","properties":{"minzoom":13},"geometry":{"type":"LineString","coordinates":[[59.61861,36.25543],[59.61778,36.25501],[59.61702,36.25465],[59.61692,36.25455],[59.61687,36.2544]]}},{"type":"Feature","properties":{"minzoom":12},"geometry":{"type":"LineString","coordinates":[[59.65547,36.27807],[59.65542,36.27772],[59.65545,36.27749],[59.65556,36.27721],[59.65588,36.27646],[59.65605,36.2759]]}},{"type":"Feature","properties":{"minzoom":13},"geometry":{"type":"LineString","coordinates":[[59.50554,36.30294],[59.50612,36.30263],[59.50628,36.30257],[59.50642,36.30254],[59.50663,36.3025],[59.50679,36.30248],[59.50704,36.30243]]}},{"type":"Feature","properties":{"minzoom":13},"geometry":{"type":"LineString","coordinates":[[59.55511,36.26393],[59.55512,36.26406]]}},{"type":"Feature","properties":{"minzoom":13},"geometry":{"type":"LineString","coordinates":[[59.54828,36.27598],[59.54805,36.27606],[59.54796,36.27614],[59.54787,36.27628]]}},{"type":"Feature","properties":{"minzoom":13},"geometry":{"type":"LineString","coordinates":[[59.54787,36.27628],[59.54785,36.27607],[59.54776,36.27596],[59.54764,36.27584]]}},{"type":"Feature","properties":{"minzoom":13},"geometry":{"type":"LineString","coordinates":[[59.53801,36.27559],[59.53795,36.27556],[59.53793,36.2755],[59.53796,36.27544],[59.53802,36.2754],[59.53809,36.2754]]}},{"type":"Feature","properties":{"minzoom":13},"geometry":{"type":"LineString","coordinates":[[59.5541,36.27652],[59.55418,36.27654],[59.55424,36.27659],[59.55425,36.27666],[59.55422,36.27672],[59.55415,36.27676],[59.55406,36.27677]]}},{"type":"Feature","properties":{"minzoom":12},"geometry":{"type":"LineString","coordinates":[[59.57991,36.3488],[59.57842,36.34956]]}},{"type":"Feature","properties":{"minzoom":12},"geometry":{"type":"LineString","coordinates":[[59.57537,36.35017],[59.57268,36.35004]]}},{"type":"Feature","properties":{"minzoom":13},"geometry":{"type":"LineString","coordinates":[[59.58202,36.34733],[59.58211,36.34737],[59.58231,36.34762],[59.58233,36.34771]]}},{"type":"Feature","properties":{"minzoom":13},"geometry":{"type":"LineString","coordinates":[[59.57981,36.34832],[59.58071,36.34794],[59.58176,36.34736],[59.58184,36.34732],[59.58193,36.34731],[59.58202,36.34733]]}},{"type":"Feature","properties":{"minzoom":13},"geometry":{"type":"LineString","coordinates":[[59.58233,36.34771],[59.58232,36.34776],[59.58229,36.3478],[59.58224,36.34784],[59.5811,36.34845],[59.58053,36.34877]]}},{"type":"Feature","properties":{"minzoom":13},"geometry":{"type":"LineString","coordinates":[[59.66042,36.29412],[59.66032,36.2934],[59.65994,36.29209],[59.65994,36.29204],[59.65997,36.292],[59.66001,36.29196],[59.66007,36.29194],[59.66045,36.29186],[59.66051,36.29188],[59.66058,36.29192],[59.66063,36.29198],[59.66102,36.29326],[59.66111,36.29344]]}},{"type":"Feature","properties":{"minzoom":13},"geometry":{"type":"LineString","coordinates":[[59.65992,36.28934],[59.66004,36.29023],[59.6602,36.29092],[59.66031,36.2917]]}},{"type":"Feature","properties":{"minzoom":12},"geometry":{"type":"LineString","coordinates":[[59.13409,36.60923],[59.13347,36.60931],[59.13313,36.60937],[59.13281,36.6095],[59.13251,36.60964],[59.1322,36.60984],[59.13195,36.61005],[59.13179,36.61023],[59.13155,36.6107],[59.13147,36.611],[59.1315,36.61137],[59.13162,36.6118],[59.13176,36.61227],[59.13195,36.61265]]}},{"type":"Feature","properties":{"minzoom":12},"geometry":{"type":"LineString","coordinates":[[59.1267,36.61012],[59.12725,36.60993],[59.12756,36.60979],[59.12777,36.60968],[59.12795,36.60954],[59.1281,36.6094],[59.12821,36.60926],[59.12832,36.60912],[59.12842,36.60894],[59.12849,36.60875],[59.12852,36.60855],[59.12853,36.60837],[59.12851,36.60819],[59.12848,36.60801],[59.12833,36.60764]]}},{"type":"Feature","properties":{"minzoom":12},"geometry":{"type":"LineString","coordinates":[[59.12829,36.60734],[59.12856,36.60761],[59.12893,36.60798],[59.12919,36.60818],[59.12946,36.60836],[59.12973,36.60852],[59.13005,36.60868],[59.13038,36.60881],[59.13071,36.60891],[59.13106,36.60899],[59.1314,36.60905],[59.13169,36.60908],[59.13198,36.60909],[59.13246,36.60905],[59.1331,36.60908]]}},{"type":"Feature","properties":{"minzoom":12},"geometry":{"type":"LineString","coordinates":[[59.13029,36.61014],[59.13053,36.61036],[59.13071,36.61044],[59.13088,36.61047],[59.13105,36.61046],[59.13122,36.61041],[59.13138,36.61033],[59.13147,36.61024],[59.13155,36.61013],[59.13157,36.60998],[59.13153,36.60981],[59.13147,36.6097],[59.13138,36.60962],[59.13126,36.60955],[59.13108,36.60949],[59.13081,36.6095],[59.13017,36.60952]]}},{"type":"Feature","properties":{"minzoom":12},"geometry":{"type":"LineString","coordinates":[[59.12966,36.60961],[59.1291,36.60982],[59.12896,36.60992],[59.12888,36.61004],[59.12885,36.61016],[59.12887,36.61031],[59.12894,36.61044],[59.12906,36.61055],[59.12924,36.61061],[59.12941,36.61063],[59.12959,36.61061],[59.12976,36.61054],[59.12986,36.61045],[59.12993,36.61035],[59.12997,36.61028],[59.12998,36.61016],[59.12996,36.61003]]}},{"type":"Feature","properties":{"minzoom":12},"geometry":{"type":"LineString","coordinates":[[59.11026,36.61581],[59.11058,36.61577],[59.11067,36.6158],[59.11074,36.61585],[59.11076,36.61593],[59.1107,36.61601],[59.11057,36.61607],[59.10864,36.61675],[59.10759,36.61719]]}},{"type":"Feature","properties":{"minzoom":13},"geometry":{"type":"LineString","coordinates":[[59.51519,36.37999],[59.51514,36.38006],[59.51509,36.38007],[59.51505,36.38008],[59.515,36.38007],[59.51497,36.38004],[59.51495,36.38001],[59.51494,36.37997],[59.51496,36.37993],[59.51502,36.37987]]}},{"type":"Feature","properties":{"minzoom":13},"geometry":{"type":"LineString","coordinates":[[59.53368,36.36481],[59.53372,36.36479],[59.53374,36.36479],[59.53376,36.36478],[59.53379,36.36478],[59.53381,36.36479],[59.53383,36.36479],[59.53385,36.3648],[59.53386,36.36482],[59.53387,36.36483],[59.53388,36.36485],[59.53389,36.36487],[59.53388,36.36488],[59.53388,36.3649],[59.53387,36.36492],[59.53385,36.36493]]}},{"type":"Feature","properties":{"minzoom":13},"geometry":{"type":"LineString","coordinates":[[59.52583,36.35621],[59.52613,36.35616]]}},{"type":"Feature","properties":{"minzoom":13},"geometry":{"type":"LineString","coordinates":[[59.52029,36.35354],[59.51996,36.35363]]}},{"type":"Feature","properties":{"minzoom":13},"geometry":{"type":"LineString","coordinates":[[59.52186,36.34882],[59.52199,36.34899],[59.52212,36.34916]]}},{"type":"Feature","properties":{"minzoom":13},"geometry":{"type":"LineString","coordinates":[[59.51984,36.35355],[59.51982,36.35344],[59.51978,36.35335],[59.51972,36.35324]]}},{"type":"Feature","properties":{"minzoom":13},"geometry":{"type":"LineString","coordinates":[[59.52629,36.35618],[59.52637,36.35648]]}},{"type":"Feature","properties":{"minzoom":13},"geometry":{"type":"LineString","coordinates":[[59.52136,36.3491],[59.52159,36.34891],[59.52174,36.34878]]}},{"type":"Feature","properties":{"minzoom":13},"geometry":{"type":"LineString","coordinates":[[59.52205,36.34927],[59.52182,36.34938],[59.5216,36.34949]]}},{"type":"Feature","properties":{"minzoom":13},"geometry":{"type":"LineString","coordinates":[[59.51292,36.35492],[59.51305,36.35494]]}},{"type":"Feature","properties":{"minzoom":13},"geometry":{"type":"LineString","coordinates":[[59.53123,36.34688],[59.53139,36.34688]]}},{"type":"Feature","properties":{"minzoom":13},"geometry":{"type":"LineString","coordinates":[[59.52237,36.35459],[59.52245,36.35449]]}},{"type":"Feature","properties":{"minzoom":13},"geometry":{"type":"LineString","coordinates":[[59.5139,36.35183],[59.51369,36.35197],[59.51355,36.35209]]}},{"type":"Feature","properties":{"minzoom":13},"geometry":{"type":"LineString","coordinates":[[59.52629,36.35658],[59.52592,36.35666]]}},{"type":"Feature","properties":{"minzoom":13},"geometry":{"type":"LineString","coordinates":[[59.53127,36.3481],[59.53142,36.3481]]}},{"type":"Feature","properties":{"minzoom":13},"geometry":{"type":"LineString","coordinates":[[59.51598,36.36926],[59.51588,36.36921]]}},{"type":"Feature","properties":{"minzoom":13},"geometry":{"type":"LineString","coordinates":[[59.51109,36.37458],[59.51119,36.37464]]}},{"type":"Feature","properties":{"minzoom":13},"geometry":{"type":"LineString","coordinates":[[59.52021,36.35303],[59.5203,36.35321],[59.52043,36.35347]]}},{"type":"Feature","properties":{"minzoom":13},"geometry":{"type":"LineString","coordinates":[[59.52148,36.34945],[59.52136,36.34934],[59.52122,36.34921]]}},{"type":"Feature","properties":{"minzoom":13},"geometry":{"type":"LineString","coordinates":[[59.52578,36.35661],[59.52575,36.35643],[59.52567,36.35626]]}},{"type":"Feature","properties":{"minzoom":13},"geometry":{"type":"LineString","coordinates":[[59.51858,36.3568],[59.51849,36.35669],[59.51837,36.35659]]}},{"type":"Feature","properties":{"minzoom":13},"geometry":{"type":"LineString","coordinates":[[59.51342,36.35212],[59.5133,36.352],[59.51309,36.3519]]}},{"type":"Feature","properties":{"minzoom":13},"geometry":{"type":"LineString","coordinates":[[59.51955,36.35304],[59.51972,36.35304],[59.51986,36.35301],[59.52,36.35296],[59.52011,36.35289]]}},{"type":"Feature","properties":{"minzoom":12},"geometry":{"type":"LineString","coordinates":[[59.53858,36.36193],[59.53883,36.36107],[59.53902,36.36054]]}},{"type":"Feature","properties":{"minzoom":13},"geometry":{"type":"LineString","coordinates":[[59.5251,36.36816],[59.52485,36.36816],[59.5247,36.36818],[59.52457,36.36822],[59.52446,36.36827]]}},{"type":"Feature","properties":{"minzoom":13},"geometry":{"type":"LineString","coordinates":[[59.61628,36.2612],[59.61574,36.26122]]}},{"type":"Feature","properties":{"minzoom":13},"geometry":{"type":"LineString","coordinates":[[59.62886,36.27656],[59.62872,36.27647]]}},{"type":"Feature","properties":{"minzoom":13},"geometry":{"type":"LineString","coordinates":[[59.62875,36.27495],[59.62865,36.27504]]}},{"type":"Feature","properties":{"minzoom":13},"geometry":{"type":"LineString","coordinates":[[59.57333,36.29647],[59.57338,36.29653],[59.57344,36.2966],[59.57356,36.29665],[59.57374,36.29667]]}},{"type":"Feature","properties":{"minzoom":13},"geometry":{"type":"LineString","coordinates":[[59.57327,36.29631],[59.57325,36.29634],[59.57322,36.29635],[59.57318,36.29636],[59.57314,36.29635],[59.57311,36.29634]]}},{"type":"Feature","properties":{"minzoom":13},"geometry":{"type":"LineString","coordinates":[[59.1028,36.13365],[59.10285,36.13355]]}},{"type":"Feature","properties":{"minzoom":13},"geometry":{"type":"LineString","coordinates":[[59.10661,36.13467],[59.10658,36.13478]]}},{"type":"Feature","properties":{"minzoom":13},"geometry":{"type":"LineString","coordinates":[[59.11022,36.13575],[59.11015,36.13582]]}},{"type":"Feature","properties":{"minzoom":13},"geometry":{"type":"LineString","coordinates":[[59.4931,36.31796],[59.4933,36.31795],[59.4936,36.31793]]}},{"type":"Feature","properties":{"minzoom":13},"geometry":{"type":"LineString","coordinates":[[59.6098,36.31583],[59.60969,36.31576]]}},{"type":"Feature","properties":{"minzoom":13},"geometry":{"type":"LineString","coordinates":[[59.59607,36.30719],[59.59606,36.30748]]}},{"type":"Feature","properties":{"minzoom":12},"geometry":{"type":"LineString","coordinates":[[59.52696,36.31919],[59.52703,36.31909]]}},{"type":"Feature","properties":{"minzoom":12},"geometry":{"type":"LineString","coordinates":[[59.51313,36.3234],[59.51356,36.32339]]}},{"type":"Feature","properties":{"minzoom":13},"geometry":{"type":"LineString","coordinates":[[59.59468,36.32725],[59.59461,36.3272]]}},{"type":"Feature","properties":{"minzoom":13},"geometry":{"type":"LineString","coordinates":[[59.49684,36.3221],[59.4967,36.32217]]}},{"type":"Feature","properties":{"minzoom":13},"geometry":{"type":"LineString","coordinates":[[59.56451,36.32454],[59.56448,36.32452],[59.56447,36.32449],[59.56446,36.32445],[59.56446,36.32442],[59.56447,36.32439],[59.56449,36.32436],[59.56451,36.32433]]}},{"type":"Feature","properties":{"minzoom":12},"geometry":{"type":"LineString","coordinates":[[59.5018,36.32839],[59.50156,36.32794],[59.50157,36.32788],[59.50161,36.32785],[59.50167,36.32783],[59.50173,36.32782],[59.50179,36.32784],[59.50187,36.32798]]}},{"type":"Feature","properties":{"minzoom":13},"geometry":{"type":"LineString","coordinates":[[59.56236,36.32445],[59.56239,36.32447],[59.56242,36.3245],[59.56243,36.32453],[59.56244,36.32456],[59.56244,36.3246],[59.56242,36.32463],[59.5624,36.32465],[59.56237,36.32468]]}},{"type":"Feature","properties":{"minzoom":13},"geometry":{"type":"LineString","coordinates":[[59.58803,36.3085],[59.58794,36.30856]]}},{"type":"Feature","properties":{"name":"فردوسی به خیام شمالی","minzoom":13},"geometry":{"type":"LineString","coordinates":[[59.57063,36.32415],[59.57056,36.3242],[59.57051,36.32426],[59.5705,36.32429],[59.57048,36.32433],[59.57045,36.32443]]}},{"type":"Feature","properties":{"minzoom":13},"geometry":{"type":"LineString","coordinates":[[59.57644,36.32362],[59.5765,36.32364],[59.57655,36.32367],[59.57657,36.32372],[59.57656,36.32377],[59.57651,36.32382],[59.57645,36.32384]]}},{"type":"Feature","properties":{"minzoom":13},"geometry":{"type":"LineString","coordinates":[[59.64196,36.29749],[59.64204,36.29754]]}},{"type":"Feature","properties":{"minzoom":13},"geometry":{"type":"LineString","coordinates":[[59.64457,36.2949],[59.64449,36.29485]]}},{"type":"Feature","properties":{"minzoom":13},"geometry":{"type":"LineString","coordinates":[[59.63582,36.26995],[59.6359,36.26971],[59.63598,36.26949]]}},{"type":"Feature","properties":{"minzoom":13},"geometry":{"type":"LineString","coordinates":[[59.46745,36.36586],[59.46752,36.36579],[59.46757,36.36568],[59.46758,36.36559],[59.46758,36.36547],[59.46755,36.36537]]}},{"type":"Feature","properties":{"minzoom":13},"geometry":{"type":"LineString","coordinates":[[59.46832,36.36605],[59.46815,36.36597],[59.46798,36.36595],[59.46785,36.36593],[59.46764,36.36593]]}},{"type":"Feature","properties":{"minzoom":13},"geometry":{"type":"LineString","coordinates":[[59.46782,36.36542],[59.46797,36.36546],[59.46819,36.36548],[59.4685,36.36548]]}},{"type":"Feature","properties":{"minzoom":13},"geometry":{"type":"LineString","coordinates":[[59.63243,36.31507],[59.63239,36.31499]]}},{"type":"Feature","properties":{"name":"ورودی هاشمی نژاد","minzoom":13},"geometry":{"type":"LineString","coordinates":[[59.60794,36.29825],[59.60806,36.29841],[59.60819,36.29855],[59.60825,36.29862],[59.60838,36.29873],[59.60848,36.2988],[59.60852,36.29882]]}},{"type":"Feature","properties":{"minzoom":12},"geometry":{"type":"LineString","coordinates":[[59.62692,36.32643],[59.62629,36.32661]]}},{"type":"Feature","properties":{"name":"بزرگراه شهید میرزائی","minzoom":12},"geometry":{"type":"LineString","coordinates":[[59.62484,36.32649],[59.62522,36.32645],[59.62531,36.32644],[59.62538,36.32642],[59.62561,36.32636],[59.62653,36.32592],[59.62678,36.32579],[59.62744,36.32546],[59.6277,36.32533]]}},{"type":"Feature","properties":{"minzoom":13},"geometry":{"type":"LineString","coordinates":[[59.65254,36.31088],[59.65264,36.31094],[59.65266,36.31097],[59.65267,36.31101],[59.65266,36.31105],[59.65262,36.31108],[59.65258,36.3111],[59.65253,36.3111],[59.65248,36.31109],[59.65232,36.31098]]}},{"type":"Feature","properties":{"minzoom":13},"geometry":{"type":"LineString","coordinates":[[59.60249,36.27447],[59.60258,36.27453]]}},{"type":"Feature","properties":{"minzoom":13},"geometry":{"type":"LineString","coordinates":[[59.51763,36.39295],[59.51776,36.39305]]}},{"type":"Feature","properties":{"minzoom":13},"geometry":{"type":"LineString","coordinates":[[59.51344,36.39686],[59.51334,36.39679]]}},{"type":"Feature","properties":{"minzoom":13},"geometry":{"type":"LineString","coordinates":[[59.5428,36.37465],[59.54287,36.37502],[59.54292,36.37513]]}},{"type":"Feature","properties":{"minzoom":13},"geometry":{"type":"LineString","coordinates":[[59.54292,36.37524],[59.5427,36.37531],[59.54249,36.37538]]}},{"type":"Feature","properties":{"minzoom":13},"geometry":{"type":"LineString","coordinates":[[59.62978,36.28629],[59.62974,36.28629],[59.62971,36.28628],[59.62969,36.28627],[59.62968,36.28625],[59.62968,36.28621],[59.62969,36.28618]]}},{"type":"Feature","properties":{"minzoom":13},"geometry":{"type":"LineString","coordinates":[[59.6195,36.31969],[59.61953,36.31972],[59.61958,36.31974],[59.61963,36.31978],[59.61967,36.31984],[59.61971,36.31991],[59.61975,36.31994],[59.61981,36.31997],[59.61991,36.31998],[59.62,36.31996],[59.62015,36.31993]]}},{"type":"Feature","properties":{"name":"ورودی خیابان دانشگاه","minzoom":13},"geometry":{"type":"LineString","coordinates":[[59.60413,36.29475],[59.60415,36.29496],[59.60439,36.29537],[59.60468,36.29583]]}},{"type":"Feature","properties":{"name":"بولوار حر","minzoom":13},"geometry":{"type":"LineString","coordinates":[[59.66049,36.269],[59.66019,36.26918],[59.65989,36.26932],[59.65904,36.26968],[59.65837,36.26995],[59.65816,36.27006],[59.65807,36.27015],[59.65802,36.27023],[59.658,36.27029],[59.65797,36.27046],[59.65793,36.27088],[59.65793,36.27124]]}},{"type":"Feature","properties":{"name":"دوربرگردان شهید عباسپور","minzoom":13},"geometry":{"type":"LineString","coordinates":[[59.65631,36.27027],[59.65641,36.2702],[59.65647,36.27019],[59.65653,36.2702],[59.65659,36.27022],[59.65665,36.27029],[59.65678,36.27053],[59.65678,36.27059],[59.65676,36.27065],[59.65671,36.2707],[59.65644,36.27075]]}},{"type":"Feature","properties":{"minzoom":13},"geometry":{"type":"LineString","coordinates":[[59.47551,36.34444],[59.47561,36.34441]]}},{"type":"Feature","properties":{"minzoom":13},"geometry":{"type":"LineString","coordinates":[[59.48962,36.34117],[59.48985,36.34139],[59.48992,36.34144],[59.49012,36.34158],[59.49045,36.34173]]}},{"type":"Feature","properties":{"minzoom":13},"geometry":{"type":"LineString","coordinates":[[59.49049,36.34187],[59.49029,36.34192],[59.4902,36.34197],[59.49014,36.34203],[59.49009,36.34214]]}},{"type":"Feature","properties":{"minzoom":13},"geometry":{"type":"LineString","coordinates":[[59.57165,36.29225],[59.57179,36.29214],[59.57192,36.29203],[59.57204,36.29189]]}},{"type":"Feature","properties":{"minzoom":13},"geometry":{"type":"LineString","coordinates":[[59.57208,36.29259],[59.57194,36.29248],[59.5718,36.29242],[59.5717,36.29239],[59.57163,36.29237]]}},{"type":"Feature","properties":{"name":"بولوار جانباز","minzoom":12},"geometry":{"type":"LineString","coordinates":[[59.54788,36.34007],[59.54772,36.34019],[59.54767,36.34032],[59.54768,36.34065]]}},{"type":"Feature","properties":{"minzoom":12},"geometry":{"type":"LineString","coordinates":[[59.63964,36.31995],[59.63956,36.31981],[59.63957,36.31974],[59.63962,36.31969],[59.63974,36.3196],[59.64005,36.31948],[59.64011,36.31949],[59.64014,36.31953],[59.64019,36.31977],[59.64024,36.31986]]}},{"type":"Feature","properties":{"minzoom":13},"geometry":{"type":"LineString","coordinates":[[59.6252,36.33557],[59.62533,36.33546],[59.62539,36.33538],[59.62539,36.33528],[59.6253,36.33477],[59.62535,36.33423]]}},{"type":"Feature","properties":{"minzoom":13},"geometry":{"type":"LineString","coordinates":[[59.56915,36.34967],[59.56793,36.34936],[59.56765,36.34928],[59.56744,36.34924],[59.56727,36.34923],[59.56681,36.34924],[59.56663,36.34923],[59.56645,36.3492],[59.5657,36.349],[59.56534,36.34891],[59.56521,36.34892],[59.56507,36.34894],[59.56495,36.349],[59.56485,36.34907],[59.56432,36.34966]]}},{"type":"Feature","properties":{"minzoom":13},"geometry":{"type":"LineString","coordinates":[[59.60341,36.3208],[59.60343,36.32055],[59.6034,36.32031]]}},{"type":"Feature","properties":{"minzoom":13},"geometry":{"type":"LineString","coordinates":[[59.59341,36.31393],[59.59364,36.31392],[59.59386,36.31386]]}},{"type":"Feature","properties":{"minzoom":13},"geometry":{"type":"LineString","coordinates":[[59.60408,36.32092],[59.60392,36.32086],[59.6037,36.32085],[59.60348,36.32088]]}},{"type":"Feature","properties":{"minzoom":13},"geometry":{"type":"LineString","coordinates":[[59.60913,36.3169],[59.60895,36.31686],[59.60877,36.31685],[59.60859,36.31686]]}},{"type":"Feature","properties":{"minzoom":13},"geometry":{"type":"LineString","coordinates":[[59.59336,36.31436],[59.59337,36.31424],[59.59335,36.31416],[59.59333,36.3141],[59.59327,36.31399]]}},{"type":"Feature","properties":{"minzoom":13},"geometry":{"type":"LineString","coordinates":[[59.60355,36.32029],[59.60373,36.32032],[59.60391,36.32032],[59.60408,36.32028]]}},{"type":"Feature","properties":{"minzoom":13},"geometry":{"type":"LineString","coordinates":[[59.54884,36.28048],[59.54887,36.28048],[59.5489,36.2805],[59.54891,36.28053],[59.54891,36.28056]]}},{"type":"Feature","properties":{"minzoom":13},"geometry":{"type":"LineString","coordinates":[[59.58533,36.30349],[59.58534,36.30348],[59.58536,36.30346],[59.58538,36.30346],[59.5854,36.30345],[59.58542,36.30346]]}},{"type":"Feature","properties":{"minzoom":13},"geometry":{"type":"LineString","coordinates":[[59.59398,36.32452],[59.59396,36.32457],[59.59394,36.32459],[59.59392,36.32461],[59.59389,36.32463],[59.59385,36.32463],[59.59382,36.32463]]}},{"type":"Feature","properties":{"minzoom":12},"geometry":{"type":"LineString","coordinates":[[59.54314,36.3389],[59.54395,36.33937],[59.54425,36.33956],[59.54455,36.33972],[59.54503,36.33988],[59.54555,36.33998],[59.54597,36.34001],[59.54622,36.34],[59.54635,36.34],[59.54652,36.33995],[59.54659,36.33991],[59.54666,36.33979],[59.54672,36.33967]]}},{"type":"Feature","properties":{"minzoom":12},"geometry":{"type":"LineString","coordinates":[[59.54695,36.34055],[59.54678,36.34038],[59.54666,36.34031],[59.54641,36.34031],[59.54599,36.34032],[59.54549,36.34028],[59.54508,36.34021],[59.5447,36.34011],[59.54434,36.33997],[59.54398,36.33979],[59.5437,36.33961],[59.54301,36.339]]}},{"type":"Feature","properties":{"minzoom":12},"geometry":{"type":"LineString","coordinates":[[59.54635,36.34],[59.54643,36.33999],[59.5465,36.34002],[59.54654,36.34009],[59.54656,36.34016],[59.54656,36.34023],[59.54651,36.34027],[59.54641,36.34031]]}},{"type":"Feature","properties":{"minzoom":13},"geometry":{"type":"LineString","coordinates":[[59.5778,36.28801],[59.57791,36.28814],[59.57796,36.28827]]}},{"type":"Feature","properties":{"minzoom":13},"geometry":{"type":"LineString","coordinates":[[59.57792,36.28834],[59.57777,36.28839],[59.57758,36.28842]]}},{"type":"Feature","properties":{"minzoom":13},"geometry":{"type":"LineString","coordinates":[[59.57746,36.28809],[59.57761,36.28804],[59.5778,36.28801]]}},{"type":"Feature","properties":{"minzoom":13},"geometry":{"type":"LineString","coordinates":[[59.57187,36.30543],[59.57199,36.30543],[59.5721,36.30546],[59.5722,36.3055],[59.57229,36.30556]]}},{"type":"Feature","properties":{"minzoom":13},"geometry":{"type":"LineString","coordinates":[[59.59825,36.25506],[59.59824,36.25508],[59.59822,36.25512],[59.59821,36.25514],[59.59818,36.25517],[59.59814,36.25518],[59.59811,36.25519],[59.59807,36.25519],[59.59803,36.25519],[59.59794,36.25514]]}},{"type":"Feature","properties":{"name":"بولوار جانباز","minzoom":12},"geometry":{"type":"LineString","coordinates":[[59.5474,36.33961],[59.54746,36.33969],[59.54754,36.33973],[59.54762,36.33977],[59.54775,36.33977]]}},{"type":"Feature","properties":{"minzoom":13},"geometry":{"type":"LineString","coordinates":[[59.52241,36.34594],[59.52244,36.34591],[59.52248,36.34589],[59.52253,36.34588],[59.52258,36.34588],[59.52262,36.34588],[59.52267,36.3459],[59.5227,36.34593],[59.52273,36.34596],[59.52274,36.346]]}},{"type":"Feature","properties":{"minzoom":13},"geometry":{"type":"LineString","coordinates":[[59.48377,36.38127],[59.48392,36.38142]]}},{"type":"Feature","properties":{"minzoom":13},"geometry":{"type":"LineString","coordinates":[[59.48671,36.37942],[59.48686,36.37956]]}},{"type":"Feature","properties":{"minzoom":13},"geometry":{"type":"LineString","coordinates":[[59.48553,36.38068],[59.48552,36.38064],[59.48553,36.38061],[59.48556,36.38059],[59.4856,36.38058],[59.48565,36.38059]]}},{"type":"Feature","properties":{"minzoom":13},"geometry":{"type":"LineString","coordinates":[[59.4851,36.38011],[59.48511,36.38016],[59.48509,36.3802],[59.48504,36.38023],[59.48499,36.38025],[59.48493,36.38024]]}},{"type":"Feature","properties":{"minzoom":12},"geometry":{"type":"LineString","coordinates":[[59.62584,36.22106],[59.626,36.22167],[59.62598,36.22228],[59.62594,36.22325],[59.62593,36.22411],[59.62592,36.2245],[59.62591,36.22458],[59.62588,36.22525],[59.62584,36.22572],[59.62581,36.22606],[59.62579,36.22653],[59.62565,36.23059],[59.62564,36.23081],[59.62563,36.23134],[59.62561,36.23193],[59.62559,36.23251],[59.62556,36.23276],[59.62549,36.23308],[59.6254,36.23345],[59.62536,36.23364],[59.62536,36.2338],[59.62542,36.23407]]}},{"type":"Feature","properties":{"minzoom":13},"geometry":{"type":"LineString","coordinates":[[59.6182,36.28957],[59.61807,36.28949],[59.61791,36.28941],[59.61788,36.28936],[59.61789,36.28931],[59.61794,36.28927],[59.61801,36.28925],[59.61807,36.28926],[59.61819,36.28939],[59.6183,36.28946]]}},{"type":"Feature","properties":{"minzoom":13},"geometry":{"type":"LineString","coordinates":[[59.52839,36.3281],[59.52838,36.32811],[59.52837,36.32813],[59.52836,36.32814],[59.52834,36.32814],[59.52832,36.32814],[59.5283,36.32814],[59.52828,36.32813]]}},{"type":"Feature","properties":{"name":"ورودی خیابان هاشمی نژاد","minzoom":13},"geometry":{"type":"LineString","coordinates":[[59.60793,36.30095],[59.6079,36.3007],[59.60771,36.30042],[59.60736,36.29987],[59.60719,36.29961],[59.60708,36.29947],[59.60706,36.29941],[59.60706,36.2993],[59.6071,36.29919],[59.60726,36.299],[59.60747,36.29884],[59.60768,36.29878],[59.60783,36.29877],[59.60796,36.2988],[59.60841,36.29897],[59.60875,36.2991],[59.60953,36.29938],[59.60979,36.29937]]}},{"type":"Feature","properties":{"minzoom":12},"geometry":{"type":"LineString","coordinates":[[59.74111,36.07921],[59.74032,36.0794],[59.73982,36.07958],[59.73936,36.07984],[59.73914,36.08005],[59.73885,36.08039],[59.73861,36.0808],[59.73854,36.08102],[59.7385,36.08125],[59.73849,36.08165],[59.73855,36.08202],[59.73865,36.08239],[59.73879,36.08265],[59.73902,36.08286],[59.73929,36.08303],[59.7396,36.08313],[59.73993,36.08316],[59.74029,36.08312],[59.74056,36.08303],[59.74082,36.08288],[59.74104,36.08268],[59.74118,36.08239],[59.74136,36.08174]]}},{"type":"Feature","properties":{"minzoom":13},"geometry":{"type":"LineString","coordinates":[[59.52654,36.32918],[59.52645,36.32914],[59.52639,36.32911],[59.52638,36.32904],[59.52641,36.32898],[59.52665,36.32885]]}},{"type":"Feature","properties":{"minzoom":13},"geometry":{"type":"LineString","coordinates":[[59.63,36.29366],[59.62978,36.29396],[59.62941,36.29437],[59.62917,36.29465],[59.62898,36.29494],[59.62882,36.2952],[59.62873,36.29538]]}},{"type":"Feature","properties":{"minzoom":13},"geometry":{"type":"LineString","coordinates":[[59.62848,36.29592],[59.62846,36.29598]]}},{"type":"Feature","properties":{"minzoom":13},"geometry":{"type":"LineString","coordinates":[[59.62873,36.29538],[59.62875,36.29563],[59.62879,36.29583],[59.6289,36.29603],[59.62905,36.29627]]}},{"type":"Feature","properties":{"minzoom":13},"geometry":{"type":"LineString","coordinates":[[59.59323,36.28377],[59.59335,36.28379]]}},{"type":"Feature","properties":{"minzoom":13},"geometry":{"type":"LineString","coordinates":[[59.57381,36.28716],[59.57379,36.28701],[59.57378,36.28697],[59.57376,36.28693]]}},{"type":"Feature","properties":{"minzoom":13},"geometry":{"type":"LineString","coordinates":[[59.58991,36.29285],[59.58996,36.29266],[59.58995,36.29263],[59.58994,36.29258],[59.58983,36.29246]]}},{"type":"Feature","properties":{"minzoom":13},"geometry":{"type":"LineString","coordinates":[[59.57266,36.28885],[59.57272,36.28886],[59.57278,36.2889],[59.57281,36.28894],[59.57281,36.289],[59.57278,36.28905]]}},{"type":"Feature","properties":{"minzoom":13},"geometry":{"type":"LineString","coordinates":[[59.57416,36.29669],[59.5741,36.29671],[59.57404,36.29672],[59.574,36.2967],[59.57398,36.29668],[59.57396,36.29666],[59.57396,36.29662],[59.57397,36.29659],[59.57398,36.29655],[59.57401,36.29652]]}},{"type":"Feature","properties":{"minzoom":13},"geometry":{"type":"LineString","coordinates":[[59.62481,36.24173],[59.62508,36.24187]]}},{"type":"Feature","properties":{"minzoom":13},"geometry":{"type":"LineString","coordinates":[[59.61385,36.26298],[59.61399,36.26296]]}},{"type":"Feature","properties":{"minzoom":13},"geometry":{"type":"LineString","coordinates":[[59.62664,36.29832],[59.62698,36.29783],[59.62723,36.29755],[59.62754,36.29712],[59.62771,36.29682],[59.62799,36.29618],[59.62811,36.29598],[59.62814,36.29588]]}},{"type":"Feature","properties":{"minzoom":13},"geometry":{"type":"LineString","coordinates":[[59.50455,36.29216],[59.50473,36.292],[59.50484,36.29182],[59.50491,36.29163]]}},{"type":"Feature","properties":{"minzoom":13},"geometry":{"type":"LineString","coordinates":[[59.50505,36.29157],[59.50526,36.29166],[59.50541,36.29171],[59.50573,36.29174]]}},{"type":"Feature","properties":{"minzoom":13},"geometry":{"type":"LineString","coordinates":[[59.5021,36.3078],[59.50222,36.30775],[59.5023,36.30771],[59.50247,36.30758]]}},{"type":"Feature","properties":{"minzoom":13},"geometry":{"type":"LineString","coordinates":[[59.50502,36.29273],[59.50502,36.29264],[59.50499,36.29256],[59.50494,36.29249],[59.50489,36.29244],[59.50479,36.29237],[59.50469,36.29234]]}},{"type":"Feature","properties":{"minzoom":13},"geometry":{"type":"LineString","coordinates":[[59.48812,36.34747],[59.48814,36.34741],[59.48819,36.34737],[59.48827,36.34735],[59.48834,36.34737],[59.48837,36.34739],[59.48839,36.34742],[59.4884,36.34745],[59.4884,36.34748]]}},{"type":"Feature","properties":{"minzoom":13},"geometry":{"type":"LineString","coordinates":[[59.62845,36.29601],[59.62843,36.29606],[59.62809,36.29678],[59.62796,36.29703],[59.62783,36.29726],[59.62747,36.29772],[59.62722,36.298],[59.62676,36.29842]]}},{"type":"Feature","properties":{"minzoom":13},"geometry":{"type":"LineString","coordinates":[[59.62846,36.29598],[59.62845,36.29601]]}},{"type":"Feature","properties":{"minzoom":13},"geometry":{"type":"LineString","coordinates":[[59.62816,36.29584],[59.62817,36.29581]]}},{"type":"Feature","properties":{"minzoom":13},"geometry":{"type":"LineString","coordinates":[[59.62817,36.29581],[59.62819,36.29575],[59.62841,36.29528],[59.62881,36.29464],[59.62908,36.2943],[59.62915,36.29422],[59.62958,36.29381],[59.62987,36.29359]]}},{"type":"Feature","properties":{"minzoom":12},"geometry":{"type":"LineString","coordinates":[[59.76558,36.19513],[59.76616,36.19549],[59.76687,36.19598],[59.77003,36.19856],[59.7703,36.19875],[59.77056,36.19888],[59.77077,36.19897],[59.77098,36.19902],[59.77125,36.19907],[59.7715,36.19907],[59.7717,36.19907],[59.77217,36.19902],[59.77283,36.19888],[59.77315,36.19877],[59.77364,36.1985]]}},{"type":"Feature","properties":{"minzoom":12},"geometry":{"type":"LineString","coordinates":[[59.77242,36.20255],[59.77266,36.20261],[59.77295,36.20263],[59.77316,36.20257],[59.77336,36.20238],[59.77337,36.20216],[59.77327,36.20199],[59.77292,36.20168],[59.77256,36.2014],[59.77238,36.20124],[59.77231,36.20111],[59.77221,36.2009]]}},{"type":"Feature","properties":{"minzoom":12},"geometry":{"type":"LineString","coordinates":[[59.77082,36.2013],[59.77089,36.20154],[59.77242,36.20255]]}},{"type":"Feature","properties":{"minzoom":13},"geometry":{"type":"LineString","coordinates":[[59.68503,36.25888],[59.6851,36.25899]]}},{"type":"Feature","properties":{"minzoom":13},"geometry":{"type":"LineString","coordinates":[[59.15464,36.56808],[59.15446,36.56813],[59.1543,36.56821],[59.15417,36.56833]]}},{"type":"Feature","properties":{"minzoom":13},"geometry":{"type":"LineString","coordinates":[[59.17435,36.57237],[59.17432,36.57219],[59.17425,36.57208],[59.17419,36.572],[59.174,36.57184]]}},{"type":"Feature","properties":{"minzoom":12},"geometry":{"type":"LineString","coordinates":[[59.47924,36.33398],[59.47935,36.33394],[59.48037,36.33362],[59.48058,36.33356],[59.48255,36.33294],[59.48321,36.33274],[59.48357,36.33263],[59.48404,36.33248],[59.48467,36.33239]]}},{"type":"Feature","properties":{"minzoom":12},"geometry":{"type":"LineString","coordinates":[[59.54781,36.34438],[59.54774,36.34372],[59.54764,36.34303],[59.54744,36.34228],[59.54726,36.34169]]}},{"type":"Feature","properties":{"minzoom":12},"geometry":{"type":"LineString","coordinates":[[59.54683,36.34501],[59.54759,36.34505]]}},{"type":"Feature","properties":{"minzoom":13},"geometry":{"type":"LineString","coordinates":[[59.50556,36.29204],[59.50549,36.29204],[59.50543,36.292],[59.50539,36.29195],[59.5054,36.29189],[59.50544,36.29184]]}},{"type":"Feature","properties":{"minzoom":13},"geometry":{"type":"LineString","coordinates":[[59.51399,36.28866],[59.51394,36.28876],[59.51392,36.28883],[59.51392,36.28889],[59.51394,36.28897]]}},{"type":"Feature","properties":{"minzoom":13},"geometry":{"type":"LineString","coordinates":[[59.5125,36.28903],[59.51257,36.28892],[59.5126,36.28885],[59.51259,36.28878],[59.51256,36.28869],[59.51257,36.28866]]}},{"type":"Feature","properties":{"minzoom":13},"geometry":{"type":"LineString","coordinates":[[59.53189,36.28027],[59.53183,36.28027],[59.53178,36.28024],[59.53175,36.2802],[59.53174,36.28015],[59.53177,36.28012],[59.53223,36.27988],[59.53311,36.27938]]}},{"type":"Feature","properties":{"minzoom":13},"geometry":{"type":"LineString","coordinates":[[59.5127,36.28895],[59.51274,36.28896],[59.51277,36.28897],[59.5128,36.28899],[59.51282,36.28902],[59.51284,36.28905],[59.51284,36.28908],[59.51284,36.28911],[59.51282,36.28914]]}},{"type":"Feature","properties":{"minzoom":13},"geometry":{"type":"LineString","coordinates":[[59.50474,36.2921],[59.50481,36.29212],[59.50485,36.29218],[59.50485,36.29224],[59.50481,36.2923]]}},{"type":"Feature","properties":{"name":"بولوار امت","minzoom":13},"geometry":{"type":"LineString","coordinates":[[59.63107,36.28917],[59.63093,36.28924],[59.63084,36.28931],[59.6307,36.28947]]}},{"type":"Feature","properties":{"name":"بولوار امیرالمومنین","minzoom":13},"geometry":{"type":"LineString","coordinates":[[59.63003,36.28915],[59.63021,36.28901],[59.63036,36.28876]]}},{"type":"Feature","properties":{"minzoom":13},"geometry":{"type":"LineString","coordinates":[[59.4884,36.3522],[59.48832,36.35229],[59.48817,36.35247]]}},{"type":"Feature","properties":{"minzoom":13},"geometry":{"type":"LineString","coordinates":[[59.48805,36.35246],[59.48797,36.35234],[59.48793,36.3523],[59.4879,36.35227],[59.48785,36.35224],[59.48778,36.35219]]}},{"type":"Feature","properties":{"minzoom":13},"geometry":{"type":"LineString","coordinates":[[59.4882,36.35189],[59.48835,36.35196],[59.48857,36.35207]]}},{"type":"Feature","properties":{"minzoom":13},"geometry":{"type":"LineString","coordinates":[[59.48769,36.35206],[59.48792,36.35196],[59.48807,36.35185]]}},{"type":"Feature","properties":{"name":"ورودی میدان استقلال","minzoom":12},"geometry":{"type":"LineString","coordinates":[[59.54268,36.32256],[59.54321,36.32383],[59.5433,36.32416],[59.54342,36.32459],[59.54352,36.3249],[59.54363,36.3252],[59.54376,36.32544],[59.54389,36.32554],[59.54402,36.32562]]}},{"type":"Feature","properties":{"minzoom":12},"geometry":{"type":"LineString","coordinates":[[59.5407,36.31637],[59.54059,36.31624],[59.54047,36.31612],[59.54034,36.316],[59.54015,36.31589],[59.53991,36.31581],[59.53977,36.3158],[59.53928,36.3158]]}},{"type":"Feature","properties":{"name":"شاهد به فلاحی جنوب","minzoom":13},"geometry":{"type":"LineString","coordinates":[[59.50716,36.3592],[59.5073,36.35912],[59.50738,36.35906],[59.50751,36.35896]]}},{"type":"Feature","properties":{"name":"دوربرگردان نواب","minzoom":13},"geometry":{"type":"LineString","coordinates":[[59.61831,36.2865],[59.61813,36.28662],[59.61805,36.28664],[59.61796,36.28661],[59.6179,36.28655],[59.61789,36.28648],[59.61792,36.28642],[59.61811,36.2863]]}},{"type":"Feature","properties":{"minzoom":12},"geometry":{"type":"LineString","coordinates":[[59.62213,36.32859],[59.61959,36.32984],[59.61819,36.33043]]}},{"type":"Feature","properties":{"minzoom":12},"geometry":{"type":"LineString","coordinates":[[59.62119,36.32847],[59.62195,36.32807]]}},{"type":"Feature","properties":{"minzoom":12},"geometry":{"type":"LineString","coordinates":[[59.59265,36.34212],[59.5931,36.34193],[59.59473,36.34122],[59.59506,36.3411],[59.59625,36.34067]]}},{"type":"Feature","properties":{"minzoom":12},"geometry":{"type":"LineString","coordinates":[[59.5932,36.34251],[59.59307,36.34257]]}},{"type":"Feature","properties":{"minzoom":12},"geometry":{"type":"LineString","coordinates":[[59.5876,36.34442],[59.58833,36.34405],[59.58908,36.3437],[59.58952,36.34346],[59.58963,36.34337]]}},{"type":"Feature","properties":{"minzoom":12},"geometry":{"type":"LineString","coordinates":[[59.5886,36.34459],[59.58764,36.34497],[59.58589,36.34588],[59.58414,36.34665]]}},{"type":"Feature","properties":{"minzoom":12},"geometry":{"type":"LineString","coordinates":[[59.56257,36.34794],[59.56185,36.34783],[59.56054,36.34759],[59.55926,36.34725]]}},{"type":"Feature","properties":{"minzoom":12},"geometry":{"type":"LineString","coordinates":[[59.54687,36.3487],[59.54626,36.34956],[59.54598,36.34985]]}},{"type":"Feature","properties":{"name":"آزادی به شهید چراغچی شرق","minzoom":12},"geometry":{"type":"LineString","coordinates":[[59.55033,36.344],[59.55145,36.34512],[59.55169,36.34532],[59.55202,36.34551],[59.5523,36.34565],[59.55272,36.34577],[59.55438,36.34615]]}},{"type":"Feature","properties":{"minzoom":12},"geometry":{"type":"LineString","coordinates":[[59.56801,36.34925],[59.56704,36.34899],[59.56676,36.34895],[59.56598,36.34882]]}},{"type":"Feature","properties":{"name":"کنارگذر چراغچی","minzoom":13},"geometry":{"type":"LineString","coordinates":[[59.60025,36.33943],[59.59987,36.33967],[59.59805,36.34044],[59.59746,36.34067],[59.59628,36.3412],[59.59604,36.34131],[59.59577,36.34143],[59.59538,36.34161],[59.59465,36.34192],[59.5936,36.34239],[59.5932,36.34251]]}},{"type":"Feature","properties":{"name":"بزرگراه شهید کلانتری","minzoom":12},"geometry":{"type":"LineString","coordinates":[[59.55394,36.28878],[59.55356,36.28904],[59.55305,36.28933]]}},{"type":"Feature","properties":{"name":"بزرگراه شهید کلانتری","minzoom":12},"geometry":{"type":"LineString","coordinates":[[59.55501,36.28786],[59.55394,36.28878]]}},{"type":"Feature","properties":{"minzoom":12},"geometry":{"type":"LineString","coordinates":[[59.55587,36.28316],[59.55579,36.28274],[59.55559,36.28143]]}},{"type":"Feature","properties":{"minzoom":12},"geometry":{"type":"LineString","coordinates":[[59.60694,36.25094],[59.6073,36.25039],[59.6077,36.24993],[59.60847,36.24917],[59.60918,36.2487],[59.60985,36.24834],[59.61051,36.24808],[59.61122,36.24787],[59.61181,36.24774],[59.61244,36.24766],[59.61386,36.24752]]}},{"type":"Feature","properties":{"name":"دوربرگردان میدان امام حسن","minzoom":12},"geometry":{"type":"LineString","coordinates":[[59.49825,36.3456],[59.49838,36.34564],[59.49846,36.34566],[59.49852,36.34571],[59.49854,36.34576],[59.49853,36.34583],[59.49849,36.34587],[59.49845,36.3459],[59.49834,36.34591],[59.49795,36.3459],[59.49736,36.34595],[59.49689,36.34609]]}},{"type":"Feature","properties":{"name":"دوربرگردان میدان امام حسن","minzoom":12},"geometry":{"type":"LineString","coordinates":[[59.50401,36.3455],[59.50382,36.34546],[59.50376,36.34542],[59.50373,36.34538],[59.50372,36.3453],[59.50375,36.34524],[59.50382,36.3452],[59.50392,36.34519],[59.5047,36.34523],[59.50527,36.34517]]}},{"type":"Feature","properties":{"minzoom":12},"geometry":{"type":"LineString","coordinates":[[59.62195,36.32807],[59.62285,36.32743]]}},{"type":"Feature","properties":{"minzoom":12},"geometry":{"type":"LineString","coordinates":[[59.62228,36.32851],[59.62213,36.32859]]}},{"type":"Feature","properties":{"minzoom":12},"geometry":{"type":"LineString","coordinates":[[59.59307,36.34257],[59.59239,36.34285],[59.59147,36.3433],[59.59124,36.34342],[59.59111,36.34355]]}},{"type":"Feature","properties":{"minzoom":13},"geometry":{"type":"LineString","coordinates":[[59.51794,36.32644],[59.51793,36.32645],[59.51791,36.32647],[59.51788,36.32648],[59.51786,36.32648],[59.51783,36.32647],[59.51781,36.32646]]}},{"type":"Feature","properties":{"minzoom":13},"geometry":{"type":"LineString","coordinates":[[59.50497,36.33558],[59.50507,36.33542],[59.50515,36.33525]]}},{"type":"Feature","properties":{"minzoom":13},"geometry":{"type":"LineString","coordinates":[[59.50544,36.33585],[59.50524,36.33576],[59.50506,36.33568]]}},{"type":"Feature","properties":{"minzoom":12},"geometry":{"type":"LineString","coordinates":[[59.54352,36.3249],[59.54374,36.32524],[59.54384,36.32535],[59.54401,36.3255],[59.54422,36.32563],[59.54446,36.32573],[59.5448,36.32581],[59.54514,36.32582],[59.54557,36.32582]]}},{"type":"Feature","properties":{"minzoom":12},"geometry":{"type":"LineString","coordinates":[[59.46274,36.3458],[59.46342,36.34707],[59.4637,36.34752],[59.46387,36.34774],[59.46414,36.34819],[59.46421,36.34846]]}},{"type":"Feature","properties":{"minzoom":12},"geometry":{"type":"LineString","coordinates":[[59.4602,36.3412],[59.46015,36.34115],[59.46002,36.34104],[59.45988,36.34097],[59.45971,36.34093],[59.45958,36.34093],[59.45918,36.34102],[59.4584,36.34116]]}},{"type":"Feature","properties":{"minzoom":12},"geometry":{"type":"LineString","coordinates":[[59.46093,36.34099],[59.46089,36.34129],[59.4609,36.3416],[59.46095,36.34184],[59.461,36.34196],[59.46123,36.34245]]}},{"type":"Feature","properties":{"minzoom":13},"geometry":{"type":"LineString","coordinates":[[59.62771,36.29682],[59.62772,36.29654],[59.62772,36.2965],[59.62773,36.29641],[59.62779,36.29583],[59.62778,36.29569]]}},{"type":"Feature","properties":{"minzoom":12},"geometry":{"type":"LineString","coordinates":[[59.76657,36.06714],[59.76643,36.06841],[59.76636,36.06898],[59.76626,36.06951],[59.76608,36.07028],[59.76562,36.07218],[59.76558,36.07226],[59.76551,36.07231],[59.76541,36.07233],[59.76531,36.07232],[59.76524,36.07226],[59.76519,36.07218],[59.76512,36.07196]]}},{"type":"Feature","properties":{"minzoom":12},"geometry":{"type":"LineString","coordinates":[[59.76545,36.05602],[59.76553,36.05583],[59.76562,36.05575],[59.76573,36.0557],[59.76586,36.0557],[59.76599,36.05574],[59.76608,36.05583],[59.76618,36.05599]]}},{"type":"Feature","properties":{"minzoom":13},"geometry":{"type":"LineString","coordinates":[[59.51079,36.31493],[59.51072,36.31485]]}},{"type":"Feature","properties":{"name":"حاج حسنی کارگر","minzoom":13},"geometry":{"type":"LineString","coordinates":[[59.62094,36.28389],[59.62096,36.2837],[59.62094,36.28359],[59.62086,36.28338]]}},{"type":"Feature","properties":{"minzoom":12},"geometry":{"type":"LineString","coordinates":[[59.5743,36.26967],[59.57452,36.2694],[59.57459,36.26926],[59.57464,36.26913],[59.57466,36.269],[59.57468,36.26888]]}},{"type":"Feature","properties":{"minzoom":12},"geometry":{"type":"LineString","coordinates":[[59.5747,36.26862],[59.57492,36.26879],[59.57512,36.26887],[59.57534,36.2689],[59.57563,36.26886],[59.57591,36.2688]]}},{"type":"Feature","properties":{"minzoom":12},"geometry":{"type":"LineString","coordinates":[[59.74401,36.07876],[59.74111,36.07921]]}},{"type":"Feature","properties":{"name":"آزادراه کنارگذر شمالی مشهد","minzoom":12},"geometry":{"type":"LineString","coordinates":[[59.38779,36.48291],[59.3847,36.48072]]}},{"type":"Feature","properties":{"minzoom":12},"geometry":{"type":"LineString","coordinates":[[59.62598,36.21808],[59.6259,36.22013]]}},{"type":"Feature","properties":{"minzoom":12},"geometry":{"type":"LineString","coordinates":[[59.62564,36.22013],[59.62565,36.21806]]}},{"type":"Feature","properties":{"minzoom":12},"geometry":{"type":"LineString","coordinates":[[59.62884,36.21438],[59.62843,36.21463],[59.62781,36.21498],[59.62744,36.21521],[59.6271,36.21549],[59.62682,36.21574],[59.62656,36.21607],[59.62638,36.21641],[59.62632,36.21659],[59.62637,36.21679],[59.62648,36.21692],[59.62666,36.21699],[59.62684,36.217],[59.62703,36.21695],[59.62717,36.21683],[59.62726,36.21669],[59.62728,36.21652],[59.62727,36.21633],[59.62722,36.21611],[59.62713,36.21593],[59.62696,36.21567]]}},{"type":"Feature","properties":{"minzoom":12},"geometry":{"type":"LineString","coordinates":[[59.54134,36.31476],[59.5409,36.31504],[59.54037,36.31531],[59.53983,36.31554]]}},{"type":"Feature","properties":{"minzoom":12},"geometry":{"type":"LineString","coordinates":[[59.53972,36.31536],[59.54029,36.31511],[59.54082,36.31484],[59.54121,36.3146]]}},{"type":"Feature","properties":{"minzoom":12},"geometry":{"type":"LineString","coordinates":[[59.49299,36.36608],[59.4939,36.36675]]}},{"type":"Feature","properties":{"minzoom":12},"geometry":{"type":"LineString","coordinates":[[59.49079,36.3649],[59.49225,36.3656]]}},{"type":"Feature","properties":{"minzoom":13},"geometry":{"type":"LineString","coordinates":[[59.64477,36.32812],[59.64505,36.32828]]}},{"type":"Feature","properties":{"minzoom":12},"geometry":{"type":"LineString","coordinates":[[59.64966,36.19182],[59.64884,36.19221],[59.64813,36.19256],[59.64765,36.19279],[59.64703,36.1931]]}},{"type":"Feature","properties":{"minzoom":12},"geometry":{"type":"LineString","coordinates":[[59.63286,36.32258],[59.63316,36.32235],[59.63384,36.32179]]}},{"type":"Feature","properties":{"minzoom":12},"geometry":{"type":"LineString","coordinates":[[59.10058,36.06588],[59.10074,36.06578],[59.10091,36.06568],[59.10097,36.06566],[59.10103,36.06567],[59.10108,36.06568],[59.10112,36.06571],[59.10114,36.06575],[59.10115,36.0658],[59.1011,36.06593]]}},{"type":"Feature","properties":{"minzoom":12},"geometry":{"type":"LineString","coordinates":[[59.5624,36.34804],[59.56213,36.34794],[59.56185,36.34783]]}},{"type":"Feature","properties":{"minzoom":13},"geometry":{"type":"LineString","coordinates":[[59.56361,36.30096],[59.56362,36.30093],[59.56365,36.30089],[59.56369,36.30087],[59.56374,36.30087],[59.56379,36.30087],[59.56383,36.30089]]}},{"type":"Feature","properties":{"minzoom":13},"geometry":{"type":"LineString","coordinates":[[59.64774,36.27441],[59.64773,36.27435],[59.64778,36.2743],[59.64785,36.27429],[59.64791,36.27432],[59.64794,36.27437]]}},{"type":"Feature","properties":{"name":"زیر گذر","minzoom":12},"geometry":{"type":"LineString","coordinates":[[59.38246,36.40366],[59.38264,36.40387]]}},{"type":"Feature","properties":{"minzoom":12},"geometry":{"type":"LineString","coordinates":[[59.38238,36.40355],[59.38259,36.40352],[59.38317,36.40345]]}},{"type":"Feature","properties":{"minzoom":12},"geometry":{"type":"LineString","coordinates":[[59.38092,36.40422],[59.38141,36.40391],[59.38167,36.40376],[59.38189,36.40366],[59.38206,36.40362],[59.38222,36.40358],[59.38238,36.40355]]}},{"type":"Feature","properties":{"name":"کاشانی ۳۹","minzoom":13},"geometry":{"type":"LineString","coordinates":[[59.61486,36.30106],[59.61473,36.3011]]}},{"type":"Feature","properties":{"minzoom":13},"geometry":{"type":"LineString","coordinates":[[59.47478,36.32924],[59.47473,36.32923],[59.47469,36.32919],[59.47469,36.32915],[59.47471,36.32911]]}},{"type":"Feature","properties":{"minzoom":13},"geometry":{"type":"LineString","coordinates":[[59.67367,36.28193],[59.67311,36.28248]]}},{"type":"Feature","properties":{"minzoom":13},"geometry":{"type":"LineString","coordinates":[[59.68151,36.27679],[59.68071,36.27755]]}},{"type":"Feature","properties":{"minzoom":13},"geometry":{"type":"LineString","coordinates":[[59.68372,36.27557],[59.68282,36.276],[59.68251,36.27613]]}},{"type":"Feature","properties":{"minzoom":13},"geometry":{"type":"LineString","coordinates":[[59.67559,36.28093],[59.67482,36.28117]]}},{"type":"Feature","properties":{"minzoom":13},"geometry":{"type":"LineString","coordinates":[[59.68849,36.27235],[59.68777,36.273]]}},{"type":"Feature","properties":{"minzoom":13},"geometry":{"type":"LineString","coordinates":[[59.67504,36.28089],[59.67544,36.28045]]}},{"type":"Feature","properties":{"minzoom":13},"geometry":{"type":"LineString","coordinates":[[59.68259,36.27595],[59.68337,36.27523]]}},{"type":"Feature","properties":{"minzoom":13},"geometry":{"type":"LineString","coordinates":[[59.68042,36.27717],[59.68144,36.27669]]}},{"type":"Feature","properties":{"minzoom":13},"geometry":{"type":"LineString","coordinates":[[59.67294,36.28203],[59.67375,36.2817]]}},{"type":"Feature","properties":{"minzoom":12},"geometry":{"type":"LineString","coordinates":[[59.7621,36.20877],[59.7619,36.20885],[59.76185,36.20885],[59.76179,36.20882],[59.76175,36.20878],[59.76174,36.20873],[59.76176,36.20868],[59.76215,36.20833],[59.76254,36.2079]]}},{"type":"Feature","properties":{"minzoom":12},"geometry":{"type":"LineString","coordinates":[[59.78131,36.20927],[59.78112,36.20969],[59.78096,36.21009],[59.78092,36.21049],[59.78093,36.2111],[59.78107,36.21213]]}},{"type":"Feature","properties":{"minzoom":12},"geometry":{"type":"LineString","coordinates":[[59.78101,36.2131],[59.78046,36.21225],[59.78014,36.21205],[59.77967,36.21188],[59.77916,36.21183],[59.77865,36.21188],[59.77786,36.21226]]}},{"type":"Feature","properties":{"minzoom":12},"geometry":{"type":"LineString","coordinates":[[59.7689,36.2023],[59.769,36.20229],[59.76905,36.2023],[59.7691,36.20233],[59.76914,36.20239],[59.76913,36.20244],[59.76878,36.20276],[59.76876,36.20292]]}},{"type":"Feature","properties":{"minzoom":12},"geometry":{"type":"LineString","coordinates":[[59.77748,36.21225],[59.7786,36.21129],[59.77889,36.21085],[59.77908,36.21048],[59.77918,36.21008],[59.77924,36.20966],[59.77919,36.20923],[59.77907,36.20874],[59.77886,36.20803]]}},{"type":"Feature","properties":{"name":"منفرد","minzoom":13},"geometry":{"type":"LineString","coordinates":[[59.5899,36.31209],[59.58999,36.31207],[59.5901,36.31201],[59.5908,36.31162],[59.59141,36.31123],[59.59162,36.31118]]}},{"type":"Feature","properties":{"name":"مجد به قرنی غرب","minzoom":13},"geometry":{"type":"LineString","coordinates":[[59.59055,36.31278],[59.59042,36.31275],[59.59024,36.31274],[59.59014,36.31275],[59.58999,36.31279]]}},{"type":"Feature","properties":{"name":"قرنی به مجد شمال","minzoom":13},"geometry":{"type":"LineString","coordinates":[[59.59064,36.31219],[59.59057,36.31231],[59.59056,36.31244],[59.59058,36.31252],[59.59065,36.31268]]}},{"type":"Feature","properties":{"minzoom":12},"geometry":{"type":"LineString","coordinates":[[59.15638,36.61975],[59.15664,36.61941],[59.15678,36.61903],[59.15677,36.61863],[59.15662,36.61826],[59.15633,36.61793],[59.15546,36.61749]]}},{"type":"Feature","properties":{"minzoom":12},"geometry":{"type":"LineString","coordinates":[[59.53727,36.3637],[59.53785,36.36265]]}},{"type":"Feature","properties":{"minzoom":12},"geometry":{"type":"LineString","coordinates":[[59.53532,36.36819],[59.53459,36.36937]]}},{"type":"Feature","properties":{"minzoom":12},"geometry":{"type":"LineString","coordinates":[[59.53459,36.36937],[59.53434,36.36978],[59.53428,36.36985],[59.5342,36.3699],[59.53411,36.36993],[59.53401,36.36993],[59.53391,36.36991],[59.53383,36.36986],[59.53377,36.36979],[59.53374,36.36972],[59.53375,36.36963],[59.53378,36.36956],[59.53407,36.36907]]}},{"type":"Feature","properties":{"minzoom":12},"geometry":{"type":"LineString","coordinates":[[59.53407,36.36907],[59.53467,36.36805]]}},{"type":"Feature","properties":{"minzoom":12},"geometry":{"type":"LineString","coordinates":[[59.53849,36.36286],[59.53731,36.36495]]}},{"type":"Feature","properties":{"minzoom":12},"geometry":{"type":"LineString","coordinates":[[59.53731,36.36495],[59.53698,36.36556]]}},{"type":"Feature","properties":{"minzoom":12},"geometry":{"type":"LineString","coordinates":[[59.53785,36.36265],[59.53812,36.3622],[59.53817,36.36213],[59.53826,36.36207],[59.53835,36.36204],[59.53846,36.36203],[59.53856,36.36206],[59.53865,36.3621],[59.53872,36.36217],[59.53876,36.36225],[59.53876,36.36233],[59.53873,36.36242],[59.53849,36.36286]]}},{"type":"Feature","properties":{"minzoom":13},"geometry":{"type":"LineString","coordinates":[[59.63838,36.31538],[59.6385,36.31534]]}},{"type":"Feature","properties":{"minzoom":13},"geometry":{"type":"LineString","coordinates":[[59.20941,36.56939],[59.20952,36.56912],[59.20954,36.56901],[59.20952,36.5689],[59.20945,36.56878],[59.20907,36.56832]]}},{"type":"Feature","properties":{"minzoom":13},"geometry":{"type":"LineString","coordinates":[[59.2052,36.56554],[59.20498,36.56547],[59.20474,36.56543],[59.2045,36.56544]]}},{"type":"Feature","properties":{"minzoom":13},"geometry":{"type":"LineString","coordinates":[[59.18181,36.54728],[59.18189,36.54686],[59.18185,36.54664],[59.18176,36.54645],[59.18147,36.54595]]}},{"type":"Feature","properties":{"minzoom":13},"geometry":{"type":"LineString","coordinates":[[59.17695,36.54233],[59.17681,36.54205]]}},{"type":"Feature","properties":{"minzoom":13},"geometry":{"type":"LineString","coordinates":[[59.1684,36.53517],[59.16826,36.53488]]}},{"type":"Feature","properties":{"minzoom":13},"geometry":{"type":"LineString","coordinates":[[59.16775,36.53446],[59.16757,36.53441],[59.16738,36.5344],[59.16719,36.53444]]}},{"type":"Feature","properties":{"minzoom":13},"geometry":{"type":"LineString","coordinates":[[59.17633,36.54165],[59.17614,36.54162],[59.17594,36.54163],[59.17575,36.54169]]}},{"type":"Feature","properties":{"minzoom":13},"geometry":{"type":"LineString","coordinates":[[59.17541,36.54182],[59.17558,36.54157],[59.17559,36.54139],[59.17555,36.54124],[59.17542,36.54106],[59.17528,36.54077]]}},{"type":"Feature","properties":{"minzoom":13},"geometry":{"type":"LineString","coordinates":[[59.20564,36.57232],[59.20593,36.57234],[59.20623,36.57228]]}},{"type":"Feature","properties":{"minzoom":13},"geometry":{"type":"LineString","coordinates":[[59.16956,36.56441],[59.16967,36.56441],[59.16977,36.56438],[59.16986,36.56433]]}},{"type":"Feature","properties":{"minzoom":13},"geometry":{"type":"LineString","coordinates":[[59.17012,36.5649],[59.17,36.56491],[59.16989,36.56494],[59.1698,36.56501]]}},{"type":"Feature","properties":{"minzoom":13},"geometry":{"type":"LineString","coordinates":[[59.15381,36.56769],[59.15408,36.56758],[59.15429,36.5674]]}},{"type":"Feature","properties":{"minzoom":13},"geometry":{"type":"LineString","coordinates":[[59.1753,36.57218],[59.1751,36.57219],[59.17491,36.57225],[59.17475,36.57233],[59.17454,36.57251]]}},{"type":"Feature","properties":{"minzoom":13},"geometry":{"type":"LineString","coordinates":[[59.17485,36.57145],[59.175,36.57171],[59.17518,36.57192]]}},{"type":"Feature","properties":{"minzoom":13},"geometry":{"type":"LineString","coordinates":[[59.17393,36.57159],[59.17416,36.57159],[59.17438,36.57153],[59.17441,36.57151],[59.17457,36.57143],[59.17467,36.57132]]}},{"type":"Feature","properties":{"minzoom":13},"geometry":{"type":"LineString","coordinates":[[59.17399,36.59336],[59.17394,36.59345]]}},{"type":"Feature","properties":{"minzoom":13},"geometry":{"type":"LineString","coordinates":[[59.20677,36.58129],[59.20698,36.58122],[59.20713,36.58117],[59.20724,36.58116],[59.20737,36.58116],[59.20752,36.5812],[59.20796,36.58131],[59.20925,36.58164],[59.20938,36.58173],[59.20948,36.58185],[59.20959,36.58197]]}},{"type":"Feature","properties":{"minzoom":13},"geometry":{"type":"LineString","coordinates":[[59.19424,36.58538],[59.19425,36.58533],[59.19428,36.58529],[59.19432,36.58525],[59.19437,36.58523],[59.19443,36.58522]]}},{"type":"Feature","properties":{"minzoom":13},"geometry":{"type":"LineString","coordinates":[[59.19366,36.58463],[59.19363,36.58469],[59.19359,36.58473],[59.19353,36.58477],[59.19346,36.58479]]}},{"type":"Feature","properties":{"minzoom":13},"geometry":{"type":"LineString","coordinates":[[59.13452,36.56419],[59.13451,36.56414],[59.13451,36.56408],[59.13454,36.56402],[59.13459,36.56398]]}},{"type":"Feature","properties":{"minzoom":13},"geometry":{"type":"LineString","coordinates":[[59.63383,36.30318],[59.634,36.30324],[59.6341,36.30324]]}},{"type":"Feature","properties":{"name":"کندرو بزرگراه پیامبر اعظم","minzoom":12},"geometry":{"type":"LineString","coordinates":[[59.52077,36.3825],[59.52131,36.38214],[59.52159,36.38186],[59.52207,36.38139],[59.52547,36.37807],[59.52647,36.3771],[59.52759,36.37603],[59.52791,36.37572],[59.52833,36.37532],[59.52855,36.3751],[59.52892,36.37473],[59.53135,36.37231],[59.53165,36.37203],[59.53167,36.37202],[59.53205,36.37165],[59.53238,36.37133],[59.53285,36.37082],[59.53322,36.37033],[59.53354,36.36984]]}},{"type":"Feature","properties":{"minzoom":12},"geometry":{"type":"LineString","coordinates":[[59.53303,36.37104],[59.53329,36.37044],[59.53354,36.36984]]}},{"type":"Feature","properties":{"minzoom":12},"geometry":{"type":"LineString","coordinates":[[59.38581,36.48099],[59.38834,36.48282],[59.38852,36.48309]]}},{"type":"Feature","properties":{"name":"آزادراه کنارگذر شمالی مشهد","minzoom":12},"geometry":{"type":"LineString","coordinates":[[59.38701,36.47848],[59.38721,36.47843],[59.38764,36.47829]]}},{"type":"Feature","properties":{"minzoom":13},"geometry":{"type":"LineString","coordinates":[[59.57423,36.28709],[59.5741,36.2871],[59.57396,36.28714]]}},{"type":"Feature","properties":{"minzoom":13},"geometry":{"type":"LineString","coordinates":[[59.62721,36.29602],[59.62734,36.29595],[59.62745,36.29587],[59.62749,36.29586],[59.62753,36.29585],[59.62758,36.29586],[59.62762,36.29588],[59.62765,36.29591],[59.62767,36.29594],[59.62767,36.29598],[59.62766,36.29601],[59.62764,36.29604],[59.6276,36.29607],[59.62745,36.29613],[59.62735,36.29618]]}},{"type":"Feature","properties":{"minzoom":13},"geometry":{"type":"LineString","coordinates":[[59.63483,36.2792],[59.63468,36.27919],[59.63456,36.27917],[59.63438,36.27916],[59.63418,36.27917]]}},{"type":"Feature","properties":{"minzoom":13},"geometry":{"type":"LineString","coordinates":[[59.30912,36.39805],[59.30929,36.39804]]}},{"type":"Feature","properties":{"minzoom":12},"geometry":{"type":"LineString","coordinates":[[59.54631,36.34884],[59.54635,36.34851],[59.54642,36.3483],[59.54645,36.34806],[59.54643,36.34779],[59.54637,36.3476],[59.54606,36.34711]]}},{"type":"Feature","properties":{"name":"دور برگردان فرعی","minzoom":12},"geometry":{"type":"LineString","coordinates":[[59.38264,36.40387],[59.38271,36.40399]]}},{"type":"Feature","properties":{"name":"زیر گذر","minzoom":12},"geometry":{"type":"LineString","coordinates":[[59.38238,36.40355],[59.38246,36.40366]]}},{"type":"Feature","properties":{"minzoom":13},"geometry":{"type":"LineString","coordinates":[[59.53809,36.33707],[59.53795,36.33718],[59.53786,36.33728],[59.53781,36.33738]]}},{"type":"Feature","properties":{"minzoom":12},"geometry":{"type":"LineString","coordinates":[[59.46142,36.34021],[59.46117,36.34041],[59.46106,36.34053],[59.461,36.34065],[59.46093,36.34099]]}},{"type":"Feature","properties":{"minzoom":12},"geometry":{"type":"LineString","coordinates":[[59.46475,36.33852],[59.46556,36.33833]]}},{"type":"Feature","properties":{"minzoom":12},"geometry":{"type":"LineString","coordinates":[[59.46576,36.33896],[59.46482,36.33916]]}},{"type":"Feature","properties":{"minzoom":12},"geometry":{"type":"LineString","coordinates":[[59.46809,36.33799],[59.46809,36.33803]]}},{"type":"Feature","properties":{"minzoom":12},"geometry":{"type":"LineString","coordinates":[[59.46801,36.33782],[59.46806,36.33789],[59.46809,36.33799]]}},{"type":"Feature","properties":{"minzoom":12},"geometry":{"type":"LineString","coordinates":[[59.46799,36.33778],[59.46801,36.33782]]}},{"type":"Feature","properties":{"minzoom":12},"geometry":{"type":"LineString","coordinates":[[59.46779,36.33768],[59.46787,36.3377],[59.46793,36.33774],[59.46799,36.33778]]}},{"type":"Feature","properties":{"name":"بزرگراه وکیل آباد","minzoom":12},"geometry":{"type":"LineString","coordinates":[[59.44597,36.34521],[59.44592,36.34544],[59.44586,36.34562],[59.44573,36.34594]]}},{"type":"Feature","properties":{"minzoom":13},"geometry":{"type":"LineString","coordinates":[[59.53149,36.36749],[59.53134,36.36743]]}},{"type":"Feature","properties":{"name":"دوربرگردان بلوار حر","minzoom":13},"geometry":{"type":"LineString","coordinates":[[59.658,36.27029],[59.65788,36.27032],[59.65777,36.27033],[59.65771,36.27032],[59.65767,36.27029],[59.65763,36.27026],[59.6576,36.27023],[59.65747,36.27002],[59.65744,36.26995],[59.65744,36.26988],[59.65747,36.26982],[59.65752,36.26978],[59.65757,36.26975],[59.6577,36.26975]]}},{"type":"Feature","properties":{"minzoom":12},"geometry":{"type":"LineString","coordinates":[[59.53376,36.37039],[59.53341,36.37121],[59.53318,36.37159]]}},{"type":"Feature","properties":{"minzoom":12},"geometry":{"type":"LineString","coordinates":[[59.53572,36.36763],[59.53532,36.36819]]}},{"type":"Feature","properties":{"minzoom":12},"geometry":{"type":"LineString","coordinates":[[59.53668,36.36451],[59.53727,36.3637]]}},{"type":"Feature","properties":{"minzoom":12},"geometry":{"type":"LineString","coordinates":[[59.53467,36.36805],[59.53504,36.36735]]}},{"type":"Feature","properties":{"minzoom":12},"geometry":{"type":"LineString","coordinates":[[59.41387,36.32559],[59.41384,36.32566],[59.41383,36.32567],[59.41381,36.32567],[59.41375,36.32566],[59.41345,36.32554],[59.41321,36.32548]]}},{"type":"Feature","properties":{"name":"بولوار جانباز","minzoom":12},"geometry":{"type":"LineString","coordinates":[[59.5474,36.33961],[59.54768,36.34065]]}},{"type":"Feature","properties":{"minzoom":12},"geometry":{"type":"LineString","coordinates":[[59.54768,36.34065],[59.54783,36.34133],[59.54785,36.3414],[59.54806,36.34169],[59.54821,36.34186],[59.54997,36.34361],[59.55033,36.344]]}},{"type":"Feature","properties":{"minzoom":13},"geometry":{"type":"LineString","coordinates":[[59.55857,36.31318],[59.55858,36.3132],[59.55858,36.31322],[59.55857,36.31325],[59.55855,36.31327],[59.55852,36.31328],[59.55849,36.31329],[59.55846,36.31329],[59.55843,36.31328]]}},{"type":"Feature","properties":{"minzoom":13},"geometry":{"type":"LineString","coordinates":[[59.64178,36.20247],[59.64182,36.20236]]}},{"type":"Feature","properties":{"minzoom":13},"geometry":{"type":"LineString","coordinates":[[59.50941,36.30656],[59.5094,36.30665],[59.50935,36.30674],[59.50931,36.30681],[59.5092,36.30694],[59.50908,36.30706],[59.50887,36.30725]]}},{"type":"Feature","properties":{"minzoom":13},"geometry":{"type":"LineString","coordinates":[[59.67111,36.37599],[59.67098,36.37601]]}},{"type":"Feature","properties":{"minzoom":13},"geometry":{"type":"LineString","coordinates":[[59.57925,36.32849],[59.57925,36.32855],[59.57922,36.32859],[59.57918,36.32862],[59.57913,36.32864],[59.57908,36.32864],[59.57902,36.32863],[59.57898,36.3286],[59.57894,36.32856]]}},{"type":"Feature","properties":{"minzoom":13},"geometry":{"type":"LineString","coordinates":[[59.58034,36.32915],[59.58029,36.32913],[59.58025,36.32911],[59.58022,36.32907],[59.58021,36.32903],[59.58021,36.32899],[59.58024,36.32895]]}},{"type":"Feature","properties":{"minzoom":13},"geometry":{"type":"LineString","coordinates":[[59.49003,36.3861],[59.49022,36.38599]]}},{"type":"Feature","properties":{"minzoom":13},"geometry":{"type":"LineString","coordinates":[[59.47756,36.38526],[59.47764,36.38501],[59.47765,36.38491],[59.47761,36.38474]]}},{"type":"Feature","properties":{"minzoom":13},"geometry":{"type":"LineString","coordinates":[[59.47774,36.3847],[59.47806,36.38476],[59.4784,36.38471]]}},{"type":"Feature","properties":{"minzoom":13},"geometry":{"type":"LineString","coordinates":[[59.47905,36.36011],[59.47913,36.36009],[59.47919,36.36012],[59.47922,36.36018],[59.4792,36.36023],[59.47914,36.36027]]}},{"type":"Feature","properties":{"minzoom":13},"geometry":{"type":"LineString","coordinates":[[59.50664,36.34116],[59.50666,36.3412],[59.50668,36.34123],[59.50668,36.34127],[59.50666,36.34131]]}},{"type":"Feature","properties":{"minzoom":13},"geometry":{"type":"LineString","coordinates":[[59.49089,36.34195],[59.49087,36.34191],[59.49087,36.34187],[59.49088,36.34183],[59.4909,36.34179]]}},{"type":"Feature","properties":{"minzoom":13},"geometry":{"type":"LineString","coordinates":[[59.52426,36.29343],[59.52435,36.29328],[59.52438,36.29314],[59.52435,36.29303],[59.52424,36.29288]]}},{"type":"Feature","properties":{"minzoom":13},"geometry":{"type":"LineString","coordinates":[[59.65001,36.28076],[59.64985,36.28061],[59.64958,36.28053]]}},{"type":"Feature","properties":{"minzoom":13},"geometry":{"type":"LineString","coordinates":[[59.64952,36.28042],[59.64968,36.28026],[59.64977,36.28006]]}},{"type":"Feature","properties":{"minzoom":12},"geometry":{"type":"LineString","coordinates":[[59.661,36.30745],[59.66013,36.30791],[59.65979,36.3081],[59.65916,36.30833]]}},{"type":"Feature","properties":{"minzoom":12},"geometry":{"type":"LineString","coordinates":[[59.66023,36.3074],[59.66102,36.30673]]}},{"type":"Feature","properties":{"minzoom":13},"geometry":{"type":"LineString","coordinates":[[59.5699,36.34566],[59.56989,36.34562],[59.5699,36.34558],[59.56993,36.34555],[59.56998,36.34553]]}},{"type":"Feature","properties":{"minzoom":13},"geometry":{"type":"LineString","coordinates":[[59.62572,36.33594],[59.62556,36.33583],[59.62545,36.33576],[59.62531,36.3357],[59.62508,36.33569]]}},{"type":"Feature","properties":{"minzoom":13},"geometry":{"type":"LineString","coordinates":[[59.62621,36.27923],[59.62609,36.27929]]}},{"type":"Feature","properties":{"minzoom":13},"geometry":{"type":"LineString","coordinates":[[59.62589,36.27916],[59.62594,36.27905]]}},{"type":"Feature","properties":{"minzoom":13},"geometry":{"type":"LineString","coordinates":[[59.62609,36.27929],[59.62602,36.27929],[59.62595,36.27926],[59.6259,36.27922],[59.62589,36.27916]]}},{"type":"Feature","properties":{"minzoom":13},"geometry":{"type":"LineString","coordinates":[[59.5857,36.32368],[59.58594,36.32373],[59.58611,36.32375]]}},{"type":"Feature","properties":{"minzoom":13},"geometry":{"type":"LineString","coordinates":[[59.58604,36.32453],[59.58579,36.32446],[59.5857,36.32446],[59.58548,36.3245]]}},{"type":"Feature","properties":{"minzoom":13},"geometry":{"type":"LineString","coordinates":[[59.58556,36.32427],[59.58562,36.32405],[59.58566,36.32383]]}},{"type":"Feature","properties":{"minzoom":12},"geometry":{"type":"LineString","coordinates":[[59.4947,36.3299],[59.49442,36.32989]]}},{"type":"Feature","properties":{"minzoom":12},"geometry":{"type":"LineString","coordinates":[[59.49628,36.32931],[59.49597,36.32952]]}},{"type":"Feature","properties":{"minzoom":13},"geometry":{"type":"LineString","coordinates":[[59.62622,36.33757],[59.62626,36.33778],[59.62637,36.33823],[59.6264,36.33835],[59.6265,36.33853]]}},{"type":"Feature","properties":{"minzoom":13},"geometry":{"type":"LineString","coordinates":[[59.50103,36.34634],[59.50106,36.34631],[59.5011,36.34628],[59.50115,36.34627],[59.5012,36.34627],[59.50125,36.34628],[59.50129,36.34631],[59.50131,36.34634]]}},{"type":"Feature","properties":{"minzoom":13},"geometry":{"type":"LineString","coordinates":[[59.63815,36.3016],[59.63817,36.30178],[59.6382,36.30197]]}},{"type":"Feature","properties":{"minzoom":13},"geometry":{"type":"LineString","coordinates":[[59.53763,36.33745],[59.53743,36.3373],[59.53719,36.33721]]}},{"type":"Feature","properties":{"minzoom":13},"geometry":{"type":"LineString","coordinates":[[59.6017,36.25241],[59.60168,36.25234],[59.60161,36.25228],[59.60153,36.25225]]}},{"type":"Feature","properties":{"minzoom":13},"geometry":{"type":"LineString","coordinates":[[59.61232,36.33382],[59.6119,36.33384]]}},{"type":"Feature","properties":{"minzoom":12},"geometry":{"type":"LineString","coordinates":[[59.11344,36.05497],[59.11351,36.05496],[59.11359,36.05496],[59.11366,36.05498],[59.11371,36.05502],[59.11375,36.05508],[59.11376,36.05514],[59.11375,36.0552]]}},{"type":"Feature","properties":{"minzoom":13},"geometry":{"type":"LineString","coordinates":[[59.67864,36.40014],[59.67876,36.40011]]}},{"type":"Feature","properties":{"minzoom":13},"geometry":{"type":"LineString","coordinates":[[59.59862,36.29522],[59.59863,36.29526],[59.59862,36.2953],[59.5986,36.29534],[59.59857,36.29537],[59.59853,36.2954],[59.59848,36.29541],[59.59843,36.29542],[59.59838,36.29542]]}},{"type":"Feature","properties":{"minzoom":13},"geometry":{"type":"LineString","coordinates":[[59.65432,36.31231],[59.65428,36.31229],[59.65424,36.31226],[59.65422,36.31223],[59.65421,36.31219],[59.65422,36.31215],[59.65424,36.31211],[59.65428,36.31208],[59.65433,36.31207],[59.65438,36.31207],[59.65443,36.31208],[59.65447,36.3121],[59.65472,36.31222]]}},{"type":"Feature","properties":{"minzoom":13},"geometry":{"type":"LineString","coordinates":[[59.56094,36.33152],[59.56091,36.33153],[59.56087,36.33153],[59.56084,36.33152],[59.56081,36.3315],[59.56079,36.33147],[59.56078,36.33144],[59.56079,36.33141]]}},{"type":"Feature","properties":{"minzoom":13},"geometry":{"type":"LineString","coordinates":[[59.52108,36.37231],[59.52122,36.37239]]}},{"type":"Feature","properties":{"name":"ورودی خیابان دانشگاه","minzoom":13},"geometry":{"type":"LineString","coordinates":[[59.60468,36.29583],[59.60481,36.29603],[59.6049,36.29618],[59.60493,36.2963],[59.60493,36.29642],[59.60487,36.29653],[59.60455,36.2968],[59.60419,36.29711],[59.60409,36.29717],[59.60396,36.2972],[59.60384,36.29719],[59.60377,36.29718],[59.60352,36.2971],[59.60325,36.297]]}},{"type":"Feature","properties":{"minzoom":13},"geometry":{"type":"LineString","coordinates":[[59.63412,36.30608],[59.63408,36.30605],[59.63403,36.30602],[59.63397,36.30601],[59.63391,36.306]]}},{"type":"Feature","properties":{"minzoom":13},"geometry":{"type":"LineString","coordinates":[[59.50904,36.36831],[59.50902,36.36849],[59.50903,36.36857],[59.50906,36.36863],[59.5091,36.3687],[59.50917,36.36882]]}},{"type":"Feature","properties":{"minzoom":13},"geometry":{"type":"LineString","coordinates":[[59.56945,36.34319],[59.56958,36.34319],[59.56971,36.34315],[59.56996,36.34305]]}},{"type":"Feature","properties":{"minzoom":13},"geometry":{"type":"LineString","coordinates":[[59.60863,36.23851],[59.60858,36.23845],[59.60851,36.23839],[59.60843,36.23837]]}},{"type":"Feature","properties":{"minzoom":13},"geometry":{"type":"LineString","coordinates":[[59.56912,36.34397],[59.56932,36.34358],[59.56938,36.34341],[59.56937,36.34326]]}},{"type":"Feature","properties":{"minzoom":13},"geometry":{"type":"LineString","coordinates":[[59.60229,36.29185],[59.60214,36.29179],[59.60205,36.29178],[59.60182,36.29178]]}},{"type":"Feature","properties":{"minzoom":13},"geometry":{"type":"LineString","coordinates":[[59.47244,36.44621],[59.47265,36.4461]]}},{"type":"Feature","properties":{"minzoom":12},"geometry":{"type":"LineString","coordinates":[[59.52207,36.38139],[59.52412,36.37985]]}},{"type":"Feature","properties":{"minzoom":13},"geometry":{"type":"LineString","coordinates":[[59.49361,36.41414],[59.49354,36.41405]]}},{"type":"Feature","properties":{"minzoom":13},"geometry":{"type":"LineString","coordinates":[[59.50002,36.40951],[59.50012,36.40958]]}},{"type":"Feature","properties":{"minzoom":12},"geometry":{"type":"LineString","coordinates":[[59.6309,36.3242],[59.63054,36.32444],[59.63031,36.32461],[59.63018,36.32475],[59.63004,36.3249]]}},{"type":"Feature","properties":{"name":"بولوار شارستان رضوی","minzoom":13},"geometry":{"type":"LineString","coordinates":[[59.62099,36.28328],[59.62114,36.28331],[59.62129,36.28332],[59.62144,36.28331],[59.62158,36.28329]]}},{"type":"Feature","properties":{"name":"کندرو بزرگراه پیامبر اعظم","minzoom":12},"geometry":{"type":"LineString","coordinates":[[59.53354,36.36984],[59.53451,36.36812],[59.53504,36.36735]]}},{"type":"Feature","properties":{"name":"کندرو بزرگراه پیامبر اعظم","minzoom":12},"geometry":{"type":"LineString","coordinates":[[59.53555,36.36641],[59.536,36.36558],[59.53636,36.36501]]}},{"type":"Feature","properties":{"name":"کندرو بزرگراه پیامبر اعظم","minzoom":12},"geometry":{"type":"LineString","coordinates":[[59.53668,36.36451],[59.53716,36.36365],[59.53804,36.36214],[59.53831,36.36175],[59.53902,36.36054],[59.54018,36.35861],[59.54064,36.35784],[59.54084,36.35746],[59.54115,36.35694],[59.54166,36.3561],[59.5422,36.35523],[59.54256,36.35461],[59.54293,36.354],[59.54309,36.35367],[59.54319,36.35344],[59.54336,36.35312],[59.54433,36.3515],[59.54457,36.3511],[59.54482,36.35092],[59.54538,36.35046]]}},{"type":"Feature","properties":{"minzoom":13},"geometry":{"type":"LineString","coordinates":[[59.58187,36.33546],[59.5816,36.33543],[59.58099,36.33486]]}},{"type":"Feature","properties":{"name":"روگذرنواب صفوی","minzoom":13},"geometry":{"type":"LineString","coordinates":[[59.61926,36.28557],[59.61926,36.28571],[59.61887,36.28609],[59.61887,36.28616],[59.6189,36.28623],[59.61892,36.28631],[59.6189,36.28641],[59.61885,36.28649],[59.61879,36.28654],[59.6187,36.28659],[59.61859,36.28661],[59.61846,36.2866],[59.61836,36.28657],[59.6182,36.28649],[59.61807,36.28637],[59.61801,36.28628],[59.61799,36.28617],[59.618,36.28611],[59.61806,36.28601],[59.61814,36.28594],[59.61823,36.2859],[59.61836,36.28588],[59.61848,36.28587],[59.61859,36.28587],[59.61869,36.28585],[59.6188,36.28579],[59.61907,36.28553],[59.61922,36.28548]]}},{"type":"Feature","properties":{"minzoom":13},"geometry":{"type":"LineString","coordinates":[[59.53314,36.34472],[59.53314,36.34478],[59.53312,36.34481],[59.53309,36.34483],[59.53306,36.34483],[59.53304,36.34483],[59.53301,36.34481],[59.53296,36.34473]]}},{"type":"Feature","properties":{"minzoom":13},"geometry":{"type":"LineString","coordinates":[[59.56432,36.34966],[59.56423,36.34973],[59.5639,36.34995]]}},{"type":"Feature","properties":{"minzoom":13},"geometry":{"type":"LineString","coordinates":[[59.5937,36.34648],[59.59376,36.34655],[59.59376,36.34659],[59.59374,36.34662],[59.59369,36.34663],[59.59365,36.34661],[59.59324,36.34625],[59.5931,36.34622]]}},{"type":"Feature","properties":{"minzoom":13},"geometry":{"type":"LineString","coordinates":[[59.55406,36.33896],[59.55398,36.33913],[59.55395,36.33934]]}},{"type":"Feature","properties":{"minzoom":12},"geometry":{"type":"LineString","coordinates":[[59.7457,36.07841],[59.74544,36.07846],[59.74459,36.07863],[59.74401,36.07876]]}},{"type":"Feature","properties":{"minzoom":13},"geometry":{"type":"LineString","coordinates":[[59.60317,36.25038],[59.60311,36.25041],[59.60304,36.25042],[59.60297,36.25042],[59.6029,36.2504],[59.60285,36.25037],[59.60281,36.25032],[59.60279,36.25026],[59.60279,36.25021]]}},{"type":"Feature","properties":{"minzoom":13},"geometry":{"type":"LineString","coordinates":[[59.47706,36.45083],[59.47694,36.45092]]}},{"type":"Feature","properties":{"minzoom":13},"geometry":{"type":"LineString","coordinates":[[59.17523,36.56766],[59.17543,36.56764],[59.17552,36.56761],[59.17556,36.5676],[59.17567,36.56755],[59.17583,36.56743]]}},{"type":"Feature","properties":{"minzoom":13},"geometry":{"type":"LineString","coordinates":[[59.26829,36.38976],[59.26821,36.38978],[59.26818,36.3898],[59.26814,36.38983]]}},{"type":"Feature","properties":{"minzoom":13},"geometry":{"type":"LineString","coordinates":[[59.27084,36.39037],[59.27079,36.39045]]}},{"type":"Feature","properties":{"minzoom":13},"geometry":{"type":"LineString","coordinates":[[59.47787,36.45128],[59.4777,36.45146]]}},{"type":"Feature","properties":{"minzoom":13},"geometry":{"type":"LineString","coordinates":[[59.48494,36.41948],[59.48483,36.41941]]}},{"type":"Feature","properties":{"minzoom":13},"geometry":{"type":"LineString","coordinates":[[59.47964,36.4245],[59.47956,36.42443]]}},{"type":"Feature","properties":{"minzoom":13},"geometry":{"type":"LineString","coordinates":[[59.46483,36.43887],[59.46485,36.43884],[59.46489,36.43881],[59.46493,36.43878],[59.46498,36.43877]]}},{"type":"Feature","properties":{"minzoom":13},"geometry":{"type":"LineString","coordinates":[[59.46433,36.43813],[59.4643,36.43818],[59.46426,36.43821],[59.46422,36.43822],[59.46416,36.43823]]}},{"type":"Feature","properties":{"minzoom":13},"geometry":{"type":"LineString","coordinates":[[59.59149,36.27479],[59.59143,36.27464],[59.59138,36.27458],[59.5913,36.27455],[59.59122,36.27454]]}},{"type":"Feature","properties":{"minzoom":13},"geometry":{"type":"LineString","coordinates":[[59.56019,36.33221],[59.56024,36.33221],[59.56028,36.33222],[59.56031,36.33224],[59.56034,36.33227],[59.56035,36.33231]]}},{"type":"Feature","properties":{"minzoom":12},"geometry":{"type":"LineString","coordinates":[[59.53964,36.36046],[59.53941,36.36113],[59.53918,36.36172],[59.53902,36.36221]]}},{"type":"Feature","properties":{"name":"کندرو پیامبر اعظم","minzoom":12},"geometry":{"type":"LineString","coordinates":[[59.53572,36.36763],[59.5354,36.36825],[59.53479,36.36929],[59.5344,36.36998],[59.53389,36.37073],[59.53368,36.37101],[59.53318,36.37159],[59.53307,36.3717],[59.53286,36.37191],[59.53247,36.3723],[59.53196,36.3728]]}},{"type":"Feature","properties":{"name":"کندرو بزرگراه پیامبر اعظم","minzoom":12},"geometry":{"type":"LineString","coordinates":[[59.53504,36.36735],[59.53555,36.36641]]}},{"type":"Feature","properties":{"minzoom":13},"geometry":{"type":"LineString","coordinates":[[59.64606,36.29334],[59.64613,36.29358]]}},{"type":"Feature","properties":{"minzoom":13},"geometry":{"type":"LineString","coordinates":[[59.64554,36.29321],[59.64572,36.29322],[59.64609,36.29318]]}},{"type":"Feature","properties":{"minzoom":12},"geometry":{"type":"LineString","coordinates":[[59.57424,36.34979],[59.57567,36.34952],[59.57657,36.34934],[59.57722,36.34917]]}},{"type":"Feature","properties":{"name":"ورودی رسالت","minzoom":12},"geometry":{"type":"LineString","coordinates":[[59.64038,36.31917],[59.64027,36.31931],[59.64023,36.3194],[59.64021,36.31948],[59.64022,36.31964],[59.64024,36.31972],[59.64025,36.31976],[59.64024,36.31986],[59.64027,36.31998],[59.64031,36.32021],[59.6404,36.32067],[59.6405,36.32114],[59.64058,36.32144],[59.64065,36.32177]]}},{"type":"Feature","properties":{"minzoom":13},"geometry":{"type":"LineString","coordinates":[[59.48813,36.38393],[59.4883,36.38384]]}},{"type":"Feature","properties":{"minzoom":13},"geometry":{"type":"LineString","coordinates":[[59.47848,36.3853],[59.4783,36.38525],[59.47814,36.38524],[59.4779,36.38528]]}},{"type":"Feature","properties":{"minzoom":13},"geometry":{"type":"LineString","coordinates":[[59.47863,36.3848],[59.47857,36.38494],[59.47855,36.38503],[59.47856,36.38517],[59.47866,36.38532]]}},{"type":"Feature","properties":{"minzoom":13},"geometry":{"type":"LineString","coordinates":[[59.47585,36.3861],[59.47586,36.38613],[59.47586,36.38616],[59.47583,36.38619],[59.47579,36.3862],[59.47575,36.38619]]}},{"type":"Feature","properties":{"minzoom":13},"geometry":{"type":"LineString","coordinates":[[59.4692,36.39009],[59.46941,36.39017],[59.46955,36.3902],[59.4697,36.39018],[59.46982,36.39014]]}},{"type":"Feature","properties":{"minzoom":13},"geometry":{"type":"LineString","coordinates":[[59.46586,36.38611],[59.46582,36.38624],[59.46581,36.38631],[59.46582,36.38643]]}},{"type":"Feature","properties":{"minzoom":13},"geometry":{"type":"LineString","coordinates":[[59.46545,36.38597],[59.46562,36.38601],[59.46573,36.38602],[59.46583,36.38601]]}},{"type":"Feature","properties":{"minzoom":13},"geometry":{"type":"LineString","coordinates":[[59.46845,36.38097],[59.46852,36.38091]]}},{"type":"Feature","properties":{"minzoom":13},"geometry":{"type":"LineString","coordinates":[[59.69776,36.43241],[59.69772,36.43247],[59.69766,36.43252],[59.69758,36.43255],[59.69749,36.43255],[59.69741,36.43254],[59.69734,36.4325]]}},{"type":"Feature","properties":{"minzoom":13},"geometry":{"type":"LineString","coordinates":[[59.6977,36.43294],[59.69772,36.43288],[59.69777,36.43283],[59.69783,36.43278],[59.69791,36.43276],[59.69799,36.43276],[59.69807,36.43278],[59.69813,36.43281]]}},{"type":"Feature","properties":{"minzoom":12},"geometry":{"type":"LineString","coordinates":[[59.55779,36.34678],[59.55896,36.34684],[59.55955,36.34688],[59.56002,36.34694],[59.56054,36.34698]]}},{"type":"Feature","properties":{"minzoom":13},"geometry":{"type":"LineString","coordinates":[[59.55909,36.29122],[59.55946,36.29152]]}},{"type":"Feature","properties":{"minzoom":13},"geometry":{"type":"LineString","coordinates":[[59.61475,36.33132],[59.61485,36.33141],[59.61489,36.33143],[59.61494,36.33142],[59.61513,36.33132],[59.61524,36.33128],[59.6154,36.33126]]}},{"type":"Feature","properties":{"minzoom":12},"geometry":{"type":"LineString","coordinates":[[59.25224,36.55724],[59.25201,36.55729],[59.25185,36.55741],[59.25169,36.55754],[59.25156,36.55763],[59.25146,36.55764],[59.25138,36.55759],[59.25138,36.55752],[59.25141,36.55746],[59.25153,36.55735],[59.25173,36.55718],[59.25189,36.55705],[59.25215,36.55683],[59.25236,36.55661],[59.25252,36.55641]]}},{"type":"Feature","properties":{"minzoom":13},"geometry":{"type":"LineString","coordinates":[[59.49047,36.31405],[59.49041,36.31406],[59.49036,36.31404],[59.49034,36.314],[59.49036,36.31396]]}},{"type":"Feature","properties":{"minzoom":13},"geometry":{"type":"LineString","coordinates":[[59.53804,36.2726],[59.53822,36.27252],[59.5384,36.27243]]}},{"type":"Feature","properties":{"minzoom":13},"geometry":{"type":"LineString","coordinates":[[59.53824,36.27321],[59.53815,36.27291],[59.53812,36.27286],[59.53798,36.27272]]}},{"type":"Feature","properties":{"minzoom":13},"geometry":{"type":"LineString","coordinates":[[59.53879,36.27298],[59.53861,36.27302],[59.53852,36.27307],[59.53842,36.27318]]}},{"type":"Feature","properties":{"minzoom":13},"geometry":{"type":"LineString","coordinates":[[59.53857,36.27246],[59.53881,36.27286]]}},{"type":"Feature","properties":{"minzoom":13},"geometry":{"type":"LineString","coordinates":[[59.50514,36.4782],[59.50501,36.47836]]}},{"type":"Feature","properties":{"minzoom":13},"geometry":{"type":"LineString","coordinates":[[59.49674,36.47065],[59.49689,36.47055]]}},{"type":"Feature","properties":{"minzoom":13},"geometry":{"type":"LineString","coordinates":[[59.63827,36.38918],[59.63813,36.38898],[59.63809,36.38894],[59.63805,36.38891],[59.63799,36.38889],[59.63792,36.38887],[59.63788,36.38888],[59.63783,36.38889],[59.63779,36.38892],[59.63771,36.38899]]}},{"type":"Feature","properties":{"name":"پل شهید ناصری","minzoom":12},"geometry":{"type":"LineString","coordinates":[[59.55634,36.27389],[59.55615,36.27404],[59.55597,36.27421],[59.55572,36.2745],[59.55559,36.27471],[59.55542,36.27508],[59.55531,36.27555]]}},{"type":"Feature","properties":{"minzoom":12},"geometry":{"type":"LineString","coordinates":[[59.55365,36.27662],[59.55279,36.27662],[59.55233,36.2766]]}},{"type":"Feature","properties":{"name":"پل شهید ناصری","minzoom":12},"geometry":{"type":"LineString","coordinates":[[59.55531,36.27555],[59.55523,36.27612],[59.55517,36.27627],[59.55507,36.27637],[59.55491,36.27648],[59.55477,36.27653],[59.55453,36.27657],[59.55365,36.27662]]}},{"type":"Feature","properties":{"minzoom":12},"geometry":{"type":"LineString","coordinates":[[59.56669,36.27261],[59.56549,36.27296]]}},{"type":"Feature","properties":{"minzoom":13},"geometry":{"type":"LineString","coordinates":[[59.59829,36.34023],[59.59815,36.34027],[59.59806,36.34027],[59.59799,36.34026],[59.59792,36.34023],[59.59784,36.34019],[59.59777,36.34012],[59.59775,36.34007],[59.59773,36.34001],[59.59774,36.33994],[59.59776,36.33987],[59.5978,36.33981],[59.59788,36.33974]]}},{"type":"Feature","properties":{"minzoom":13},"geometry":{"type":"LineString","coordinates":[[59.60312,36.33732],[59.60347,36.33719],[59.60368,36.33709],[59.60383,36.33699],[59.60397,36.33688],[59.60411,36.33675],[59.60422,36.33658],[59.60434,36.33635],[59.60443,36.33614]]}},{"type":"Feature","properties":{"minzoom":13},"geometry":{"type":"LineString","coordinates":[[59.47567,36.37401],[59.47573,36.374],[59.47579,36.37403],[59.47582,36.37407],[59.47581,36.37413]]}},{"type":"Feature","properties":{"minzoom":13},"geometry":{"type":"LineString","coordinates":[[59.48422,36.32986],[59.48424,36.3298],[59.4843,36.32977],[59.48437,36.32976],[59.48443,36.3298],[59.48449,36.32994]]}},{"type":"Feature","properties":{"minzoom":12},"geometry":{"type":"LineString","coordinates":[[59.52689,36.37713],[59.52719,36.37661],[59.52759,36.37603]]}},{"type":"Feature","properties":{"minzoom":13},"geometry":{"type":"LineString","coordinates":[[59.52632,36.37489],[59.52617,36.37481]]}},{"type":"Feature","properties":{"minzoom":13},"geometry":{"type":"LineString","coordinates":[[59.32429,36.39773],[59.32439,36.39759]]}},{"type":"Feature","properties":{"minzoom":12},"geometry":{"type":"LineString","coordinates":[[59.76706,36.21695],[59.76697,36.21694],[59.76689,36.21691],[59.76684,36.21686],[59.76681,36.21679],[59.76681,36.21672],[59.76684,36.21666]]}},{"type":"Feature","properties":{"minzoom":13},"geometry":{"type":"LineString","coordinates":[[59.59788,36.33974],[59.59811,36.33962],[59.59925,36.33911],[59.6007,36.33844]]}},{"type":"Feature","properties":{"minzoom":13},"geometry":{"type":"LineString","coordinates":[[59.60025,36.33943],[59.5998,36.33958],[59.59829,36.34023]]}},{"type":"Feature","properties":{"minzoom":13},"geometry":{"type":"LineString","coordinates":[[59.65882,36.28868],[59.65869,36.28858],[59.65866,36.28856],[59.65862,36.28854],[59.65857,36.28852],[59.65852,36.28851],[59.65846,36.28849],[59.65836,36.28847],[59.65828,36.28846],[59.65823,36.28846],[59.65818,36.28847],[59.65802,36.28849]]}},{"type":"Feature","properties":{"minzoom":13},"geometry":{"type":"LineString","coordinates":[[59.38456,36.31283],[59.38451,36.3129]]}},{"type":"Feature","properties":{"minzoom":12},"geometry":{"type":"LineString","coordinates":[[59.10494,36.06263],[59.10474,36.06273],[59.10467,36.06274],[59.10461,36.06273],[59.10456,36.06271],[59.10453,36.06266],[59.10453,36.06262],[59.10455,36.06256],[59.10467,36.0624]]}},{"type":"Feature","properties":{"minzoom":13},"geometry":{"type":"LineString","coordinates":[[59.48703,36.461],[59.48716,36.4609]]}},{"type":"Feature","properties":{"minzoom":13},"geometry":{"type":"LineString","coordinates":[[59.49981,36.47371],[59.49999,36.47361]]}},{"type":"Feature","properties":{"minzoom":13},"geometry":{"type":"LineString","coordinates":[[59.53712,36.33711],[59.53721,36.33702],[59.53736,36.33681],[59.53742,36.3367]]}},{"type":"Feature","properties":{"minzoom":13},"geometry":{"type":"LineString","coordinates":[[59.53761,36.33667],[59.53772,36.33675],[59.53799,36.33688],[59.53815,36.33693]]}},{"type":"Feature","properties":{"minzoom":13},"geometry":{"type":"LineString","coordinates":[[59.52194,36.33981],[59.52214,36.33966],[59.52225,36.33957],[59.52231,36.33949],[59.52238,36.33937]]}},{"type":"Feature","properties":{"minzoom":13},"geometry":{"type":"LineString","coordinates":[[59.52257,36.33933],[59.52274,36.33944],[59.52285,36.33951],[59.52299,36.33956],[59.52318,36.33959]]}},{"type":"Feature","properties":{"minzoom":13},"geometry":{"type":"LineString","coordinates":[[59.52263,36.34028],[59.52248,36.34015],[59.52235,36.34007],[59.5222,36.33999],[59.52207,36.33996]]}},{"type":"Feature","properties":{"minzoom":13},"geometry":{"type":"LineString","coordinates":[[59.52322,36.33974],[59.52305,36.33984],[59.52296,36.33993],[59.52288,36.34002],[59.52281,36.34016]]}},{"type":"Feature","properties":{"minzoom":13},"geometry":{"type":"LineString","coordinates":[[59.16542,36.56993],[59.16556,36.56991],[59.16564,36.5699],[59.16571,36.5699],[59.16589,36.56993],[59.16614,36.56998],[59.16638,36.57003],[59.16657,36.57014]]}},{"type":"Feature","properties":{"minzoom":13},"geometry":{"type":"LineString","coordinates":[[59.59577,36.33503],[59.59571,36.33496]]}},{"type":"Feature","properties":{"minzoom":13},"geometry":{"type":"LineString","coordinates":[[59.61005,36.32621],[59.60971,36.32617]]}},{"type":"Feature","properties":{"minzoom":13},"geometry":{"type":"LineString","coordinates":[[59.60954,36.32612],[59.60958,36.32594],[59.60961,36.32575]]}},{"type":"Feature","properties":{"minzoom":13},"geometry":{"type":"LineString","coordinates":[[59.61172,36.32496],[59.61165,36.32489]]}},{"type":"Feature","properties":{"minzoom":13},"geometry":{"type":"LineString","coordinates":[[59.5734,36.28797],[59.5735,36.28801]]}},{"type":"Feature","properties":{"minzoom":13},"geometry":{"type":"LineString","coordinates":[[59.58929,36.31297],[59.58938,36.31303]]}},{"type":"Feature","properties":{"minzoom":13},"geometry":{"type":"LineString","coordinates":[[59.58894,36.31344],[59.58902,36.31349]]}},{"type":"Feature","properties":{"minzoom":13},"geometry":{"type":"LineString","coordinates":[[59.5852,36.31712],[59.58518,36.31727]]}},{"type":"Feature","properties":{"name":"مشهد - شاندیز","minzoom":12},"geometry":{"type":"LineString","coordinates":[[59.44578,36.34615],[59.44543,36.34649],[59.44506,36.34675],[59.44469,36.34697],[59.44432,36.34715],[59.44395,36.34727],[59.44358,36.34735],[59.44316,36.34744]]}},{"type":"Feature","properties":{"minzoom":13},"geometry":{"type":"LineString","coordinates":[[59.1899,36.56681],[59.18999,36.56672]]}},{"type":"Feature","properties":{"minzoom":13},"geometry":{"type":"LineString","coordinates":[[59.19006,36.56677],[59.18998,36.56685]]}},{"type":"Feature","properties":{"minzoom":13},"geometry":{"type":"LineString","coordinates":[[59.12816,36.60739],[59.12807,36.60702]]}},{"type":"Feature","properties":{"minzoom":13},"geometry":{"type":"LineString","coordinates":[[59.18267,36.57255],[59.18245,36.57253],[59.18238,36.57255],[59.18229,36.57258],[59.18217,36.57266]]}},{"type":"Feature","properties":{"minzoom":13},"geometry":{"type":"LineString","coordinates":[[59.18093,36.57438],[59.18117,36.57442],[59.18141,36.57437],[59.18158,36.57421]]}},{"type":"Feature","properties":{"minzoom":13},"geometry":{"type":"LineString","coordinates":[[59.18182,36.57522],[59.18157,36.57524],[59.18138,36.57532]]}},{"type":"Feature","properties":{"minzoom":13},"geometry":{"type":"LineString","coordinates":[[59.16299,36.56969],[59.16273,36.56969],[59.1625,36.56975],[59.16231,36.56988]]}},{"type":"Feature","properties":{"minzoom":13},"geometry":{"type":"LineString","coordinates":[[59.1619,36.56925],[59.1621,36.5692],[59.16231,36.5691],[59.16247,36.56893]]}},{"type":"Feature","properties":{"minzoom":13},"geometry":{"type":"LineString","coordinates":[[59.19432,36.56848],[59.19403,36.56854],[59.19386,36.56864],[59.19378,36.56872]]}},{"type":"Feature","properties":{"minzoom":13},"geometry":{"type":"LineString","coordinates":[[59.19365,36.56874],[59.19359,36.56855],[59.19352,36.56846],[59.19347,36.56839],[59.19334,36.5683]]}},{"type":"Feature","properties":{"minzoom":13},"geometry":{"type":"LineString","coordinates":[[59.19442,36.58466],[59.19436,36.5849],[59.19435,36.58516]]}},{"type":"Feature","properties":{"minzoom":13},"geometry":{"type":"LineString","coordinates":[[59.19356,36.58455],[59.19382,36.58459],[59.19421,36.58457]]}},{"type":"Feature","properties":{"minzoom":13},"geometry":{"type":"LineString","coordinates":[[59.19346,36.58525],[59.1935,36.58507],[59.19351,36.58482]]}},{"type":"Feature","properties":{"minzoom":13},"geometry":{"type":"LineString","coordinates":[[59.19416,36.58532],[59.19398,36.58531],[59.19377,36.58533],[59.19363,36.58536]]}},{"type":"Feature","properties":{"minzoom":13},"geometry":{"type":"LineString","coordinates":[[59.57178,36.35294],[59.57173,36.35298],[59.57165,36.35302],[59.57157,36.35301],[59.5715,36.35296],[59.57149,36.35289],[59.57154,36.35282],[59.57167,36.35276]]}},{"type":"Feature","properties":{"minzoom":12},"geometry":{"type":"LineString","coordinates":[[59.64092,36.25891],[59.64168,36.25885],[59.64238,36.25889],[59.64323,36.25897],[59.6439,36.25906]]}},{"type":"Feature","properties":{"minzoom":12},"geometry":{"type":"LineString","coordinates":[[59.64885,36.26092],[59.65011,36.26171],[59.65053,36.26204],[59.65123,36.26283]]}},{"type":"Feature","properties":{"minzoom":12},"geometry":{"type":"LineString","coordinates":[[59.64367,36.25962],[59.64298,36.25946],[59.64232,36.25938],[59.64156,36.25933],[59.64088,36.25916]]}},{"type":"Feature","properties":{"minzoom":13},"geometry":{"type":"LineString","coordinates":[[59.49665,36.39474],[59.49666,36.39478],[59.49666,36.39482],[59.49663,36.39485],[59.49659,36.39487],[59.49654,36.39488],[59.4965,36.39487],[59.49646,36.39484],[59.49644,36.39481]]}},{"type":"Feature","properties":{"minzoom":12},"geometry":{"type":"LineString","coordinates":[[59.53023,36.37356],[59.53045,36.37334],[59.53051,36.37329],[59.53061,36.37325],[59.53071,36.37324],[59.53079,36.37326],[59.53086,36.37329],[59.53091,36.37334],[59.53095,36.37341],[59.53096,36.37349],[59.53095,36.37354],[59.5309,36.3736],[59.5307,36.37382]]}},{"type":"Feature","properties":{"minzoom":12},"geometry":{"type":"LineString","coordinates":[[59.52833,36.37532],[59.52908,36.37473]]}},{"type":"Feature","properties":{"minzoom":12},"geometry":{"type":"LineString","coordinates":[[59.52944,36.37509],[59.52913,36.37547],[59.52886,36.37582]]}},{"type":"Feature","properties":{"minzoom":12},"geometry":{"type":"LineString","coordinates":[[59.75607,36.22123],[59.75631,36.22115],[59.75639,36.22115],[59.75645,36.22118],[59.75648,36.22121],[59.75648,36.22127],[59.75645,36.22135],[59.75485,36.22244],[59.75439,36.22287]]}},{"type":"Feature","properties":{"minzoom":13},"geometry":{"type":"LineString","coordinates":[[59.55278,36.35819],[59.55271,36.35821],[59.55266,36.35819],[59.55263,36.35815],[59.55264,36.3581],[59.55277,36.35793]]}},{"type":"Feature","properties":{"name":"بلوار کشاورز","minzoom":13},"geometry":{"type":"LineString","coordinates":[[59.57515,36.3505],[59.57517,36.3504],[59.57522,36.35035],[59.5753,36.35033],[59.57538,36.35035],[59.57544,36.35039],[59.57546,36.35047],[59.57541,36.35056],[59.57518,36.3508]]}},{"type":"Feature","properties":{"minzoom":13},"geometry":{"type":"LineString","coordinates":[[59.5756,36.35046],[59.57558,36.35051],[59.5756,36.35056],[59.57565,36.35059],[59.57577,36.35056]]}},{"type":"Feature","properties":{"minzoom":13},"geometry":{"type":"LineString","coordinates":[[59.56662,36.35638],[59.56647,36.35634],[59.56637,36.35632],[59.56625,36.35632],[59.56607,36.35635]]}},{"type":"Feature","properties":{"minzoom":13},"geometry":{"type":"LineString","coordinates":[[59.56602,36.35624],[59.56607,36.35613],[59.5661,36.35606],[59.56612,36.35596],[59.56611,36.35587]]}},{"type":"Feature","properties":{"minzoom":13},"geometry":{"type":"LineString","coordinates":[[59.5697,36.35392],[59.56976,36.35392],[59.56982,36.35395],[59.56986,36.35399],[59.56987,36.35404],[59.56986,36.35409],[59.56981,36.35412]]}},{"type":"Feature","properties":{"name":"خروجی به وکیل آباد","minzoom":12},"geometry":{"type":"LineString","coordinates":[[59.46733,36.34997],[59.46711,36.35018],[59.46684,36.35049],[59.46668,36.35066],[59.46653,36.35078],[59.46629,36.35088],[59.46607,36.35094],[59.4659,36.35095],[59.46573,36.35094],[59.46555,36.35091],[59.46538,36.35085],[59.46525,36.35077],[59.4651,36.35066],[59.46501,36.35056],[59.46474,36.35008],[59.46443,36.34962]]}},{"type":"Feature","properties":{"name":"خروجی به وکیل آباد","minzoom":12},"geometry":{"type":"LineString","coordinates":[[59.46443,36.34962],[59.46369,36.34852]]}},{"type":"Feature","properties":{"minzoom":12},"geometry":{"type":"LineString","coordinates":[[59.46359,36.35318],[59.46404,36.35271],[59.46467,36.35213],[59.46502,36.35177],[59.46518,36.35164],[59.46535,36.35156],[59.46561,36.35148],[59.46589,36.35145],[59.46612,36.35148],[59.46629,36.35151],[59.4665,36.3516],[59.46671,36.35173],[59.46689,36.35189],[59.4672,36.35214],[59.46771,36.35251],[59.46894,36.35335]]}},{"type":"Feature","properties":{"minzoom":12},"geometry":{"type":"LineString","coordinates":[[59.74362,36.24207],[59.74379,36.24187],[59.74387,36.24183],[59.74396,36.24183],[59.74402,36.24187],[59.74405,36.24192],[59.74404,36.242],[59.7433,36.24352],[59.74302,36.24429]]}},{"type":"Feature","properties":{"minzoom":13},"geometry":{"type":"LineString","coordinates":[[59.57896,36.32281],[59.5789,36.32283],[59.57884,36.32283],[59.57879,36.3228],[59.57876,36.32276],[59.57876,36.32271]]}},{"type":"Feature","properties":{"minzoom":12},"geometry":{"type":"LineString","coordinates":[[59.472,36.4106],[59.4724,36.41089]]}},{"type":"Feature","properties":{"minzoom":12},"geometry":{"type":"LineString","coordinates":[[59.47213,36.4114],[59.47189,36.41179],[59.47179,36.41197],[59.47178,36.41201],[59.47178,36.41206],[59.47183,36.41218]]}},{"type":"Feature","properties":{"minzoom":12},"geometry":{"type":"LineString","coordinates":[[59.4304,36.35805],[59.43025,36.35805],[59.43019,36.35803],[59.43017,36.358],[59.43016,36.35797],[59.43017,36.35792],[59.43022,36.35788],[59.4306,36.35764]]}},{"type":"Feature","properties":{"minzoom":12},"geometry":{"type":"LineString","coordinates":[[59.48957,36.39832],[59.4886,36.39889],[59.48819,36.39912]]}},{"type":"Feature","properties":{"minzoom":12},"geometry":{"type":"LineString","coordinates":[[59.49407,36.39625],[59.49483,36.39577],[59.49525,36.39558],[59.49631,36.39515],[59.49704,36.39486],[59.49733,36.3948],[59.49865,36.39435],[59.4994,36.39423]]}},{"type":"Feature","properties":{"minzoom":13},"geometry":{"type":"LineString","coordinates":[[59.55149,36.33885],[59.55146,36.33886],[59.55143,36.33887],[59.55139,36.33887],[59.55135,36.33886]]}},{"type":"Feature","properties":{"minzoom":13},"geometry":{"type":"LineString","coordinates":[[59.6724,36.31181],[59.67242,36.31191],[59.67246,36.312],[59.6725,36.31208],[59.67257,36.31217]]}},{"type":"Feature","properties":{"minzoom":13},"geometry":{"type":"LineString","coordinates":[[59.62027,36.26491],[59.62016,36.2649],[59.62005,36.26491],[59.61995,36.26494],[59.61984,36.26501]]}},{"type":"Feature","properties":{"name":"ورودی گلبهار","minzoom":12},"geometry":{"type":"LineString","coordinates":[[59.20276,36.59264],[59.20281,36.5925],[59.20289,36.59238],[59.2033,36.59205],[59.20352,36.59185],[59.20363,36.59163],[59.20369,36.59134],[59.20368,36.59108],[59.20366,36.59097],[59.20355,36.59075],[59.20341,36.59056],[59.2033,36.59047],[59.20325,36.59039]]}},{"type":"Feature","properties":{"minzoom":13},"geometry":{"type":"LineString","coordinates":[[59.63751,36.22996],[59.63761,36.22997],[59.63772,36.22999],[59.63781,36.23003],[59.63785,36.23007],[59.63787,36.23012],[59.63788,36.23019],[59.63781,36.23033]]}},{"type":"Feature","properties":{"minzoom":12},"geometry":{"type":"LineString","coordinates":[[59.62456,36.2368],[59.62453,36.23666],[59.62446,36.23657],[59.62441,36.23654],[59.62432,36.2365],[59.62412,36.23648]]}},{"type":"Feature","properties":{"minzoom":12},"geometry":{"type":"LineString","coordinates":[[59.62536,36.2338],[59.62526,36.2339],[59.62515,36.23396],[59.62503,36.23399],[59.62491,36.23398],[59.6248,36.23394],[59.6247,36.23385],[59.62468,36.23378],[59.62468,36.2337],[59.62474,36.23361]]}},{"type":"Feature","properties":{"minzoom":12},"geometry":{"type":"LineString","coordinates":[[59.62237,36.23972],[59.62179,36.24051]]}},{"type":"Feature","properties":{"minzoom":13},"geometry":{"type":"LineString","coordinates":[[59.51394,36.34048],[59.51394,36.34054],[59.51393,36.34057],[59.51388,36.34059],[59.51382,36.34057],[59.5138,36.34053]]}},{"type":"Feature","properties":{"minzoom":13},"geometry":{"type":"LineString","coordinates":[[59.60424,36.24724],[59.60433,36.2472],[59.60442,36.24719],[59.60452,36.24722],[59.60458,36.24728],[59.60461,36.24736]]}},{"type":"Feature","properties":{"minzoom":13},"geometry":{"type":"LineString","coordinates":[[59.60473,36.24706],[59.60465,36.24711],[59.60457,36.24711],[59.60449,36.24707],[59.60445,36.247],[59.60447,36.24693]]}},{"type":"Feature","properties":{"minzoom":13},"geometry":{"type":"LineString","coordinates":[[59.64218,36.40056],[59.6424,36.40095],[59.64259,36.40114]]}},{"type":"Feature","properties":{"minzoom":13},"geometry":{"type":"LineString","coordinates":[[59.64259,36.40114],[59.64252,36.40124],[59.64251,36.40155]]}},{"type":"Feature","properties":{"minzoom":12},"geometry":{"type":"LineString","coordinates":[[59.49583,36.36829],[59.49579,36.36823],[59.49579,36.36816],[59.49583,36.36809],[59.49591,36.36806],[59.496,36.36805],[59.49608,36.36809]]}},{"type":"Feature","properties":{"minzoom":12},"geometry":{"type":"LineString","coordinates":[[59.49567,36.36781],[59.49571,36.36787],[59.4957,36.36794],[59.49566,36.368],[59.49558,36.36804],[59.49549,36.36804],[59.49542,36.36801]]}},{"type":"Feature","properties":{"minzoom":12},"geometry":{"type":"LineString","coordinates":[[59.59081,36.23841],[59.59085,36.23839],[59.5909,36.23837],[59.59095,36.23837],[59.59101,36.23838],[59.59105,36.23841],[59.59109,36.23844]]}},{"type":"Feature","properties":{"minzoom":13},"geometry":{"type":"LineString","coordinates":[[59.63804,36.30202],[59.63772,36.30204]]}},{"type":"Feature","properties":{"minzoom":13},"geometry":{"type":"LineString","coordinates":[[59.63754,36.30209],[59.6375,36.30187],[59.63745,36.30166]]}},{"type":"Feature","properties":{"minzoom":12},"geometry":{"type":"LineString","coordinates":[[59.49297,36.32976],[59.49327,36.32977]]}},{"type":"Feature","properties":{"minzoom":12},"geometry":{"type":"LineString","coordinates":[[59.4918,36.33023],[59.49205,36.33004]]}},{"type":"Feature","properties":{"minzoom":12},"geometry":{"type":"LineString","coordinates":[[59.49917,36.32783],[59.49931,36.32788]]}},{"type":"Feature","properties":{"minzoom":12},"geometry":{"type":"LineString","coordinates":[[59.49971,36.32824],[59.49948,36.32843]]}},{"type":"Feature","properties":{"minzoom":12},"geometry":{"type":"LineString","coordinates":[[59.49729,36.32899],[59.49704,36.32921]]}},{"type":"Feature","properties":{"minzoom":12},"geometry":{"type":"LineString","coordinates":[[59.49084,36.331],[59.49074,36.33115]]}},{"type":"Feature","properties":{"name":"آزادگان - وکیل آباد ۶۳","minzoom":12},"geometry":{"type":"LineString","coordinates":[[59.47642,36.33564],[59.47637,36.33553]]}},{"type":"Feature","properties":{"minzoom":13},"geometry":{"type":"LineString","coordinates":[[59.47419,36.32979],[59.4742,36.32972],[59.47428,36.32969],[59.47435,36.32973]]}},{"type":"Feature","properties":{"minzoom":13},"geometry":{"type":"LineString","coordinates":[[59.50753,36.32239],[59.50763,36.32233]]}},{"type":"Feature","properties":{"minzoom":13},"geometry":{"type":"LineString","coordinates":[[59.47268,36.3819],[59.47276,36.38184],[59.47278,36.38173],[59.47278,36.38165],[59.47275,36.38156]]}},{"type":"Feature","properties":{"minzoom":13},"geometry":{"type":"LineString","coordinates":[[59.4735,36.38152],[59.47347,36.38161],[59.47344,36.38174],[59.47346,36.38189]]}},{"type":"Feature","properties":{"minzoom":12},"geometry":{"type":"LineString","coordinates":[[59.55947,36.27301],[59.55813,36.27321],[59.55757,36.27332],[59.55732,36.27339],[59.55688,36.27357]]}},{"type":"Feature","properties":{"minzoom":13},"geometry":{"type":"LineString","coordinates":[[59.60506,36.33581],[59.60519,36.33589],[59.60527,36.33598],[59.60531,36.33606],[59.60532,36.33617],[59.60531,36.33623],[59.60526,36.33629],[59.60521,36.33635],[59.60513,36.3364],[59.60503,36.33643],[59.6049,36.33643],[59.6048,36.33641],[59.60469,36.33636],[59.60461,36.33628],[59.60457,36.33615],[59.60454,36.33602],[59.60452,36.33596],[59.60447,36.33588]]}},{"type":"Feature","properties":{"minzoom":12},"geometry":{"type":"LineString","coordinates":[[59.64351,36.31743],[59.6421,36.31827]]}},{"type":"Feature","properties":{"minzoom":12},"geometry":{"type":"LineString","coordinates":[[59.49939,36.2818],[59.49917,36.28186],[59.49846,36.28221],[59.49802,36.28232]]}},{"type":"Feature","properties":{"minzoom":12},"geometry":{"type":"LineString","coordinates":[[59.49362,36.28521],[59.49344,36.28503]]}},{"type":"Feature","properties":{"minzoom":12},"geometry":{"type":"LineString","coordinates":[[59.48098,36.29109],[59.48088,36.29089]]}},{"type":"Feature","properties":{"minzoom":13},"geometry":{"type":"LineString","coordinates":[[59.57041,36.31712],[59.57046,36.31723]]}},{"type":"Feature","properties":{"minzoom":13},"geometry":{"type":"LineString","coordinates":[[59.4626,36.33108],[59.46294,36.32942],[59.46298,36.32931],[59.46301,36.32925]]}},{"type":"Feature","properties":{"minzoom":13},"geometry":{"type":"LineString","coordinates":[[59.46346,36.32931],[59.46347,36.32938],[59.46346,36.32949],[59.46307,36.33114]]}},{"type":"Feature","properties":{"minzoom":13},"geometry":{"type":"LineString","coordinates":[[59.46301,36.32925],[59.46307,36.32921],[59.46318,36.32918]]}},{"type":"Feature","properties":{"minzoom":12},"geometry":{"type":"LineString","coordinates":[[59.62744,36.32546],[59.62745,36.32541],[59.62743,36.32537],[59.6274,36.32534],[59.62735,36.32532]]}},{"type":"Feature","properties":{"minzoom":13},"geometry":{"type":"LineString","coordinates":[[59.54445,36.37025],[59.54473,36.37023],[59.54499,36.37018]]}},{"type":"Feature","properties":{"minzoom":13},"geometry":{"type":"LineString","coordinates":[[59.46307,36.33114],[59.46303,36.33141],[59.46293,36.332]]}},{"type":"Feature","properties":{"minzoom":13},"geometry":{"type":"LineString","coordinates":[[59.46222,36.3324],[59.4626,36.33108]]}},{"type":"Feature","properties":{"name":"بزرگراه نمایشگاه","minzoom":12},"geometry":{"type":"LineString","coordinates":[[59.46472,36.35048],[59.46461,36.35014],[59.46449,36.34996],[59.46401,36.34922],[59.46343,36.3484],[59.46321,36.34796],[59.46299,36.34756],[59.46257,36.34678],[59.46229,36.34611]]}},{"type":"Feature","properties":{"name":"خروجی به وکیل آباد","minzoom":12},"geometry":{"type":"LineString","coordinates":[[59.46369,36.34852],[59.4633,36.34789],[59.46302,36.3474],[59.46251,36.34644],[59.46229,36.34611]]}},{"type":"Feature","properties":{"minzoom":12},"geometry":{"type":"LineString","coordinates":[[59.46508,36.34981],[59.46509,36.34985],[59.46508,36.34989],[59.46506,36.34992],[59.46504,36.34996],[59.46501,36.34999],[59.46497,36.35001],[59.46492,36.35004],[59.46487,36.35005],[59.46482,36.35005],[59.46477,36.35005],[59.46472,36.35004]]}},{"type":"Feature","properties":{"minzoom":12},"geometry":{"type":"LineString","coordinates":[[59.46472,36.35004],[59.46449,36.34996]]}},{"type":"Feature","properties":{"minzoom":12},"geometry":{"type":"LineString","coordinates":[[59.46504,36.34963],[59.46508,36.34981]]}},{"type":"Feature","properties":{"name":"خروجی به وکیل آباد","minzoom":12},"geometry":{"type":"LineString","coordinates":[[59.46977,36.34791],[59.46924,36.34827],[59.46898,36.34848],[59.46819,36.34917],[59.46771,36.3496],[59.46733,36.34997]]}},{"type":"Feature","properties":{"minzoom":12},"geometry":{"type":"LineString","coordinates":[[59.54582,36.33601],[59.54581,36.33596],[59.54583,36.33588],[59.54588,36.33581],[59.54596,36.33575],[59.54607,36.33573],[59.54617,36.33573],[59.54627,36.33577],[59.54634,36.33583],[59.54638,36.33591]]}},{"type":"Feature","properties":{"minzoom":12},"geometry":{"type":"LineString","coordinates":[[59.54638,36.33591],[59.54673,36.33725],[59.54717,36.33897]]}},{"type":"Feature","properties":{"minzoom":12},"geometry":{"type":"LineString","coordinates":[[59.54628,36.33805],[59.54619,36.33732],[59.54582,36.33601]]}},{"type":"Feature","properties":{"minzoom":13},"geometry":{"type":"LineString","coordinates":[[59.60614,36.33763],[59.60601,36.33755],[59.60585,36.33749],[59.60572,36.33742],[59.60564,36.33734],[59.6056,36.33725],[59.6056,36.33714],[59.60564,36.33705],[59.60571,36.33696],[59.60586,36.33689],[59.60599,36.33688],[59.60614,36.33692],[59.60625,36.337],[59.60632,36.3371],[59.60636,36.33723],[59.6064,36.33739],[59.60644,36.33746],[59.60654,36.33755]]}},{"type":"Feature","properties":{"minzoom":13},"geometry":{"type":"LineString","coordinates":[[59.60654,36.33755],[59.60676,36.33779],[59.60701,36.33807],[59.60717,36.3383],[59.60727,36.33847],[59.60733,36.33866]]}},{"type":"Feature","properties":{"minzoom":12},"geometry":{"type":"LineString","coordinates":[[59.46708,36.35202],[59.46736,36.35209]]}},{"type":"Feature","properties":{"minzoom":12},"geometry":{"type":"LineString","coordinates":[[59.46692,36.35245],[59.46685,36.35227]]}},{"type":"Feature","properties":{"minzoom":12},"geometry":{"type":"LineString","coordinates":[[59.46685,36.35227],[59.46684,36.35223],[59.46684,36.35217],[59.46686,36.35212],[59.4669,36.35208],[59.46695,36.35205],[59.46701,36.35203],[59.46708,36.35202]]}},{"type":"Feature","properties":{"minzoom":12},"geometry":{"type":"LineString","coordinates":[[59.59275,36.23075],[59.59266,36.23076],[59.59258,36.23079],[59.59249,36.23083],[59.59245,36.23087],[59.59232,36.23102]]}},{"type":"Feature","properties":{"minzoom":12},"geometry":{"type":"LineString","coordinates":[[59.59203,36.23104],[59.592,36.23078],[59.59196,36.23065],[59.59191,36.23058],[59.59184,36.23048],[59.59174,36.23036]]}},{"type":"Feature","properties":{"minzoom":12},"geometry":{"type":"LineString","coordinates":[[59.5901,36.24091],[59.5902,36.24095],[59.59031,36.24094],[59.5904,36.2409],[59.59046,36.24083]]}},{"type":"Feature","properties":{"minzoom":12},"geometry":{"type":"LineString","coordinates":[[59.59096,36.24195],[59.59085,36.24192],[59.59078,36.24191],[59.59074,36.24193],[59.5907,36.24197],[59.5906,36.2421]]}},{"type":"Feature","properties":{"minzoom":12},"geometry":{"type":"LineString","coordinates":[[59.59039,36.24373],[59.59037,36.24378],[59.59032,36.24382],[59.59026,36.24384],[59.59019,36.24384],[59.59013,36.24381],[59.59009,36.24376],[59.59008,36.24371]]}},{"type":"Feature","properties":{"minzoom":13},"geometry":{"type":"LineString","coordinates":[[59.59002,36.2442],[59.59005,36.24415],[59.5901,36.24412],[59.59016,36.2441],[59.59023,36.2441],[59.59028,36.24413],[59.59032,36.24418],[59.59033,36.24423]]}},{"type":"Feature","properties":{"minzoom":12},"geometry":{"type":"LineString","coordinates":[[59.64447,36.25916],[59.64481,36.25931]]}},{"type":"Feature","properties":{"minzoom":12},"geometry":{"type":"LineString","coordinates":[[59.6447,36.25971],[59.64456,36.25973],[59.64443,36.25971],[59.64403,36.25964],[59.64367,36.25962]]}},{"type":"Feature","properties":{"minzoom":12},"geometry":{"type":"LineString","coordinates":[[59.64786,36.26111],[59.64765,36.2609]]}},{"type":"Feature","properties":{"minzoom":12},"geometry":{"type":"LineString","coordinates":[[59.6479,36.26053],[59.64806,36.26055],[59.64842,36.26071],[59.64854,36.26072]]}},{"type":"Feature","properties":{"minzoom":12},"geometry":{"type":"LineString","coordinates":[[59.64481,36.25931],[59.64486,36.25937],[59.64489,36.25943],[59.64489,36.2595],[59.64487,36.25956],[59.64483,36.25962],[59.64477,36.25967],[59.6447,36.25971]]}},{"type":"Feature","properties":{"minzoom":12},"geometry":{"type":"LineString","coordinates":[[59.64765,36.2609],[59.64761,36.26084],[59.64759,36.26078],[59.64759,36.26071],[59.64762,36.26065],[59.64767,36.26059],[59.64774,36.26055],[59.64781,36.26053],[59.6479,36.26053]]}},{"type":"Feature","properties":{"minzoom":13},"geometry":{"type":"LineString","coordinates":[[59.64989,36.26243],[59.64938,36.26196]]}},{"type":"Feature","properties":{"minzoom":13},"geometry":{"type":"LineString","coordinates":[[59.50452,36.40484],[59.50442,36.40476]]}},{"type":"Feature","properties":{"name":"بلوار غیور اصلی","minzoom":13},"geometry":{"type":"LineString","coordinates":[[59.60692,36.33629],[59.60641,36.33673],[59.60639,36.33685],[59.60644,36.33707],[59.60649,36.33734],[59.60654,36.33755]]}},{"type":"Feature","properties":{"minzoom":13},"geometry":{"type":"LineString","coordinates":[[59.62629,36.33647],[59.62624,36.33641],[59.62619,36.33638],[59.62614,36.33638],[59.62608,36.3364],[59.62601,36.33645]]}},{"type":"Feature","properties":{"minzoom":13},"geometry":{"type":"LineString","coordinates":[[59.47319,36.36297],[59.47329,36.36304],[59.47336,36.36307],[59.47345,36.36308],[59.47359,36.36308]]}},{"type":"Feature","properties":{"minzoom":13},"geometry":{"type":"LineString","coordinates":[[59.48216,36.35844],[59.48223,36.35855]]}},{"type":"Feature","properties":{"minzoom":12},"geometry":{"type":"LineString","coordinates":[[59.55497,36.34652],[59.55395,36.34652],[59.55365,36.34655]]}},{"type":"Feature","properties":{"minzoom":13},"geometry":{"type":"LineString","coordinates":[[59.57831,36.33124],[59.57825,36.33124],[59.57819,36.33122],[59.57816,36.33118],[59.57815,36.33113]]}},{"type":"Feature","properties":{"minzoom":12},"geometry":{"type":"LineString","coordinates":[[59.52574,36.34542],[59.52383,36.34563]]}},{"type":"Feature","properties":{"minzoom":13},"geometry":{"type":"LineString","coordinates":[[59.63346,36.30227],[59.63334,36.3023]]}},{"type":"Feature","properties":{"minzoom":13},"geometry":{"type":"LineString","coordinates":[[59.6214,36.30335],[59.6214,36.30337],[59.6214,36.30339],[59.62139,36.30341],[59.62137,36.30342],[59.62135,36.30343],[59.62133,36.30343]]}},{"type":"Feature","properties":{"minzoom":13},"geometry":{"type":"LineString","coordinates":[[59.53671,36.33342],[59.53667,36.33345],[59.53662,36.33347],[59.53657,36.33347],[59.53652,36.33346]]}},{"type":"Feature","properties":{"minzoom":12},"geometry":{"type":"LineString","coordinates":[[59.51144,36.32394],[59.51182,36.32392]]}},{"type":"Feature","properties":{"minzoom":12},"geometry":{"type":"LineString","coordinates":[[59.51063,36.32428],[59.51077,36.32413]]}},{"type":"Feature","properties":{"minzoom":13},"geometry":{"type":"LineString","coordinates":[[59.60286,36.33754],[59.60302,36.33741],[59.60312,36.33732],[59.60332,36.33718],[59.60345,36.33709],[59.60356,36.33701],[59.60387,36.33676],[59.60433,36.33628],[59.60443,36.33614]]}},{"type":"Feature","properties":{"name":"کندرو بزرگراه پیامبر اعظم","minzoom":12},"geometry":{"type":"LineString","coordinates":[[59.53627,36.36676],[59.53572,36.36763]]}},{"type":"Feature","properties":{"name":"کندرو بزرگراه پیامبر اعظم","minzoom":12},"geometry":{"type":"LineString","coordinates":[[59.53698,36.36556],[59.53659,36.36621],[59.53627,36.36676]]}},{"type":"Feature","properties":{"name":"کندرو بزرگراه پیامبر اعظم","minzoom":12},"geometry":{"type":"LineString","coordinates":[[59.54454,36.35289],[59.54405,36.35374],[59.54379,36.35419],[59.54373,36.35429]]}},{"type":"Feature","properties":{"name":"کنارگذر چراغچی","minzoom":13},"geometry":{"type":"LineString","coordinates":[[59.6072,36.3387],[59.60688,36.33838],[59.60631,36.33777],[59.60614,36.33763],[59.60582,36.33758],[59.60561,36.33758],[59.60493,36.33766],[59.60454,36.33771],[59.60432,36.33775],[59.6041,36.33779],[59.60367,36.33792],[59.60344,36.33799],[59.60299,36.33815]]}},{"type":"Feature","properties":{"name":"بولوار جانباز","minzoom":12},"geometry":{"type":"LineString","coordinates":[[59.54685,36.33841],[59.54717,36.33897],[59.54729,36.33917],[59.5474,36.33961]]}},{"type":"Feature","properties":{"minzoom":13},"geometry":{"type":"LineString","coordinates":[[59.62384,36.32841],[59.62359,36.32825]]}},{"type":"Feature","properties":{"name":"ورودی بزرگراه آزادی","minzoom":12},"geometry":{"type":"LineString","coordinates":[[59.54287,36.32504],[59.54285,36.32484],[59.5428,36.32457],[59.54275,36.32441],[59.54257,36.32315]]}},{"type":"Feature","properties":{"minzoom":13},"geometry":{"type":"LineString","coordinates":[[59.52836,36.35331],[59.52847,36.35336]]}},{"type":"Feature","properties":{"minzoom":13},"geometry":{"type":"LineString","coordinates":[[59.64436,36.30578],[59.64459,36.30576],[59.64477,36.30575]]}},{"type":"Feature","properties":{"minzoom":13},"geometry":{"type":"LineString","coordinates":[[59.60761,36.26929],[59.60768,36.26934]]}},{"type":"Feature","properties":{"minzoom":12},"geometry":{"type":"LineString","coordinates":[[59.46913,36.3373],[59.46909,36.33721]]}},{"type":"Feature","properties":{"minzoom":12},"geometry":{"type":"LineString","coordinates":[[59.45924,36.36281],[59.45899,36.3631],[59.45882,36.36332],[59.45869,36.36339],[59.45854,36.36342],[59.45839,36.36337],[59.45829,36.36326],[59.45827,36.36314],[59.45832,36.36297],[59.45839,36.36266]]}},{"type":"Feature","properties":{"minzoom":13},"geometry":{"type":"LineString","coordinates":[[59.62338,36.28156],[59.62343,36.28157],[59.62348,36.2816],[59.6235,36.28164],[59.62351,36.28169]]}},{"type":"Feature","properties":{"minzoom":12},"geometry":{"type":"LineString","coordinates":[[59.47808,36.33439],[59.47824,36.33432],[59.47841,36.33423],[59.47924,36.33398]]}},{"type":"Feature","properties":{"minzoom":12},"geometry":{"type":"LineString","coordinates":[[59.44405,36.34376],[59.44439,36.3438],[59.44473,36.34388],[59.44496,36.34406]]}},{"type":"Feature","properties":{"minzoom":12},"geometry":{"type":"LineString","coordinates":[[59.50181,36.27993],[59.50187,36.27994],[59.50192,36.27995],[59.50196,36.27999],[59.50199,36.28004],[59.50198,36.28009],[59.50196,36.28013]]}},{"type":"Feature","properties":{"minzoom":12},"geometry":{"type":"LineString","coordinates":[[59.50711,36.27797],[59.50707,36.27796],[59.50704,36.27795],[59.50702,36.27793],[59.50702,36.27791],[59.50701,36.27789],[59.50701,36.27788],[59.50702,36.27784]]}},{"type":"Feature","properties":{"minzoom":13},"geometry":{"type":"LineString","coordinates":[[59.50467,36.30378],[59.50514,36.30326],[59.50528,36.30313],[59.50554,36.30294]]}},{"type":"Feature","properties":{"minzoom":13},"geometry":{"type":"LineString","coordinates":[[59.63718,36.28026],[59.63716,36.2804],[59.63718,36.28048],[59.63724,36.28061]]}},{"type":"Feature","properties":{"minzoom":13},"geometry":{"type":"LineString","coordinates":[[59.6366,36.2802],[59.63686,36.28019],[59.63696,36.28018],[59.63713,36.28012]]}},{"type":"Feature","properties":{"minzoom":13},"geometry":{"type":"LineString","coordinates":[[59.63654,36.28069],[59.63656,36.28053],[59.63655,36.28044],[59.63644,36.28026]]}},{"type":"Feature","properties":{"minzoom":13},"geometry":{"type":"LineString","coordinates":[[59.63711,36.28068],[59.63689,36.2807],[59.63672,36.28072]]}},{"type":"Feature","properties":{"name":"بولوار جانباز","minzoom":12},"geometry":{"type":"LineString","coordinates":[[59.54775,36.33977],[59.54839,36.33966],[59.55039,36.33932],[59.55095,36.3393]]}},{"type":"Feature","properties":{"name":"بولوار جانباز","minzoom":12},"geometry":{"type":"LineString","coordinates":[[59.55113,36.33943],[59.55044,36.33963],[59.54851,36.33996],[59.54788,36.34007]]}},{"type":"Feature","properties":{"minzoom":12},"geometry":{"type":"LineString","coordinates":[[59.54788,36.34007],[59.54778,36.34005],[59.54771,36.34001],[59.54767,36.33994],[59.54766,36.33987],[59.5477,36.3398],[59.54775,36.33977]]}},{"type":"Feature","properties":{"minzoom":12},"geometry":{"type":"LineString","coordinates":[[59.52148,36.34558],[59.5207,36.34553],[59.51989,36.3455],[59.51883,36.34546]]}},{"type":"Feature","properties":{"minzoom":12},"geometry":{"type":"LineString","coordinates":[[59.5205,36.34498],[59.52152,36.34473]]}},{"type":"Feature","properties":{"minzoom":13},"geometry":{"type":"LineString","coordinates":[[59.47774,36.31594],[59.47787,36.31599],[59.478,36.31601],[59.47814,36.31604],[59.47827,36.31605]]}},{"type":"Feature","properties":{"minzoom":13},"geometry":{"type":"LineString","coordinates":[[59.4781,36.31648],[59.47787,36.31642],[59.47757,36.31638]]}},{"type":"Feature","properties":{"minzoom":13},"geometry":{"type":"LineString","coordinates":[[59.47746,36.31632],[59.47752,36.31623],[59.47755,36.31618],[59.47757,36.31606],[59.47756,36.31592]]}},{"type":"Feature","properties":{"minzoom":13},"geometry":{"type":"LineString","coordinates":[[59.64071,36.29039],[59.64069,36.29039],[59.64066,36.2904],[59.64063,36.2904],[59.64061,36.29039],[59.64058,36.29038],[59.64056,36.29037],[59.64055,36.29035],[59.64054,36.29033]]}},{"type":"Feature","properties":{"minzoom":13},"geometry":{"type":"LineString","coordinates":[[59.65086,36.28316],[59.651,36.28313]]}},{"type":"Feature","properties":{"minzoom":13},"geometry":{"type":"LineString","coordinates":[[59.64906,36.28055],[59.6491,36.28057],[59.64912,36.2806],[59.64913,36.28064],[59.64911,36.28067]]}},{"type":"Feature","properties":{"minzoom":13},"geometry":{"type":"LineString","coordinates":[[59.64436,36.28269],[59.64449,36.28272],[59.64456,36.28273],[59.64473,36.28273]]}},{"type":"Feature","properties":{"name":"ورودی هاشمی نژاد","minzoom":13},"geometry":{"type":"LineString","coordinates":[[59.60773,36.29798],[59.60792,36.29823],[59.60794,36.29825]]}},{"type":"Feature","properties":{"minzoom":13},"geometry":{"type":"LineString","coordinates":[[59.66649,36.28556],[59.66655,36.28557],[59.6666,36.2856],[59.66663,36.28565],[59.66662,36.2857],[59.66658,36.28574]]}},{"type":"Feature","properties":{"name":"ورودی هاشمی نژاد","minzoom":13},"geometry":{"type":"LineString","coordinates":[[59.60852,36.29882],[59.60875,36.29891],[59.60954,36.29918],[59.60962,36.29921],[59.60979,36.29937]]}},{"type":"Feature","properties":{"minzoom":12},"geometry":{"type":"LineString","coordinates":[[59.77754,36.20557],[59.77824,36.20641],[59.77849,36.20665],[59.77872,36.20682],[59.77957,36.2074],[59.7805,36.20799]]}},{"type":"Feature","properties":{"minzoom":12},"geometry":{"type":"LineString","coordinates":[[59.74431,36.24155],[59.74421,36.24165],[59.74414,36.24167],[59.74405,36.24167],[59.74398,36.24162],[59.74396,36.24155],[59.74399,36.24144],[59.74473,36.23994],[59.74496,36.2394],[59.74509,36.23898]]}},{"type":"Feature","properties":{"minzoom":12},"geometry":{"type":"LineString","coordinates":[[59.54751,36.34623],[59.54769,36.34559],[59.54779,36.34494],[59.54782,36.34463],[59.54781,36.34438]]}},{"type":"Feature","properties":{"minzoom":12},"geometry":{"type":"LineString","coordinates":[[59.54674,36.34541],[59.54547,36.34539]]}},{"type":"Feature","properties":{"minzoom":12},"geometry":{"type":"LineString","coordinates":[[59.64717,36.31545],[59.64715,36.31562],[59.64718,36.31567],[59.64724,36.31571],[59.64732,36.31572]]}},{"type":"Feature","properties":{"name":"ورودی رسالت","minzoom":12},"geometry":{"type":"LineString","coordinates":[[59.64717,36.31545],[59.64671,36.31604]]}},{"type":"Feature","properties":{"minzoom":13},"geometry":{"type":"LineString","coordinates":[[59.62873,36.29538],[59.62856,36.29573],[59.62848,36.29592]]}},{"type":"Feature","properties":{"minzoom":12},"geometry":{"type":"LineString","coordinates":[[59.46196,36.34542],[59.46165,36.34443]]}},{"type":"Feature","properties":{"minzoom":12},"geometry":{"type":"LineString","coordinates":[[59.46223,36.346],[59.46196,36.34542]]}},{"type":"Feature","properties":{"minzoom":12},"geometry":{"type":"LineString","coordinates":[[59.46229,36.34611],[59.46223,36.346]]}},{"type":"Feature","properties":{"minzoom":12},"geometry":{"type":"LineString","coordinates":[[59.5422,36.35523],[59.54248,36.35491],[59.54327,36.35399]]}},{"type":"Feature","properties":{"minzoom":12},"geometry":{"type":"LineString","coordinates":[[59.48074,36.36047],[59.48071,36.36044],[59.48068,36.36035],[59.4807,36.36026],[59.48075,36.36019],[59.48082,36.36014],[59.48092,36.36012],[59.48102,36.36012]]}},{"type":"Feature","properties":{"minzoom":12},"geometry":{"type":"LineString","coordinates":[[59.47912,36.35907],[59.47914,36.35914],[59.47913,36.35922],[59.47908,36.35929],[59.47901,36.35935],[59.4789,36.35938],[59.4788,36.35938]]}},{"type":"Feature","properties":{"minzoom":12},"geometry":{"type":"LineString","coordinates":[[59.5307,36.37382],[59.52944,36.37509]]}},{"type":"Feature","properties":{"minzoom":12},"geometry":{"type":"LineString","coordinates":[[59.52908,36.37473],[59.53023,36.37356]]}},{"type":"Feature","properties":{"minzoom":12},"geometry":{"type":"LineString","coordinates":[[59.53196,36.3728],[59.53058,36.37374]]}},{"type":"Feature","properties":{"minzoom":12},"geometry":{"type":"LineString","coordinates":[[59.6248,36.18445],[59.62495,36.18447]]}},{"type":"Feature","properties":{"minzoom":13},"geometry":{"type":"LineString","coordinates":[[59.47707,36.37354],[59.47706,36.37348],[59.47709,36.37343],[59.47715,36.37341],[59.47722,36.37341]]}},{"type":"Feature","properties":{"minzoom":13},"geometry":{"type":"LineString","coordinates":[[59.47663,36.37289],[59.47665,36.37293],[59.47664,36.37297],[59.47662,36.37301],[59.47657,36.37303],[59.47652,36.37304],[59.47647,36.37302]]}},{"type":"Feature","properties":{"minzoom":13},"geometry":{"type":"LineString","coordinates":[[59.46477,36.3672],[59.46467,36.36711]]}},{"type":"Feature","properties":{"minzoom":13},"geometry":{"type":"LineString","coordinates":[[59.47205,36.39303],[59.47192,36.39309]]}},{"type":"Feature","properties":{"minzoom":13},"geometry":{"type":"LineString","coordinates":[[59.48123,36.40168],[59.48123,36.4017],[59.48122,36.40173],[59.4812,36.40175],[59.48118,36.40177],[59.48116,36.40178],[59.48113,36.40179],[59.4811,36.40179]]}},{"type":"Feature","properties":{"minzoom":12},"geometry":{"type":"LineString","coordinates":[[59.47936,36.40411],[59.47951,36.40378],[59.47961,36.40357],[59.47975,36.40336],[59.48116,36.40203],[59.48154,36.40169],[59.48178,36.40147],[59.48218,36.40116],[59.48258,36.40088],[59.48289,36.40071],[59.48319,36.40059],[59.48374,36.40042],[59.48432,36.40027]]}},{"type":"Feature","properties":{"minzoom":13},"geometry":{"type":"LineString","coordinates":[[59.47412,36.38497],[59.47405,36.38503]]}},{"type":"Feature","properties":{"minzoom":13},"geometry":{"type":"LineString","coordinates":[[59.61482,36.31199],[59.61491,36.31221]]}},{"type":"Feature","properties":{"minzoom":13},"geometry":{"type":"LineString","coordinates":[[59.50642,36.36308],[59.50639,36.3629],[59.50628,36.36272]]}},{"type":"Feature","properties":{"minzoom":13},"geometry":{"type":"LineString","coordinates":[[59.56045,36.31519],[59.56026,36.31513],[59.56019,36.31512],[59.56011,36.31511],[59.56001,36.31513],[59.55988,36.31517]]}},{"type":"Feature","properties":{"minzoom":13},"geometry":{"type":"LineString","coordinates":[[59.46168,36.33539],[59.46184,36.33409]]}},{"type":"Feature","properties":{"minzoom":12},"geometry":{"type":"LineString","coordinates":[[59.55624,36.28489],[59.55621,36.28463],[59.55616,36.28428],[59.55587,36.28316]]}},{"type":"Feature","properties":{"minzoom":12},"geometry":{"type":"LineString","coordinates":[[59.55671,36.28495],[59.55675,36.28518],[59.55679,36.2853],[59.55698,36.28562]]}},{"type":"Feature","properties":{"minzoom":13},"geometry":{"type":"LineString","coordinates":[[59.46331,36.32919],[59.46339,36.32923],[59.46346,36.32931]]}},{"type":"Feature","properties":{"minzoom":13},"geometry":{"type":"LineString","coordinates":[[59.46318,36.32918],[59.46331,36.32919]]}},{"type":"Feature","properties":{"minzoom":12},"geometry":{"type":"LineString","coordinates":[[59.48366,36.36184],[59.48335,36.36172],[59.48324,36.36164]]}},{"type":"Feature","properties":{"minzoom":12},"geometry":{"type":"LineString","coordinates":[[59.55233,36.2766],[59.55115,36.2765]]}},{"type":"Feature","properties":{"minzoom":12},"geometry":{"type":"LineString","coordinates":[[59.59762,36.25601],[59.5978,36.25602],[59.59791,36.25604],[59.598,36.25609],[59.59806,36.25616],[59.59809,36.25625],[59.59807,36.25634],[59.59801,36.2564],[59.59785,36.25651]]}},{"type":"Feature","properties":{"minzoom":12},"geometry":{"type":"LineString","coordinates":[[59.5757,36.26939],[59.57535,36.2695]]}},{"type":"Feature","properties":{"minzoom":12},"geometry":{"type":"LineString","coordinates":[[59.57516,36.26923],[59.57547,36.26901]]}},{"type":"Feature","properties":{"minzoom":12},"geometry":{"type":"LineString","coordinates":[[59.57487,36.2698],[59.57472,36.26996]]}},{"type":"Feature","properties":{"minzoom":12},"geometry":{"type":"LineString","coordinates":[[59.57447,36.26956],[59.57463,36.26952]]}},{"type":"Feature","properties":{"name":"خروجی به وکیل آباد","minzoom":12},"geometry":{"type":"LineString","coordinates":[[59.47079,36.34746],[59.47024,36.34764],[59.46977,36.34791]]}},{"type":"Feature","properties":{"minzoom":12},"geometry":{"type":"LineString","coordinates":[[59.48724,36.33224],[59.48706,36.33219]]}},{"type":"Feature","properties":{"minzoom":13},"geometry":{"type":"LineString","coordinates":[[59.57198,36.26151],[59.57185,36.26156],[59.57178,36.26161],[59.57173,36.26166],[59.57171,36.26173],[59.57172,36.26183]]}},{"type":"Feature","properties":{"minzoom":13},"geometry":{"type":"LineString","coordinates":[[59.57154,36.26184],[59.57135,36.26172],[59.57121,36.26166],[59.57095,36.26156]]}},{"type":"Feature","properties":{"minzoom":13},"geometry":{"type":"LineString","coordinates":[[59.51491,36.36575],[59.51495,36.36564]]}},{"type":"Feature","properties":{"minzoom":13},"geometry":{"type":"LineString","coordinates":[[59.47045,36.341],[59.4703,36.34105]]}},{"type":"Feature","properties":{"minzoom":12},"geometry":{"type":"LineString","coordinates":[[59.5395,36.34467],[59.53952,36.34458],[59.53949,36.34441],[59.53939,36.34405],[59.53904,36.34283],[59.53904,36.3426]]}},{"type":"Feature","properties":{"minzoom":12},"geometry":{"type":"LineString","coordinates":[[59.62477,36.23645],[59.62465,36.23644],[59.62429,36.23644],[59.62412,36.23648],[59.62399,36.23655],[59.6239,36.23668],[59.62237,36.23972]]}},{"type":"Feature","properties":{"minzoom":12},"geometry":{"type":"LineString","coordinates":[[59.59881,36.25526],[59.59927,36.25525],[59.59963,36.25522]]}},{"type":"Feature","properties":{"minzoom":12},"geometry":{"type":"LineString","coordinates":[[59.59992,36.25566],[59.59966,36.25591],[59.59948,36.25612]]}},{"type":"Feature","properties":{"minzoom":12},"geometry":{"type":"LineString","coordinates":[[59.60391,36.25373],[59.60328,36.2541],[59.60203,36.25468]]}},{"type":"Feature","properties":{"minzoom":13},"geometry":{"type":"LineString","coordinates":[[59.50765,36.35904],[59.50767,36.3591],[59.50768,36.35912],[59.5077,36.35914],[59.50775,36.35917],[59.50782,36.3592]]}},{"type":"Feature","properties":{"minzoom":13},"geometry":{"type":"LineString","coordinates":[[59.62822,36.34874],[59.62799,36.34859]]}},{"type":"Feature","properties":{"minzoom":12},"geometry":{"type":"LineString","coordinates":[[59.51356,36.34546],[59.51259,36.34536]]}},{"type":"Feature","properties":{"minzoom":12},"geometry":{"type":"LineString","coordinates":[[59.51458,36.34547],[59.51356,36.34546]]}},{"type":"Feature","properties":{"minzoom":12},"geometry":{"type":"LineString","coordinates":[[59.50781,36.32522],[59.50823,36.32497]]}},{"type":"Feature","properties":{"minzoom":13},"geometry":{"type":"LineString","coordinates":[[59.4835,36.34065],[59.48333,36.3406],[59.48308,36.34062]]}},{"type":"Feature","properties":{"minzoom":12},"geometry":{"type":"LineString","coordinates":[[59.59963,36.25522],[59.59999,36.25511],[59.60035,36.25494],[59.60072,36.25477],[59.60096,36.25466],[59.60113,36.25458],[59.60125,36.25453]]}},{"type":"Feature","properties":{"minzoom":13},"geometry":{"type":"LineString","coordinates":[[59.63607,36.26928],[59.63606,36.26932],[59.63603,36.26935],[59.636,36.26937],[59.63596,36.26939],[59.63591,36.2694]]}},{"type":"Feature","properties":{"minzoom":13},"geometry":{"type":"LineString","coordinates":[[59.63016,36.27607],[59.63002,36.27604],[59.62978,36.27603],[59.62962,36.27604],[59.62938,36.27608]]}},{"type":"Feature","properties":{"minzoom":13},"geometry":{"type":"LineString","coordinates":[[59.6294,36.27591],[59.62942,36.27572],[59.62938,36.27554]]}},{"type":"Feature","properties":{"minzoom":13},"geometry":{"type":"LineString","coordinates":[[59.50196,36.47585],[59.50184,36.47585],[59.50172,36.47588],[59.50156,36.47596]]}},{"type":"Feature","properties":{"name":"کندرو پیامبر اعظم","minzoom":12},"geometry":{"type":"LineString","coordinates":[[59.53196,36.3728],[59.53008,36.37465],[59.52886,36.37582],[59.52765,36.37705],[59.52729,36.37741],[59.52701,36.37768],[59.5266,36.37805],[59.52452,36.38008],[59.52302,36.38156],[59.52189,36.38267],[59.52156,36.38289],[59.52093,36.38317]]}},{"type":"Feature","properties":{"minzoom":13},"geometry":{"type":"LineString","coordinates":[[59.53148,36.38215],[59.53157,36.38199],[59.53157,36.38189],[59.53154,36.38179]]}},{"type":"Feature","properties":{"minzoom":13},"geometry":{"type":"LineString","coordinates":[[59.48333,36.34009],[59.48344,36.34015],[59.48362,36.34017]]}},{"type":"Feature","properties":{"minzoom":12},"geometry":{"type":"LineString","coordinates":[[59.49779,36.32836],[59.49808,36.32815]]}},{"type":"Feature","properties":{"minzoom":13},"geometry":{"type":"LineString","coordinates":[[59.51726,36.32724],[59.51742,36.32715],[59.51759,36.32709],[59.51772,36.32704],[59.51782,36.32696],[59.51785,36.32689],[59.51788,36.32679],[59.51788,36.32661]]}},{"type":"Feature","properties":{"minzoom":13},"geometry":{"type":"LineString","coordinates":[[59.57506,36.31148],[59.57486,36.31165],[59.57477,36.31178]]}},{"type":"Feature","properties":{"minzoom":13},"geometry":{"type":"LineString","coordinates":[[59.57464,36.3113],[59.57476,36.31137],[59.57489,36.3114],[59.57505,36.31141]]}},{"type":"Feature","properties":{"minzoom":13},"geometry":{"type":"LineString","coordinates":[[59.60225,36.26032],[59.60231,36.2602],[59.60232,36.26013],[59.60232,36.26004]]}},{"type":"Feature","properties":{"minzoom":13},"geometry":{"type":"LineString","coordinates":[[59.50093,36.3208],[59.50084,36.3207]]}},{"type":"Feature","properties":{"minzoom":13},"geometry":{"type":"LineString","coordinates":[[59.50618,36.32094],[59.50628,36.32088]]}},{"type":"Feature","properties":{"minzoom":13},"geometry":{"type":"LineString","coordinates":[[59.66178,36.30733],[59.66177,36.30728],[59.66179,36.30723],[59.66184,36.3072],[59.66191,36.3072]]}},{"type":"Feature","properties":{"minzoom":12},"geometry":{"type":"LineString","coordinates":[[59.54811,36.34333],[59.54826,36.3437],[59.54831,36.34444]]}},{"type":"Feature","properties":{"minzoom":12},"geometry":{"type":"LineString","coordinates":[[59.54848,36.34512],[59.5492,36.34521]]}},{"type":"Feature","properties":{"minzoom":12},"geometry":{"type":"LineString","coordinates":[[59.62612,36.22043],[59.62584,36.22106]]}},{"type":"Feature","properties":{"minzoom":12},"geometry":{"type":"LineString","coordinates":[[59.62616,36.21975],[59.62612,36.22043]]}},{"type":"Feature","properties":{"minzoom":13},"geometry":{"type":"LineString","coordinates":[[59.64431,36.19466],[59.64437,36.19466],[59.64443,36.19468],[59.64447,36.19473],[59.64448,36.19478],[59.64444,36.19483],[59.64423,36.19497],[59.64369,36.19534]]}},{"type":"Feature","properties":{"minzoom":13},"geometry":{"type":"LineString","coordinates":[[59.62814,36.29588],[59.62816,36.29584]]}},{"type":"Feature","properties":{"name":"بزرگراه شهید میرزائی","minzoom":12},"geometry":{"type":"LineString","coordinates":[[59.6277,36.32533],[59.62851,36.32496],[59.62968,36.32456]]}},{"type":"Feature","properties":{"name":"کنارگذر چراغچی","minzoom":13},"geometry":{"type":"LineString","coordinates":[[59.60299,36.33815],[59.60268,36.33832],[59.60184,36.33872],[59.60033,36.33939],[59.60025,36.33943]]}},{"type":"Feature","properties":{"minzoom":13},"geometry":{"type":"LineString","coordinates":[[59.7076,36.43952],[59.70752,36.43965]]}},{"type":"Feature","properties":{"minzoom":13},"geometry":{"type":"LineString","coordinates":[[59.68375,36.40622],[59.68374,36.40625],[59.68371,36.40628],[59.68366,36.40629],[59.68361,36.40628],[59.68357,36.40626],[59.68348,36.406],[59.68331,36.40571]]}},{"type":"Feature","properties":{"minzoom":12},"geometry":{"type":"LineString","coordinates":[[59.46208,36.36075],[59.46167,36.36052],[59.46142,36.36042],[59.46116,36.36039],[59.46086,36.36042],[59.46055,36.36054],[59.46033,36.36071],[59.46005,36.36104]]}},{"type":"Feature","properties":{"name":"ورودی بلوار سجادیه","minzoom":12},"geometry":{"type":"LineString","coordinates":[[59.46114,36.3588],[59.46112,36.35929],[59.4612,36.3595],[59.46131,36.35968],[59.4615,36.35994],[59.46186,36.36037]]}},{"type":"Feature","properties":{"name":"کندرو بزرگراه پیامبر اعظم","minzoom":12},"geometry":{"type":"LineString","coordinates":[[59.53636,36.36501],[59.53668,36.36451]]}},{"type":"Feature","properties":{"minzoom":13},"geometry":{"type":"LineString","coordinates":[[59.46208,36.36075],[59.46164,36.3604],[59.46136,36.36023],[59.46111,36.36011],[59.46087,36.36001],[59.4608,36.35993],[59.4608,36.35984],[59.46083,36.35977],[59.46092,36.35971],[59.46102,36.35968],[59.46114,36.35971],[59.46132,36.35988],[59.46155,36.36011],[59.46186,36.36037]]}},{"type":"Feature","properties":{"name":"آزادراه مشهد - چناران به میدان ازادگان","minzoom":12},"geometry":{"type":"LineString","coordinates":[[59.4625,36.35456],[59.46265,36.35424],[59.4629,36.35387],[59.46328,36.35335],[59.4639,36.35269],[59.46479,36.35188],[59.46486,36.35171],[59.46488,36.35152],[59.46485,36.35137],[59.4648,36.35109]]}},{"type":"Feature","properties":{"minzoom":12},"geometry":{"type":"LineString","coordinates":[[59.53922,36.34254],[59.53935,36.34275],[59.53968,36.344],[59.5398,36.34445],[59.53985,36.34458],[59.53994,36.3447]]}},{"type":"Feature","properties":{"minzoom":12},"geometry":{"type":"LineString","coordinates":[[59.69159,36.16318],[59.69179,36.16298],[59.69199,36.16284],[59.69218,36.16268],[59.69223,36.16245],[59.69216,36.16224],[59.69198,36.16207],[59.69172,36.16198],[59.6915,36.162],[59.69123,36.16213],[59.69066,36.16244],[59.6893,36.16329],[59.68756,36.16437],[59.68649,36.16504],[59.68612,36.16521]]}},{"type":"Feature","properties":{"minzoom":12},"geometry":{"type":"LineString","coordinates":[[59.54785,36.3414],[59.54792,36.34173],[59.54805,36.34243],[59.54805,36.34263],[59.54801,36.34286]]}},{"type":"Feature","properties":{"minzoom":12},"geometry":{"type":"LineString","coordinates":[[59.64786,36.26111],[59.64733,36.26094],[59.64681,36.26077]]}},{"type":"Feature","properties":{"minzoom":12},"geometry":{"type":"LineString","coordinates":[[59.64734,36.26005],[59.64802,36.26042]]}},{"type":"Feature","properties":{"minzoom":12},"geometry":{"type":"LineString","coordinates":[[59.6439,36.25906],[59.64447,36.25916],[59.64503,36.25926],[59.64562,36.25937]]}},{"type":"Feature","properties":{"minzoom":12},"geometry":{"type":"LineString","coordinates":[[59.64297,36.25882],[59.6439,36.25906]]}},{"type":"Feature","properties":{"minzoom":13},"geometry":{"type":"LineString","coordinates":[[59.64692,36.25927],[59.6469,36.25934],[59.64692,36.2594],[59.64698,36.25946],[59.64706,36.25948],[59.64714,36.25947],[59.64722,36.25943]]}},{"type":"Feature","properties":{"minzoom":12},"geometry":{"type":"LineString","coordinates":[[59.64367,36.25962],[59.64207,36.25947]]}},{"type":"Feature","properties":{"minzoom":12},"geometry":{"type":"LineString","coordinates":[[59.63738,36.32026],[59.6384,36.31949]]}},{"type":"Feature","properties":{"minzoom":13},"geometry":{"type":"LineString","coordinates":[[59.16857,36.57077],[59.16839,36.5708],[59.16827,36.57083],[59.16818,36.57088],[59.16811,36.57092],[59.16799,36.57104]]}},{"type":"Feature","properties":{"minzoom":12},"geometry":{"type":"LineString","coordinates":[[59.73243,36.25788],[59.73228,36.25793],[59.7322,36.25794],[59.73214,36.25793],[59.73211,36.25789],[59.73212,36.25783],[59.73215,36.25778],[59.73298,36.25721],[59.73345,36.25689],[59.73385,36.25655],[59.73405,36.25635],[59.73411,36.25618]]}},{"type":"Feature","properties":{"minzoom":13},"geometry":{"type":"LineString","coordinates":[[59.16766,36.57036],[59.16784,36.57032],[59.16791,36.57028],[59.16801,36.57022],[59.16817,36.5701]]}},{"type":"Feature","properties":{"minzoom":12},"geometry":{"type":"LineString","coordinates":[[59.69249,36.16124],[59.69245,36.1614],[59.69248,36.16152],[59.69251,36.16172],[59.69242,36.16203],[59.69234,36.16228],[59.69234,36.16247],[59.69239,36.16267]]}},{"type":"Feature","properties":{"minzoom":13},"geometry":{"type":"LineString","coordinates":[[59.50338,36.33131],[59.50338,36.33133],[59.50337,36.33134],[59.50336,36.33136],[59.50333,36.33137],[59.50331,36.33137],[59.50328,36.33137],[59.50326,36.33136],[59.50324,36.33135]]}},{"type":"Feature","properties":{"minzoom":12},"geometry":{"type":"LineString","coordinates":[[59.46642,36.41669],[59.46641,36.41662],[59.46636,36.41655],[59.46629,36.41648],[59.46612,36.41641],[59.4659,36.4164]]}},{"type":"Feature","properties":{"minzoom":13},"geometry":{"type":"LineString","coordinates":[[59.53119,36.33777],[59.53118,36.33782],[59.53116,36.33784],[59.53112,36.33785],[59.5311,36.33784],[59.53108,36.33783],[59.53107,36.33781],[59.53105,36.3378]]}},{"type":"Feature","properties":{"minzoom":13},"geometry":{"type":"LineString","coordinates":[[59.15986,36.55887],[59.15982,36.55897]]}},{"type":"Feature","properties":{"minzoom":12},"geometry":{"type":"LineString","coordinates":[[59.71335,36.14978],[59.71356,36.14982],[59.71373,36.14983],[59.71387,36.14978],[59.71401,36.14972],[59.71409,36.14966],[59.71419,36.14953],[59.71427,36.1494],[59.71431,36.14931],[59.71435,36.14918],[59.71437,36.14902],[59.71434,36.14887],[59.71423,36.14872],[59.71412,36.14862],[59.71397,36.14855],[59.71383,36.14853],[59.71368,36.14852],[59.71352,36.14855],[59.71331,36.14864],[59.71305,36.14875]]}},{"type":"Feature","properties":{"name":"امام علی به آزادی جنوب","minzoom":12},"geometry":{"type":"LineString","coordinates":[[59.54726,36.34169],[59.54695,36.34055],[59.54672,36.33967],[59.54661,36.33926],[59.54645,36.33866]]}},{"type":"Feature","properties":{"name":"امام علی به آزادی جنوب","minzoom":12},"geometry":{"type":"LineString","coordinates":[[59.54645,36.33866],[59.54628,36.33805],[59.54619,36.33769],[59.54613,36.33748],[59.54611,36.33743],[59.54609,36.33734],[59.54597,36.33687],[59.54594,36.33678],[59.54593,36.33672],[59.54578,36.33619],[59.54564,36.33573]]}},{"type":"Feature","properties":{"minzoom":12},"geometry":{"type":"LineString","coordinates":[[59.54682,36.33939],[59.54645,36.33866]]}},{"type":"Feature","properties":{"minzoom":13},"geometry":{"type":"LineString","coordinates":[[59.54458,36.37084],[59.54456,36.37071],[59.54452,36.37059],[59.54447,36.37047],[59.5444,36.37038]]}},{"type":"Feature","properties":{"minzoom":13},"geometry":{"type":"LineString","coordinates":[[59.64195,36.28629],[59.64211,36.28633]]}},{"type":"Feature","properties":{"minzoom":13},"geometry":{"type":"LineString","coordinates":[[59.49792,36.31158],[59.49783,36.31163]]}},{"type":"Feature","properties":{"minzoom":12},"geometry":{"type":"LineString","coordinates":[[59.54564,36.33573],[59.5457,36.33506]]}},{"type":"Feature","properties":{"name":"برونسی به وکیل آباد","minzoom":12},"geometry":{"type":"LineString","coordinates":[[59.46214,36.33935],[59.46308,36.33919]]}},{"type":"Feature","properties":{"minzoom":12},"geometry":{"type":"LineString","coordinates":[[59.52349,36.38085],[59.52271,36.38168],[59.52194,36.38249]]}},{"type":"Feature","properties":{"minzoom":12},"geometry":{"type":"LineString","coordinates":[[59.52194,36.38249],[59.52165,36.3827],[59.52134,36.38285],[59.52101,36.38296],[59.52072,36.38305],[59.52041,36.38311],[59.52012,36.38313],[59.51986,36.38313],[59.51965,36.38311],[59.51945,36.38306]]}},{"type":"Feature","properties":{"minzoom":13},"geometry":{"type":"LineString","coordinates":[[59.70529,36.25062],[59.70532,36.25063],[59.70534,36.25065],[59.70536,36.25068],[59.70537,36.25071],[59.70538,36.25074],[59.70537,36.25077]]}},{"type":"Feature","properties":{"minzoom":13},"geometry":{"type":"LineString","coordinates":[[59.70559,36.25069],[59.70556,36.25068],[59.70554,36.25067],[59.70552,36.25065],[59.70551,36.25063],[59.70551,36.25061],[59.70551,36.25058],[59.70552,36.25056],[59.70555,36.25054]]}},{"type":"Feature","properties":{"minzoom":13},"geometry":{"type":"LineString","coordinates":[[59.65498,36.24997],[59.65493,36.2497],[59.65487,36.24956],[59.65478,36.24942]]}},{"type":"Feature","properties":{"minzoom":13},"geometry":{"type":"LineString","coordinates":[[59.6558,36.2499],[59.65561,36.2499],[59.65545,36.24992],[59.65512,36.25004]]}},{"type":"Feature","properties":{"minzoom":13},"geometry":{"type":"LineString","coordinates":[[59.18985,36.59285],[59.18979,36.59286],[59.18972,36.59285],[59.18969,36.59283],[59.18967,36.59279],[59.18968,36.59275],[59.18969,36.59272]]}},{"type":"Feature","properties":{"minzoom":12},"geometry":{"type":"LineString","coordinates":[[59.5566,36.27374],[59.55634,36.27389]]}},{"type":"Feature","properties":{"minzoom":13},"geometry":{"type":"LineString","coordinates":[[59.17872,36.55645],[59.1789,36.55643],[59.17895,36.55641],[59.17902,36.55638],[59.17911,36.5563]]}},{"type":"Feature","properties":{"minzoom":13},"geometry":{"type":"LineString","coordinates":[[59.17889,36.55707],[59.17886,36.5569],[59.17883,36.5568],[59.1788,36.55676],[59.17865,36.55657]]}},{"type":"Feature","properties":{"minzoom":12},"geometry":{"type":"LineString","coordinates":[[59.64121,36.25939],[59.64009,36.25911]]}},{"type":"Feature","properties":{"minzoom":12},"geometry":{"type":"LineString","coordinates":[[59.64536,36.26016],[59.64486,36.25996],[59.64367,36.25962]]}},{"type":"Feature","properties":{"name":"مشهد - شاندیز","minzoom":12},"geometry":{"type":"LineString","coordinates":[[59.44316,36.34744],[59.44268,36.34765],[59.44239,36.34785],[59.44206,36.34813]]}},{"type":"Feature","properties":{"name":"مشهد - شاندیز","minzoom":12},"geometry":{"type":"LineString","coordinates":[[59.44733,36.34471],[59.44674,36.34508],[59.44646,36.34536],[59.44611,36.34576],[59.44578,36.34615]]}},{"type":"Feature","properties":{"minzoom":12},"geometry":{"type":"LineString","coordinates":[[59.51945,36.38306],[59.51927,36.383],[59.5191,36.38293],[59.51891,36.38283],[59.51857,36.38262],[59.51803,36.3823],[59.51758,36.38201]]}},{"type":"Feature","properties":{"minzoom":12},"geometry":{"type":"LineString","coordinates":[[59.64489,36.31678],[59.64351,36.31743]]}},{"type":"Feature","properties":{"minzoom":12},"geometry":{"type":"LineString","coordinates":[[59.64231,36.31736],[59.64337,36.31695],[59.64462,36.31633]]}},{"type":"Feature","properties":{"minzoom":12},"geometry":{"type":"LineString","coordinates":[[59.64462,36.31633],[59.64506,36.31615],[59.64515,36.31615],[59.6452,36.31616],[59.64524,36.31617],[59.64529,36.31619],[59.64533,36.31622],[59.64536,36.31625],[59.64538,36.31629],[59.6454,36.31633],[59.64541,36.31637],[59.64542,36.31641],[59.64541,36.31646],[59.64539,36.3165],[59.64536,36.31654],[59.64489,36.31678]]}},{"type":"Feature","properties":{"minzoom":13},"geometry":{"type":"LineString","coordinates":[[59.57455,36.31144],[59.57468,36.31142]]}},{"type":"Feature","properties":{"minzoom":13},"geometry":{"type":"LineString","coordinates":[[59.58098,36.31101],[59.58104,36.31096],[59.58107,36.31086],[59.58109,36.31076],[59.58109,36.31066]]}},{"type":"Feature","properties":{"minzoom":13},"geometry":{"type":"LineString","coordinates":[[59.5813,36.31099],[59.58141,36.31093]]}},{"type":"Feature","properties":{"minzoom":13},"geometry":{"type":"LineString","coordinates":[[59.62483,36.33188],[59.62462,36.33124],[59.62432,36.32975],[59.62415,36.32908],[59.62414,36.32905],[59.62404,36.32855],[59.62384,36.32841]]}},{"type":"Feature","properties":{"minzoom":12},"geometry":{"type":"LineString","coordinates":[[59.44149,36.43953],[59.44106,36.43999]]}},{"type":"Feature","properties":{"name":"کندرو بزرگراه پیامبر اعظم","minzoom":12},"geometry":{"type":"LineString","coordinates":[[59.54018,36.35861],[59.54122,36.35745]]}},{"type":"Feature","properties":{"minzoom":13},"geometry":{"type":"LineString","coordinates":[[59.66407,36.35728],[59.66412,36.35743],[59.66413,36.35748],[59.66412,36.35751],[59.6641,36.35755],[59.66407,36.35757],[59.66403,36.35758],[59.66398,36.35758],[59.66392,36.35756],[59.66389,36.35753],[59.66386,36.35747],[59.66373,36.35714],[59.66364,36.35702]]}},{"type":"Feature","properties":{"minzoom":13},"geometry":{"type":"LineString","coordinates":[[59.59133,36.28518],[59.5916,36.28516],[59.59184,36.28515]]}},{"type":"Feature","properties":{"minzoom":13},"geometry":{"type":"LineString","coordinates":[[59.59131,36.28569],[59.59133,36.28548],[59.59136,36.28529]]}},{"type":"Feature","properties":{"minzoom":13},"geometry":{"type":"LineString","coordinates":[[59.56814,36.34482],[59.56829,36.34481],[59.56847,36.34476]]}},{"type":"Feature","properties":{"minzoom":12},"geometry":{"type":"LineString","coordinates":[[59.52421,36.37998],[59.52383,36.38047],[59.52349,36.38085]]}},{"type":"Feature","properties":{"minzoom":12},"geometry":{"type":"LineString","coordinates":[[59.51877,36.38289],[59.51829,36.38272],[59.51803,36.38258],[59.51761,36.38228],[59.51727,36.38205],[59.51684,36.38167],[59.51663,36.38145]]}},{"type":"Feature","properties":{"minzoom":12},"geometry":{"type":"LineString","coordinates":[[59.43055,36.33429],[59.43121,36.33453]]}},{"type":"Feature","properties":{"minzoom":12},"geometry":{"type":"LineString","coordinates":[[59.42899,36.33319],[59.42918,36.3334],[59.42943,36.33362]]}},{"type":"Feature","properties":{"minzoom":12},"geometry":{"type":"LineString","coordinates":[[59.43471,36.3372],[59.43528,36.33757]]}},{"type":"Feature","properties":{"minzoom":12},"geometry":{"type":"LineString","coordinates":[[59.43998,36.34439],[59.43992,36.34397]]}},{"type":"Feature","properties":{"minzoom":12},"geometry":{"type":"LineString","coordinates":[[59.43681,36.33948],[59.43714,36.34011]]}},{"type":"Feature","properties":{"minzoom":13},"geometry":{"type":"LineString","coordinates":[[59.51063,36.31781],[59.51075,36.31773]]}},{"type":"Feature","properties":{"minzoom":13},"geometry":{"type":"LineString","coordinates":[[59.62704,36.34697],[59.62705,36.34695],[59.62706,36.34693],[59.62708,36.34691],[59.6271,36.34691],[59.62713,36.34691],[59.62715,36.34691],[59.62716,36.34692]]}},{"type":"Feature","properties":{"minzoom":12},"geometry":{"type":"LineString","coordinates":[[59.7394,36.34015],[59.73927,36.33998],[59.73919,36.33987],[59.73904,36.3397],[59.73887,36.33955],[59.73873,36.33948],[59.73858,36.33941],[59.73766,36.33913],[59.73733,36.33899],[59.73696,36.33882],[59.73668,36.33865],[59.73627,36.3384],[59.73579,36.33812],[59.7354,36.3379]]}},{"type":"Feature","properties":{"minzoom":13},"geometry":{"type":"LineString","coordinates":[[59.46039,36.37087],[59.46038,36.37082],[59.46039,36.37079],[59.46042,36.37076],[59.46046,36.37075],[59.46052,36.37075]]}},{"type":"Feature","properties":{"minzoom":13},"geometry":{"type":"LineString","coordinates":[[59.16212,36.58716],[59.16219,36.58707]]}},{"type":"Feature","properties":{"minzoom":12},"geometry":{"type":"LineString","coordinates":[[59.46123,36.34245],[59.46146,36.3429],[59.46161,36.34322],[59.46166,36.34331],[59.46189,36.34376],[59.46203,36.3441]]}},{"type":"Feature","properties":{"minzoom":12},"geometry":{"type":"LineString","coordinates":[[59.46203,36.3441],[59.46202,36.34458]]}},{"type":"Feature","properties":{"minzoom":13},"geometry":{"type":"LineString","coordinates":[[59.57802,36.32478],[59.57805,36.32469],[59.5781,36.32467],[59.57817,36.32466],[59.57824,36.32469],[59.57829,36.32472]]}},{"type":"Feature","properties":{"minzoom":13},"geometry":{"type":"LineString","coordinates":[[59.57765,36.32248],[59.57766,36.32255],[59.57765,36.32258],[59.57758,36.32261],[59.57752,36.3226],[59.57748,36.32255]]}},{"type":"Feature","properties":{"minzoom":12},"geometry":{"type":"LineString","coordinates":[[59.64657,36.31523],[59.64728,36.3151]]}},{"type":"Feature","properties":{"minzoom":13},"geometry":{"type":"LineString","coordinates":[[59.46994,36.39031],[59.46988,36.39045],[59.46986,36.39057],[59.46986,36.39066],[59.46991,36.39081]]}},{"type":"Feature","properties":{"minzoom":13},"geometry":{"type":"LineString","coordinates":[[59.46987,36.39035],[59.46984,36.39034],[59.46981,36.39033],[59.46978,36.39032],[59.46975,36.3903],[59.46973,36.39027],[59.46972,36.39024],[59.46972,36.39021]]}},{"type":"Feature","properties":{"minzoom":13},"geometry":{"type":"LineString","coordinates":[[59.69099,36.32099],[59.69094,36.32094],[59.69094,36.32091],[59.69096,36.32089],[59.69099,36.32088],[59.69103,36.32088],[59.69131,36.32101],[59.6914,36.32099]]}},{"type":"Feature","properties":{"minzoom":13},"geometry":{"type":"LineString","coordinates":[[59.76873,36.2101],[59.76883,36.21001]]}},{"type":"Feature","properties":{"minzoom":12},"geometry":{"type":"LineString","coordinates":[[59.46251,36.3453],[59.46274,36.3458]]}},{"type":"Feature","properties":{"minzoom":12},"geometry":{"type":"LineString","coordinates":[[59.46203,36.3441],[59.46234,36.34488],[59.46251,36.3453]]}},{"type":"Feature","properties":{"minzoom":12},"geometry":{"type":"LineString","coordinates":[[59.70669,36.26614],[59.7069,36.26618],[59.70697,36.26622],[59.70698,36.26627],[59.70698,36.26633],[59.70695,36.26636],[59.7069,36.26638],[59.70683,36.2664],[59.70452,36.26656],[59.70331,36.26673]]}},{"type":"Feature","properties":{"minzoom":12},"geometry":{"type":"LineString","coordinates":[[59.7075,36.26644],[59.70734,36.26639],[59.70728,36.26635],[59.70726,36.2663],[59.70726,36.26624],[59.70728,36.2662],[59.70732,36.26617],[59.7074,36.26615],[59.70947,36.26611],[59.71075,36.26602]]}},{"type":"Feature","properties":{"minzoom":13},"geometry":{"type":"LineString","coordinates":[[59.5942,36.26344],[59.5942,36.26319],[59.5942,36.26303]]}},{"type":"Feature","properties":{"minzoom":13},"geometry":{"type":"LineString","coordinates":[[59.59435,36.26291],[59.59452,36.26291],[59.59474,36.26291]]}},{"type":"Feature","properties":{"minzoom":13},"geometry":{"type":"LineString","coordinates":[[59.66016,36.35043],[59.66019,36.35038],[59.66023,36.35034],[59.66029,36.35033],[59.66036,36.35033],[59.66042,36.35038],[59.66046,36.35045],[59.6605,36.35057]]}},{"type":"Feature","properties":{"minzoom":13},"geometry":{"type":"LineString","coordinates":[[59.6603,36.35007],[59.66029,36.35012],[59.66026,36.35016],[59.6602,36.35019],[59.66015,36.3502],[59.66007,36.35018],[59.66003,36.35013],[59.66001,36.35007],[59.65998,36.35001]]}},{"type":"Feature","properties":{"minzoom":12},"geometry":{"type":"LineString","coordinates":[[59.64351,36.31743],[59.64265,36.31775]]}},{"type":"Feature","properties":{"minzoom":13},"geometry":{"type":"LineString","coordinates":[[59.17555,36.56837],[59.17576,36.56841]]}},{"type":"Feature","properties":{"minzoom":13},"geometry":{"type":"LineString","coordinates":[[59.17597,36.5677],[59.17579,36.56765]]}},{"type":"Feature","properties":{"minzoom":13},"geometry":{"type":"LineString","coordinates":[[59.62581,36.33769],[59.62596,36.33764],[59.62607,36.3376],[59.62622,36.33757]]}},{"type":"Feature","properties":{"minzoom":12},"geometry":{"type":"LineString","coordinates":[[59.80523,36.16937],[59.80534,36.16935],[59.80545,36.16937],[59.80554,36.16943],[59.80559,36.1695],[59.80561,36.16958],[59.80559,36.16965]]}},{"type":"Feature","properties":{"minzoom":13},"geometry":{"type":"LineString","coordinates":[[59.65088,36.2476],[59.65084,36.24757],[59.65081,36.24753],[59.65081,36.24749],[59.65084,36.24745],[59.65088,36.24742],[59.65094,36.24741],[59.65099,36.24743]]}},{"type":"Feature","properties":{"minzoom":12},"geometry":{"type":"LineString","coordinates":[[59.46699,36.35065],[59.46686,36.35068],[59.46672,36.35071],[59.4666,36.3507],[59.46651,36.35067],[59.46644,36.35062],[59.46641,36.35056],[59.46641,36.35044],[59.46646,36.35031],[59.46654,36.35017]]}},{"type":"Feature","properties":{"minzoom":12},"geometry":{"type":"LineString","coordinates":[[59.46522,36.34989],[59.46543,36.34999],[59.4657,36.35008],[59.46594,36.35013],[59.46614,36.35013],[59.46639,36.35009],[59.46679,36.34993]]}},{"type":"Feature","properties":{"minzoom":13},"geometry":{"type":"LineString","coordinates":[[59.48082,36.37701],[59.48086,36.37695],[59.48087,36.37692],[59.48088,36.37687],[59.48089,36.37683],[59.48088,36.37678],[59.48085,36.3767]]}},{"type":"Feature","properties":{"minzoom":13},"geometry":{"type":"LineString","coordinates":[[59.48154,36.3767],[59.48149,36.37678],[59.48147,36.37683],[59.48146,36.37688],[59.48146,36.37694],[59.48147,36.37699],[59.48149,36.37709]]}},{"type":"Feature","properties":{"minzoom":13},"geometry":{"type":"LineString","coordinates":[[59.62939,36.27541],[59.62955,36.27547],[59.62966,36.27547],[59.62984,36.27544],[59.62997,36.27538]]}},{"type":"Feature","properties":{"minzoom":13},"geometry":{"type":"LineString","coordinates":[[59.63094,36.27648],[59.63087,36.27654]]}},{"type":"Feature","properties":{"minzoom":13},"geometry":{"type":"LineString","coordinates":[[59.63144,36.27681],[59.63139,36.27687]]}},{"type":"Feature","properties":{"minzoom":13},"geometry":{"type":"LineString","coordinates":[[59.63197,36.27717],[59.63191,36.27722]]}},{"type":"Feature","properties":{"minzoom":13},"geometry":{"type":"LineString","coordinates":[[59.63248,36.2775],[59.63242,36.27756]]}},{"type":"Feature","properties":{"minzoom":13},"geometry":{"type":"LineString","coordinates":[[59.63301,36.27786],[59.63295,36.27792]]}},{"type":"Feature","properties":{"minzoom":13},"geometry":{"type":"LineString","coordinates":[[59.63347,36.27828],[59.63355,36.27821]]}},{"type":"Feature","properties":{"minzoom":13},"geometry":{"type":"LineString","coordinates":[[59.63405,36.27868],[59.63413,36.2786]]}},{"type":"Feature","properties":{"minzoom":13},"geometry":{"type":"LineString","coordinates":[[59.6182,36.30005],[59.61811,36.30001],[59.61799,36.29995],[59.61787,36.29993],[59.61776,36.29994],[59.61768,36.29996],[59.61749,36.30003]]}},{"type":"Feature","properties":{"minzoom":13},"geometry":{"type":"LineString","coordinates":[[59.61504,36.30099],[59.615,36.30101],[59.61499,36.30103],[59.615,36.30106],[59.61501,36.30108],[59.61503,36.3011]]}},{"type":"Feature","properties":{"minzoom":13},"geometry":{"type":"LineString","coordinates":[[59.61451,36.30117],[59.61447,36.30108]]}},{"type":"Feature","properties":{"minzoom":13},"geometry":{"type":"LineString","coordinates":[[59.60536,36.30426],[59.60542,36.30432]]}},{"type":"Feature","properties":{"name":"بولوار وحدت","minzoom":13},"geometry":{"type":"LineString","coordinates":[[59.62491,36.28286],[59.6242,36.28189],[59.62393,36.2817]]}},{"type":"Feature","properties":{"name":"کاشانی ۴۱ - حجت ۹","minzoom":13},"geometry":{"type":"LineString","coordinates":[[59.6139,36.30136],[59.61387,36.3013]]}},{"type":"Feature","properties":{"minzoom":13},"geometry":{"type":"LineString","coordinates":[[59.66724,36.26616],[59.66732,36.26602],[59.66736,36.26594],[59.66738,36.26587],[59.66739,36.26578]]}},{"type":"Feature","properties":{"minzoom":13},"geometry":{"type":"LineString","coordinates":[[59.66781,36.26634],[59.6676,36.26625],[59.66752,36.26624],[59.66739,36.26624]]}},{"type":"Feature","properties":{"minzoom":13},"geometry":{"type":"LineString","coordinates":[[59.56455,36.28362],[59.5645,36.28369]]}},{"type":"Feature","properties":{"minzoom":13},"geometry":{"type":"LineString","coordinates":[[59.56512,36.28382],[59.56508,36.2839]]}},{"type":"Feature","properties":{"minzoom":13},"geometry":{"type":"LineString","coordinates":[[59.56615,36.28417],[59.56611,36.28426]]}},{"type":"Feature","properties":{"minzoom":13},"geometry":{"type":"LineString","coordinates":[[59.56705,36.28449],[59.56701,36.28458]]}},{"type":"Feature","properties":{"name":"خیابان کوهسنگی","minzoom":13},"geometry":{"type":"LineString","coordinates":[[59.56512,36.28382],[59.56534,36.2839],[59.56615,36.28417],[59.56705,36.28449]]}},{"type":"Feature","properties":{"minzoom":13},"geometry":{"type":"LineString","coordinates":[[59.5689,36.28512],[59.56885,36.28522]]}},{"type":"Feature","properties":{"minzoom":13},"geometry":{"type":"LineString","coordinates":[[59.57064,36.28573],[59.57059,36.28583]]}},{"type":"Feature","properties":{"minzoom":13},"geometry":{"type":"LineString","coordinates":[[59.57039,36.28564],[59.5705,36.28564],[59.57056,36.28564],[59.57062,36.28563],[59.57071,36.28561]]}},{"type":"Feature","properties":{"minzoom":13},"geometry":{"type":"LineString","coordinates":[[59.57239,36.28634],[59.57234,36.28643]]}},{"type":"Feature","properties":{"minzoom":13},"geometry":{"type":"LineString","coordinates":[[59.57408,36.28691],[59.57403,36.28702]]}},{"type":"Feature","properties":{"minzoom":13},"geometry":{"type":"LineString","coordinates":[[59.5739,36.28698],[59.57396,36.28687]]}},{"type":"Feature","properties":{"minzoom":13},"geometry":{"type":"LineString","coordinates":[[59.57772,36.28818],[59.57767,36.28826]]}},{"type":"Feature","properties":{"minzoom":13},"geometry":{"type":"LineString","coordinates":[[59.57575,36.28749],[59.57569,36.2876]]}},{"type":"Feature","properties":{"minzoom":13},"geometry":{"type":"LineString","coordinates":[[59.20822,36.56771],[59.20834,36.5676]]}},{"type":"Feature","properties":{"minzoom":13},"geometry":{"type":"LineString","coordinates":[[59.65015,36.42313],[59.65014,36.42313],[59.65013,36.42313],[59.64989,36.42286],[59.64988,36.42284],[59.64992,36.42272]]}},{"type":"Feature","properties":{"minzoom":13},"geometry":{"type":"LineString","coordinates":[[59.65005,36.42267],[59.65014,36.4227],[59.65018,36.42272],[59.65039,36.42295],[59.6504,36.42297],[59.6504,36.42299]]}},{"type":"Feature","properties":{"minzoom":13},"geometry":{"type":"LineString","coordinates":[[59.6504,36.42299],[59.65015,36.42313]]}},{"type":"Feature","properties":{"minzoom":12},"geometry":{"type":"LineString","coordinates":[[59.51097,36.32481],[59.51031,36.325],[59.51028,36.32501],[59.51025,36.325],[59.51011,36.32498]]}},{"type":"Feature","properties":{"minzoom":13},"geometry":{"type":"LineString","coordinates":[[59.62145,36.32311],[59.62128,36.32304],[59.62115,36.32281],[59.62096,36.32249],[59.62083,36.32227],[59.62066,36.32198]]}},{"type":"Feature","properties":{"minzoom":13},"geometry":{"type":"LineString","coordinates":[[59.62106,36.32247],[59.62119,36.32242]]}},{"type":"Feature","properties":{"minzoom":13},"geometry":{"type":"LineString","coordinates":[[59.62083,36.32227],[59.62086,36.32215]]}},{"type":"Feature","properties":{"name":"شیرازی","minzoom":13},"geometry":{"type":"LineString","coordinates":[[59.61419,36.29008],[59.61425,36.29005],[59.61432,36.29004],[59.61437,36.29006],[59.61442,36.2901],[59.61442,36.29017],[59.61437,36.29023]]}},{"type":"Feature","properties":{"minzoom":13},"geometry":{"type":"LineString","coordinates":[[59.63928,36.31157],[59.63925,36.31164],[59.63924,36.31172],[59.63926,36.31176],[59.63931,36.31177],[59.63939,36.31176]]}},{"type":"Feature","properties":{"minzoom":13},"geometry":{"type":"LineString","coordinates":[[59.64115,36.31007],[59.64112,36.30997],[59.64105,36.30992],[59.64097,36.30992],[59.64087,36.30993]]}},{"type":"Feature","properties":{"name":"ورودی خیابان دانشگاه","minzoom":13},"geometry":{"type":"LineString","coordinates":[[59.60325,36.297],[59.60269,36.29679],[59.60216,36.29661],[59.60171,36.29654]]}},{"type":"Feature","properties":{"minzoom":13},"geometry":{"type":"LineString","coordinates":[[59.46507,36.43814],[59.46501,36.43816],[59.46496,36.43816],[59.46493,36.43814],[59.46491,36.43811],[59.46492,36.43807]]}},{"type":"Feature","properties":{"minzoom":13},"geometry":{"type":"LineString","coordinates":[[59.58087,36.33476],[59.58031,36.3342],[59.58026,36.33399]]}},{"type":"Feature","properties":{"minzoom":13},"geometry":{"type":"LineString","coordinates":[[59.59926,36.28691],[59.59913,36.28687],[59.59897,36.28685],[59.59876,36.28688]]}},{"type":"Feature","properties":{"minzoom":13},"geometry":{"type":"LineString","coordinates":[[59.61577,36.31003],[59.61577,36.30973]]}},{"type":"Feature","properties":{"minzoom":12},"geometry":{"type":"LineString","coordinates":[[59.59211,36.34225],[59.59239,36.34224]]}},{"type":"Feature","properties":{"minzoom":13},"geometry":{"type":"LineString","coordinates":[[59.59211,36.34225],[59.59284,36.34195]]}},{"type":"Feature","properties":{"minzoom":12},"geometry":{"type":"LineString","coordinates":[[59.64802,36.26042],[59.64854,36.26072]]}},{"type":"Feature","properties":{"minzoom":13},"geometry":{"type":"LineString","coordinates":[[59.64952,36.26121],[59.64971,36.2612]]}},{"type":"Feature","properties":{"minzoom":13},"geometry":{"type":"LineString","coordinates":[[59.64971,36.2612],[59.64973,36.26135]]}},{"type":"Feature","properties":{"minzoom":13},"geometry":{"type":"LineString","coordinates":[[59.57494,36.32866],[59.57493,36.3287],[59.57489,36.32874],[59.57485,36.32877],[59.57479,36.32878]]}},{"type":"Feature","properties":{"minzoom":13},"geometry":{"type":"LineString","coordinates":[[59.7215,36.24414],[59.72138,36.24411],[59.72134,36.24405],[59.72134,36.24397]]}},{"type":"Feature","properties":{"minzoom":13},"geometry":{"type":"LineString","coordinates":[[59.72187,36.24366],[59.722,36.24366],[59.72207,36.24371],[59.72208,36.2438]]}},{"type":"Feature","properties":{"minzoom":13},"geometry":{"type":"LineString","coordinates":[[59.64289,36.29166],[59.64295,36.29159]]}},{"type":"Feature","properties":{"minzoom":13},"geometry":{"type":"LineString","coordinates":[[59.62214,36.32395],[59.62226,36.32404],[59.62242,36.32427],[59.62266,36.32463],[59.62275,36.32477],[59.62307,36.32525],[59.62337,36.32572],[59.62354,36.32597],[59.62364,36.32615],[59.62381,36.3263],[59.62397,36.32641],[59.62416,36.32648],[59.62451,36.3265]]}},{"type":"Feature","properties":{"minzoom":13},"geometry":{"type":"LineString","coordinates":[[59.62317,36.32708],[59.62341,36.32675],[59.62343,36.32655],[59.6234,36.32647],[59.62335,36.32628],[59.62297,36.32568],[59.62268,36.3252],[59.6224,36.32479],[59.62212,36.32439],[59.62203,36.32417],[59.62199,36.32401]]}},{"type":"Feature","properties":{"minzoom":13},"geometry":{"type":"LineString","coordinates":[[59.47022,36.4333],[59.47013,36.43324]]}},{"type":"Feature","properties":{"minzoom":13},"geometry":{"type":"LineString","coordinates":[[59.48802,36.33729],[59.48801,36.33732],[59.48798,36.33734],[59.48794,36.33734],[59.4879,36.33733]]}},{"type":"Feature","properties":{"minzoom":13},"geometry":{"type":"LineString","coordinates":[[59.62693,36.31546],[59.62705,36.31544]]}},{"type":"Feature","properties":{"minzoom":13},"geometry":{"type":"LineString","coordinates":[[59.47296,36.36343],[59.47304,36.36334],[59.47307,36.36328],[59.47309,36.36321],[59.47309,36.3631]]}},{"type":"Feature","properties":{"minzoom":12},"geometry":{"type":"LineString","coordinates":[[59.64854,36.26072],[59.64885,36.26092]]}},{"type":"Feature","properties":{"minzoom":13},"geometry":{"type":"LineString","coordinates":[[59.46754,36.37662],[59.46756,36.37667],[59.46754,36.3767],[59.46749,36.37671],[59.46743,36.3767]]}},{"type":"Feature","properties":{"minzoom":13},"geometry":{"type":"LineString","coordinates":[[59.47712,36.36822],[59.47712,36.36814]]}},{"type":"Feature","properties":{"minzoom":13},"geometry":{"type":"LineString","coordinates":[[59.46819,36.37136],[59.46815,36.37129]]}},{"type":"Feature","properties":{"minzoom":12},"geometry":{"type":"LineString","coordinates":[[59.58413,36.26221],[59.5839,36.26242],[59.58352,36.2628],[59.58303,36.26333],[59.58276,36.26363],[59.58263,36.26381]]}},{"type":"Feature","properties":{"minzoom":13},"geometry":{"type":"LineString","coordinates":[[59.54936,36.28407],[59.54937,36.28416],[59.5494,36.28424],[59.54946,36.28431],[59.54953,36.28438]]}},{"type":"Feature","properties":{"minzoom":13},"geometry":{"type":"LineString","coordinates":[[59.54853,36.28445],[59.54856,36.28438],[59.54856,36.28434],[59.54854,36.2843],[59.5485,36.28424]]}},{"type":"Feature","properties":{"minzoom":13},"geometry":{"type":"LineString","coordinates":[[59.54834,36.28408],[59.54862,36.28408],[59.54925,36.28401]]}},{"type":"Feature","properties":{"minzoom":13},"geometry":{"type":"LineString","coordinates":[[59.19929,36.58831],[59.19968,36.58844],[59.20051,36.58885],[59.20133,36.58923],[59.20171,36.58934],[59.202,36.58939],[59.20209,36.58944],[59.20213,36.58952],[59.20214,36.58961],[59.2021,36.5897],[59.20201,36.58979],[59.20185,36.58985],[59.20174,36.58986],[59.20164,36.58982],[59.20147,36.5897],[59.19978,36.58888],[59.19954,36.58873],[59.19922,36.58847]]}},{"type":"Feature","properties":{"minzoom":12},"geometry":{"type":"LineString","coordinates":[[59.20353,36.59042],[59.20391,36.59057],[59.20431,36.59066],[59.20489,36.59066],[59.2052,36.59057],[59.20562,36.59039],[59.20637,36.58988],[59.20806,36.58874],[59.20843,36.58848],[59.20863,36.5884],[59.20873,36.58838]]}},{"type":"Feature","properties":{"minzoom":12},"geometry":{"type":"LineString","coordinates":[[59.54483,36.35177],[59.54501,36.35179],[59.54519,36.35175]]}},{"type":"Feature","properties":{"minzoom":12},"geometry":{"type":"LineString","coordinates":[[59.54516,36.3518],[59.54479,36.35185]]}},{"type":"Feature","properties":{"minzoom":13},"geometry":{"type":"LineString","coordinates":[[59.5317,36.37166],[59.53172,36.37171],[59.53171,36.37175],[59.53169,36.37179],[59.53164,36.37182],[59.53159,36.37182],[59.53154,36.37182]]}},{"type":"Feature","properties":{"minzoom":12},"geometry":{"type":"LineString","coordinates":[[59.58399,36.26466],[59.58419,36.26446],[59.58448,36.26431],[59.58457,36.26425],[59.58464,36.26419],[59.58467,36.26409],[59.58468,36.26405],[59.58465,36.26396],[59.58455,36.2638]]}},{"type":"Feature","properties":{"minzoom":13},"geometry":{"type":"LineString","coordinates":[[59.58537,36.26454],[59.58515,36.26446],[59.58503,36.26444],[59.5849,36.26443],[59.58478,36.26444],[59.58462,36.26448]]}},{"type":"Feature","properties":{"minzoom":13},"geometry":{"type":"LineString","coordinates":[[59.55838,36.31617],[59.55829,36.31609]]}},{"type":"Feature","properties":{"minzoom":13},"geometry":{"type":"LineString","coordinates":[[59.55839,36.31603],[59.55847,36.3161]]}},{"type":"Feature","properties":{"minzoom":12},"geometry":{"type":"LineString","coordinates":[[59.21592,36.58654],[59.21572,36.58666],[59.21551,36.58678],[59.21527,36.58687],[59.21497,36.58695],[59.21472,36.58699],[59.21439,36.58701]]}},{"type":"Feature","properties":{"minzoom":12},"geometry":{"type":"LineString","coordinates":[[59.58263,36.26381],[59.58232,36.26418],[59.58129,36.26542],[59.58066,36.2661],[59.58047,36.26632],[59.58002,36.26674],[59.57968,36.26697]]}},{"type":"Feature","properties":{"minzoom":12},"geometry":{"type":"LineString","coordinates":[[59.58413,36.26221],[59.58401,36.2626],[59.58402,36.26285],[59.58408,36.26304],[59.5842,36.26323],[59.58436,36.26342],[59.58471,36.26374]]}},{"type":"Feature","properties":{"minzoom":12},"geometry":{"type":"LineString","coordinates":[[59.58517,36.26127],[59.58497,36.26159],[59.58486,36.26179],[59.58478,36.262],[59.58471,36.26219],[59.58457,36.26281],[59.58456,36.26293],[59.58458,36.26307],[59.58463,36.26319],[59.58472,36.26331],[59.58484,36.2634],[59.58499,36.26348],[59.58518,36.26354],[59.58537,36.26356],[59.58555,36.26358],[59.58573,36.26357],[59.58592,36.26353],[59.58626,36.26339]]}},{"type":"Feature","properties":{"minzoom":13},"geometry":{"type":"LineString","coordinates":[[59.58357,36.26497],[59.58348,36.26492]]}},{"type":"Feature","properties":{"minzoom":13},"geometry":{"type":"LineString","coordinates":[[59.5836,36.26485],[59.58357,36.26497]]}},{"type":"Feature","properties":{"minzoom":12},"geometry":{"type":"LineString","coordinates":[[59.58095,36.26144],[59.58127,36.26148],[59.58142,36.26149],[59.58157,36.2615],[59.58256,36.26138],[59.5831,36.26133],[59.58337,36.26128],[59.58361,36.26123],[59.58379,36.26117],[59.58429,36.26097],[59.58465,36.26081]]}},{"type":"Feature","properties":{"name":"کندرو بزرگراه پیامبر اعظم","minzoom":12},"geometry":{"type":"LineString","coordinates":[[59.54373,36.35429],[59.54306,36.35542]]}},{"type":"Feature","properties":{"minzoom":13},"geometry":{"type":"LineString","coordinates":[[59.66018,36.25204],[59.66013,36.25204],[59.66009,36.25204],[59.66005,36.25202],[59.65757,36.25085],[59.65675,36.25035]]}},{"type":"Feature","properties":{"minzoom":13},"geometry":{"type":"LineString","coordinates":[[59.65685,36.25021],[59.65785,36.25058],[59.66028,36.25173],[59.66031,36.25176],[59.66033,36.25178],[59.66035,36.25181]]}},{"type":"Feature","properties":{"minzoom":13},"geometry":{"type":"LineString","coordinates":[[59.66035,36.25181],[59.66037,36.25184],[59.66037,36.25188],[59.66036,36.25191],[59.66035,36.25194],[59.66033,36.25197],[59.6603,36.252],[59.66026,36.25202],[59.66022,36.25204],[59.66018,36.25204]]}},{"type":"Feature","properties":{"minzoom":13},"geometry":{"type":"LineString","coordinates":[[59.66099,36.25211],[59.66103,36.2521],[59.66108,36.25211],[59.66112,36.25212],[59.66241,36.25267],[59.66286,36.25284],[59.66339,36.25301],[59.66421,36.25323]]}},{"type":"Feature","properties":{"minzoom":13},"geometry":{"type":"LineString","coordinates":[[59.66418,36.25338],[59.66323,36.25328],[59.66283,36.25319],[59.66218,36.25295],[59.66089,36.25241],[59.66086,36.25238],[59.66084,36.25235],[59.66082,36.25232]]}},{"type":"Feature","properties":{"minzoom":13},"geometry":{"type":"LineString","coordinates":[[59.66082,36.25232],[59.66082,36.25229],[59.66082,36.25225],[59.66083,36.25222],[59.66085,36.25219],[59.66087,36.25216],[59.66091,36.25213],[59.66095,36.25212],[59.66099,36.25211]]}},{"type":"Feature","properties":{"minzoom":13},"geometry":{"type":"LineString","coordinates":[[59.69354,36.25543],[59.69362,36.25533],[59.69367,36.25524],[59.69367,36.25514],[59.69365,36.25505]]}},{"type":"Feature","properties":{"minzoom":13},"geometry":{"type":"LineString","coordinates":[[59.69378,36.25494],[59.69397,36.25501],[59.69416,36.25505],[59.69425,36.25505],[59.69452,36.25502]]}},{"type":"Feature","properties":{"minzoom":12},"geometry":{"type":"LineString","coordinates":[[59.56685,36.34843],[59.56693,36.34836],[59.56702,36.34831]]}},{"type":"Feature","properties":{"minzoom":12},"geometry":{"type":"LineString","coordinates":[[59.56676,36.34895],[59.56673,36.34886],[59.56671,36.34877]]}},{"type":"Feature","properties":{"minzoom":12},"geometry":{"type":"LineString","coordinates":[[59.56671,36.34877],[59.56672,36.34868],[59.56674,36.34859],[59.56679,36.3485],[59.56685,36.34843]]}},{"type":"Feature","properties":{"minzoom":13},"geometry":{"type":"LineString","coordinates":[[59.69084,36.32072],[59.69085,36.32075],[59.69084,36.32079],[59.6908,36.32081],[59.69076,36.32082],[59.69051,36.3207],[59.69039,36.3207]]}},{"type":"Feature","properties":{"minzoom":12},"geometry":{"type":"LineString","coordinates":[[59.58351,36.26206],[59.58394,36.26152],[59.58465,36.26081],[59.58627,36.25946],[59.58676,36.25906],[59.58789,36.25836],[59.58876,36.25791]]}},{"type":"Feature","properties":{"minzoom":12},"geometry":{"type":"LineString","coordinates":[[59.58194,36.26376],[59.58318,36.26238],[59.58351,36.26206]]}},{"type":"Feature","properties":{"minzoom":12},"geometry":{"type":"LineString","coordinates":[[59.58351,36.26206],[59.58352,36.26194],[59.58349,36.26182],[59.58344,36.2617],[59.58331,36.2616],[59.58313,36.26154],[59.583,36.26153],[59.58283,36.26156],[59.58266,36.26165],[59.58248,36.26177],[59.58228,36.26193],[59.58221,36.26207],[59.58222,36.26221],[59.5823,36.26235],[59.58247,36.26253]]}},{"type":"Feature","properties":{"minzoom":12},"geometry":{"type":"LineString","coordinates":[[59.58013,36.26618],[59.5805,36.26558],[59.58071,36.26531],[59.58083,36.26511],[59.58094,36.26491],[59.58134,36.26447],[59.58182,36.26393],[59.58194,36.26376]]}},{"type":"Feature","properties":{"minzoom":13},"geometry":{"type":"LineString","coordinates":[[59.60191,36.333],[59.60191,36.33295],[59.60181,36.33284],[59.6018,36.33281],[59.60182,36.33278],[59.60186,36.33278],[59.60192,36.3328]]}},{"type":"Feature","properties":{"minzoom":12},"geometry":{"type":"LineString","coordinates":[[59.58094,36.26491],[59.58095,36.26469],[59.58094,36.2645],[59.58091,36.26432],[59.58085,36.26415],[59.58078,36.26401],[59.58064,36.26381],[59.58055,36.26367],[59.5805,36.26355],[59.58049,36.26342],[59.58051,36.26326],[59.58058,36.26313],[59.58069,36.26299],[59.58079,36.26289],[59.58105,36.26272],[59.58128,36.26258],[59.58135,36.26251],[59.58142,36.26238],[59.58143,36.26223],[59.58141,36.26213],[59.58138,36.26198]]}},{"type":"Feature","properties":{"minzoom":12},"geometry":{"type":"LineString","coordinates":[[59.4802,36.33379],[59.48037,36.33362]]}},{"type":"Feature","properties":{"minzoom":13},"geometry":{"type":"LineString","coordinates":[[59.54006,36.28537],[59.53996,36.28554]]}},{"type":"Feature","properties":{"minzoom":13},"geometry":{"type":"LineString","coordinates":[[59.48315,36.36246],[59.48322,36.36248]]}},{"type":"Feature","properties":{"minzoom":13},"geometry":{"type":"LineString","coordinates":[[59.6735,36.38384],[59.67365,36.3838]]}},{"type":"Feature","properties":{"minzoom":13},"geometry":{"type":"LineString","coordinates":[[59.65352,36.33854],[59.65359,36.33848]]}},{"type":"Feature","properties":{"minzoom":12},"geometry":{"type":"LineString","coordinates":[[59.4877,36.28809],[59.48766,36.28807],[59.48764,36.28804],[59.48764,36.288],[59.48768,36.28795]]}},{"type":"Feature","properties":{"minzoom":13},"geometry":{"type":"LineString","coordinates":[[59.46009,36.3765],[59.46017,36.37653]]}}]}