{"type":"FeatureCollection","features":[{"type":"Feature","properties":{"name":"بزرگراه وکیل آباد","minzoom":9},"geometry":{"type":"LineString","coordinates":[[59.45189,36.34276],[59.45238,36.34259],[59.45268,36.34249],[59.45678,36.34119]]}},{"type":"Feature","properties":{"name":"بولوار سید رضی","minzoom":10},"geometry":{"type":"LineString","coordinates":[[59.51793,36.32686],[59.51792,36.3267],[59.51788,36.32661],[59.51781,36.32647],[59.51781,36.32646],[59.51757,36.32593],[59.5175,36.3258],[59.5173,36.32539],[59.51717,36.32509]]}},{"type":"Feature","properties":{"name":"پل هاشمیه","minzoom":10},"geometry":{"type":"LineString","coordinates":[[59.51466,36.32208],[59.51508,36.32252],[59.51594,36.32345],[59.51631,36.32385],[59.51663,36.32419]]}},{"type":"Feature","properties":{"name":"بولوار سید رضی","minzoom":10},"geometry":{"type":"LineString","coordinates":[[59.51729,36.32506],[59.51743,36.32535],[59.51769,36.32589],[59.51789,36.32633],[59.51794,36.32642],[59.51794,36.32644],[59.51806,36.32666],[59.5182,36.32678]]}},{"type":"Feature","properties":{"name":"پل هاشمیه","minzoom":10},"geometry":{"type":"LineString","coordinates":[[59.51656,36.32424],[59.51623,36.32388],[59.51587,36.32349],[59.51501,36.32256],[59.51458,36.32211]]}},{"type":"Feature","properties":{"name":"میدان فرهنگ","minzoom":10},"geometry":{"type":"LineString","coordinates":[[59.51797,36.32718],[59.51791,36.32714],[59.51788,36.32709],[59.51786,36.32703],[59.51787,36.32697]]}},{"type":"Feature","properties":{"name":"بولوار امام خمینی","minzoom":10},"geometry":{"type":"LineString","coordinates":[[59.58522,36.26415],[59.58529,36.26422],[59.58541,36.26433],[59.58552,36.26446],[59.58573,36.26473],[59.58608,36.26528],[59.58611,36.26533],[59.58637,36.26576],[59.58649,36.26596],[59.5867,36.26629],[59.58686,36.26655],[59.5872,36.2671],[59.58726,36.26719]]}},{"type":"Feature","properties":{"name":"بولوار امام خمینی","minzoom":10},"geometry":{"type":"LineString","coordinates":[[59.59235,36.27513],[59.59239,36.27537],[59.59246,36.27553],[59.59297,36.27638],[59.59307,36.27654],[59.59345,36.27718]]}},{"type":"Feature","properties":{"name":"بلوار جمهوری اسلامی","minzoom":10},"geometry":{"type":"LineString","coordinates":[[59.59877,36.2676],[59.59913,36.26746],[59.59935,36.26728],[59.59958,36.26704],[59.59978,36.26683],[59.60096,36.26566],[59.60157,36.26507],[59.60215,36.2645],[59.60256,36.2641],[59.603,36.26367],[59.6032,36.26347],[59.60344,36.26325]]}},{"type":"Feature","properties":{"name":"آزادراه شهید شوشتری","minzoom":9},"geometry":{"type":"LineString","coordinates":[[59.67179,36.17444],[59.67089,36.17504],[59.66967,36.17585],[59.66899,36.1763],[59.66836,36.17671],[59.66572,36.17843],[59.66166,36.18111],[59.65701,36.18417],[59.65449,36.1858],[59.65234,36.1872],[59.65204,36.1874],[59.65129,36.18789],[59.64975,36.18893],[59.6493,36.18924],[59.64888,36.18953],[59.64849,36.18984],[59.64809,36.19019],[59.64767,36.19064],[59.64734,36.19103],[59.64698,36.19155],[59.64675,36.19195],[59.64655,36.19235],[59.64637,36.19278],[59.64627,36.19307],[59.64617,36.19344]]}},{"type":"Feature","properties":{"name":"بزرگراه شهید قاسم سلیمانی","minzoom":9},"geometry":{"type":"LineString","coordinates":[[59.59404,36.25705],[59.59337,36.25707],[59.59261,36.2571],[59.59185,36.25715],[59.59114,36.25726],[59.5904,36.25745],[59.58958,36.25775],[59.58889,36.25811],[59.58842,36.25841],[59.58795,36.25877],[59.58728,36.25932],[59.5864,36.26008]]}},{"type":"Feature","properties":{"name":"بزرگراه شهید قاسم سلیمانی","minzoom":9},"geometry":{"type":"LineString","coordinates":[[59.5998,36.25557],[59.59897,36.25593],[59.59843,36.25614],[59.59792,36.25632]]}},{"type":"Feature","properties":{"name":"بزرگراه شهید قاسم سلیمانی","minzoom":9},"geometry":{"type":"LineString","coordinates":[[59.61114,36.24858],[59.61085,36.24869]]}},{"type":"Feature","properties":{"name":"بزرگراه شهید قاسم سلیمانی","minzoom":9},"geometry":{"type":"LineString","coordinates":[[59.61085,36.24869],[59.61042,36.24889],[59.61006,36.24909],[59.60956,36.24938],[59.60901,36.24977],[59.6086,36.25012],[59.60823,36.25053],[59.60788,36.25105],[59.60751,36.2515],[59.60707,36.25193],[59.60657,36.25231]]}},{"type":"Feature","properties":{"name":"میدان جمهوری اسلامی","minzoom":10},"geometry":{"type":"LineString","coordinates":[[59.55719,36.28622],[59.55718,36.28639],[59.55713,36.2866],[59.55702,36.28682],[59.55689,36.28694],[59.5567,36.28706],[59.55647,36.28715]]}},{"type":"Feature","properties":{"name":"بولوار شهید کاوه","minzoom":10},"geometry":{"type":"LineString","coordinates":[[59.54876,36.28431],[59.5485,36.28424],[59.54809,36.28412],[59.54703,36.28387],[59.54594,36.28362],[59.54557,36.28353],[59.54483,36.28335],[59.54428,36.28335]]}},{"type":"Feature","properties":{"name":"بولوار پیروزی","minzoom":10},"geometry":{"type":"LineString","coordinates":[[59.52942,36.2958],[59.52979,36.29562],[59.53035,36.29525],[59.53103,36.29482],[59.53263,36.29387],[59.5331,36.29356],[59.53377,36.29313],[59.53442,36.29277],[59.53594,36.29193],[59.53764,36.29106],[59.53776,36.291],[59.53786,36.29093]]}},{"type":"Feature","properties":{"name":"بولوار شهید کاوه","minzoom":10},"geometry":{"type":"LineString","coordinates":[[59.55202,36.28513],[59.55166,36.28503],[59.55144,36.28497],[59.55041,36.28472],[59.54989,36.2846],[59.54963,36.28454],[59.54939,36.28449],[59.54906,36.28439],[59.54892,36.28435]]}},{"type":"Feature","properties":{"minzoom":10},"geometry":{"type":"LineString","coordinates":[[59.54876,36.28431],[59.54891,36.28422]]}},{"type":"Feature","properties":{"name":"بزرگراه شهید کلانتری","minzoom":9},"geometry":{"type":"LineString","coordinates":[[59.53995,36.31304],[59.53956,36.31173]]}},{"type":"Feature","properties":{"name":"بزرگراه شهید قاسم سلیمانی","minzoom":9},"geometry":{"type":"LineString","coordinates":[[59.5978,36.25615],[59.59833,36.25597],[59.59886,36.25576],[59.59969,36.2554]]}},{"type":"Feature","properties":{"name":"بزرگراه شهید قاسم سلیمانی","minzoom":9},"geometry":{"type":"LineString","coordinates":[[59.60261,36.25405],[59.60428,36.25332],[59.60525,36.2528],[59.60558,36.25259],[59.60588,36.25236]]}},{"type":"Feature","properties":{"name":"بزرگراه شهید قاسم سلیمانی","minzoom":9},"geometry":{"type":"LineString","coordinates":[[59.57267,36.27091],[59.57414,36.26997],[59.57525,36.26934],[59.5765,36.26864],[59.57714,36.2683]]}},{"type":"Feature","properties":{"minzoom":10},"geometry":{"type":"LineString","coordinates":[[59.58275,36.26268],[59.58343,36.26303]]}},{"type":"Feature","properties":{"name":"بولوار امام خمینی","minzoom":10},"geometry":{"type":"LineString","coordinates":[[59.58343,36.26303],[59.58421,36.26344],[59.58471,36.26374]]}},{"type":"Feature","properties":{"name":"بولوار امام خمینی","minzoom":10},"geometry":{"type":"LineString","coordinates":[[59.58498,36.26413],[59.5849,36.26407],[59.58455,36.2638],[59.58435,36.26366],[59.58417,36.26356],[59.58402,36.26347]]}},{"type":"Feature","properties":{"minzoom":10},"geometry":{"type":"LineString","coordinates":[[59.58335,36.26313],[59.58268,36.26277]]}},{"type":"Feature","properties":{"minzoom":9},"geometry":{"type":"LineString","coordinates":[[59.60694,36.25094],[59.60766,36.25022],[59.60796,36.24999],[59.60843,36.24974],[59.6088,36.24962],[59.60917,36.24954]]}},{"type":"Feature","properties":{"minzoom":9},"geometry":{"type":"LineString","coordinates":[[59.61358,36.2522],[59.61208,36.25125]]}},{"type":"Feature","properties":{"minzoom":9},"geometry":{"type":"LineString","coordinates":[[59.61465,36.25289],[59.61358,36.2522]]}},{"type":"Feature","properties":{"minzoom":9},"geometry":{"type":"LineString","coordinates":[[59.61376,36.25199],[59.61482,36.25269]]}},{"type":"Feature","properties":{"minzoom":9},"geometry":{"type":"LineString","coordinates":[[59.60917,36.24954],[59.60948,36.24949]]}},{"type":"Feature","properties":{"minzoom":9},"geometry":{"type":"LineString","coordinates":[[59.60948,36.24949],[59.61003,36.24956],[59.61061,36.24965]]}},{"type":"Feature","properties":{"minzoom":9},"geometry":{"type":"LineString","coordinates":[[59.61061,36.24965],[59.61086,36.24974]]}},{"type":"Feature","properties":{"minzoom":9},"geometry":{"type":"LineString","coordinates":[[59.61086,36.24974],[59.61112,36.24988],[59.61138,36.25008],[59.61159,36.25031],[59.61215,36.25099]]}},{"type":"Feature","properties":{"minzoom":9},"geometry":{"type":"LineString","coordinates":[[59.61208,36.25125],[59.61177,36.25103],[59.61142,36.25076],[59.61117,36.25054],[59.611,36.25034],[59.61085,36.25011],[59.61076,36.24988],[59.61071,36.24962],[59.61071,36.2493],[59.61077,36.24904],[59.6109,36.24877],[59.61115,36.24845],[59.61149,36.24819],[59.61187,36.24799],[59.61222,36.24784],[59.61272,36.24771],[59.61386,36.24752]]}},{"type":"Feature","properties":{"minzoom":9},"geometry":{"type":"LineString","coordinates":[[59.61215,36.25099],[59.61252,36.25123],[59.61376,36.25199]]}},{"type":"Feature","properties":{"name":"بولوار پیروزی","minzoom":10},"geometry":{"type":"LineString","coordinates":[[59.54891,36.28422],[59.54925,36.28401],[59.54936,36.28394],[59.54951,36.28385],[59.55001,36.28349],[59.55055,36.28309],[59.55147,36.28244]]}},{"type":"Feature","properties":{"name":"بولوار شهید محمد منتظری","minzoom":10},"geometry":{"type":"LineString","coordinates":[[59.55731,36.28723],[59.55744,36.2875],[59.55785,36.28838],[59.55798,36.28871],[59.55805,36.28902],[59.5581,36.28912],[59.55849,36.28995],[59.55909,36.29122],[59.55976,36.29264],[59.55983,36.29281],[59.55986,36.29286]]}},{"type":"Feature","properties":{"name":"بولوار شهید محمد منتظری","minzoom":10},"geometry":{"type":"LineString","coordinates":[[59.55703,36.28737],[59.55689,36.28722],[59.55672,36.28717],[59.55647,36.28715]]}},{"type":"Feature","properties":{"name":"میدان فلسطین","minzoom":10},"geometry":{"type":"LineString","coordinates":[[59.56361,36.30034],[59.56354,36.3004],[59.56346,36.30044],[59.56337,36.30047],[59.56328,36.30047],[59.56318,36.30046]]}},{"type":"Feature","properties":{"name":"بولوار هاشمیه","minzoom":10},"geometry":{"type":"LineString","coordinates":[[59.51183,36.31924],[59.51176,36.3192],[59.51171,36.31916],[59.51168,36.31909],[59.51165,36.31903],[59.51162,36.31894],[59.51156,36.31886],[59.51125,36.3185],[59.51076,36.31796],[59.51063,36.31781],[59.51038,36.31753],[59.51012,36.31724],[59.51004,36.31715],[59.5097,36.31676],[59.50938,36.3164],[59.50913,36.31613],[59.509,36.31599]]}},{"type":"Feature","properties":{"name":"میدان انقلاب اسلامی","minzoom":10},"geometry":{"type":"LineString","coordinates":[[59.58522,36.26415],[59.5851,36.26421]]}},{"type":"Feature","properties":{"name":"بلوار جمهوری اسلامی","minzoom":10},"geometry":{"type":"LineString","coordinates":[[59.61354,36.25336],[59.61228,36.25464],[59.61084,36.25606],[59.61039,36.25651],[59.61014,36.25679],[59.60987,36.25706]]}},{"type":"Feature","properties":{"name":"میدان غدیر","minzoom":10},"geometry":{"type":"LineString","coordinates":[[59.61374,36.25281],[59.61374,36.25267],[59.61378,36.25255],[59.61384,36.25245],[59.6139,36.25237],[59.61396,36.2523],[59.61403,36.25223],[59.61412,36.25217],[59.61423,36.25211],[59.61437,36.25206]]}},{"type":"Feature","properties":{"name":"تقاطع غیر همسطح قائم","minzoom":9},"geometry":{"type":"LineString","coordinates":[[59.54758,36.34515],[59.54847,36.34522]]}},{"type":"Feature","properties":{"name":"بزرگراه امام علی","minzoom":9},"geometry":{"type":"LineString","coordinates":[[59.54755,36.34536],[59.54547,36.34529]]}},{"type":"Feature","properties":{"name":"تقاطع غیر همسطح قائم","minzoom":9},"geometry":{"type":"LineString","coordinates":[[59.54844,36.34544],[59.54755,36.34536]]}},{"type":"Feature","properties":{"name":"بزرگراه امام علی","minzoom":9},"geometry":{"type":"LineString","coordinates":[[59.50888,36.34537],[59.5071,36.34539],[59.50494,36.34539],[59.50434,36.34544],[59.50401,36.3455]]}},{"type":"Feature","properties":{"minzoom":9},"geometry":{"type":"LineString","coordinates":[[59.54547,36.34529],[59.54529,36.34529]]}},{"type":"Feature","properties":{"minzoom":9},"geometry":{"type":"LineString","coordinates":[[59.54531,36.34506],[59.54548,36.34506]]}},{"type":"Feature","properties":{"name":"بزرگراه امام علی","minzoom":9},"geometry":{"type":"LineString","coordinates":[[59.54548,36.34506],[59.54677,36.34511],[59.54758,36.34515]]}},{"type":"Feature","properties":{"name":"میدان امام علی","minzoom":9},"geometry":{"type":"LineString","coordinates":[[59.52437,36.34504],[59.52439,36.34516],[59.52437,36.34528],[59.52431,36.3454]]}},{"type":"Feature","properties":{"name":"میدان استقلال","minzoom":10},"geometry":{"type":"LineString","coordinates":[[59.54312,36.3257],[59.54364,36.3256]]}},{"type":"Feature","properties":{"name":"میدان استقلال","minzoom":10},"geometry":{"type":"LineString","coordinates":[[59.54396,36.32677],[59.54343,36.32686]]}},{"type":"Feature","properties":{"name":"بولوار فردوسی","minzoom":10},"geometry":{"type":"LineString","coordinates":[[59.54425,36.32574],[59.54448,36.32588],[59.54466,36.32592],[59.54503,36.32591],[59.54535,36.32587],[59.54557,36.32582]]}},{"type":"Feature","properties":{"name":"بولوار فردوسی","minzoom":10},"geometry":{"type":"LineString","coordinates":[[59.56281,36.32479],[59.56237,36.32468],[59.56227,36.32465],[59.56141,36.32471],[59.56025,36.32478],[59.55864,36.32487],[59.55733,36.32495]]}},{"type":"Feature","properties":{"name":"بولوار ملک آباد","minzoom":10},"geometry":{"type":"LineString","coordinates":[[59.55359,36.30662],[59.55253,36.30733],[59.55249,36.30737],[59.55234,36.30747],[59.55194,36.30774]]}},{"type":"Feature","properties":{"name":"بزرگراه امام علی","minzoom":9},"geometry":{"type":"LineString","coordinates":[[59.49913,36.34606],[59.49898,36.346],[59.49887,36.34593],[59.4988,36.3458],[59.49881,36.34567],[59.49886,36.34557],[59.49907,36.34542]]}},{"type":"Feature","properties":{"name":"بولوار فردوسی","minzoom":10},"geometry":{"type":"LineString","coordinates":[[59.56406,36.3242],[59.56439,36.32432],[59.56441,36.32432],[59.56451,36.32433],[59.56463,36.32434],[59.56694,36.32421],[59.56725,36.32419]]}},{"type":"Feature","properties":{"name":"بولوار توس","minzoom":10},"geometry":{"type":"LineString","coordinates":[[59.5785,36.32443],[59.57832,36.32467],[59.57829,36.32472],[59.5783,36.32484],[59.57833,36.32501],[59.57872,36.32642]]}},{"type":"Feature","properties":{"name":"بولوار فردوسی","minzoom":10},"geometry":{"type":"LineString","coordinates":[[59.57688,36.32407],[59.57667,36.32393],[59.57645,36.32384],[59.57621,36.32381],[59.5753,36.32386],[59.57432,36.32391],[59.57322,36.32399],[59.57219,36.32405]]}},{"type":"Feature","properties":{"name":"میدان حافظ","minzoom":10},"geometry":{"type":"LineString","coordinates":[[59.59802,36.25552],[59.59814,36.25538],[59.59825,36.25528],[59.5984,36.25523],[59.59857,36.2552]]}},{"type":"Feature","properties":{"name":"بلوار کوشش","minzoom":10},"geometry":{"type":"LineString","coordinates":[[59.59958,36.25657],[59.59975,36.25689],[59.59989,36.25707],[59.60051,36.25779],[59.60056,36.25784],[59.60065,36.25795],[59.60135,36.25877],[59.60159,36.25904],[59.60256,36.26014]]}},{"type":"Feature","properties":{"name":"بلوار کوشش","minzoom":10},"geometry":{"type":"LineString","coordinates":[[59.60435,36.26236],[59.60429,36.2623],[59.60414,36.26212],[59.60376,36.26169],[59.6031,36.26092],[59.60252,36.26026],[59.60246,36.2602]]}},{"type":"Feature","properties":{"name":"میدان پانزده خرداد","minzoom":10},"geometry":{"type":"LineString","coordinates":[[59.59856,36.26847],[59.59843,36.26843],[59.59831,36.26837],[59.59821,36.26828],[59.59815,36.26818],[59.59812,36.26807]]}},{"type":"Feature","properties":{"name":"میدان امام خمینی","minzoom":10},"geometry":{"type":"LineString","coordinates":[[59.59157,36.27466],[59.59188,36.27436]]}},{"type":"Feature","properties":{"name":"بولوار امام خمینی","minzoom":10},"geometry":{"type":"LineString","coordinates":[[59.59157,36.27466],[59.59155,36.27449],[59.59151,36.27437],[59.59141,36.27417],[59.59125,36.27393],[59.59101,36.27353],[59.59091,36.27337],[59.59054,36.27277],[59.59022,36.27227],[59.58985,36.27168],[59.58955,36.27119],[59.58948,36.27108],[59.58941,36.27097],[59.58913,36.27053],[59.58905,36.27039],[59.58878,36.26995],[59.58844,36.26939],[59.58809,36.26883],[59.58794,36.26859],[59.58774,36.26827],[59.58736,36.26766],[59.58715,36.26732],[59.5871,36.26725]]}},{"type":"Feature","properties":{"name":"خیابان امام رضا علیه السلام","minzoom":10},"geometry":{"type":"LineString","coordinates":[[59.59825,36.26775],[59.59805,36.26744],[59.59767,36.267],[59.5972,36.26647],[59.59672,36.26591],[59.59627,36.26539],[59.5958,36.26485],[59.59534,36.26432],[59.59488,36.26378],[59.59439,36.26324],[59.5942,36.26303],[59.59394,36.2627],[59.59344,36.26213],[59.59329,36.26193]]}},{"type":"Feature","properties":{"name":"خیابان امام رضا علیه السلام","minzoom":10},"geometry":{"type":"LineString","coordinates":[[59.59348,36.26191],[59.59361,36.26204],[59.59407,36.26257],[59.59435,36.26291],[59.59455,36.26311],[59.59501,36.26364],[59.59546,36.26419],[59.59592,36.26474],[59.59639,36.26528],[59.59684,36.26583],[59.59688,36.26587],[59.59731,36.26637],[59.59777,36.2669],[59.59817,36.26738],[59.59849,36.26762]]}},{"type":"Feature","properties":{"name":"بولوار سید رضی","minzoom":10},"geometry":{"type":"LineString","coordinates":[[59.51837,36.32716],[59.5184,36.32738],[59.51847,36.32753],[59.51861,36.32782],[59.51873,36.32807],[59.51899,36.32862],[59.51925,36.32916],[59.51951,36.3297],[59.5197,36.33009],[59.51974,36.33018],[59.51977,36.33025],[59.51996,36.33063],[59.52006,36.33082],[59.52014,36.33094],[59.52019,36.33105],[59.52024,36.33114],[59.52037,36.33136]]}},{"type":"Feature","properties":{"name":"بلوار هفده شهریور","minzoom":10},"geometry":{"type":"LineString","coordinates":[[59.61784,36.2763],[59.61814,36.27643],[59.61857,36.27665],[59.61876,36.27675],[59.61892,36.27684],[59.61942,36.27711],[59.62011,36.2775],[59.62033,36.27765],[59.62052,36.27781],[59.6206,36.27792],[59.62104,36.27863],[59.62118,36.27886],[59.62144,36.27925],[59.62168,36.27946]]}},{"type":"Feature","properties":{"name":"بولوار پیروزی","minzoom":10},"geometry":{"type":"LineString","coordinates":[[59.53786,36.29109],[59.5376,36.29124],[59.53482,36.2927],[59.53452,36.29288],[59.53392,36.29323],[59.53346,36.29351],[59.53322,36.29366],[59.53275,36.29398],[59.53114,36.29493],[59.53046,36.29536],[59.5299,36.29574],[59.52959,36.29601]]}},{"type":"Feature","properties":{"name":"میدان امام حسین","minzoom":10},"geometry":{"type":"LineString","coordinates":[[59.62275,36.32763],[59.62285,36.32743]]}},{"type":"Feature","properties":{"name":"پل فجر","minzoom":9},"geometry":{"type":"LineString","coordinates":[[59.65516,36.31073],[59.65443,36.31115],[59.65195,36.31263]]}},{"type":"Feature","properties":{"minzoom":9},"geometry":{"type":"LineString","coordinates":[[59.65582,36.31034],[59.65516,36.31073]]}},{"type":"Feature","properties":{"minzoom":9},"geometry":{"type":"LineString","coordinates":[[59.65496,36.31052],[59.65564,36.31012]]}},{"type":"Feature","properties":{"minzoom":9},"geometry":{"type":"LineString","coordinates":[[59.65123,36.31275],[59.65191,36.31234]]}},{"type":"Feature","properties":{"name":"پل فجر","minzoom":9},"geometry":{"type":"LineString","coordinates":[[59.65191,36.31234],[59.65204,36.31226],[59.65279,36.31185],[59.65496,36.31052]]}},{"type":"Feature","properties":{"name":"بزرگراه شهید میرزائی","minzoom":9},"geometry":{"type":"LineString","coordinates":[[59.65138,36.31297],[59.6503,36.31359],[59.64943,36.31413]]}},{"type":"Feature","properties":{"minzoom":9},"geometry":{"type":"LineString","coordinates":[[59.65195,36.31263],[59.65138,36.31297]]}},{"type":"Feature","properties":{"name":"بزرگراه شهید قاسم سلیمانی","minzoom":9},"geometry":{"type":"LineString","coordinates":[[59.62584,36.22106],[59.62579,36.22206],[59.62573,36.22329],[59.62546,36.23042]]}},{"type":"Feature","properties":{"name":"آزادراه شهید شوشتری","minzoom":9},"geometry":{"type":"LineString","coordinates":[[59.62565,36.21806],[59.6257,36.21737],[59.6258,36.21697],[59.62594,36.21657],[59.62612,36.21619],[59.62639,36.21579],[59.62665,36.2155],[59.62706,36.21512],[59.62749,36.21478],[59.62796,36.21448],[59.62887,36.21398],[59.62924,36.21377],[59.64292,36.2061],[59.64404,36.20547],[59.64446,36.20521],[59.64471,36.20503],[59.64499,36.20479],[59.64521,36.20456],[59.64542,36.2043],[59.6456,36.20403],[59.64579,36.20368],[59.64593,36.20331],[59.64602,36.20293],[59.64605,36.20256],[59.64605,36.202],[59.64601,36.20035],[59.64599,36.19955]]}},{"type":"Feature","properties":{"name":"نیشابور - ملک آباد - مشهد","minzoom":9},"geometry":{"type":"LineString","coordinates":[[59.62448,36.20213],[59.62462,36.20273],[59.62483,36.20425],[59.62492,36.20504],[59.62494,36.20596],[59.62499,36.20713],[59.62512,36.20805],[59.62518,36.20865],[59.62536,36.21087],[59.62541,36.21132],[59.62541,36.21188]]}},{"type":"Feature","properties":{"minzoom":9},"geometry":{"type":"LineString","coordinates":[[59.62552,36.21734],[59.62556,36.217],[59.62559,36.21669],[59.62558,36.2163],[59.62555,36.21565],[59.62552,36.21522],[59.62548,36.2148],[59.62531,36.21368]]}},{"type":"Feature","properties":{"minzoom":9},"geometry":{"type":"LineString","coordinates":[[59.62564,36.22013],[59.62559,36.21946],[59.62554,36.21907],[59.62545,36.21855],[59.62543,36.21839],[59.62543,36.21806],[59.62547,36.2176],[59.62552,36.21734]]}},{"type":"Feature","properties":{"name":"میدان هفده شهریور","minzoom":10},"geometry":{"type":"LineString","coordinates":[[59.61669,36.27649],[59.61671,36.27636],[59.61675,36.27631],[59.61682,36.27624],[59.61697,36.27615],[59.61715,36.27611],[59.61729,36.2761],[59.61741,36.27611],[59.61755,36.27614],[59.61767,36.2762],[59.61784,36.2763],[59.6179,36.2764],[59.61794,36.27651],[59.61794,36.27661],[59.6179,36.27671],[59.61784,36.27678]]}},{"type":"Feature","properties":{"minzoom":9},"geometry":{"type":"LineString","coordinates":[[59.69308,36.16371],[59.69211,36.16438],[59.69036,36.16554],[59.68939,36.16618],[59.68738,36.16753],[59.68573,36.16863],[59.6854,36.16885],[59.68329,36.17021],[59.68299,36.17041],[59.68241,36.17081],[59.682,36.17109],[59.68116,36.17167],[59.6773,36.17424],[59.67342,36.1768],[59.67168,36.17797],[59.66981,36.17925],[59.66961,36.17938],[59.66933,36.17957],[59.66761,36.18064],[59.66689,36.1811],[59.66669,36.18124],[59.66626,36.18154],[59.66475,36.18257],[59.6642,36.18295],[59.6623,36.18421],[59.66108,36.18503],[59.6608,36.18521],[59.66043,36.18545],[59.6599,36.1858],[59.65844,36.18671],[59.65583,36.1882],[59.65346,36.1896],[59.6508,36.19114],[59.65011,36.19155],[59.65001,36.19161],[59.64966,36.19182],[59.64901,36.19219],[59.64774,36.19292],[59.64716,36.19326],[59.64681,36.19351],[59.64655,36.19377],[59.64634,36.19408],[59.64625,36.19428],[59.6462,36.19448],[59.64616,36.19478],[59.64616,36.19563],[59.64621,36.19726],[59.64623,36.1989]]}},{"type":"Feature","properties":{"minzoom":9},"geometry":{"type":"LineString","coordinates":[[59.65068,36.18847],[59.65115,36.18858],[59.65151,36.18861],[59.65187,36.18858],[59.65223,36.18848],[59.65245,36.18836],[59.65277,36.18818],[59.65471,36.18693],[59.65728,36.18529],[59.65908,36.18412],[59.65952,36.18384],[59.66023,36.18339],[59.66218,36.18211],[59.66355,36.18125],[59.66449,36.18067],[59.66558,36.17994],[59.66625,36.17948],[59.6681,36.17829],[59.67133,36.17622],[59.67277,36.1753],[59.67893,36.17133],[59.68033,36.17045],[59.68175,36.16952],[59.68326,36.16854],[59.68463,36.16767],[59.68542,36.16717],[59.68637,36.16657],[59.69159,36.16318],[59.69218,36.1628],[59.69239,36.16267],[59.69466,36.16124]]}},{"type":"Feature","properties":{"minzoom":9},"geometry":{"type":"LineString","coordinates":[[59.65012,36.18827],[59.65068,36.18847]]}},{"type":"Feature","properties":{"name":"بلوار طبرسی جنوبی","minzoom":10},"geometry":{"type":"LineString","coordinates":[[59.6221,36.29189],[59.62217,36.29195],[59.62271,36.29229],[59.62317,36.29258],[59.62378,36.29297],[59.62478,36.2936],[59.62558,36.2941],[59.62783,36.29552],[59.62808,36.29568],[59.62819,36.29575]]}},{"type":"Feature","properties":{"name":"میدان فجر","minzoom":10},"geometry":{"type":"LineString","coordinates":[[59.6534,36.31251],[59.65293,36.3127]]}},{"type":"Feature","properties":{"name":"بلوار هفده شهریور جنوبی","minzoom":10},"geometry":{"type":"LineString","coordinates":[[59.61419,36.27372],[59.61372,36.27316],[59.61359,36.27301],[59.61336,36.27274],[59.61311,36.27245],[59.61284,36.27214],[59.61254,36.27179],[59.61225,36.27145],[59.61189,36.27102],[59.61097,36.26995],[59.61072,36.26966],[59.6101,36.26894],[59.60992,36.26873],[59.60931,36.26804],[59.60915,36.26786]]}},{"type":"Feature","properties":{"minzoom":10},"geometry":{"type":"LineString","coordinates":[[59.61639,36.2762],[59.61631,36.27605],[59.61596,36.27561],[59.61571,36.27532],[59.61571,36.27525],[59.61577,36.27519],[59.61599,36.27507],[59.61609,36.27499]]}},{"type":"Feature","properties":{"name":"بلوار هفده شهریور","minzoom":10},"geometry":{"type":"LineString","coordinates":[[59.62379,36.28125],[59.62342,36.28095],[59.62268,36.28043],[59.62219,36.28009],[59.6218,36.27978],[59.62134,36.27939]]}},{"type":"Feature","properties":{"name":"بلوار طبرسی جنوبی","minzoom":10},"geometry":{"type":"LineString","coordinates":[[59.65223,36.31163],[59.65239,36.31128],[59.65238,36.31117],[59.65237,36.31105],[59.65232,36.31098],[59.65226,36.31093],[59.65212,36.31083]]}},{"type":"Feature","properties":{"name":"بولوار شهید کامیاب","minzoom":10},"geometry":{"type":"LineString","coordinates":[[59.6178,36.30785],[59.61905,36.30652],[59.61957,36.30594],[59.6209,36.30452],[59.62112,36.30428],[59.62125,36.30405],[59.62137,36.30384],[59.62145,36.3037]]}},{"type":"Feature","properties":{"name":"بولوار شهید کامیاب","minzoom":10},"geometry":{"type":"LineString","coordinates":[[59.62264,36.30257],[59.62284,36.30242],[59.62316,36.30208],[59.62331,36.3019],[59.62367,36.3015],[59.62382,36.30135],[59.62417,36.30098]]}},{"type":"Feature","properties":{"name":"خیابان امام رضا علیه السلام","minzoom":10},"geometry":{"type":"LineString","coordinates":[[59.61182,36.28363],[59.61172,36.28343],[59.61068,36.28229],[59.61033,36.28187],[59.60996,36.28144],[59.60917,36.28052],[59.60903,36.28036],[59.60865,36.27991],[59.60781,36.27894],[59.60684,36.2778],[59.60612,36.27696],[59.6059,36.2767],[59.60566,36.27642],[59.60535,36.27605],[59.60473,36.27533],[59.6042,36.27472],[59.60359,36.274],[59.60352,36.27392],[59.60343,36.27384]]}},{"type":"Feature","properties":{"name":"بولوار معلم","minzoom":10},"geometry":{"type":"LineString","coordinates":[[59.5371,36.3256],[59.53531,36.32616],[59.53485,36.32631],[59.53476,36.32634],[59.53457,36.3264],[59.53345,36.32677],[59.53181,36.32731],[59.53116,36.3275],[59.53057,36.32781],[59.53048,36.32784],[59.5304,36.32784],[59.53014,36.32786],[59.52921,36.32814],[59.52875,36.32829],[59.52865,36.32835],[59.52858,36.32844]]}},{"type":"Feature","properties":{"name":"میدان دانش","minzoom":10},"geometry":{"type":"LineString","coordinates":[[59.49889,36.33769],[59.49887,36.33776],[59.49884,36.33781],[59.49878,36.33786],[59.49871,36.33789],[59.49863,36.33791],[59.49855,36.33791],[59.49848,36.3379],[59.49841,36.33786]]}},{"type":"Feature","properties":{"name":"میدان شهید علی مهدوی","minzoom":10},"geometry":{"type":"LineString","coordinates":[[59.52942,36.2958],[59.52951,36.29585],[59.52957,36.29593],[59.52959,36.29601]]}},{"type":"Feature","properties":{"name":"بولوار پیروزی","minzoom":10},"geometry":{"type":"LineString","coordinates":[[59.52919,36.29619],[59.52898,36.29629],[59.52815,36.29678],[59.528,36.29687],[59.52788,36.29694],[59.52629,36.29789],[59.52574,36.29821],[59.52477,36.29877],[59.52385,36.2993],[59.52334,36.29959],[59.52289,36.29983],[59.52241,36.30006],[59.52198,36.30024],[59.52117,36.30062],[59.5206,36.30086],[59.52012,36.30107],[59.51951,36.30138],[59.51913,36.30157],[59.51898,36.30165],[59.51746,36.30241],[59.51731,36.30249],[59.51711,36.30259],[59.51694,36.30269],[59.51657,36.30287],[59.51544,36.30343],[59.51502,36.30364],[59.51312,36.30459],[59.51295,36.30476]]}},{"type":"Feature","properties":{"name":"میدان حر","minzoom":10},"geometry":{"type":"LineString","coordinates":[[59.51258,36.30497],[59.51251,36.30494],[59.51246,36.30489],[59.51242,36.30483],[59.51242,36.30477]]}},{"type":"Feature","properties":{"name":"بولوار پیروزی","minzoom":10},"geometry":{"type":"LineString","coordinates":[[59.51258,36.30497],[59.51229,36.30509],[59.51147,36.3055],[59.51078,36.30585],[59.51019,36.30616],[59.50948,36.30652],[59.50941,36.30656],[59.50903,36.30677],[59.50878,36.30695],[59.50861,36.30707]]}},{"type":"Feature","properties":{"name":"میدان هاشمیه","minzoom":10},"geometry":{"type":"LineString","coordinates":[[59.50417,36.31075],[59.50422,36.31068],[59.5043,36.31063],[59.5044,36.3106]]}},{"type":"Feature","properties":{"name":"بولوار هاشمیه","minzoom":10},"geometry":{"type":"LineString","coordinates":[[59.50473,36.31094],[59.50489,36.3112],[59.50509,36.31143],[59.50541,36.31181],[59.50549,36.31191],[59.5058,36.31225],[59.50601,36.31238]]}},{"type":"Feature","properties":{"name":"بولوار هاشمیه","minzoom":10},"geometry":{"type":"LineString","coordinates":[[59.50583,36.31253],[59.50569,36.31232],[59.50552,36.31213],[59.50532,36.31192],[59.50512,36.31171],[59.50471,36.31126],[59.50451,36.31109]]}},{"type":"Feature","properties":{"name":"بولوار هاشمیه","minzoom":10},"geometry":{"type":"LineString","coordinates":[[59.50629,36.31275],[59.5064,36.31289],[59.50678,36.3133],[59.50715,36.31372],[59.50723,36.31381],[59.5076,36.31421],[59.50767,36.3143],[59.50884,36.3156],[59.50905,36.31583]]}},{"type":"Feature","properties":{"name":"میدان هنرستان","minzoom":10},"geometry":{"type":"LineString","coordinates":[[59.49988,36.31407],[59.49988,36.31404],[59.49988,36.314],[59.4999,36.31397]]}},{"type":"Feature","properties":{"name":"بولوار پیروزی","minzoom":10},"geometry":{"type":"LineString","coordinates":[[59.50023,36.31389],[59.50051,36.31367],[59.50065,36.31349],[59.50083,36.31324],[59.50106,36.313],[59.50121,36.31284],[59.50154,36.31258],[59.50191,36.31234],[59.50295,36.31172],[59.50366,36.31129],[59.50398,36.31107],[59.50416,36.31092]]}},{"type":"Feature","properties":{"name":"بولوار پیروزی","minzoom":10},"geometry":{"type":"LineString","coordinates":[[59.5043,36.31106],[59.50412,36.31118],[59.50374,36.31141],[59.50313,36.31178],[59.50201,36.31244],[59.50165,36.31268],[59.50132,36.31295],[59.50119,36.31308],[59.50097,36.31331],[59.5008,36.31356],[59.50064,36.31376],[59.50033,36.31401]]}},{"type":"Feature","properties":{"name":"بولوار پیروزی","minzoom":10},"geometry":{"type":"LineString","coordinates":[[59.51279,36.30458],[59.51304,36.3045],[59.51513,36.30344],[59.51528,36.30336],[59.51628,36.30284],[59.51647,36.30275],[59.51688,36.30254],[59.51746,36.30225],[59.51837,36.30179],[59.51889,36.30152],[59.51923,36.30135],[59.5198,36.30103],[59.52005,36.30092],[59.5216,36.30025],[59.52272,36.29976],[59.52325,36.29947],[59.52368,36.29922],[59.52464,36.29865],[59.52568,36.29806],[59.52618,36.29777],[59.52763,36.29692],[59.52785,36.29679],[59.52853,36.29639],[59.5289,36.29616],[59.52906,36.29605]]}},{"type":"Feature","properties":{"name":"بلوار حر","minzoom":10},"geometry":{"type":"LineString","coordinates":[[59.68926,36.25716],[59.68992,36.25689],[59.69354,36.25543],[59.69381,36.25532],[59.69393,36.25527],[59.6941,36.25519],[59.69421,36.25514],[59.69452,36.25502],[59.69754,36.25378],[59.70529,36.25062]]}},{"type":"Feature","properties":{"name":"بولوار احمدآباد","minzoom":10},"geometry":{"type":"LineString","coordinates":[[59.57302,36.29703],[59.57315,36.29697],[59.5733,36.29692],[59.57374,36.29667],[59.57401,36.29652],[59.57415,36.29644],[59.575,36.29595],[59.57575,36.29551],[59.57651,36.29509],[59.57671,36.29498],[59.57702,36.29482],[59.5772,36.29475],[59.57783,36.29453],[59.57833,36.29437],[59.57883,36.29419],[59.58047,36.2936],[59.58067,36.29353],[59.58072,36.2935],[59.58097,36.29342],[59.58121,36.29333],[59.58263,36.29283],[59.58319,36.29264],[59.58339,36.29257],[59.58466,36.29215],[59.58492,36.29204],[59.58509,36.29189],[59.58542,36.29156],[59.58559,36.29131],[59.58569,36.29117]]}},{"type":"Feature","properties":{"name":"بولوار سپهبد قرنی","minzoom":10},"geometry":{"type":"LineString","coordinates":[[59.57856,36.3228],[59.5787,36.32275],[59.57876,36.32271],[59.57883,36.32266],[59.57961,36.32196],[59.57987,36.32172],[59.58026,36.32137],[59.5818,36.32],[59.58196,36.31985],[59.58241,36.31945],[59.5829,36.31902],[59.58323,36.31872],[59.584,36.31804],[59.58415,36.3179]]}},{"type":"Feature","properties":{"name":"آیت الله عبادی","minzoom":10},"geometry":{"type":"LineString","coordinates":[[59.62199,36.32401],[59.62195,36.32394],[59.62179,36.32367],[59.6217,36.32353],[59.62145,36.32311],[59.62106,36.32247],[59.621,36.32238],[59.62086,36.32215],[59.62079,36.32205],[59.62037,36.32133],[59.62003,36.32078],[59.61988,36.32053],[59.61972,36.32027],[59.61969,36.32022]]}},{"type":"Feature","properties":{"name":"بولوار آیت الله عبادی","minzoom":10},"geometry":{"type":"LineString","coordinates":[[59.60928,36.30303],[59.60936,36.30317],[59.60973,36.30379],[59.60986,36.304],[59.60998,36.30421],[59.61031,36.30473],[59.61046,36.30499],[59.61072,36.3054],[59.61092,36.30574],[59.61097,36.30582],[59.61104,36.30592],[59.61129,36.30632],[59.61143,36.30656],[59.61173,36.30704],[59.61186,36.30725],[59.612,36.30748],[59.61218,36.30778],[59.61239,36.30811],[59.61263,36.30851],[59.61304,36.30918],[59.61309,36.30927],[59.61342,36.3098],[59.61353,36.30998],[59.61366,36.31019],[59.61386,36.31053],[59.61409,36.3109],[59.61436,36.31134],[59.61438,36.31137],[59.61445,36.31148],[59.61453,36.31161]]}},{"type":"Feature","properties":{"name":"میدان شهید رئیسی (توحید)","minzoom":10},"geometry":{"type":"LineString","coordinates":[[59.60011,36.30346],[59.60013,36.30354],[59.60014,36.30368],[59.6001,36.3038],[59.60005,36.3039],[59.59998,36.30398],[59.59992,36.30405]]}},{"type":"Feature","properties":{"name":"بولوار شهید قرنی","minzoom":10},"geometry":{"type":"LineString","coordinates":[[59.59783,36.30555],[59.59682,36.30648],[59.59607,36.30719],[59.596,36.30725],[59.5959,36.30735]]}},{"type":"Feature","properties":{"name":"بولوار ملک الشعرای بهار","minzoom":10},"geometry":{"type":"LineString","coordinates":[[59.58599,36.29085],[59.58618,36.29078],[59.58636,36.29069],[59.58659,36.29046],[59.58696,36.29008],[59.58765,36.28938],[59.58922,36.2878],[59.58981,36.28721],[59.59047,36.28655],[59.59056,36.28645],[59.59072,36.28629],[59.59086,36.28614],[59.59107,36.28593],[59.59131,36.28569],[59.59146,36.28553],[59.59147,36.28551],[59.59152,36.28546],[59.59163,36.28535],[59.5917,36.28528],[59.59184,36.28515],[59.59209,36.28494],[59.5929,36.28409],[59.59317,36.28384],[59.59323,36.28377],[59.59372,36.2833],[59.59437,36.28264],[59.59466,36.28234],[59.59471,36.2823],[59.5949,36.28211],[59.59538,36.28161],[59.59553,36.28147],[59.59569,36.28129],[59.59578,36.2812]]}},{"type":"Feature","properties":{"name":"جاده سرخس - مشهد","minzoom":10},"geometry":{"type":"LineString","coordinates":[[59.82898,36.14124],[59.82696,36.14312],[59.8267,36.14339],[59.82635,36.14379],[59.82608,36.1442],[59.82595,36.14443],[59.82572,36.14496],[59.82362,36.15178],[59.82287,36.15428],[59.82265,36.15492],[59.82248,36.15538],[59.82221,36.15605],[59.8217,36.15728],[59.82151,36.1577],[59.8214,36.15796],[59.82121,36.15829],[59.82096,36.15868],[59.82073,36.15898],[59.82047,36.15928],[59.82018,36.15957],[59.81973,36.15996],[59.81944,36.16018],[59.81913,36.16036],[59.81856,36.16067],[59.81804,36.1609],[59.8175,36.16107],[59.8165,36.16133],[59.81563,36.16156],[59.81512,36.16172],[59.81477,36.16185],[59.81437,36.16205],[59.81396,36.16232],[59.81376,36.16247],[59.81346,36.16271],[59.81331,36.16283],[59.81051,36.16516]]}},{"type":"Feature","properties":{"name":"بلوار حر","minzoom":10},"geometry":{"type":"LineString","coordinates":[[59.70529,36.25062],[59.70555,36.25054],[59.70792,36.24959],[59.70976,36.24885],[59.71294,36.24754],[59.71435,36.24697],[59.71463,36.24684],[59.71623,36.24612],[59.71764,36.24556],[59.71821,36.24534],[59.71887,36.24507],[59.71926,36.24492],[59.71981,36.2447],[59.72074,36.24428]]}},{"type":"Feature","properties":{"name":"بلوار حر","minzoom":10},"geometry":{"type":"LineString","coordinates":[[59.7208,36.24438],[59.72007,36.24469],[59.71876,36.24522],[59.71733,36.24581],[59.71634,36.24622],[59.7147,36.24694],[59.7144,36.24707],[59.713,36.24764],[59.71222,36.24797],[59.71125,36.24835],[59.70982,36.24896],[59.70871,36.24941],[59.708,36.2497],[59.70702,36.2501],[59.70559,36.25069],[59.70537,36.25077]]}},{"type":"Feature","properties":{"minzoom":9},"geometry":{"type":"LineString","coordinates":[[59.64578,36.19383],[59.64583,36.19356]]}},{"type":"Feature","properties":{"minzoom":9},"geometry":{"type":"LineString","coordinates":[[59.64583,36.19356],[59.64596,36.19293],[59.64606,36.19256],[59.64613,36.19232],[59.64619,36.19209],[59.64622,36.19187],[59.64629,36.19123]]}},{"type":"Feature","properties":{"name":"آزادراه شهید شوشتری","minzoom":9},"geometry":{"type":"LineString","coordinates":[[59.64598,36.19348],[59.64608,36.19306],[59.64619,36.19274],[59.64638,36.1923],[59.64658,36.1919],[59.64681,36.19149],[59.6472,36.19094],[59.64751,36.19056],[59.64795,36.1901],[59.64835,36.18974],[59.64875,36.18941],[59.64916,36.18912],[59.64962,36.18881],[59.65022,36.18841],[59.65119,36.18779],[59.65299,36.18659],[59.65802,36.18328],[59.6614,36.18104],[59.66569,36.17823],[59.67034,36.17521],[59.67048,36.17512],[59.67172,36.17432]]}},{"type":"Feature","properties":{"minzoom":9},"geometry":{"type":"LineString","coordinates":[[59.64594,36.19369],[59.64598,36.19348]]}},{"type":"Feature","properties":{"name":"آزادراه شهید شوشتری","minzoom":9},"geometry":{"type":"LineString","coordinates":[[59.64615,36.1936],[59.64608,36.19393],[59.64603,36.1944],[59.64601,36.19488],[59.64603,36.19538],[59.64611,36.19891]]}},{"type":"Feature","properties":{"minzoom":9},"geometry":{"type":"LineString","coordinates":[[59.64617,36.19344],[59.64615,36.1936]]}},{"type":"Feature","properties":{"minzoom":9},"geometry":{"type":"LineString","coordinates":[[59.62654,36.21525],[59.62624,36.21496],[59.62601,36.21469],[59.62582,36.21442],[59.62564,36.2141],[59.62551,36.21378],[59.62538,36.21334],[59.62516,36.21251]]}},{"type":"Feature","properties":{"name":"مشهد - ملک آباد - نیشابور","minzoom":9},"geometry":{"type":"LineString","coordinates":[[59.62368,36.19295],[59.6236,36.19176]]}},{"type":"Feature","properties":{"name":"مشهد - ملک آباد - نیشابور","minzoom":9},"geometry":{"type":"LineString","coordinates":[[59.6236,36.19176],[59.62365,36.19003],[59.6237,36.18945],[59.62379,36.1888],[59.62394,36.18789],[59.62412,36.18697],[59.62445,36.18568],[59.6248,36.18445]]}},{"type":"Feature","properties":{"name":"مشهد - ملک آباد - نیشابور","minzoom":9},"geometry":{"type":"LineString","coordinates":[[59.62699,36.17614],[59.627,36.176]]}},{"type":"Feature","properties":{"name":"جاده میامی","minzoom":9},"geometry":{"type":"LineString","coordinates":[[59.7285,36.26016],[59.7292,36.2597]]}},{"type":"Feature","properties":{"name":"میدان معراج","minzoom":10},"geometry":{"type":"LineString","coordinates":[[59.55236,36.35957],[59.55225,36.35959],[59.55202,36.35958]]}},{"type":"Feature","properties":{"name":"بولوار توس","minzoom":10},"geometry":{"type":"LineString","coordinates":[[59.55202,36.35958],[59.55189,36.35971],[59.55177,36.35983],[59.55173,36.35995],[59.55168,36.36015],[59.55158,36.36053],[59.55144,36.36104],[59.5513,36.36161],[59.5512,36.36194],[59.55107,36.36219],[59.55084,36.36248],[59.55029,36.36304],[59.55008,36.36324],[59.54858,36.36467],[59.54827,36.36497],[59.54797,36.36527],[59.54785,36.3654],[59.54762,36.36566],[59.54752,36.36578],[59.54729,36.36615],[59.54713,36.3665],[59.54692,36.36716],[59.54681,36.3674],[59.54671,36.36761],[59.54654,36.3679],[59.54563,36.36939],[59.54497,36.37047]]}},{"type":"Feature","properties":{"name":"بلوار توس","minzoom":10},"geometry":{"type":"LineString","coordinates":[[59.55232,36.3582],[59.55256,36.3581],[59.55277,36.35793],[59.55324,36.35742],[59.55351,36.35712],[59.55375,36.35687],[59.55413,36.35656],[59.55484,36.35605],[59.55717,36.35455],[59.55883,36.3535],[59.561,36.35226],[59.56145,36.35201],[59.56184,36.35176],[59.56216,36.35154],[59.56237,36.35133],[59.56254,36.35116],[59.56291,36.35078],[59.56375,36.34992],[59.56416,36.34947],[59.56461,36.349],[59.56471,36.34888],[59.56476,36.34877],[59.56478,36.34869],[59.56476,36.3486],[59.56472,36.34853],[59.56463,36.34841]]}},{"type":"Feature","properties":{"name":"بولوار شهید دستغیب","minzoom":10},"geometry":{"type":"LineString","coordinates":[[59.56009,36.31487],[59.56024,36.31475],[59.56035,36.31468],[59.56124,36.3141],[59.56269,36.31308],[59.56343,36.31258],[59.56361,36.31246],[59.56445,36.3119],[59.56514,36.31144],[59.56651,36.3105],[59.56667,36.31039],[59.56774,36.30969],[59.5678,36.30962],[59.56782,36.30959],[59.56786,36.3095],[59.56781,36.30932]]}},{"type":"Feature","properties":{"name":"میدان پنجراه","minzoom":10},"geometry":{"type":"LineString","coordinates":[[59.62347,36.28109],[59.62359,36.281],[59.62372,36.28092]]}},{"type":"Feature","properties":{"name":"میدان پنجراه","minzoom":10},"geometry":{"type":"LineString","coordinates":[[59.62419,36.28136],[59.62409,36.28151],[59.62399,36.28159]]}},{"type":"Feature","properties":{"name":"بولوار سید رضی","minzoom":10},"geometry":{"type":"LineString","coordinates":[[59.52247,36.33972],[59.52238,36.33937],[59.52229,36.33905],[59.52227,36.33896],[59.52222,36.33878],[59.52213,36.33841],[59.52196,36.33779],[59.52191,36.33762],[59.52179,36.33718],[59.52163,36.33658],[59.52153,36.33622],[59.52144,36.33607]]}},{"type":"Feature","properties":{"name":"بولوار سید رضی","minzoom":10},"geometry":{"type":"LineString","coordinates":[[59.5217,36.33602],[59.5217,36.3362],[59.5218,36.33655],[59.52196,36.33715],[59.52207,36.33758],[59.52213,36.33776],[59.5223,36.33838],[59.5224,36.33874],[59.52245,36.33892],[59.52248,36.33901],[59.52257,36.33933],[59.52265,36.33959],[59.52267,36.33968]]}},{"type":"Feature","properties":{"name":"بولوار سید رضی","minzoom":10},"geometry":{"type":"LineString","coordinates":[[59.52134,36.33587],[59.52135,36.33562],[59.52128,36.33534],[59.5212,36.33504],[59.52114,36.33479],[59.52112,36.33471],[59.52096,36.33411],[59.52088,36.3338],[59.52079,36.33348],[59.52073,36.33329],[59.52061,36.33286],[59.52059,36.33278],[59.52044,36.33225],[59.52042,36.33217],[59.52027,36.33163],[59.5202,36.33141],[59.52009,36.3312],[59.52004,36.3311],[59.51998,36.33099]]}},{"type":"Feature","properties":{"name":"بلوار خیام","minzoom":10},"geometry":{"type":"LineString","coordinates":[[59.5523,36.3073],[59.55249,36.30737],[59.55258,36.30747],[59.553,36.30789],[59.55333,36.3082],[59.55353,36.3084],[59.55418,36.30901],[59.55514,36.30992],[59.55531,36.31009],[59.5557,36.31046],[59.55735,36.31202],[59.55743,36.31209],[59.55857,36.31318],[59.56012,36.31464],[59.56024,36.31475],[59.56033,36.31484],[59.56045,36.31495],[59.56088,36.31535],[59.56385,36.31816],[59.56512,36.31936],[59.56516,36.3194],[59.56525,36.31948],[59.56533,36.31955]]}},{"type":"Feature","properties":{"name":"بولوار توس","minzoom":10},"geometry":{"type":"LineString","coordinates":[[59.46463,36.43826],[59.46478,36.43819],[59.46488,36.43811],[59.46492,36.43807],[59.46546,36.43756],[59.46621,36.43686],[59.46785,36.43532],[59.4682,36.43499],[59.46827,36.43493],[59.46916,36.43411],[59.47005,36.43331],[59.47013,36.43324],[59.47089,36.43252],[59.47227,36.43121],[59.47265,36.43093],[59.47299,36.43073],[59.47358,36.43039],[59.47367,36.43032],[59.47393,36.43011],[59.47449,36.4296],[59.47528,36.42885],[59.47566,36.42848],[59.47615,36.42791],[59.4765,36.42741],[59.47679,36.42699],[59.47707,36.42657],[59.47734,36.4262],[59.47755,36.42595],[59.47785,36.42565],[59.47795,36.42558],[59.47823,36.42536],[59.47956,36.42443],[59.48027,36.42388],[59.48064,36.42358],[59.48109,36.42315],[59.48141,36.42284],[59.4827,36.42152],[59.48337,36.42088],[59.48348,36.42077],[59.48391,36.42033],[59.48483,36.41941],[59.48497,36.41927],[59.48527,36.41897],[59.48539,36.41885],[59.4858,36.41846],[59.48613,36.41819],[59.4865,36.41797],[59.48675,36.41784],[59.48685,36.41777],[59.48739,36.41747],[59.48758,36.41737],[59.48808,36.4171],[59.48888,36.41664],[59.48945,36.41632],[59.49,36.41602],[59.49032,36.41584],[59.49096,36.41548],[59.49134,36.41527],[59.49252,36.41461],[59.49354,36.41405],[59.49386,36.41386],[59.49427,36.41363],[59.49465,36.41342],[59.49649,36.41239],[59.49728,36.41194],[59.49764,36.41173],[59.49804,36.41147],[59.49836,36.41122],[59.49857,36.41103],[59.4987,36.41091],[59.49889,36.4107],[59.4994,36.41016],[59.49976,36.40977],[59.50002,36.40951],[59.50055,36.40896],[59.50095,36.40852],[59.50133,36.40806],[59.50172,36.4076],[59.50205,36.40719],[59.50235,36.40682],[59.50247,36.40667],[59.50267,36.40644],[59.50292,36.40619],[59.50301,36.4061],[59.50322,36.40591],[59.50357,36.4056],[59.50381,36.40538],[59.50442,36.40476]]}},{"type":"Feature","properties":{"name":"بولوار توس","minzoom":10},"geometry":{"type":"LineString","coordinates":[[59.50905,36.40079],[59.50884,36.40099]]}},{"type":"Feature","properties":{"name":"شیرازی","minzoom":10},"geometry":{"type":"LineString","coordinates":[[59.61524,36.28991],[59.61471,36.2901],[59.61437,36.29023],[59.61404,36.29047]]}},{"type":"Feature","properties":{"name":"آیت الله شیرازی","minzoom":10},"geometry":{"type":"LineString","coordinates":[[59.61404,36.29047],[59.61285,36.29158]]}},{"type":"Feature","properties":{"name":"شیرازی","minzoom":10},"geometry":{"type":"LineString","coordinates":[[59.61393,36.2904],[59.61419,36.29008],[59.61423,36.28977],[59.61415,36.28948]]}},{"type":"Feature","properties":{"name":"بولوار پیروزی","minzoom":10},"geometry":{"type":"LineString","coordinates":[[59.5046,36.31063],[59.50477,36.31053],[59.50516,36.3102],[59.5063,36.30908],[59.50695,36.30845],[59.50777,36.30769],[59.50804,36.30742],[59.50848,36.307]]}},{"type":"Feature","properties":{"name":"بولوار مصلی","minzoom":10},"geometry":{"type":"LineString","coordinates":[[59.64587,36.26087],[59.64578,36.26092],[59.64556,36.26107],[59.64514,36.26145],[59.64476,36.2618],[59.64427,36.26226],[59.64406,36.26245]]}},{"type":"Feature","properties":{"name":"بولوار مصلی","minzoom":10},"geometry":{"type":"LineString","coordinates":[[59.62372,36.28092],[59.62409,36.28081],[59.62428,36.28071],[59.62452,36.28051],[59.62479,36.28028]]}},{"type":"Feature","properties":{"name":"پل دهرود","minzoom":10},"geometry":{"type":"LineString","coordinates":[[59.66061,36.35082],[59.66095,36.35151]]}},{"type":"Feature","properties":{"name":"جاده سیمان","minzoom":10},"geometry":{"type":"LineString","coordinates":[[59.66095,36.35151],[59.66136,36.35228],[59.66146,36.35247],[59.66169,36.35292],[59.66262,36.35468],[59.66276,36.35495],[59.6634,36.35619],[59.6638,36.35685],[59.66407,36.35728],[59.66412,36.35738],[59.66508,36.35953],[59.66527,36.35991],[59.66546,36.36036],[59.66556,36.36068],[59.66579,36.36143],[59.66618,36.36268],[59.66645,36.36343],[59.66653,36.36365],[59.66685,36.3644],[59.66714,36.36512],[59.6675,36.36602],[59.66784,36.36684],[59.66828,36.36789],[59.66836,36.36809],[59.66852,36.36848],[59.66893,36.36947],[59.66929,36.37037],[59.6695,36.3709],[59.6701,36.3728],[59.67032,36.37344],[59.67046,36.37389],[59.6706,36.37441],[59.67076,36.37491],[59.67089,36.37533],[59.67111,36.37599]]}},{"type":"Feature","properties":{"minzoom":10},"geometry":{"type":"LineString","coordinates":[[59.67473,36.4765],[59.67513,36.47687]]}},{"type":"Feature","properties":{"minzoom":10},"geometry":{"type":"LineString","coordinates":[[59.63673,36.36533],[59.63622,36.3647]]}},{"type":"Feature","properties":{"name":"بولوار ۲۲ بهمن","minzoom":10},"geometry":{"type":"LineString","coordinates":[[59.6276,36.34787],[59.62727,36.34733],[59.62704,36.34697],[59.62703,36.34694],[59.62697,36.34683],[59.62683,36.34655],[59.62661,36.34607],[59.62611,36.34477],[59.6259,36.34415],[59.62567,36.34357],[59.62558,36.34335],[59.62523,36.34245],[59.62518,36.34229],[59.62516,36.34225],[59.6251,36.34209],[59.62504,36.34195],[59.62491,36.3416],[59.62486,36.34135],[59.62478,36.34103],[59.62476,36.3408],[59.62475,36.34058],[59.62476,36.34012],[59.62478,36.33992],[59.62485,36.33957],[59.62507,36.33892],[59.62519,36.33867],[59.62542,36.33826],[59.62555,36.33805],[59.62556,36.33804],[59.62566,36.33787],[59.62581,36.33769],[59.62588,36.33748],[59.62593,36.33733],[59.62597,36.33715]]}},{"type":"Feature","properties":{"name":"بولوار شاهنامه","minzoom":10},"geometry":{"type":"LineString","coordinates":[[59.45529,36.42771],[59.45512,36.428],[59.45507,36.42813],[59.45504,36.42837],[59.45506,36.42857],[59.45511,36.4288],[59.45519,36.42905],[59.45529,36.42925]]}},{"type":"Feature","properties":{"name":"بولوار شاهنامه","minzoom":10},"geometry":{"type":"LineString","coordinates":[[59.50041,36.47403],[59.50092,36.47452]]}},{"type":"Feature","properties":{"name":"بولوار شاهنامه","minzoom":10},"geometry":{"type":"LineString","coordinates":[[59.50022,36.47412],[59.49998,36.47387],[59.49989,36.47379],[59.49981,36.47371],[59.49928,36.47314],[59.49914,36.473],[59.49881,36.47267],[59.49734,36.47123],[59.49674,36.47065],[59.49622,36.47011],[59.49533,36.46923],[59.4907,36.46465],[59.48874,36.46271],[59.48832,36.4623],[59.48779,36.46175],[59.48703,36.461],[59.48596,36.45991],[59.48526,36.45924],[59.48466,36.45864],[59.48361,36.4576],[59.48321,36.45718],[59.48252,36.4565],[59.48219,36.45616],[59.48173,36.45571],[59.48167,36.45564],[59.48152,36.4555],[59.48103,36.45502],[59.48061,36.4546],[59.47975,36.45375],[59.47926,36.45326],[59.47886,36.45285]]}},{"type":"Feature","properties":{"name":"بولوار شاهنامه","minzoom":10},"geometry":{"type":"LineString","coordinates":[[59.50074,36.47463],[59.50022,36.47412]]}},{"type":"Feature","properties":{"name":"بولوار شاهنامه","minzoom":10},"geometry":{"type":"LineString","coordinates":[[59.50208,36.47561],[59.50218,36.47572],[59.50361,36.47712],[59.50398,36.47747],[59.50455,36.47786],[59.50514,36.4782],[59.50595,36.47868],[59.50603,36.47873],[59.51022,36.48126],[59.51156,36.48206],[59.51177,36.48219],[59.51235,36.48255],[59.51317,36.48305]]}},{"type":"Feature","properties":{"name":"بولوار خواجه ربیع","minzoom":10},"geometry":{"type":"LineString","coordinates":[[59.62565,36.33559],[59.62563,36.33549],[59.6256,36.33536],[59.62535,36.33423],[59.62522,36.33366]]}},{"type":"Feature","properties":{"name":"میدان بوعلی","minzoom":10},"geometry":{"type":"LineString","coordinates":[[59.57938,36.33002],[59.57923,36.33005],[59.57907,36.33003],[59.57894,36.32996],[59.57886,36.32985]]}},{"type":"Feature","properties":{"name":"بولوار شهید قرنی","minzoom":10},"geometry":{"type":"LineString","coordinates":[[59.59738,36.30585],[59.59789,36.30535],[59.59864,36.30463],[59.59899,36.30432],[59.59904,36.30425],[59.59908,36.30413]]}},{"type":"Feature","properties":{"name":"بولوار سپهبد قرنی","minzoom":10},"geometry":{"type":"LineString","coordinates":[[59.59584,36.3074],[59.59565,36.30758],[59.59511,36.30809],[59.59471,36.30846],[59.59433,36.30881],[59.59404,36.30907],[59.59364,36.30943],[59.59308,36.30995],[59.59268,36.31034],[59.59179,36.31113],[59.59174,36.31117],[59.59168,36.31123],[59.59156,36.31134],[59.59064,36.31219],[59.59041,36.3124],[59.59034,36.31247],[59.59023,36.31257],[59.59017,36.31263],[59.58999,36.31279],[59.58909,36.31358],[59.58852,36.31411],[59.58821,36.31439]]}},{"type":"Feature","properties":{"name":"بولوار رسالت","minzoom":10},"geometry":{"type":"LineString","coordinates":[[59.6342,36.30557],[59.6342,36.30568]]}},{"type":"Feature","properties":{"name":"بولوار رسالت","minzoom":10},"geometry":{"type":"LineString","coordinates":[[59.64057,36.32189],[59.64039,36.32148],[59.64023,36.32095],[59.64004,36.32018],[59.6399,36.3196]]}},{"type":"Feature","properties":{"name":"بولوار عبدالمطلب","minzoom":10},"geometry":{"type":"LineString","coordinates":[[59.58107,36.3347],[59.5812,36.33459],[59.58157,36.33441],[59.58337,36.33371],[59.58365,36.3336],[59.58392,36.3335],[59.58701,36.33231],[59.58744,36.33213],[59.58752,36.33209],[59.58785,36.33193],[59.58825,36.3317],[59.58863,36.33146],[59.58933,36.33093],[59.58955,36.3308],[59.58958,36.33078],[59.58991,36.33055],[59.59,36.33049],[59.59011,36.33042],[59.59042,36.33021]]}},{"type":"Feature","properties":{"name":"بولوار عبدالمطلب","minzoom":10},"geometry":{"type":"LineString","coordinates":[[59.60883,36.31669],[59.60859,36.31686],[59.60837,36.31704],[59.60806,36.31729],[59.60658,36.31848],[59.60548,36.31933],[59.60411,36.32041],[59.60396,36.32053],[59.60384,36.32059],[59.60375,36.32066],[59.60348,36.32088],[59.60325,36.32105],[59.6028,36.32138],[59.60064,36.32296],[59.59971,36.32363],[59.598,36.32486],[59.59774,36.32505],[59.59603,36.32628],[59.59583,36.32643],[59.59574,36.32649],[59.59561,36.32659]]}},{"type":"Feature","properties":{"name":"بولوار شاهد","minzoom":10},"geometry":{"type":"LineString","coordinates":[[59.51347,36.35912],[59.51363,36.35916],[59.51381,36.35917],[59.51459,36.35915],[59.51464,36.35915],[59.51542,36.35913],[59.51553,36.35913],[59.5167,36.3591],[59.51724,36.35909],[59.51738,36.35908],[59.51756,36.35908],[59.51809,36.35906],[59.51859,36.3591],[59.51913,36.35919],[59.5194,36.35926],[59.51955,36.35931],[59.51994,36.35946],[59.52039,36.35967],[59.52226,36.36062],[59.52242,36.3607],[59.52256,36.36077],[59.52268,36.36083],[59.52302,36.361],[59.52325,36.36112],[59.52368,36.36134],[59.52445,36.36173],[59.5246,36.36181],[59.52535,36.36218],[59.52768,36.36336]]}},{"type":"Feature","properties":{"name":"میدان مادر","minzoom":10},"geometry":{"type":"LineString","coordinates":[[59.51348,36.35936],[59.51341,36.35946],[59.51331,36.35955],[59.51318,36.35961]]}},{"type":"Feature","properties":{"name":"بلوار شاهد","minzoom":10},"geometry":{"type":"LineString","coordinates":[[59.50124,36.34654],[59.50127,36.34701],[59.50141,36.34851],[59.50142,36.3486],[59.50146,36.34929],[59.50147,36.34941],[59.50149,36.34972],[59.50153,36.35023],[59.50155,36.35055],[59.50158,36.35104],[59.50159,36.35118],[59.50163,36.35178]]}},{"type":"Feature","properties":{"name":"بلوار شاهد","minzoom":10},"geometry":{"type":"LineString","coordinates":[[59.5076,36.35936],[59.50746,36.35935],[59.50715,36.35935],[59.50673,36.35933],[59.50603,36.35925],[59.50537,36.35914],[59.50496,36.35904],[59.50458,36.35892],[59.50444,36.35886],[59.5042,36.35875],[59.50387,36.3586],[59.50358,36.35841],[59.50342,36.35831],[59.50324,36.35817],[59.50305,36.35803],[59.50282,36.35781],[59.50274,36.35773],[59.5025,36.35745],[59.50229,36.35717],[59.50202,36.35665],[59.5019,36.35639],[59.5019,36.35638],[59.50185,36.35613],[59.50181,36.35595],[59.50176,36.35558],[59.50176,36.35555],[59.50171,36.35488],[59.50166,36.35428],[59.50162,36.35371],[59.50161,36.35361],[59.50158,36.35304],[59.50155,36.35249],[59.50155,36.35247]]}},{"type":"Feature","properties":{"name":"میدان امامیه","minzoom":10},"geometry":{"type":"LineString","coordinates":[[59.51477,36.36236],[59.51472,36.36229],[59.51469,36.36221],[59.51469,36.36212]]}},{"type":"Feature","properties":{"minzoom":9},"geometry":{"type":"LineString","coordinates":[[59.53959,36.36124],[59.53935,36.36167],[59.53918,36.36197],[59.53912,36.36206],[59.53902,36.36221]]}},{"type":"Feature","properties":{"name":"دانشگاه","minzoom":10},"geometry":{"type":"LineString","coordinates":[[59.5863,36.29109],[59.58644,36.29116],[59.58648,36.29118],[59.58659,36.29123],[59.58664,36.29126],[59.58729,36.29148],[59.58926,36.29217],[59.58981,36.29234],[59.58989,36.29236],[59.59022,36.29247]]}},{"type":"Feature","properties":{"name":"بولوار امامیه","minzoom":10},"geometry":{"type":"LineString","coordinates":[[59.51514,36.36248],[59.51494,36.36258],[59.51479,36.36269],[59.51456,36.36287],[59.51452,36.36291],[59.51432,36.36306],[59.51402,36.36326],[59.51369,36.36343],[59.51303,36.36375],[59.51272,36.36391],[59.5125,36.36405],[59.51245,36.36408],[59.51219,36.36431],[59.51203,36.36447],[59.51197,36.36454],[59.51174,36.36481],[59.51169,36.36488]]}},{"type":"Feature","properties":{"name":"بولوار امامیه","minzoom":10},"geometry":{"type":"LineString","coordinates":[[59.50354,36.3734],[59.50387,36.37359],[59.50401,36.37363],[59.50412,36.37366],[59.50431,36.37366],[59.50448,36.37364],[59.50462,36.37357],[59.50476,36.37348],[59.5049,36.3733],[59.50581,36.37218],[59.50611,36.37182],[59.50639,36.37145],[59.50672,36.37101],[59.50693,36.37074],[59.5082,36.36917],[59.50834,36.369],[59.50858,36.3687],[59.50863,36.36862]]}},{"type":"Feature","properties":{"name":"کنارگذر بزرگراه شهید قاسم سلیمانی","minzoom":10},"geometry":{"type":"LineString","coordinates":[[59.5566,36.27374],[59.55604,36.27425],[59.55582,36.27453],[59.55568,36.27474],[59.55553,36.2751],[59.55546,36.27532],[59.55541,36.27566],[59.55534,36.27624],[59.55527,36.27642],[59.5552,36.27666],[59.55516,36.27713],[59.55514,36.27765],[59.55516,36.27815],[59.55518,36.27842],[59.55528,36.27914]]}},{"type":"Feature","properties":{"name":"مشهد - ملک آباد - نیشابور","minzoom":9},"geometry":{"type":"LineString","coordinates":[[59.627,36.176],[59.62705,36.17545],[59.62707,36.17477],[59.62708,36.1742],[59.62707,36.17378],[59.62706,36.17336],[59.62694,36.17223],[59.62685,36.17136],[59.62679,36.17069]]}},{"type":"Feature","properties":{"name":"خیابان شهید نواب صفوی","minzoom":10},"geometry":{"type":"LineString","coordinates":[[59.62381,36.28168],[59.62351,36.28169],[59.62335,36.28174],[59.62303,36.28205],[59.62201,36.28301],[59.62149,36.2835],[59.62142,36.28356],[59.62135,36.28362]]}},{"type":"Feature","properties":{"name":"خیابان شهید نواب صفوی","minzoom":10},"geometry":{"type":"LineString","coordinates":[[59.61811,36.2863],[59.61843,36.28617],[59.61869,36.28601],[59.61922,36.28548],[59.61928,36.28543],[59.61932,36.28539],[59.61965,36.28509],[59.62011,36.28467],[59.62027,36.28453],[59.62031,36.28449],[59.6206,36.28421],[59.62094,36.28389],[59.62112,36.28372],[59.62119,36.28366]]}},{"type":"Feature","properties":{"name":"بزرگراه وکیل آباد","minzoom":9},"geometry":{"type":"LineString","coordinates":[[59.53654,36.31668],[59.53632,36.31676],[59.53467,36.31729],[59.53403,36.31749],[59.5329,36.31785]]}},{"type":"Feature","properties":{"name":"بولوار معلم","minzoom":10},"geometry":{"type":"LineString","coordinates":[[59.4883,36.33756],[59.48855,36.33751],[59.48901,36.33738],[59.48937,36.3373],[59.48974,36.33724],[59.49012,36.3372],[59.49046,36.3372],[59.49104,36.33724],[59.49121,36.33727],[59.49142,36.33731],[59.4922,36.33747],[59.49248,36.33753],[59.49344,36.33774],[59.49416,36.33792],[59.49421,36.33793],[59.49473,36.33803],[59.49531,36.3381],[59.49596,36.33814],[59.49642,36.33812],[59.49655,36.33811],[59.49695,36.33805],[59.49735,36.33794],[59.49762,36.33786],[59.49801,36.33774],[59.49815,36.33768],[59.4983,36.33758]]}},{"type":"Feature","properties":{"name":"بزرگراه امام علی","minzoom":9},"geometry":{"type":"LineString","coordinates":[[59.46948,36.34763],[59.47005,36.34736],[59.47062,36.34712],[59.47116,36.34694],[59.4717,36.3468],[59.47221,36.34671],[59.47281,36.34662],[59.47338,36.34659],[59.47414,36.34659],[59.47998,36.34654]]}},{"type":"Feature","properties":{"name":"صیاد شیرازی","minzoom":10},"geometry":{"type":"LineString","coordinates":[[59.48449,36.32994],[59.48452,36.33],[59.48466,36.3303]]}},{"type":"Feature","properties":{"name":"بولوار امام خمینی","minzoom":10},"geometry":{"type":"LineString","coordinates":[[59.59778,36.28418],[59.59782,36.28427],[59.59786,36.28435],[59.59798,36.28455],[59.59868,36.28573],[59.59885,36.28602],[59.59921,36.28664]]}},{"type":"Feature","properties":{"name":"خیابان امام خمینی","minzoom":10},"geometry":{"type":"LineString","coordinates":[[59.60343,36.29366],[59.60314,36.2932],[59.60236,36.29197],[59.60229,36.29185],[59.6022,36.2917],[59.60213,36.29158]]}},{"type":"Feature","properties":{"name":"بلوار امام جواد","minzoom":10},"geometry":{"type":"LineString","coordinates":[[59.62164,36.29182],[59.62148,36.29167],[59.6209,36.29131],[59.62061,36.29114],[59.62013,36.29082],[59.6197,36.29053]]}},{"type":"Feature","properties":{"name":"بلوار امام جواد","minzoom":10},"geometry":{"type":"LineString","coordinates":[[59.61838,36.28966],[59.6182,36.28957],[59.61807,36.2895],[59.61777,36.28942],[59.61736,36.28943]]}},{"type":"Feature","properties":{"name":"بلوار امام جواد","minzoom":10},"geometry":{"type":"LineString","coordinates":[[59.61846,36.28958],[59.61976,36.29046]]}},{"type":"Feature","properties":{"name":"بلوار امام جواد","minzoom":10},"geometry":{"type":"LineString","coordinates":[[59.61795,36.28885],[59.61803,36.28915],[59.6182,36.28937],[59.6183,36.28946],[59.61846,36.28958]]}},{"type":"Feature","properties":{"name":"میدان بیت المقدس","minzoom":10},"geometry":{"type":"LineString","coordinates":[[59.61187,36.28409],[59.61185,36.28406],[59.61183,36.28405],[59.61177,36.28395],[59.61174,36.28384],[59.61176,36.28373],[59.61182,36.28363]]}},{"type":"Feature","properties":{"name":"خیابان امام رضا","minzoom":10},"geometry":{"type":"LineString","coordinates":[[59.61254,36.28401],[59.61256,36.28421],[59.61262,36.2843],[59.61305,36.2848]]}},{"type":"Feature","properties":{"name":"خیابان امام رضا","minzoom":10},"geometry":{"type":"LineString","coordinates":[[59.61393,36.28661],[59.61391,36.28638],[59.61386,36.28617],[59.61363,36.28573],[59.61333,36.28531],[59.61297,36.28484]]}},{"type":"Feature","properties":{"name":"خیابان امام رضا","minzoom":10},"geometry":{"type":"LineString","coordinates":[[59.61297,36.28484],[59.61253,36.28434],[59.61244,36.28427],[59.61223,36.28417]]}},{"type":"Feature","properties":{"name":"خیابان شهید هاشمی نژاد","minzoom":10},"geometry":{"type":"LineString","coordinates":[[59.62145,36.3037],[59.62145,36.30364],[59.62139,36.30347],[59.62133,36.30343],[59.62124,36.30337],[59.62083,36.30323],[59.62022,36.30301],[59.61952,36.30277],[59.61943,36.30274],[59.61924,36.30268],[59.61813,36.30229],[59.6175,36.30208],[59.6165,36.30172],[59.61587,36.3015],[59.61534,36.30131],[59.61473,36.3011]]}},{"type":"Feature","properties":{"name":"خیابان شهید هاشمی نژاد","minzoom":10},"geometry":{"type":"LineString","coordinates":[[59.61471,36.30101],[59.61486,36.30106],[59.61503,36.3011],[59.61579,36.30137],[59.61618,36.3015],[59.61663,36.30166],[59.61752,36.30198],[59.61825,36.30224],[59.61883,36.30244],[59.61932,36.30261],[59.62027,36.30295]]}},{"type":"Feature","properties":{"name":"شهید هاشمی نژاد","minzoom":10},"geometry":{"type":"LineString","coordinates":[[59.60952,36.29928],[59.60979,36.29937]]}},{"type":"Feature","properties":{"name":"بزرگراه وکیل آباد","minzoom":9},"geometry":{"type":"LineString","coordinates":[[59.44762,36.34461],[59.44733,36.34471],[59.44686,36.34489],[59.44643,36.34517],[59.4462,36.34538],[59.44573,36.34594],[59.44553,36.34618],[59.44532,36.34636],[59.44504,36.34657],[59.44453,36.34679],[59.44316,36.34718],[59.4426,36.34732],[59.44234,36.34731],[59.44213,36.34723],[59.44197,36.34711],[59.4418,36.34694]]}},{"type":"Feature","properties":{"name":"بولوار امام رضا","minzoom":9},"geometry":{"type":"LineString","coordinates":[[59.44098,36.34536],[59.43992,36.34397],[59.43813,36.34176],[59.4379,36.34148],[59.43664,36.33996],[59.43567,36.33865],[59.43486,36.33766],[59.43473,36.33752],[59.43418,36.33697],[59.43368,36.33651],[59.43333,36.33623],[59.43283,36.33589],[59.43271,36.33582],[59.43232,36.33558],[59.4314,36.33503],[59.43087,36.33471],[59.42923,36.33374],[59.42818,36.33312],[59.42741,36.33267],[59.42733,36.33263],[59.42703,36.33247],[59.42627,36.33201],[59.42572,36.33165],[59.42521,36.33134],[59.42422,36.33076],[59.42373,36.33047],[59.42197,36.32942],[59.42171,36.32927],[59.42087,36.3288],[59.41999,36.32842],[59.41942,36.32817],[59.41823,36.32766],[59.41757,36.32738],[59.41416,36.3259],[59.41321,36.32548],[59.41273,36.32529],[59.41183,36.3249],[59.41059,36.32435],[59.41017,36.32417],[59.41012,36.32415],[59.40986,36.32405],[59.40917,36.32388],[59.40892,36.32383],[59.40835,36.32377],[59.40795,36.32372],[59.40765,36.32366]]}},{"type":"Feature","properties":{"name":"خیابان آیت الله عبادی","minzoom":10},"geometry":{"type":"LineString","coordinates":[[59.60917,36.30298],[59.60912,36.30291],[59.60896,36.30265],[59.60876,36.30233],[59.60872,36.30226],[59.60851,36.30192],[59.60848,36.30187],[59.60817,36.30135],[59.60816,36.30133],[59.60799,36.30106],[59.60793,36.30095]]}},{"type":"Feature","properties":{"name":"بولوار شهید کامیاب","minzoom":10},"geometry":{"type":"LineString","coordinates":[[59.60872,36.31661],[59.60881,36.31654],[59.60965,36.3158],[59.60969,36.31576],[59.60998,36.31551],[59.61034,36.31519],[59.61125,36.31438],[59.61156,36.31412],[59.6119,36.31382],[59.61271,36.3131],[59.61301,36.31283],[59.61307,36.31278],[59.61338,36.31249],[59.61369,36.31221],[59.61425,36.3117],[59.61437,36.31157]]}},{"type":"Feature","properties":{"name":"مشهد - شاندیز","minzoom":9},"geometry":{"type":"LineString","coordinates":[[59.44316,36.34718],[59.44287,36.34735],[59.44266,36.34748],[59.44245,36.34766],[59.44206,36.34813],[59.44199,36.3482],[59.4415,36.34882],[59.44072,36.34994],[59.44048,36.35029],[59.44035,36.35046],[59.43963,36.35144],[59.43941,36.35174],[59.43918,36.35206],[59.43895,36.35238],[59.43778,36.35398],[59.43734,36.35458],[59.43706,36.35491],[59.43678,36.35517],[59.43662,36.3553],[59.4364,36.35543],[59.43605,36.35558],[59.43598,36.35562],[59.43552,36.35581],[59.43459,36.3562],[59.43381,36.35652],[59.43305,36.35684],[59.43282,36.35696],[59.43255,36.35707],[59.43109,36.35777],[59.4304,36.35805],[59.4301,36.35818],[59.42986,36.35827],[59.42789,36.35903],[59.42776,36.35908],[59.42689,36.35935],[59.42526,36.35999],[59.42064,36.36179],[59.42033,36.36193],[59.42016,36.362],[59.41992,36.36213],[59.41971,36.36228],[59.41959,36.36236],[59.41925,36.36263],[59.41905,36.36285],[59.41893,36.363],[59.41878,36.36322],[59.41865,36.36348],[59.41856,36.36367],[59.41846,36.36396],[59.4184,36.36424],[59.41837,36.3645],[59.41836,36.36502],[59.41836,36.36562],[59.41835,36.36818],[59.41835,36.36863],[59.41835,36.36936],[59.4183,36.36987],[59.41821,36.37044],[59.41801,36.37114],[59.41772,36.37221],[59.41764,36.37246],[59.41744,36.37311],[59.41734,36.37343],[59.41706,36.37413],[59.4167,36.37502],[59.41649,36.37566],[59.41631,36.37622],[59.41614,36.37671],[59.41516,36.37967],[59.41478,36.38084],[59.41451,36.38166],[59.41396,36.38331],[59.4137,36.38401],[59.41342,36.38451],[59.413,36.38504],[59.41268,36.38536],[59.41228,36.3857],[59.41141,36.38638],[59.41075,36.38687],[59.40976,36.38754],[59.40924,36.38789],[59.40842,36.38848],[59.40685,36.38957],[59.40643,36.38985],[59.40556,36.3904],[59.40396,36.39135],[59.40245,36.39233]]}},{"type":"Feature","properties":{"name":"بزرگراه وکیل آباد","minzoom":9},"geometry":{"type":"LineString","coordinates":[[59.44833,36.34437],[59.44762,36.34461]]}},{"type":"Feature","properties":{"name":"بزرگراه وکیل آباد","minzoom":9},"geometry":{"type":"LineString","coordinates":[[59.44747,36.34426],[59.44812,36.34406],[59.44819,36.34403]]}},{"type":"Feature","properties":{"name":"شاندیز - مشهد","minzoom":9},"geometry":{"type":"LineString","coordinates":[[59.35548,36.41303],[59.35614,36.41325],[59.35665,36.41337],[59.35725,36.41348],[59.35947,36.41365],[59.36002,36.41365],[59.3604,36.41361],[59.36078,36.41352],[59.36121,36.41334],[59.36224,36.41284],[59.36293,36.41251],[59.36364,36.41217],[59.36395,36.41202],[59.36511,36.41151],[59.36603,36.4111],[59.36741,36.41039],[59.37017,36.40903],[59.37149,36.4085],[59.37362,36.40748],[59.37408,36.40728],[59.37544,36.40657],[59.37586,36.40636],[59.37727,36.40566],[59.37807,36.40529],[59.3788,36.40498],[59.38092,36.40422],[59.38317,36.40345],[59.38461,36.40293],[59.38529,36.40268],[59.38597,36.40243],[59.38652,36.4022],[59.38671,36.4021],[59.38697,36.40197],[59.38769,36.40155],[59.38783,36.40147],[59.38801,36.40137],[59.39013,36.40006],[59.39137,36.39926],[59.39167,36.39906],[59.39311,36.39819],[59.39463,36.39725],[59.39595,36.3964],[59.39756,36.39535],[59.4,36.39376],[59.40134,36.39288],[59.40399,36.39117],[59.40471,36.39066],[59.40533,36.39021],[59.40618,36.38963],[59.40662,36.38933],[59.40693,36.38915],[59.40906,36.38784],[59.40965,36.38746],[59.41065,36.38679],[59.41132,36.3863],[59.41219,36.38562],[59.41256,36.3853],[59.41287,36.38499],[59.41305,36.38476],[59.41319,36.38458],[59.41328,36.38446],[59.41356,36.38397],[59.41382,36.38332],[59.41384,36.38326],[59.41438,36.38162],[59.41501,36.37969],[59.41592,36.37693],[59.41639,36.3755],[59.41656,36.37499],[59.4168,36.37408],[59.41699,36.37336],[59.41708,36.37309],[59.4171,36.37301],[59.4174,36.37215],[59.41766,36.3714],[59.41804,36.37041],[59.41807,36.37025],[59.41816,36.36985],[59.4182,36.36936],[59.41821,36.36523],[59.41822,36.36447],[59.41826,36.36423],[59.41832,36.36394],[59.41842,36.36364],[59.41851,36.36343],[59.41865,36.36316],[59.4188,36.36294],[59.41894,36.36278],[59.41915,36.36257],[59.41948,36.36228],[59.41981,36.36205],[59.42008,36.3619],[59.42036,36.36177],[59.42057,36.36169],[59.42334,36.3606],[59.42519,36.35988],[59.42711,36.3591],[59.42784,36.3588],[59.42823,36.35862],[59.42901,36.3583],[59.42974,36.35799],[59.43001,36.35787],[59.4306,36.35764],[59.43211,36.35702],[59.43256,36.35686],[59.43297,36.35672],[59.43591,36.35552],[59.43631,36.35532],[59.43651,36.35519],[59.43669,36.35507],[59.43696,36.35483],[59.43723,36.35451],[59.43767,36.35391],[59.43906,36.352],[59.44018,36.35043],[59.44058,36.34988],[59.44137,36.34876],[59.44179,36.34819],[59.44198,36.34792],[59.44205,36.34778],[59.44206,36.34761],[59.44203,36.34742],[59.4418,36.34694]]}},{"type":"Feature","properties":{"name":"بزرگراه نمایشگاه","minzoom":9},"geometry":{"type":"LineString","coordinates":[[59.46303,36.34713],[59.46242,36.34591]]}},{"type":"Feature","properties":{"name":"بولوار شهید برونسی","minzoom":10},"geometry":{"type":"LineString","coordinates":[[59.46406,36.32618],[59.46391,36.32682],[59.46358,36.32829],[59.46302,36.33078],[59.463,36.33085],[59.46206,36.33502]]}},{"type":"Feature","properties":{"minzoom":9},"geometry":{"type":"LineString","coordinates":[[59.46236,36.34535],[59.46261,36.34586]]}},{"type":"Feature","properties":{"name":"بزرگراه نمایشگاه","minzoom":9},"geometry":{"type":"LineString","coordinates":[[59.46421,36.34846],[59.46469,36.34916],[59.46504,36.34963],[59.46522,36.34989],[59.46527,36.34997],[59.46532,36.35003],[59.46548,36.35017]]}},{"type":"Feature","properties":{"minzoom":9},"geometry":{"type":"LineString","coordinates":[[59.46242,36.34591],[59.46217,36.34541]]}},{"type":"Feature","properties":{"minzoom":9},"geometry":{"type":"LineString","coordinates":[[59.46165,36.34443],[59.46156,36.34425],[59.46114,36.34333]]}},{"type":"Feature","properties":{"minzoom":9},"geometry":{"type":"LineString","coordinates":[[59.46041,36.34095],[59.46045,36.34064],[59.46077,36.33939]]}},{"type":"Feature","properties":{"name":"بولوار شهید برونسی","minzoom":10},"geometry":{"type":"LineString","coordinates":[[59.46336,36.328],[59.46377,36.32633],[59.46386,36.32612]]}},{"type":"Feature","properties":{"minzoom":9},"geometry":{"type":"LineString","coordinates":[[59.46108,36.33928],[59.46073,36.34061],[59.46069,36.34088]]}},{"type":"Feature","properties":{"minzoom":9},"geometry":{"type":"LineString","coordinates":[[59.46069,36.34088],[59.46069,36.34136],[59.46077,36.34176],[59.46091,36.34215],[59.46202,36.34458]]}},{"type":"Feature","properties":{"name":"وکیل آباد به برونسی","minzoom":10},"geometry":{"type":"LineString","coordinates":[[59.45985,36.3402],[59.46027,36.33993],[59.46043,36.3398],[59.46051,36.33967],[59.46061,36.33941],[59.46073,36.33903],[59.46141,36.33603],[59.46184,36.33409]]}},{"type":"Feature","properties":{"name":"میدان لاله","minzoom":10},"geometry":{"type":"LineString","coordinates":[[59.47087,36.31832],[59.47088,36.31826],[59.47091,36.31821],[59.47096,36.31816],[59.47102,36.31813],[59.47109,36.31811],[59.47117,36.3181],[59.47124,36.31812],[59.47131,36.31814],[59.47136,36.31818]]}},{"type":"Feature","properties":{"name":"بولوار شهید برونسی","minzoom":10},"geometry":{"type":"LineString","coordinates":[[59.46982,36.31883],[59.46945,36.31896],[59.46916,36.31907],[59.46891,36.31921],[59.4685,36.31946],[59.4682,36.31967],[59.46793,36.3199],[59.46764,36.32021],[59.46638,36.32183],[59.46615,36.32215],[59.46587,36.32247],[59.4657,36.3227],[59.46536,36.32317],[59.46515,36.32352],[59.46497,36.32389],[59.46483,36.32428],[59.46473,36.32464],[59.4645,36.32538],[59.46443,36.32559]]}},{"type":"Feature","properties":{"name":"بولوار شهید برونسی","minzoom":10},"geometry":{"type":"LineString","coordinates":[[59.46386,36.32612],[59.46397,36.32598],[59.4641,36.32584],[59.4642,36.3257],[59.46428,36.32554],[59.46434,36.3254],[59.46464,36.32434],[59.46468,36.32424],[59.46482,36.32385],[59.465,36.32348],[59.46522,36.32312],[59.46558,36.32263],[59.46563,36.32257],[59.4675,36.32013],[59.46781,36.31981],[59.46809,36.31958],[59.46842,36.31935],[59.46881,36.31911],[59.46909,36.31897],[59.46949,36.31882],[59.4699,36.31868],[59.47078,36.31839],[59.47087,36.31832]]}},{"type":"Feature","properties":{"name":"بولوار صیاد شیرازی","minzoom":10},"geometry":{"type":"LineString","coordinates":[[59.48422,36.32986],[59.48417,36.32975],[59.48414,36.32968],[59.48411,36.32952],[59.48407,36.32936],[59.48382,36.32887],[59.48365,36.32853],[59.48336,36.32789],[59.48318,36.32743],[59.48313,36.32724],[59.48307,36.32702],[59.48299,36.3266],[59.48297,36.32647],[59.48295,36.32633],[59.48294,36.32627],[59.48292,36.32607],[59.48288,36.32564],[59.48284,36.32518],[59.48279,36.32463],[59.48278,36.32456],[59.48277,36.32443],[59.48275,36.32432],[59.48271,36.32408],[59.48263,36.32382],[59.48249,36.3234],[59.48234,36.32308],[59.48216,36.32277],[59.48206,36.32257],[59.48199,36.32245],[59.48192,36.32232],[59.4818,36.32211],[59.48169,36.32192],[59.48115,36.32105],[59.48082,36.32046],[59.48065,36.32017],[59.48036,36.3197],[59.48017,36.31945],[59.48009,36.31934],[59.48004,36.31926],[59.47978,36.31889],[59.47951,36.31844],[59.47914,36.31779],[59.47888,36.31738],[59.47865,36.31707],[59.47856,36.31697],[59.47825,36.31664],[59.4781,36.31648],[59.47798,36.31636],[59.47789,36.31627]]}},{"type":"Feature","properties":{"name":"بولوار پیروزی","minzoom":10},"geometry":{"type":"LineString","coordinates":[[59.50003,36.31422],[59.49976,36.31433],[59.4986,36.31503],[59.49838,36.31516],[59.4982,36.31527],[59.4977,36.31557],[59.49617,36.31649],[59.49576,36.31673],[59.49465,36.31745],[59.49393,36.3179],[59.49362,36.31809],[59.49347,36.31817],[59.49336,36.31824],[59.49322,36.31832],[59.49313,36.31838],[59.49289,36.31853],[59.49143,36.31938],[59.49049,36.31994],[59.49022,36.3201],[59.48976,36.32037],[59.48955,36.32049],[59.48945,36.32058],[59.48929,36.32075]]}},{"type":"Feature","properties":{"name":"میدان لادن","minzoom":10},"geometry":{"type":"LineString","coordinates":[[59.47443,36.32947],[59.47435,36.32958],[59.47423,36.32963],[59.4741,36.32964],[59.47387,36.32956],[59.47383,36.32955],[59.47376,36.32951]]}},{"type":"Feature","properties":{"name":"پل صیاد شیرازی","minzoom":10},"geometry":{"type":"LineString","coordinates":[[59.48525,36.33165],[59.48597,36.33305]]}},{"type":"Feature","properties":{"name":"بولوار شهید قانع","minzoom":10},"geometry":{"type":"LineString","coordinates":[[59.48664,36.3344],[59.4867,36.33452],[59.48683,36.33479],[59.48688,36.33488],[59.48802,36.33729],[59.48805,36.33735],[59.48819,36.33751]]}},{"type":"Feature","properties":{"name":"میدان تربیت","minzoom":10},"geometry":{"type":"LineString","coordinates":[[59.48793,36.3376],[59.488,36.33754],[59.48809,36.33751],[59.48819,36.33751]]}},{"type":"Feature","properties":{"name":"بولوار شهید قانع","minzoom":10},"geometry":{"type":"LineString","coordinates":[[59.48793,36.3376],[59.48792,36.33739],[59.4879,36.33733],[59.48762,36.33673],[59.48738,36.33625],[59.48727,36.33603],[59.48721,36.33592],[59.48714,36.33578],[59.48692,36.33531],[59.48678,36.33505],[59.48655,36.33451],[59.48645,36.33436]]}},{"type":"Feature","properties":{"name":"پل صیاد شیرازی","minzoom":10},"geometry":{"type":"LineString","coordinates":[[59.48589,36.33308],[59.48518,36.33168]]}},{"type":"Feature","properties":{"name":"صیاد شیرازی","minzoom":10},"geometry":{"type":"LineString","coordinates":[[59.48472,36.33069],[59.48452,36.33034],[59.48436,36.33004],[59.48422,36.32986]]}},{"type":"Feature","properties":{"name":"بولوار معلم","minzoom":10},"geometry":{"type":"LineString","coordinates":[[59.49841,36.33786],[59.49824,36.33784],[59.49806,36.33785],[59.49773,36.33795],[59.49739,36.33804],[59.49699,36.33813],[59.4968,36.33817],[59.49661,36.33821],[59.49646,36.33822],[59.49596,36.33821],[59.49531,36.33817],[59.49472,36.33809],[59.49419,36.338],[59.49339,36.33785],[59.49276,36.33771],[59.49211,36.33758],[59.49139,36.33742],[59.49093,36.33734],[59.49046,36.33731],[59.49012,36.33731],[59.48976,36.33734],[59.4894,36.3374],[59.48903,36.33749],[59.48857,36.33763],[59.48837,36.33773]]}},{"type":"Feature","properties":{"name":"بولوار شهید فکوری","minzoom":10},"geometry":{"type":"LineString","coordinates":[[59.47441,36.31727],[59.47547,36.31693],[59.47691,36.31651],[59.47746,36.31632],[59.47773,36.31623],[59.47782,36.3162],[59.47793,36.31616]]}},{"type":"Feature","properties":{"name":"بولوار پیروزی","minzoom":10},"geometry":{"type":"LineString","coordinates":[[59.47427,36.32914],[59.4745,36.32915],[59.47471,36.32911],[59.47498,36.32904],[59.47548,36.32888],[59.47587,36.32873],[59.47615,36.32861],[59.4766,36.32838],[59.47686,36.32822],[59.47706,36.32809],[59.47735,36.32789],[59.47795,36.32744],[59.47867,36.32692],[59.47919,36.32659],[59.47963,36.3263],[59.48069,36.32563],[59.48104,36.32543],[59.48112,36.32538],[59.48154,36.32514],[59.48195,36.3249],[59.48228,36.32471],[59.48266,36.3245],[59.48277,36.32443],[59.48288,36.32437],[59.48297,36.32431],[59.48347,36.32404],[59.48399,36.32373],[59.48473,36.3233],[59.48488,36.32322],[59.48558,36.32282],[59.4862,36.32246],[59.48667,36.32216],[59.48719,36.32179],[59.48757,36.32153],[59.48809,36.32122],[59.48852,36.32096],[59.4886,36.3209],[59.48873,36.32076]]}},{"type":"Feature","properties":{"name":"بولوار شهید فکوری","minzoom":10},"geometry":{"type":"LineString","coordinates":[[59.47789,36.31627],[59.47781,36.3163],[59.47757,36.31638],[59.47695,36.31659],[59.47434,36.31738],[59.47413,36.31745],[59.47209,36.31807],[59.47182,36.31817],[59.47153,36.31828],[59.47144,36.31835]]}},{"type":"Feature","properties":{"name":"بزرگراه پیامبر اعظم","minzoom":9},"geometry":{"type":"LineString","coordinates":[[59.4837,36.40074],[59.48306,36.4011],[59.48231,36.4016],[59.48181,36.402],[59.48128,36.40246],[59.47913,36.40454],[59.47646,36.40718],[59.47572,36.4079],[59.4754,36.4082],[59.47531,36.40828],[59.47513,36.40845],[59.47423,36.40933],[59.47341,36.41014],[59.47213,36.4114],[59.47154,36.41197],[59.47001,36.41344],[59.46973,36.4137],[59.46951,36.41392],[59.46818,36.41519],[59.46794,36.41543],[59.46657,36.41677],[59.46457,36.41889],[59.46437,36.41912],[59.464,36.41949],[59.46228,36.42098]]}},{"type":"Feature","properties":{"name":"بولوار وحدت","minzoom":10},"geometry":{"type":"LineString","coordinates":[[59.6239,36.28116],[59.62409,36.28134],[59.62428,36.28155],[59.62569,36.28343]]}},{"type":"Feature","properties":{"name":"بلوار کوشش","minzoom":10},"geometry":{"type":"LineString","coordinates":[[59.6045,36.26239],[59.60457,36.26247],[59.60474,36.26267],[59.60497,36.26291],[59.60551,36.26348],[59.60566,36.26365],[59.60597,36.26401],[59.60643,36.26455],[59.60689,36.26507],[59.60731,36.26556],[59.60769,36.26599],[59.6081,36.26646],[59.60848,36.26691],[59.60857,36.26703],[59.60876,36.26726],[59.60904,36.26757],[59.60915,36.2677],[59.60923,36.26778]]}},{"type":"Feature","properties":{"minzoom":10},"geometry":{"type":"LineString","coordinates":[[59.52858,36.32844],[59.52861,36.32854],[59.52865,36.32862],[59.52872,36.32872]]}},{"type":"Feature","properties":{"name":"بولوار امام خمینی","minzoom":10},"geometry":{"type":"LineString","coordinates":[[59.59737,36.28396],[59.59736,36.28386],[59.59734,36.28378],[59.59671,36.28272],[59.59645,36.2823],[59.59604,36.28162],[59.59589,36.28137],[59.59584,36.28129]]}},{"type":"Feature","properties":{"minzoom":10},"geometry":{"type":"LineString","coordinates":[[59.61736,36.28943],[59.61727,36.28949],[59.61673,36.28979],[59.61612,36.28992],[59.61547,36.28994],[59.61524,36.28991]]}},{"type":"Feature","properties":{"name":"خیابان امام رضا","minzoom":10},"geometry":{"type":"LineString","coordinates":[[59.61305,36.2848],[59.61344,36.28526],[59.61376,36.28566],[59.61393,36.28579],[59.61411,36.2859],[59.61435,36.28602],[59.6146,36.28606],[59.61499,36.2861]]}},{"type":"Feature","properties":{"name":"بزرگراه آزادی","minzoom":9},"geometry":{"type":"LineString","coordinates":[[59.54089,36.31594],[59.54133,36.31768],[59.54167,36.31895]]}},{"type":"Feature","properties":{"name":"بولوار ملک آباد","minzoom":10},"geometry":{"type":"LineString","coordinates":[[59.54422,36.31265],[59.54451,36.31247],[59.54527,36.31198]]}},{"type":"Feature","properties":{"minzoom":9},"geometry":{"type":"LineString","coordinates":[[59.54012,36.3155],[59.54002,36.31542],[59.53997,36.31533],[59.53992,36.31522]]}},{"type":"Feature","properties":{"name":"میدان آزادی","minzoom":9},"geometry":{"type":"LineString","coordinates":[[59.5412,36.31494],[59.54123,36.31505],[59.54122,36.3152]]}},{"type":"Feature","properties":{"name":"پل میدان آزادی","minzoom":9},"geometry":{"type":"LineString","coordinates":[[59.5401,36.31303],[59.54064,36.315],[59.54085,36.31579],[59.54089,36.31594]]}},{"type":"Feature","properties":{"name":"پل میدان آزادی","minzoom":9},"geometry":{"type":"LineString","coordinates":[[59.54115,36.31757],[59.5405,36.31505],[59.53995,36.31304]]}},{"type":"Feature","properties":{"name":"بزرگراه وکیل آباد","minzoom":9},"geometry":{"type":"LineString","coordinates":[[59.53634,36.31627],[59.53896,36.31545],[59.53944,36.31531],[59.53975,36.31515],[59.53992,36.31501]]}},{"type":"Feature","properties":{"name":"بزرگراه وکیل آباد","minzoom":9},"geometry":{"type":"LineString","coordinates":[[59.53634,36.31627],[59.53707,36.31615],[59.5385,36.31577],[59.53913,36.31556],[59.53972,36.31536]]}},{"type":"Feature","properties":{"name":"میدان آزادی","minzoom":9},"geometry":{"type":"LineString","coordinates":[[59.53992,36.31522],[59.53991,36.31512],[59.53992,36.31501]]}},{"type":"Feature","properties":{"minzoom":9},"geometry":{"type":"LineString","coordinates":[[59.541,36.31464],[59.54109,36.31473],[59.54115,36.31482],[59.5412,36.31494]]}},{"type":"Feature","properties":{"minzoom":9},"geometry":{"type":"LineString","coordinates":[[59.54138,36.31851],[59.5411,36.31796],[59.54086,36.31701],[59.5407,36.31637]]}},{"type":"Feature","properties":{"minzoom":9},"geometry":{"type":"LineString","coordinates":[[59.54109,36.31548],[59.54106,36.31561],[59.54104,36.31577],[59.54115,36.31624]]}},{"type":"Feature","properties":{"name":"بزرگراه وکیل آباد","minzoom":9},"geometry":{"type":"LineString","coordinates":[[59.54025,36.31558],[59.53997,36.31561],[59.53969,36.31568],[59.53928,36.3158]]}},{"type":"Feature","properties":{"name":"بولوار توس","minzoom":10},"geometry":{"type":"LineString","coordinates":[[59.5656,36.3476],[59.56577,36.34758],[59.56592,36.34753],[59.56604,36.34747],[59.56618,36.34736],[59.56724,36.34613],[59.56747,36.34588],[59.56768,36.34564],[59.56791,36.34539],[59.56799,36.3453]]}},{"type":"Feature","properties":{"name":"میدان شهید فهمیده","minzoom":10},"geometry":{"type":"LineString","coordinates":[[59.56642,36.3487],[59.56637,36.34874],[59.56628,36.34877],[59.56617,36.34879],[59.56598,36.34882]]}},{"type":"Feature","properties":{"name":"میدان شهید فهمیده","minzoom":10},"geometry":{"type":"LineString","coordinates":[[59.56436,36.34767],[59.56444,36.34762],[59.56455,36.34757],[59.56469,36.34755],[59.56492,36.34752]]}},{"type":"Feature","properties":{"name":"میدان شهید فهمیده","minzoom":10},"geometry":{"type":"LineString","coordinates":[[59.56431,36.34807],[59.56428,36.34802],[59.56426,36.34795],[59.56427,36.34788],[59.56428,36.3478],[59.56432,36.34772],[59.56436,36.34767]]}},{"type":"Feature","properties":{"name":"میدان شهید فهمیده","minzoom":10},"geometry":{"type":"LineString","coordinates":[[59.5666,36.34833],[59.56662,36.34839],[59.5666,36.34849],[59.56657,36.34857],[59.56652,36.34862],[59.56647,36.34867],[59.56642,36.3487]]}},{"type":"Feature","properties":{"name":"بلوار توس","minzoom":10},"geometry":{"type":"LineString","coordinates":[[59.5639,36.34995],[59.56321,36.35068],[59.56256,36.35136],[59.56239,36.35155],[59.56221,36.3517],[59.56205,36.35182],[59.56188,36.35193],[59.56148,36.35215],[59.56105,36.3524],[59.55974,36.35311],[59.55892,36.35359],[59.5581,36.35412],[59.55723,36.35465],[59.55612,36.35537],[59.55492,36.35615]]}},{"type":"Feature","properties":{"name":"میدان خیام نیشابوری","minzoom":10},"geometry":{"type":"LineString","coordinates":[[59.58992,36.34391],[59.58984,36.34384],[59.58978,36.34379],[59.58971,36.34371],[59.58968,36.34364],[59.58964,36.34352]]}},{"type":"Feature","properties":{"name":"بزرگراه شهید چراغچی","minzoom":9},"geometry":{"type":"LineString","coordinates":[[59.54847,36.34522],[59.54996,36.34542],[59.55144,36.34567]]}},{"type":"Feature","properties":{"name":"میدان خیام نیشابوری","minzoom":10},"geometry":{"type":"LineString","coordinates":[[59.58964,36.34352],[59.58963,36.34337]]}},{"type":"Feature","properties":{"name":"بلوار خیام","minzoom":10},"geometry":{"type":"LineString","coordinates":[[59.58969,36.34322],[59.58971,36.34301],[59.58968,36.34287],[59.58896,36.34223],[59.58857,36.34189],[59.58802,36.34133],[59.58655,36.3399],[59.58601,36.33938],[59.58579,36.33917],[59.58556,36.33895],[59.58525,36.33866],[59.58517,36.33859],[59.58509,36.33852]]}},{"type":"Feature","properties":{"name":"میدان خیام نیشابوری","minzoom":10},"geometry":{"type":"LineString","coordinates":[[59.59085,36.34297],[59.59095,36.34306],[59.59102,36.34314],[59.59107,36.34321],[59.5911,36.34331],[59.59111,36.34337]]}},{"type":"Feature","properties":{"name":"میدان خیام نیشابوری","minzoom":10},"geometry":{"type":"LineString","coordinates":[[59.59111,36.34337],[59.59112,36.34345],[59.59111,36.34355]]}},{"type":"Feature","properties":{"name":"جاده مشهد - فریمان","minzoom":9},"geometry":{"type":"LineString","coordinates":[[59.71633,36.14723],[59.71759,36.1464],[59.71852,36.14582],[59.71896,36.14553],[59.71953,36.14515],[59.72107,36.14414],[59.72183,36.14365],[59.72244,36.14321],[59.7228,36.14293],[59.72299,36.14276],[59.72312,36.14266],[59.72325,36.14254],[59.72357,36.14221],[59.72379,36.14196],[59.72412,36.14157],[59.72428,36.14135],[59.72444,36.14113],[59.72476,36.14065],[59.7249,36.14044],[59.72546,36.13957],[59.72612,36.13857],[59.7267,36.13767],[59.72681,36.1375],[59.72728,36.13675],[59.72762,36.13623],[59.72836,36.13505],[59.72921,36.13376],[59.72924,36.13371],[59.72958,36.1332],[59.72986,36.13277],[59.73075,36.13138],[59.73124,36.13062],[59.73191,36.12955],[59.73252,36.12859],[59.73307,36.12773],[59.73454,36.12544],[59.73463,36.12529],[59.73469,36.12521],[59.73539,36.12411],[59.73564,36.12372],[59.7366,36.12222],[59.73858,36.11917],[59.73976,36.11732],[59.73991,36.11708]]}},{"type":"Feature","properties":{"name":"آزادراه شهید شوشتری","minzoom":9},"geometry":{"type":"LineString","coordinates":[[59.67172,36.17432],[59.67476,36.17234],[59.68249,36.16729],[59.68908,36.16317],[59.68922,36.16308],[59.69604,36.15881],[59.70068,36.15586],[59.70337,36.1542],[59.70419,36.15363],[59.70481,36.15315],[59.70532,36.15272],[59.70573,36.15234],[59.70618,36.1519],[59.70695,36.15104],[59.70784,36.14992],[59.70841,36.14911],[59.71018,36.14661],[59.71203,36.14398],[59.7131,36.14246]]}},{"type":"Feature","properties":{"name":"آزادراه شهید شوشتری","minzoom":9},"geometry":{"type":"LineString","coordinates":[[59.74123,36.07928],[59.74137,36.08001],[59.74152,36.08093],[59.74158,36.08182],[59.74159,36.08242],[59.74148,36.0836],[59.74139,36.08412],[59.74136,36.08427],[59.74108,36.08537],[59.7408,36.08622],[59.74046,36.08708],[59.73967,36.08878],[59.73936,36.08947],[59.73829,36.0917]]}},{"type":"Feature","properties":{"name":"آزادراه شهید شوشتری","minzoom":9},"geometry":{"type":"LineString","coordinates":[[59.72917,36.11544],[59.72878,36.11673],[59.72835,36.118],[59.7276,36.11991],[59.72673,36.12195],[59.72627,36.12288],[59.72547,36.12447],[59.72452,36.12616],[59.72371,36.12751],[59.72291,36.12875],[59.7227,36.12907],[59.72147,36.13085],[59.71836,36.13526],[59.71607,36.13854],[59.71426,36.14111],[59.71327,36.14254],[59.7122,36.14406]]}},{"type":"Feature","properties":{"name":"آزادراه شهید شوشتری","minzoom":9},"geometry":{"type":"LineString","coordinates":[[59.72899,36.11527],[59.72974,36.11278],[59.73113,36.1081],[59.73177,36.10615],[59.73315,36.10244],[59.73383,36.10077],[59.73602,36.09601],[59.73807,36.09173]]}},{"type":"Feature","properties":{"minzoom":9},"geometry":{"type":"LineString","coordinates":[[59.72895,36.1154],[59.72899,36.11527]]}},{"type":"Feature","properties":{"minzoom":9},"geometry":{"type":"LineString","coordinates":[[59.7292,36.11533],[59.72917,36.11544]]}},{"type":"Feature","properties":{"name":"آزادراه کنارگذر شمالی مشهد","minzoom":9},"geometry":{"type":"LineString","coordinates":[[59.73732,36.40465],[59.73837,36.37218]]}},{"type":"Feature","properties":{"name":"آزادراه کنارگذر شمالی مشهد","minzoom":9},"geometry":{"type":"LineString","coordinates":[[59.71264,36.14912],[59.71335,36.14978],[59.71562,36.15191],[59.72478,36.16028]]}},{"type":"Feature","properties":{"name":"آزادراه کنارگذر شمالی مشهد","minzoom":9},"geometry":{"type":"LineString","coordinates":[[59.71236,36.14936],[59.71215,36.14916]]}},{"type":"Feature","properties":{"name":"آزادراه کنارگذر شمالی مشهد","minzoom":9},"geometry":{"type":"LineString","coordinates":[[59.71243,36.14893],[59.71264,36.14912]]}},{"type":"Feature","properties":{"name":"آزادراه کنارگذر شمالی مشهد","minzoom":9},"geometry":{"type":"LineString","coordinates":[[59.72494,36.16042],[59.73874,36.17292],[59.7424,36.17619],[59.74624,36.17938],[59.75037,36.18274],[59.76384,36.19372],[59.76558,36.19513]]}},{"type":"Feature","properties":{"name":"آزادراه کنارگذر شمالی مشهد","minzoom":9},"geometry":{"type":"LineString","coordinates":[[59.72478,36.16028],[59.72494,36.16042]]}},{"type":"Feature","properties":{"name":"آزادراه کنارگذر شمالی مشهد","minzoom":9},"geometry":{"type":"LineString","coordinates":[[59.72478,36.1607],[59.7246,36.16054]]}},{"type":"Feature","properties":{"name":"آزادراه کنارگذر شمالی مشهد","minzoom":9},"geometry":{"type":"LineString","coordinates":[[59.7246,36.16054],[59.71521,36.15198],[59.71236,36.14936]]}},{"type":"Feature","properties":{"name":"آزادراه کنارگذر شمالی مشهد","minzoom":9},"geometry":{"type":"LineString","coordinates":[[59.77171,36.2001],[59.77212,36.20042]]}},{"type":"Feature","properties":{"name":"آزادراه کنارگذر شمالی مشهد","minzoom":9},"geometry":{"type":"LineString","coordinates":[[59.77188,36.20062],[59.77147,36.2003]]}},{"type":"Feature","properties":{"name":"آزادراه کنارگذر شمالی مشهد","minzoom":9},"geometry":{"type":"LineString","coordinates":[[59.77147,36.2003],[59.77045,36.19949]]}},{"type":"Feature","properties":{"name":"آزادراه کنارگذر شمالی مشهد","minzoom":9},"geometry":{"type":"LineString","coordinates":[[59.45329,36.51663],[59.45441,36.51701],[59.45572,36.5174],[59.45688,36.51769],[59.45801,36.51793],[59.45955,36.51819],[59.46034,36.51832],[59.4616,36.51845],[59.463,36.51854],[59.46413,36.51858],[59.46604,36.51857],[59.46625,36.51857],[59.46818,36.51841],[59.47083,36.518],[59.47222,36.51771],[59.47328,36.51745],[59.4748,36.517],[59.47617,36.51654],[59.49163,36.51033],[59.49657,36.50836]]}},{"type":"Feature","properties":{"name":"آزادراه کنارگذر شمالی مشهد","minzoom":9},"geometry":{"type":"LineString","coordinates":[[59.73767,36.40457],[59.73767,36.40481]]}},{"type":"Feature","properties":{"name":"آزادراه کنارگذر شمالی مشهد","minzoom":9},"geometry":{"type":"LineString","coordinates":[[59.73732,36.40489],[59.73732,36.40465]]}},{"type":"Feature","properties":{"name":"آزادراه کنارگذر شمالی مشهد","minzoom":9},"geometry":{"type":"LineString","coordinates":[[59.45218,36.5165],[59.42262,36.50375]]}},{"type":"Feature","properties":{"name":"آزادراه کنارگذر شمالی مشهد","minzoom":9},"geometry":{"type":"LineString","coordinates":[[59.45299,36.51682],[59.45218,36.5165]]}},{"type":"Feature","properties":{"name":"آزادراه کنارگذر شمالی مشهد","minzoom":9},"geometry":{"type":"LineString","coordinates":[[59.45248,36.51631],[59.45329,36.51663]]}},{"type":"Feature","properties":{"name":"بزرگراه مشهد - چناران","minzoom":9},"geometry":{"type":"LineString","coordinates":[[59.34385,36.50914],[59.34263,36.50997],[59.34227,36.51021],[59.34218,36.51027],[59.34113,36.51099],[59.34072,36.51132],[59.33581,36.51474],[59.33573,36.5148],[59.3348,36.51544],[59.33439,36.51573],[59.33355,36.51632],[59.33317,36.51659],[59.33275,36.51688],[59.33086,36.51821],[59.33075,36.51829],[59.33024,36.51865],[59.32993,36.51885],[59.32991,36.51887],[59.32956,36.51909],[59.32909,36.51932],[59.32866,36.5195],[59.32819,36.51967],[59.32793,36.51975],[59.32781,36.51979],[59.32756,36.51985],[59.32732,36.51989],[59.32667,36.51997],[59.32595,36.52008],[59.32524,36.52019],[59.32268,36.52059],[59.32159,36.52076],[59.32047,36.52093],[59.31982,36.52105],[59.31926,36.52118],[59.31901,36.52126],[59.31851,36.52142],[59.3183,36.52149],[59.31806,36.52157],[59.31723,36.52188],[59.31467,36.52284],[59.31444,36.52293],[59.31383,36.52315],[59.31354,36.52326],[59.31325,36.52337],[59.31259,36.52361],[59.31161,36.52397],[59.3112,36.52412],[59.30896,36.52497],[59.30818,36.52528],[59.30742,36.52561],[59.30648,36.52604],[59.30598,36.52626],[59.30396,36.527],[59.3032,36.52729],[59.30074,36.52819],[59.30004,36.52843],[59.29947,36.5286],[59.29853,36.52889],[59.29791,36.5291],[59.29743,36.52929],[59.29696,36.52948],[59.29656,36.52968],[59.29621,36.52987],[59.29552,36.53025],[59.29132,36.53269],[59.29029,36.5333],[59.28375,36.53712],[59.28263,36.53778],[59.28259,36.5378],[59.28217,36.53805],[59.27725,36.54093],[59.2753,36.54207],[59.27317,36.54331],[59.26838,36.5461],[59.2678,36.54643],[59.26444,36.5484],[59.26322,36.54912],[59.26253,36.54952],[59.26211,36.54977],[59.26196,36.54985],[59.26153,36.55012],[59.2612,36.55032],[59.26087,36.55052],[59.26059,36.55069],[59.26046,36.55078],[59.26007,36.55103],[59.25964,36.55133],[59.25954,36.5514],[59.25893,36.55186],[59.2587,36.55203],[59.25834,36.55232],[59.25803,36.55256],[59.25766,36.55286],[59.25737,36.55308],[59.25721,36.55321],[59.25713,36.55329],[59.25645,36.55391],[59.25588,36.55443],[59.25541,36.5548],[59.25482,36.55524],[59.25355,36.55624],[59.25224,36.55724],[59.25156,36.55776],[59.24964,36.55906],[59.24931,36.5593],[59.24877,36.55972],[59.24677,36.56126],[59.24506,36.56257],[59.24444,36.56305],[59.24388,36.56347],[59.24339,36.56381],[59.24329,36.56389],[59.24286,36.56419],[59.24103,36.56551],[59.23989,36.56633],[59.23977,36.56641],[59.23944,36.56665],[59.2357,36.56935],[59.23452,36.57019],[59.23382,36.5707],[59.23312,36.5712],[59.23215,36.5719],[59.23181,36.57215],[59.2312,36.57258],[59.23099,36.57272],[59.23045,36.57311],[59.2207,36.58008],[59.21835,36.5817],[59.2147,36.58435],[59.21433,36.58462],[59.21383,36.58493]]}},{"type":"Feature","properties":{"minzoom":9},"geometry":{"type":"LineString","coordinates":[[59.21455,36.58527],[59.21478,36.58538],[59.2149,36.58545],[59.21496,36.58548],[59.21503,36.5855],[59.21514,36.58553],[59.21525,36.58555],[59.21535,36.58556],[59.21544,36.58555],[59.21556,36.58555],[59.21564,36.58553],[59.21569,36.58552],[59.21574,36.58551],[59.21582,36.58548],[59.2159,36.58544],[59.21597,36.58541],[59.21604,36.58536],[59.21609,36.58532],[59.21615,36.58527],[59.21618,36.58522],[59.21622,36.58517],[59.21625,36.58512],[59.21627,36.58507],[59.2163,36.58499],[59.21631,36.5849],[59.21631,36.58481],[59.21631,36.58477],[59.2163,36.58473],[59.21629,36.58469],[59.21627,36.58465],[59.21624,36.58458],[59.21618,36.58449],[59.21611,36.58441],[59.21603,36.58434],[59.21593,36.58428],[59.21581,36.58422],[59.21572,36.58419],[59.21564,36.58417],[59.21555,36.58415],[59.21546,36.58415],[59.21535,36.58414],[59.21527,36.58415],[59.21518,36.58417],[59.2151,36.58419],[59.21499,36.58422],[59.2149,36.58426],[59.21483,36.58429],[59.2147,36.58435]]}},{"type":"Feature","properties":{"minzoom":9},"geometry":{"type":"LineString","coordinates":[[59.21368,36.58502],[59.21346,36.58522],[59.21331,36.58534],[59.21322,36.58541],[59.21315,36.58549],[59.21309,36.58558],[59.21306,36.58563],[59.21304,36.58567],[59.213,36.58578],[59.21298,36.58587],[59.21298,36.58597],[59.21298,36.58604],[59.213,36.58613],[59.21302,36.5862],[59.21306,36.58629],[59.21312,36.58637],[59.21317,36.58643],[59.21325,36.58651],[59.21332,36.58655],[59.21343,36.58661],[59.21353,36.58665],[59.21364,36.58667],[59.21374,36.58669],[59.21384,36.58669],[59.21394,36.58669],[59.21406,36.58667],[59.21422,36.58663],[59.21428,36.5866],[59.21436,36.58656],[59.21442,36.58652],[59.21449,36.58647],[59.21454,36.58642],[59.2146,36.58635],[59.21464,36.58628],[59.21468,36.5862],[59.21471,36.58612],[59.21472,36.58604],[59.21473,36.58596],[59.21473,36.58587],[59.21472,36.58582],[59.21472,36.58578],[59.21469,36.58569],[59.21465,36.58561],[59.21461,36.58553],[59.21455,36.58545],[59.2145,36.58537],[59.21438,36.58522]]}},{"type":"Feature","properties":{"name":"آزادراه کنارگذر شمالی مشهد","minzoom":9},"geometry":{"type":"LineString","coordinates":[[59.72469,36.4507],[59.72254,36.45249],[59.71979,36.45477],[59.69776,36.47304],[59.69632,36.47424],[59.69014,36.47936],[59.68944,36.47993],[59.68808,36.48093],[59.68598,36.48232],[59.68583,36.48241],[59.68548,36.48261],[59.68349,36.48371],[59.68222,36.48432],[59.68112,36.48485],[59.67997,36.48532],[59.67896,36.48571],[59.67778,36.48615]]}},{"type":"Feature","properties":{"name":"آزادراه کنارگذر شمالی مشهد","minzoom":9},"geometry":{"type":"LineString","coordinates":[[59.72455,36.45041],[59.72513,36.44993]]}},{"type":"Feature","properties":{"name":"آزادراه کنارگذر شمالی مشهد","minzoom":9},"geometry":{"type":"LineString","coordinates":[[59.72527,36.45021],[59.72469,36.4507]]}},{"type":"Feature","properties":{"name":"آزادراه کنارگذر شمالی مشهد","minzoom":9},"geometry":{"type":"LineString","coordinates":[[59.67762,36.4859],[59.67882,36.48547],[59.67982,36.48508],[59.68095,36.48461],[59.68205,36.48409],[59.6833,36.48348],[59.68466,36.48276],[59.68527,36.48239],[59.68542,36.48231],[59.68786,36.48073],[59.68852,36.48027],[59.68931,36.47967],[59.68991,36.47917],[59.72455,36.45041]]}},{"type":"Feature","properties":{"name":"آزادراه کنارگذر شمالی مشهد","minzoom":9},"geometry":{"type":"LineString","coordinates":[[59.72513,36.44993],[59.72621,36.44904],[59.72724,36.44818],[59.72791,36.44761],[59.72865,36.44692],[59.72915,36.44643],[59.72961,36.44597],[59.73011,36.44543],[59.73059,36.44489],[59.73121,36.44414],[59.73166,36.44355],[59.7322,36.44282],[59.73256,36.4423],[59.73294,36.4417],[59.73338,36.44098],[59.73371,36.4404],[59.73405,36.43976],[59.73445,36.43894],[59.73472,36.4383],[59.73504,36.43752],[59.73527,36.43688],[59.73547,36.43628],[59.73565,36.4357],[59.73581,36.43518]]}},{"type":"Feature","properties":{"name":"آزادراه کنارگذر شمالی مشهد","minzoom":9},"geometry":{"type":"LineString","coordinates":[[59.73767,36.40481],[59.73728,36.417]]}},{"type":"Feature","properties":{"name":"آزادراه کنارگذر شمالی مشهد","minzoom":9},"geometry":{"type":"LineString","coordinates":[[59.60372,36.48849],[59.61551,36.48838],[59.62323,36.48832],[59.62738,36.48832],[59.6321,36.48833],[59.65918,36.48839],[59.66173,36.48839],[59.66319,36.4884],[59.66431,36.48837],[59.6656,36.48831],[59.66655,36.48822],[59.66769,36.48811],[59.66888,36.48796],[59.67022,36.48775],[59.67154,36.48753],[59.67262,36.4873],[59.6735,36.4871],[59.67435,36.48688],[59.67521,36.48665],[59.67625,36.48635],[59.67729,36.48601]]}},{"type":"Feature","properties":{"name":"آزادراه کنارگذر شمالی مشهد","minzoom":9},"geometry":{"type":"LineString","coordinates":[[59.67729,36.48601],[59.67762,36.4859]]}},{"type":"Feature","properties":{"name":"آزادراه کنارگذر شمالی مشهد","minzoom":9},"geometry":{"type":"LineString","coordinates":[[59.67778,36.48615],[59.67744,36.48626]]}},{"type":"Feature","properties":{"name":"آزادراه کنارگذر شمالی مشهد","minzoom":9},"geometry":{"type":"LineString","coordinates":[[59.67744,36.48626],[59.67637,36.4866],[59.67532,36.48691],[59.67446,36.48714],[59.67359,36.48736],[59.67271,36.48757],[59.67162,36.4878],[59.67029,36.48803],[59.66894,36.48823],[59.66774,36.48838],[59.66659,36.4885],[59.66563,36.48858],[59.66433,36.48865],[59.6632,36.48867],[59.66212,36.48866],[59.65918,36.48867],[59.6321,36.48861],[59.62738,36.48859],[59.62323,36.4886],[59.61551,36.48866],[59.60406,36.48876]]}},{"type":"Feature","properties":{"name":"بزرگراه هاشمی رفسنجانی","minzoom":9},"geometry":{"type":"LineString","coordinates":[[59.48102,36.36012],[59.48292,36.36104],[59.48404,36.36159],[59.48444,36.36172],[59.48527,36.36197],[59.48566,36.36209],[59.48653,36.36242],[59.4871,36.36266],[59.48759,36.36292]]}},{"type":"Feature","properties":{"name":"بزرگراه هاشمی رفسنجانی","minzoom":9},"geometry":{"type":"LineString","coordinates":[[59.51887,36.38501],[59.51905,36.38467],[59.51916,36.38438],[59.51921,36.38418],[59.51923,36.38398],[59.5192,36.38373],[59.51911,36.38348],[59.51901,36.38327],[59.51888,36.38307],[59.51877,36.38289]]}},{"type":"Feature","properties":{"name":"بزرگراه هاشمی رفسنجانی","minzoom":9},"geometry":{"type":"LineString","coordinates":[[59.47914,36.35965],[59.47903,36.35953],[59.47889,36.35944]]}},{"type":"Feature","properties":{"name":"آزادراه کنارگذر شمالی مشهد","minzoom":9},"geometry":{"type":"LineString","coordinates":[[59.56903,36.48874],[59.59485,36.48855],[59.59923,36.4885]]}},{"type":"Feature","properties":{"name":"آزادراه کنارگذر شمالی مشهد","minzoom":9},"geometry":{"type":"LineString","coordinates":[[59.5995,36.48878],[59.59485,36.48883],[59.56893,36.48902]]}},{"type":"Feature","properties":{"name":"آزادراه کنارگذر شمالی مشهد","minzoom":9},"geometry":{"type":"LineString","coordinates":[[59.59923,36.4885],[59.59941,36.4885]]}},{"type":"Feature","properties":{"name":"آزادراه کنارگذر شمالی مشهد","minzoom":9},"geometry":{"type":"LineString","coordinates":[[59.59968,36.48878],[59.5995,36.48878]]}},{"type":"Feature","properties":{"name":"آزادراه کنارگذر شمالی مشهد","minzoom":9},"geometry":{"type":"LineString","coordinates":[[59.60406,36.48876],[59.60357,36.48877]]}},{"type":"Feature","properties":{"name":"آزادراه کنارگذر شمالی مشهد","minzoom":9},"geometry":{"type":"LineString","coordinates":[[59.59941,36.4885],[59.60328,36.48849]]}},{"type":"Feature","properties":{"name":"آزادراه کنارگذر شمالی مشهد","minzoom":9},"geometry":{"type":"LineString","coordinates":[[59.60328,36.48849],[59.60372,36.48849]]}},{"type":"Feature","properties":{"name":"آزادراه کنارگذر شمالی مشهد","minzoom":9},"geometry":{"type":"LineString","coordinates":[[59.60357,36.48877],[59.59968,36.48878]]}},{"type":"Feature","properties":{"name":"آزادراه کنارگذر شمالی مشهد","minzoom":9},"geometry":{"type":"LineString","coordinates":[[59.55813,36.48909],[59.55515,36.48918],[59.55369,36.48927],[59.55262,36.48936],[59.55228,36.48939],[59.55106,36.48951],[59.54945,36.48972],[59.54819,36.4899],[59.54659,36.49017],[59.54441,36.4906],[59.54294,36.49094],[59.54134,36.49135],[59.53974,36.49176],[59.53755,36.49245],[59.53572,36.4931],[59.53396,36.49378],[59.5276,36.49627]]}},{"type":"Feature","properties":{"name":"آزادراه کنارگذر شمالی مشهد","minzoom":9},"geometry":{"type":"LineString","coordinates":[[59.52721,36.49611],[59.52743,36.49602]]}},{"type":"Feature","properties":{"name":"آزادراه کنارگذر شمالی مشهد","minzoom":9},"geometry":{"type":"LineString","coordinates":[[59.55797,36.48882],[59.55811,36.48882]]}},{"type":"Feature","properties":{"name":"آزادراه کنارگذر شمالی مشهد","minzoom":9},"geometry":{"type":"LineString","coordinates":[[59.55826,36.48909],[59.55813,36.48909]]}},{"type":"Feature","properties":{"minzoom":10},"geometry":{"type":"LineString","coordinates":[[59.46422,36.32643],[59.46402,36.32727],[59.46393,36.32768],[59.46364,36.32896],[59.46356,36.32933],[59.4631,36.33144],[59.46293,36.332]]}},{"type":"Feature","properties":{"name":"برونسی به وکیل آباد","minzoom":10},"geometry":{"type":"LineString","coordinates":[[59.46179,36.33711],[59.46175,36.33725],[59.46147,36.33876],[59.46141,36.33903],[59.46144,36.33921],[59.46147,36.33927],[59.46158,36.33935],[59.46172,36.3394],[59.46191,36.33941],[59.46214,36.33935]]}},{"type":"Feature","properties":{"name":"بولوار پیروزی","minzoom":10},"geometry":{"type":"LineString","coordinates":[[59.46281,36.3326],[59.46285,36.33269],[59.4629,36.33274],[59.46295,36.33277],[59.46301,36.3328],[59.46311,36.33282],[59.46317,36.33281],[59.46336,36.33277],[59.46366,36.33267],[59.46417,36.3325],[59.46472,36.33232],[59.46562,36.33202],[59.46681,36.33161],[59.46747,36.33139],[59.46865,36.33099],[59.46889,36.33083]]}},{"type":"Feature","properties":{"name":"بولوار پیروزی","minzoom":10},"geometry":{"type":"LineString","coordinates":[[59.46899,36.33103],[59.46887,36.33104],[59.46876,36.33106],[59.46751,36.33148],[59.46687,36.33169],[59.46566,36.3321],[59.46464,36.33244],[59.46372,36.33276],[59.46341,36.33287],[59.46329,36.33291],[59.46318,36.33298],[59.46279,36.33326],[59.46271,36.33335],[59.46263,36.33344]]}},{"type":"Feature","properties":{"name":"میدان اقبال","minzoom":10},"geometry":{"type":"LineString","coordinates":[[59.46928,36.33091],[59.46926,36.33095],[59.46924,36.33098],[59.46919,36.33102],[59.46914,36.33104],[59.46907,36.33104],[59.46899,36.33103]]}},{"type":"Feature","properties":{"name":"بولوار پیروزی","minzoom":10},"geometry":{"type":"LineString","coordinates":[[59.47376,36.32951],[59.47352,36.32952],[59.47321,36.32955],[59.47262,36.32975],[59.47233,36.32984],[59.47194,36.32997],[59.47042,36.33048],[59.47037,36.3305],[59.46967,36.33073],[59.46948,36.3308],[59.46928,36.33091]]}},{"type":"Feature","properties":{"name":"بولوار پیروزی","minzoom":10},"geometry":{"type":"LineString","coordinates":[[59.46922,36.33076],[59.46945,36.33072],[59.47014,36.33048],[59.4704,36.33039],[59.47228,36.32976],[59.47272,36.32961],[59.47323,36.32943],[59.47348,36.32934],[59.47368,36.32924]]}},{"type":"Feature","properties":{"name":"بزرگراه مشهد - چناران","minzoom":9},"geometry":{"type":"LineString","coordinates":[[59.38617,36.47942],[59.38496,36.4803],[59.38263,36.48193],[59.38141,36.48283],[59.38049,36.48349],[59.37919,36.48442],[59.37627,36.48643],[59.37511,36.48724],[59.37454,36.48759],[59.37416,36.48786],[59.37381,36.48811],[59.37246,36.48904],[59.37083,36.49018],[59.36148,36.49676],[59.36071,36.49727]]}},{"type":"Feature","properties":{"name":"بزرگراه چناران - مشهد","minzoom":9},"geometry":{"type":"LineString","coordinates":[[59.36062,36.49719],[59.36163,36.4965],[59.37076,36.49006],[59.37157,36.48949],[59.37238,36.48893],[59.37343,36.48822],[59.37424,36.48769],[59.37446,36.48753],[59.3761,36.4863],[59.37791,36.48503],[59.3791,36.48417],[59.38048,36.48319],[59.38111,36.48277],[59.38256,36.48184],[59.38335,36.4813],[59.3834,36.48127],[59.38377,36.481],[59.38496,36.48016],[59.38611,36.47936]]}},{"type":"Feature","properties":{"name":"بزرگراه چناران - مشهد","minzoom":9},"geometry":{"type":"LineString","coordinates":[[59.38628,36.47924],[59.38655,36.47905],[59.38764,36.47829],[59.38937,36.47706],[59.38977,36.4768],[59.39025,36.47646],[59.39223,36.47506],[59.39356,36.47412],[59.39426,36.47363],[59.39432,36.47359],[59.39575,36.47259],[59.39671,36.47195],[59.40029,36.4699],[59.40256,36.4686],[59.40587,36.4667],[59.40653,36.46632]]}},{"type":"Feature","properties":{"name":"بزرگراه مشهد - چناران","minzoom":9},"geometry":{"type":"LineString","coordinates":[[59.40658,36.46638],[59.40588,36.46678],[59.39677,36.47202],[59.3967,36.47207],[59.396,36.47253],[59.39547,36.47291],[59.39434,36.47371],[59.39429,36.47375],[59.39395,36.47397],[59.39353,36.47427],[59.38946,36.47712],[59.38769,36.47835],[59.3867,36.47906],[59.38664,36.4791],[59.38635,36.4793]]}},{"type":"Feature","properties":{"name":"بزرگراه چناران - مشهد","minzoom":9},"geometry":{"type":"LineString","coordinates":[[59.38611,36.47936],[59.38628,36.47924]]}},{"type":"Feature","properties":{"name":"بزرگراه مشهد - چناران","minzoom":9},"geometry":{"type":"LineString","coordinates":[[59.38635,36.4793],[59.38617,36.47942]]}},{"type":"Feature","properties":{"name":"بزرگراه چناران - مشهد","minzoom":9},"geometry":{"type":"LineString","coordinates":[[59.40666,36.46624],[59.40746,36.46578],[59.41173,36.46333],[59.41368,36.4622],[59.41429,36.46185],[59.41482,36.46152],[59.41523,36.46124],[59.41556,36.46097],[59.41703,36.4596],[59.41864,36.45824],[59.42103,36.45624],[59.42228,36.45533],[59.42314,36.45468],[59.42363,36.45428],[59.42717,36.45131],[59.43055,36.44849],[59.43071,36.44836],[59.43082,36.44826],[59.4313,36.44786],[59.43134,36.44784],[59.43221,36.44712],[59.43359,36.44596],[59.43431,36.44537],[59.43763,36.4426],[59.43784,36.44243],[59.43804,36.44226],[59.44042,36.44027],[59.4413,36.43953],[59.4414,36.43946],[59.44279,36.43831],[59.44535,36.43618],[59.44671,36.43487],[59.44852,36.43327],[59.4498,36.43241]]}},{"type":"Feature","properties":{"name":"بزرگراه مشهد - چناران","minzoom":9},"geometry":{"type":"LineString","coordinates":[[59.40672,36.4663],[59.40658,36.46638]]}},{"type":"Feature","properties":{"name":"بزرگراه چناران - مشهد","minzoom":9},"geometry":{"type":"LineString","coordinates":[[59.40653,36.46632],[59.40666,36.46624]]}},{"type":"Feature","properties":{"name":"میدان ولیعصر","minzoom":10},"geometry":{"type":"LineString","coordinates":[[59.29429,36.39488],[59.29428,36.39495],[59.29424,36.39501],[59.29418,36.39507],[59.29411,36.3951],[59.29402,36.39512],[59.29393,36.39511],[59.29385,36.39508],[59.29378,36.39504],[59.29374,36.39497],[59.29372,36.3949],[59.29373,36.39483],[59.29376,36.39476],[59.29382,36.39471],[59.2939,36.39467],[59.29399,36.39466],[59.29408,36.39467],[59.29416,36.3947],[59.29422,36.39474],[59.29427,36.39481],[59.29429,36.39488]]}},{"type":"Feature","properties":{"name":"ولیعصر","minzoom":10},"geometry":{"type":"LineString","coordinates":[[59.3083,36.39614],[59.30386,36.39569],[59.3018,36.3955],[59.30119,36.39544],[59.29975,36.3953],[59.29779,36.39511],[59.29609,36.395],[59.29429,36.39488]]}},{"type":"Feature","properties":{"name":"میدان شهدا","minzoom":10},"geometry":{"type":"LineString","coordinates":[[59.3092,36.3965],[59.30909,36.3965],[59.30898,36.39648],[59.30889,36.39643],[59.30882,36.39636],[59.30878,36.39627],[59.30878,36.39618],[59.30881,36.3961],[59.30887,36.39602],[59.30896,36.39597],[59.30906,36.39594],[59.30917,36.39593],[59.30928,36.39596],[59.30937,36.39601],[59.30944,36.39608],[59.30948,36.39616],[59.30949,36.39625],[59.30946,36.39634],[59.30939,36.39641],[59.30931,36.39647],[59.3092,36.3965]]}},{"type":"Feature","properties":{"minzoom":9},"geometry":{"type":"LineString","coordinates":[[59.35517,36.41292],[59.35548,36.41303]]}},{"type":"Feature","properties":{"name":"بلوار امام رضا","minzoom":9},"geometry":{"type":"LineString","coordinates":[[59.3551,36.41306],[59.35476,36.41294],[59.35424,36.41285],[59.35351,36.41282],[59.35333,36.41282],[59.35271,36.41283],[59.35174,36.41277],[59.3514,36.41275],[59.35111,36.41271],[59.35085,36.41263],[59.35062,36.41254],[59.35041,36.41242],[59.35009,36.41221],[59.3488,36.41129],[59.34854,36.41113],[59.34818,36.41096],[59.34628,36.4101],[59.34598,36.40994],[59.3457,36.40977],[59.34549,36.40963],[59.3435,36.40831],[59.34322,36.40813],[59.34178,36.40721],[59.34168,36.40715],[59.34143,36.40697],[59.33981,36.4059],[59.3387,36.40515],[59.33742,36.40422],[59.33659,36.40361],[59.33602,36.40319],[59.33538,36.40276],[59.33426,36.40209],[59.33414,36.40205],[59.33375,36.4019]]}},{"type":"Feature","properties":{"name":"ولیعصر","minzoom":10},"geometry":{"type":"LineString","coordinates":[[59.30882,36.39636],[59.30867,36.39626],[59.30851,36.39621],[59.3083,36.39614]]}},{"type":"Feature","properties":{"name":"ولیعصر","minzoom":10},"geometry":{"type":"LineString","coordinates":[[59.3083,36.39614],[59.30856,36.39613],[59.3087,36.3961],[59.30887,36.39602]]}},{"type":"Feature","properties":{"name":"تونل غربی","minzoom":10},"geometry":{"type":"LineString","coordinates":[[59.60667,36.29947],[59.60633,36.29937],[59.60608,36.29925],[59.60569,36.29894],[59.60417,36.29777],[59.60396,36.29756]]}},{"type":"Feature","properties":{"name":"شهید هاشمی نژاد","minzoom":10},"geometry":{"type":"LineString","coordinates":[[59.60792,36.29839],[59.60806,36.29857],[59.60817,36.29868],[59.60827,36.29876],[59.60839,36.29886],[59.60854,36.29893],[59.60952,36.29928]]}},{"type":"Feature","properties":{"name":"خیابان شهید رئیسی (توحید)","minzoom":10},"geometry":{"type":"LineString","coordinates":[[59.60247,36.30107],[59.60301,36.30057],[59.6038,36.29983],[59.60424,36.2994],[59.60471,36.29897],[59.60492,36.29878],[59.60499,36.29867],[59.60503,36.29858],[59.60504,36.29852]]}},{"type":"Feature","properties":{"name":"توحید","minzoom":10},"geometry":{"type":"LineString","coordinates":[[59.60534,36.29875],[59.60523,36.29877],[59.60514,36.29878],[59.60508,36.2988],[59.60501,36.29886],[59.60481,36.29904]]}},{"type":"Feature","properties":{"name":"دانشگاه","minzoom":10},"geometry":{"type":"LineString","coordinates":[[59.60205,36.29667],[59.60171,36.29654]]}},{"type":"Feature","properties":{"name":"تونل شرقی","minzoom":10},"geometry":{"type":"LineString","coordinates":[[59.60538,36.29629],[59.60566,36.29647],[59.60658,36.29715],[59.60742,36.29778],[59.60767,36.29801],[59.60792,36.29839]]}},{"type":"Feature","properties":{"name":"خیابان آیت الله شیرازی","minzoom":10},"geometry":{"type":"LineString","coordinates":[[59.60669,36.29715],[59.60678,36.29712],[59.6069,36.29699],[59.607,36.2969],[59.60745,36.29647],[59.60784,36.2961],[59.60805,36.2959],[59.60832,36.29565],[59.60856,36.29542],[59.60878,36.29522],[59.60905,36.29496],[59.6093,36.29473],[59.60937,36.29466],[59.61004,36.29402],[59.6101,36.29396]]}},{"type":"Feature","properties":{"name":"خیابان دانشگاه","minzoom":10},"geometry":{"type":"LineString","coordinates":[[59.60396,36.29756],[59.60374,36.29737],[59.60359,36.29726],[59.60343,36.29716],[59.60316,36.29706],[59.60205,36.29667]]}},{"type":"Feature","properties":{"name":"خیابان شهید رئیسی (توحید)","minzoom":10},"geometry":{"type":"LineString","coordinates":[[59.60257,36.30113],[59.60231,36.30135],[59.60211,36.30155],[59.60194,36.3017],[59.60163,36.30199],[59.60119,36.30242],[59.60093,36.30266],[59.60055,36.30302],[59.60027,36.30327],[59.60011,36.30346]]}},{"type":"Feature","properties":{"name":"خیابان آیت الله عبادی","minzoom":10},"geometry":{"type":"LineString","coordinates":[[59.60793,36.30095],[59.60769,36.30077],[59.60734,36.30021],[59.60721,36.29999]]}},{"type":"Feature","properties":{"name":"خیابان آیت الله عبادی","minzoom":10},"geometry":{"type":"LineString","coordinates":[[59.60779,36.30073],[59.60737,36.30006],[59.60724,36.29988],[59.60715,36.29979],[59.60705,36.2997],[59.60693,36.29961],[59.60682,36.29953],[59.60667,36.29947]]}},{"type":"Feature","properties":{"name":"بولوار شهید کاوه","minzoom":10},"geometry":{"type":"LineString","coordinates":[[59.54907,36.28426],[59.54939,36.28434],[59.54953,36.28438],[59.5497,36.28442],[59.55128,36.2848],[59.55152,36.28486],[59.55207,36.28498],[59.55214,36.28499],[59.55287,36.28511],[59.55318,36.28519],[59.5546,36.28553],[59.55499,36.28561],[59.55522,36.28562],[59.55564,36.28554]]}},{"type":"Feature","properties":{"name":"بولوار توس","minzoom":10},"geometry":{"type":"LineString","coordinates":[[59.57804,36.33161],[59.57794,36.33177],[59.57788,36.33187],[59.5777,36.33224],[59.57746,36.3327],[59.57712,36.33327],[59.57697,36.33354],[59.5765,36.33435],[59.57635,36.33462],[59.57614,36.33496],[59.57598,36.33523],[59.57515,36.33669],[59.57508,36.3368],[59.57486,36.33718],[59.57471,36.33744],[59.57467,36.3375],[59.57459,36.33762],[59.57453,36.33773],[59.57439,36.33794],[59.57415,36.33838],[59.57385,36.33889],[59.57367,36.33915],[59.57328,36.33963],[59.57279,36.34017],[59.57241,36.34057],[59.5706,36.34252],[59.56982,36.34343]]}},{"type":"Feature","properties":{"name":"بولوار توس","minzoom":10},"geometry":{"type":"LineString","coordinates":[[59.57847,36.32614],[59.57817,36.32502],[59.57812,36.32492],[59.5781,36.32487],[59.57802,36.32478],[59.57797,36.32473],[59.5777,36.32454]]}},{"type":"Feature","properties":{"name":"کنارگذر بزرگراه شهید قاسم سلیمانی","minzoom":10},"geometry":{"type":"LineString","coordinates":[[59.55587,36.28316],[59.55562,36.28245],[59.55503,36.28018]]}},{"type":"Feature","properties":{"name":"بزرگراه شهید قاسم سلیمانی","minzoom":9},"geometry":{"type":"LineString","coordinates":[[59.55594,36.28278],[59.55559,36.28143],[59.55523,36.27983],[59.55482,36.27829],[59.55474,36.27794],[59.55471,36.27757],[59.55474,36.27721],[59.55491,36.27555],[59.55498,36.27523],[59.55504,36.27504],[59.55515,36.2747],[59.55535,36.27435],[59.55554,36.2741],[59.55574,36.27388],[59.55591,36.27375],[59.55618,36.27354],[59.55642,36.2734],[59.55681,36.27322],[59.55713,36.2731],[59.55744,36.27303],[59.5576,36.27299],[59.55807,36.27293],[59.56045,36.27282],[59.5618,36.27273],[59.56645,36.27246],[59.56819,36.27236],[59.56948,36.2723],[59.56994,36.27226],[59.57035,36.27217],[59.57075,36.27204],[59.57106,36.27191],[59.57135,36.27174],[59.57156,36.27161],[59.57218,36.27123],[59.57267,36.27091]]}},{"type":"Feature","properties":{"name":"بولوار پیروزی","minzoom":10},"geometry":{"type":"LineString","coordinates":[[59.55428,36.28056],[59.55372,36.28095],[59.55333,36.28121],[59.55326,36.28127],[59.55065,36.28317],[59.55021,36.28348],[59.54947,36.284],[59.54936,36.28407],[59.54915,36.28421],[59.54907,36.28426]]}},{"type":"Feature","properties":{"name":"امام خمینی","minzoom":9},"geometry":{"type":"LineString","coordinates":[[59.37607,36.31404],[59.3758,36.31394],[59.37564,36.31392],[59.37417,36.31384],[59.37381,36.31382],[59.37362,36.31383],[59.37344,36.31386],[59.37325,36.31391],[59.37311,36.31396],[59.37288,36.31404],[59.37267,36.3141],[59.37248,36.31413],[59.37236,36.31414],[59.37231,36.31414],[59.37198,36.31411],[59.37167,36.31405],[59.37145,36.31401],[59.37049,36.31381],[59.36997,36.31371],[59.36871,36.31348],[59.36841,36.31344],[59.36814,36.31342],[59.36784,36.31344]]}},{"type":"Feature","properties":{"name":"میدان شهدا","minzoom":9},"geometry":{"type":"LineString","coordinates":[[59.36701,36.31331],[59.36702,36.31327],[59.36707,36.31323],[59.36713,36.31319],[59.36726,36.31315],[59.36731,36.31314],[59.36745,36.31314],[59.36778,36.31315],[59.36788,36.31317],[59.36793,36.3132],[59.36795,36.31322],[59.36795,36.31329],[59.36792,36.31335],[59.36784,36.31344],[59.36757,36.3135],[59.36727,36.31352],[59.36717,36.3135],[59.3671,36.31347],[59.36705,36.31343],[59.36702,36.31336],[59.36701,36.31331]]}},{"type":"Feature","properties":{"name":"بولوار معلم","minzoom":10},"geometry":{"type":"LineString","coordinates":[[59.48348,36.3404],[59.4834,36.34045],[59.48308,36.34062],[59.48268,36.3408],[59.48235,36.34093],[59.48199,36.34105],[59.48149,36.3412],[59.47953,36.34178],[59.47808,36.34222],[59.47785,36.34229],[59.47616,36.34281],[59.47546,36.34304],[59.47517,36.3432]]}},{"type":"Feature","properties":{"name":"بولوار معلم","minzoom":10},"geometry":{"type":"LineString","coordinates":[[59.47512,36.34301],[59.47542,36.34295],[59.47586,36.3428],[59.47645,36.34262],[59.4778,36.3422],[59.47801,36.34213],[59.47923,36.34176],[59.47942,36.3417],[59.47994,36.34154],[59.48193,36.34094],[59.48229,36.34084],[59.48263,36.3407],[59.48299,36.34053],[59.48326,36.34039],[59.48335,36.34034]]}},{"type":"Feature","properties":{"name":"بولوار معلم","minzoom":10},"geometry":{"type":"LineString","coordinates":[[59.4719,36.34405],[59.47452,36.34324],[59.47474,36.34314]]}},{"type":"Feature","properties":{"name":"بولوار معلم","minzoom":10},"geometry":{"type":"LineString","coordinates":[[59.47481,36.34327],[59.47454,36.34332],[59.47407,36.34347],[59.47261,36.34392],[59.47195,36.34415],[59.47182,36.34419]]}},{"type":"Feature","properties":{"name":"میدان دندان پزشکان","minzoom":10},"geometry":{"type":"LineString","coordinates":[[59.47474,36.34314],[59.47476,36.34307],[59.4748,36.34301],[59.47487,36.34297],[59.47496,36.34296],[59.47504,36.34297],[59.47512,36.34301]]}},{"type":"Feature","properties":{"name":"جاده مشهد - کلات","minzoom":10},"geometry":{"type":"LineString","coordinates":[[59.69064,36.48496],[59.69182,36.48554],[59.69366,36.4864],[59.69609,36.4874],[59.69936,36.48875],[59.70532,36.49121],[59.70616,36.49159],[59.70688,36.49194],[59.70752,36.49232],[59.70816,36.49279],[59.70876,36.49328],[59.70948,36.4939],[59.7131,36.49707],[59.71673,36.50027],[59.7172,36.5008],[59.71807,36.50205],[59.71859,36.50265],[59.71901,36.50301],[59.71953,36.50336],[59.72099,36.50422],[59.72137,36.50454],[59.72166,36.5049],[59.72196,36.50539],[59.72293,36.50722],[59.72311,36.50757],[59.72319,36.5078],[59.72325,36.50803],[59.72328,36.50826],[59.72328,36.50859],[59.72327,36.5089],[59.72328,36.50917],[59.72333,36.5094],[59.72342,36.50962],[59.72358,36.50987],[59.72384,36.51024],[59.7242,36.5107],[59.72437,36.51087],[59.72451,36.51099],[59.7247,36.51112],[59.7249,36.51124],[59.7253,36.51142],[59.726,36.51172],[59.72633,36.51187],[59.72662,36.51204],[59.72682,36.51217],[59.72698,36.51231],[59.7272,36.51252],[59.72771,36.51311],[59.72851,36.51403],[59.72911,36.51473],[59.72939,36.51501],[59.72965,36.51526],[59.72993,36.51552],[59.7303,36.51583],[59.73067,36.51611],[59.73108,36.5164],[59.73136,36.51657],[59.73229,36.51708],[59.7333,36.51762],[59.7347,36.51838],[59.73513,36.51864],[59.73552,36.51889],[59.73584,36.51914],[59.73633,36.51954],[59.73682,36.51999],[59.73765,36.52076],[59.7386,36.52162],[59.73952,36.52248],[59.7396,36.52254],[59.74069,36.52355],[59.74134,36.52414],[59.74258,36.52528],[59.74347,36.5261],[59.74446,36.52702],[59.745,36.52753],[59.74532,36.5278],[59.7456,36.52803],[59.74592,36.52827],[59.74631,36.52851],[59.74663,36.5287],[59.74716,36.52899],[59.74799,36.52944],[59.74888,36.52993],[59.74929,36.53017],[59.74959,36.53038],[59.74983,36.53057],[59.75004,36.53077],[59.75036,36.53109],[59.75083,36.53157],[59.7517,36.53247],[59.75237,36.53315],[59.75323,36.53404],[59.75388,36.53471],[59.75515,36.53601],[59.75571,36.53659],[59.75601,36.53692],[59.75628,36.53723],[59.75655,36.5376],[59.75679,36.53794],[59.75751,36.539],[59.75809,36.53982],[59.75913,36.54136],[59.75957,36.542],[59.76003,36.5427],[59.76058,36.5435],[59.76094,36.54403],[59.76116,36.54432],[59.76152,36.54475],[59.76192,36.54518],[59.76221,36.54546],[59.76279,36.54598],[59.76512,36.54796],[59.76733,36.54987],[59.7677,36.5502],[59.76844,36.5508],[59.76898,36.55121],[59.7695,36.55155],[59.76992,36.55179],[59.77049,36.55209],[59.7712,36.55241],[59.77221,36.55283],[59.77447,36.55379],[59.77653,36.55467],[59.77985,36.55607],[59.78291,36.55737],[59.78481,36.55818],[59.78577,36.55858],[59.78671,36.55896],[59.78769,36.55932],[59.78873,36.55972],[59.78937,36.55992],[59.78969,36.56001],[59.78989,36.56005],[59.79006,36.56008],[59.79021,36.5601],[59.79043,36.56012],[59.79074,36.56013],[59.79099,36.56012],[59.79125,36.56008],[59.7916,36.56001],[59.79333,36.55964],[59.7955,36.55918],[59.7962,36.55902],[59.79662,36.55897],[59.79696,36.55897],[59.79721,36.559],[59.79742,36.55905],[59.79767,36.55913],[59.79794,36.55927],[59.79824,36.55944],[59.79855,36.55965],[59.79878,36.55985],[59.79933,36.56033],[59.79967,36.56067],[59.7999,36.56095],[59.80007,36.5612],[59.80029,36.56156],[59.80049,36.56195],[59.80119,36.56337],[59.80235,36.56577],[59.80294,36.56696],[59.80351,36.56811],[59.80386,36.56881],[59.80454,36.57015],[59.80546,36.57202],[59.80634,36.57382],[59.80666,36.57444],[59.80683,36.57473],[59.80699,36.57495],[59.8072,36.5752],[59.80744,36.57543],[59.80768,36.57563],[59.80796,36.57581],[59.80822,36.57596],[59.80849,36.57608],[59.80886,36.57621],[59.80965,36.57644],[59.81099,36.57681],[59.8114,36.57695],[59.81172,36.57707],[59.8123,36.57732],[59.81257,36.57747],[59.81279,36.57762],[59.81301,36.5778],[59.81332,36.57806],[59.81362,36.57829],[59.81392,36.5785],[59.81424,36.57871],[59.81459,36.57891],[59.81501,36.57911],[59.81544,36.57927],[59.8158,36.5794],[59.81759,36.57999],[59.81861,36.58031],[59.81912,36.58047],[59.81969,36.58067],[59.82034,36.58089],[59.82116,36.58113]]}},{"type":"Feature","properties":{"name":"بزرگراه وکیل آباد","minzoom":9},"geometry":{"type":"LineString","coordinates":[[59.53983,36.31554],[59.53922,36.31575],[59.53861,36.31596],[59.53711,36.31645],[59.53654,36.31668]]}},{"type":"Feature","properties":{"name":"بولوار شهید دستغیب","minzoom":10},"geometry":{"type":"LineString","coordinates":[[59.56833,36.30946],[59.56806,36.30965],[59.56798,36.30971],[59.56793,36.30974],[59.56779,36.30983],[59.56686,36.31045],[59.56664,36.31059],[59.5658,36.31117],[59.56541,36.31144],[59.56524,36.31155],[59.56469,36.31192],[59.56385,36.31247],[59.56383,36.31249],[59.56282,36.31316],[59.56213,36.31363],[59.56131,36.31419],[59.5606,36.31464],[59.56044,36.31476],[59.56033,36.31484]]}},{"type":"Feature","properties":{"name":"بزرگراه شهید قاسم سلیمانی","minzoom":9},"geometry":{"type":"LineString","coordinates":[[59.62263,36.23841],[59.62439,36.23484]]}},{"type":"Feature","properties":{"name":"بزرگراه شهید قاسم سلیمانی","minzoom":9},"geometry":{"type":"LineString","coordinates":[[59.62546,36.23042],[59.62542,36.23185],[59.62537,36.23253],[59.62529,36.23306],[59.62507,36.23383]]}},{"type":"Feature","properties":{"name":"خیابان امام رضا","minzoom":10},"geometry":{"type":"LineString","coordinates":[[59.60372,36.27368],[59.60379,36.27391]]}},{"type":"Feature","properties":{"name":"خیابان امام رضا علیه السلام","minzoom":10},"geometry":{"type":"LineString","coordinates":[[59.60313,36.27351],[59.60309,36.27342],[59.60302,36.27332],[59.60256,36.27279],[59.60218,36.27234],[59.60177,36.27187],[59.60138,36.27141],[59.60089,36.27084],[59.60045,36.27033],[59.6,36.26979],[59.59954,36.26926],[59.5991,36.26875],[59.5987,36.26848]]}},{"type":"Feature","properties":{"minzoom":9},"geometry":{"type":"LineString","coordinates":[[59.62552,36.21734],[59.62564,36.21698],[59.62574,36.21666],[59.62587,36.21639],[59.62599,36.21614],[59.62611,36.21593],[59.62626,36.21573],[59.62641,36.21556],[59.62653,36.21542],[59.62682,36.21514],[59.62705,36.21494],[59.62734,36.21472],[59.62765,36.21451],[59.62799,36.2143]]}},{"type":"Feature","properties":{"name":"خیابان امام خمینی","minzoom":10},"geometry":{"type":"LineString","coordinates":[[59.60425,36.29494],[59.60477,36.2958],[59.60493,36.29599],[59.6051,36.29612],[59.60538,36.29629]]}},{"type":"Feature","properties":{"name":"بولوار رسالت","minzoom":10},"geometry":{"type":"LineString","coordinates":[[59.64001,36.31958],[59.64014,36.32015],[59.64023,36.32053],[59.64033,36.32093],[59.64048,36.32146],[59.64065,36.32177]]}},{"type":"Feature","properties":{"name":"بولوار رسالت","minzoom":10},"geometry":{"type":"LineString","coordinates":[[59.63964,36.31868],[59.6395,36.31825],[59.63909,36.31711]]}},{"type":"Feature","properties":{"name":"بزرگراه شهید بابانظر","minzoom":9},"geometry":{"type":"LineString","coordinates":[[59.65564,36.31012],[59.65744,36.30912],[59.65798,36.30876]]}},{"type":"Feature","properties":{"name":"بزرگراه بسیج","minzoom":9},"geometry":{"type":"LineString","coordinates":[[59.61795,36.25461],[59.62244,36.25691],[59.62309,36.25725],[59.6235,36.25744],[59.62392,36.25759],[59.62433,36.25772],[59.62475,36.25782],[59.62525,36.25791],[59.62576,36.25798],[59.62636,36.25804],[59.62655,36.25806]]}},{"type":"Feature","properties":{"name":"بولوار رسالت","minzoom":10},"geometry":{"type":"LineString","coordinates":[[59.64608,36.32985],[59.64584,36.32949]]}},{"type":"Feature","properties":{"name":"بزرگراه شهید کلانتری","minzoom":9},"geometry":{"type":"LineString","coordinates":[[59.55509,36.28761],[59.55377,36.28873],[59.55366,36.28883],[59.55305,36.28933]]}},{"type":"Feature","properties":{"name":"پل جمهوری اسلامی","minzoom":9},"geometry":{"type":"LineString","coordinates":[[59.55498,36.28752],[59.5555,36.28704],[59.55575,36.28676],[59.55597,36.28647],[59.55617,36.28607],[59.55631,36.28564],[59.55638,36.28533],[59.55641,36.28491],[59.55637,36.28447]]}},{"type":"Feature","properties":{"name":"بزرگراه شهید کلانتری","minzoom":9},"geometry":{"type":"LineString","coordinates":[[59.55609,36.28276],[59.55652,36.28445]]}},{"type":"Feature","properties":{"name":"بزرگراه شهید کلانتری","minzoom":9},"geometry":{"type":"LineString","coordinates":[[59.55637,36.28447],[59.55594,36.28278]]}},{"type":"Feature","properties":{"name":"بزرگراه شهید کلانتری","minzoom":9},"geometry":{"type":"LineString","coordinates":[[59.5529,36.28918],[59.55355,36.28874],[59.55498,36.28752]]}},{"type":"Feature","properties":{"name":"پل سلام","minzoom":9},"geometry":{"type":"LineString","coordinates":[[59.62439,36.23484],[59.62473,36.23416],[59.62488,36.23376]]}},{"type":"Feature","properties":{"name":"بزرگراه شهید قاسم سلیمانی","minzoom":9},"geometry":{"type":"LineString","coordinates":[[59.62488,36.23376],[59.62511,36.23304],[59.62518,36.2325],[59.62522,36.23186],[59.62527,36.23041]]}},{"type":"Feature","properties":{"name":"بزرگراه شهید قاسم سلیمانی","minzoom":9},"geometry":{"type":"LineString","coordinates":[[59.62458,36.23488],[59.6228,36.23847]]}},{"type":"Feature","properties":{"name":"پل رسالت","minzoom":10},"geometry":{"type":"LineString","coordinates":[[59.6399,36.3196],[59.63964,36.31868]]}},{"type":"Feature","properties":{"name":"پل رسالت","minzoom":10},"geometry":{"type":"LineString","coordinates":[[59.63975,36.31864],[59.64001,36.31958]]}},{"type":"Feature","properties":{"name":"بولوار رسالت","minzoom":10},"geometry":{"type":"LineString","coordinates":[[59.63919,36.31705],[59.63962,36.31824],[59.63975,36.31864]]}},{"type":"Feature","properties":{"name":"بولوار رسالت","minzoom":10},"geometry":{"type":"LineString","coordinates":[[59.66047,36.35087],[59.66042,36.35077],[59.66031,36.35059],[59.66016,36.35043],[59.6601,36.35036],[59.65999,36.35016],[59.65998,36.35001],[59.65993,36.3498],[59.65951,36.34883],[59.65921,36.3481],[59.65892,36.34742],[59.65873,36.34697],[59.65779,36.34477],[59.65737,36.34378],[59.65711,36.34318],[59.65708,36.34312],[59.65681,36.3425],[59.65679,36.34244],[59.65635,36.34146],[59.65629,36.34134],[59.65614,36.34107],[59.65598,36.34082],[59.65579,36.34058],[59.65574,36.34051],[59.65552,36.34027],[59.6554,36.34014],[59.65519,36.33993],[59.65507,36.33981],[59.65467,36.33943],[59.65464,36.33939],[59.65428,36.33911],[59.65414,36.33901],[59.65352,36.33854],[59.6531,36.33822],[59.65266,36.33788],[59.65219,36.33752],[59.65196,36.33734],[59.65173,36.33716],[59.65147,36.33696],[59.65136,36.33687],[59.65124,36.33678],[59.65097,36.33656],[59.65087,36.33648]]}},{"type":"Feature","properties":{"name":"بولوار رسالت","minzoom":10},"geometry":{"type":"LineString","coordinates":[[59.64627,36.3299],[59.64646,36.33014],[59.64654,36.33025],[59.64665,36.3304],[59.64813,36.33237],[59.64841,36.33274],[59.649,36.33351],[59.64944,36.33411],[59.64962,36.33439],[59.64982,36.33473],[59.65046,36.33578],[59.65051,36.33586],[59.65066,36.33609],[59.65079,36.33625],[59.65095,36.33643],[59.65104,36.33651],[59.65133,36.33676],[59.65154,36.33691],[59.65228,36.33748],[59.65359,36.33848],[59.65419,36.33893],[59.65438,36.33908],[59.6547,36.33934],[59.65514,36.33976],[59.65549,36.34011],[59.65581,36.34045],[59.65607,36.34079],[59.65624,36.34104],[59.65646,36.34144],[59.65652,36.34158],[59.65681,36.34225],[59.65707,36.34284],[59.6571,36.34292],[59.65719,36.34313],[59.65764,36.34418],[59.65787,36.34472],[59.65882,36.34694],[59.65957,36.34869],[59.65963,36.34883],[59.65976,36.34917],[59.66002,36.34976],[59.66012,36.34989],[59.6602,36.34998],[59.6603,36.35007],[59.66038,36.35016],[59.66045,36.35029],[59.66047,36.35033],[59.6605,36.35057],[59.66054,36.35067],[59.66061,36.35082]]}},{"type":"Feature","properties":{"name":"جاده مشهد - کلات","minzoom":10},"geometry":{"type":"LineString","coordinates":[[59.82162,36.58124],[59.82216,36.58134],[59.82284,36.58142],[59.8238,36.58148],[59.82471,36.58154],[59.82529,36.5816],[59.82609,36.58172],[59.82705,36.58189],[59.83034,36.5825],[59.83202,36.58283],[59.83263,36.58298],[59.83307,36.58313],[59.83345,36.5833],[59.83385,36.5835],[59.83556,36.58445],[59.83601,36.58468],[59.83652,36.58491],[59.83701,36.58511],[59.83753,36.58529],[59.83814,36.58547],[59.83883,36.58566],[59.84166,36.58642],[59.843,36.58677],[59.84495,36.58729],[59.84596,36.58753],[59.84689,36.58771],[59.84768,36.58788],[59.84811,36.58801],[59.84848,36.58816],[59.84897,36.58838],[59.84968,36.58872],[59.85031,36.58901],[59.8508,36.5892],[59.85143,36.58941],[59.85321,36.58998],[59.85413,36.59025],[59.85456,36.59035],[59.85494,36.5904]]}},{"type":"Feature","properties":{"name":"جاده مشهد - کلات","minzoom":10},"geometry":{"type":"LineString","coordinates":[[59.82116,36.58113],[59.82162,36.58124]]}},{"type":"Feature","properties":{"name":"جاده مشهد - کلات","minzoom":10},"geometry":{"type":"LineString","coordinates":[[59.85494,36.5904],[59.85509,36.59041]]}},{"type":"Feature","properties":{"name":"جاده مشهد - کلات","minzoom":10},"geometry":{"type":"LineString","coordinates":[[59.67466,36.4766],[59.6737,36.47567],[59.67165,36.47367],[59.66962,36.47176],[59.66902,36.47113],[59.66863,36.47069],[59.66829,36.47027],[59.66784,36.4696],[59.66754,36.46907],[59.66727,36.46849],[59.667,36.46778],[59.66641,36.4662],[59.66613,36.46559],[59.66564,36.46463],[59.66512,36.46355],[59.66494,36.46315],[59.66475,36.46263],[59.66463,36.4623],[59.66427,36.46139],[59.66391,36.46042],[59.66362,36.4596],[59.66334,36.45848],[59.66287,36.45676],[59.66269,36.45627],[59.66231,36.45527],[59.66127,36.45246],[59.66069,36.45095],[59.66001,36.44912],[59.65881,36.44593],[59.65775,36.44304],[59.65764,36.44267],[59.65753,36.44224],[59.65747,36.44188],[59.65739,36.44132],[59.65728,36.44062],[59.65715,36.43974],[59.65707,36.43843],[59.65704,36.43809],[59.65695,36.43629],[59.657,36.43477],[59.65701,36.43445],[59.65698,36.43375],[59.65693,36.43328],[59.65686,36.43289],[59.6567,36.43238],[59.65608,36.43108],[59.65588,36.43066]]}},{"type":"Feature","properties":{"name":"جاده مشهد - کلات","minzoom":10},"geometry":{"type":"LineString","coordinates":[[59.67513,36.47687],[59.67522,36.47696],[59.67558,36.47731],[59.67606,36.47771],[59.67662,36.47811],[59.67711,36.47842],[59.67757,36.47868],[59.67798,36.47889],[59.68047,36.48008],[59.68104,36.48036],[59.6821,36.48082],[59.68221,36.48087],[59.68497,36.48217],[59.68524,36.48229]]}},{"type":"Feature","properties":{"minzoom":10},"geometry":{"type":"LineString","coordinates":[[59.67502,36.47696],[59.67466,36.4766]]}},{"type":"Feature","properties":{"name":"جاده مشهد - کلات","minzoom":10},"geometry":{"type":"LineString","coordinates":[[59.65596,36.43051],[59.65622,36.43103],[59.65683,36.43233],[59.65699,36.43286],[59.65707,36.43324],[59.65713,36.43375],[59.65718,36.43438],[59.65725,36.43481],[59.65739,36.43575],[59.65745,36.43719],[59.6575,36.43793],[59.65761,36.4398],[59.65755,36.44096],[59.65755,36.44133],[59.65758,36.44167],[59.65767,36.44222],[59.65778,36.44266],[59.65788,36.443],[59.66243,36.45519],[59.66256,36.45555],[59.66435,36.46028],[59.66571,36.46396],[59.66592,36.46453],[59.66673,36.46667],[59.66714,36.46775],[59.66741,36.46844],[59.66769,36.46903],[59.66797,36.46952],[59.66843,36.47021],[59.66875,36.47061],[59.66913,36.47103],[59.66996,36.47184],[59.67068,36.47255],[59.67382,36.47561],[59.67454,36.47631],[59.67473,36.4765]]}},{"type":"Feature","properties":{"name":"جاده مشهد - کلات","minzoom":10},"geometry":{"type":"LineString","coordinates":[[59.65588,36.43066],[59.65574,36.43039]]}},{"type":"Feature","properties":{"name":"جاده مشهد - کلات","minzoom":10},"geometry":{"type":"LineString","coordinates":[[59.65583,36.43023],[59.65596,36.43051]]}},{"type":"Feature","properties":{"name":"جاده مشهد کلات","minzoom":10},"geometry":{"type":"LineString","coordinates":[[59.65574,36.43039],[59.65538,36.42965],[59.65495,36.42874],[59.65483,36.42853],[59.65446,36.42796],[59.65401,36.42737],[59.65276,36.42595],[59.65249,36.42565],[59.65171,36.42476],[59.64992,36.42272],[59.64979,36.42257],[59.64927,36.4218],[59.64898,36.42118],[59.64877,36.4205],[59.64812,36.41822],[59.6479,36.41749],[59.64747,36.41599],[59.64731,36.41558],[59.64681,36.41419],[59.64551,36.41051],[59.64223,36.40114],[59.64208,36.40071],[59.64161,36.3997],[59.64142,36.39925],[59.64129,36.39889],[59.64111,36.39831],[59.64103,36.39806],[59.64034,36.39598],[59.64011,36.39527],[59.63994,36.39452],[59.63988,36.39426],[59.63979,36.3938],[59.63962,36.39327],[59.63928,36.39225],[59.63865,36.39034],[59.63827,36.38918],[59.63803,36.38844],[59.63716,36.38582],[59.63711,36.38566],[59.63679,36.38466],[59.63669,36.38433],[59.63664,36.38415],[59.63663,36.3841],[59.63659,36.38383],[59.63657,36.38344],[59.63658,36.38302],[59.63668,36.38247],[59.63677,36.38214],[59.63701,36.38131],[59.63765,36.37897],[59.63793,36.37804],[59.63804,36.37758],[59.63812,36.37716],[59.63821,36.37658],[59.63829,36.37536],[59.63836,36.37433],[59.63837,36.37387],[59.63837,36.37356],[59.63838,36.37337],[59.63849,36.37269],[59.63866,36.37161],[59.63879,36.37027],[59.63885,36.36966],[59.63885,36.36943],[59.63884,36.36909],[59.63878,36.36867],[59.6387,36.36836],[59.63863,36.36814],[59.63839,36.36764],[59.63818,36.36728],[59.63746,36.36637],[59.63673,36.36533]]}},{"type":"Feature","properties":{"name":"جاده مشهد - کلات","minzoom":10},"geometry":{"type":"LineString","coordinates":[[59.63683,36.36527],[59.63749,36.36615],[59.6383,36.36722],[59.63852,36.36759],[59.63869,36.36793],[59.63875,36.3681],[59.63884,36.36831],[59.63892,36.36864],[59.63898,36.36905],[59.63899,36.36957],[59.63894,36.37027],[59.63875,36.37272],[59.6387,36.3734],[59.63869,36.37353],[59.63866,36.37389],[59.63848,36.37541],[59.63835,36.37659],[59.63822,36.37736],[59.63808,36.37806],[59.63778,36.379],[59.63736,36.38062],[59.63696,36.38197],[59.63677,36.38272],[59.63671,36.38333],[59.63671,36.38359],[59.63678,36.38412],[59.63691,36.38462],[59.63706,36.38509],[59.6371,36.3852],[59.6371,36.38521],[59.63726,36.38569],[59.63741,36.38612],[59.63749,36.38638],[59.638,36.38794],[59.63809,36.3882],[59.63826,36.3887],[59.63842,36.38921],[59.63859,36.38972],[59.63876,36.39022],[59.63955,36.39262],[59.63993,36.3938],[59.64024,36.39448],[59.64055,36.39517],[59.64064,36.39545],[59.64093,36.39634],[59.64122,36.39721],[59.64187,36.39922],[59.64205,36.40006],[59.64218,36.40056],[59.64222,36.40071],[59.64236,36.40111],[59.64251,36.40155],[59.64535,36.40952],[59.64702,36.41419],[59.64729,36.41504],[59.6476,36.41597],[59.64803,36.41744],[59.64824,36.4182],[59.64891,36.42047],[59.64913,36.42117],[59.64941,36.42178],[59.64983,36.42239],[59.65005,36.42267],[59.65262,36.4256],[59.65414,36.42732],[59.6546,36.42792],[59.65497,36.42849],[59.65526,36.42903],[59.65553,36.4296],[59.65583,36.43023]]}},{"type":"Feature","properties":{"minzoom":10},"geometry":{"type":"LineString","coordinates":[[59.63633,36.36463],[59.63683,36.36527]]}},{"type":"Feature","properties":{"name":"جاده مشهد - کلات","minzoom":10},"geometry":{"type":"LineString","coordinates":[[59.69064,36.48496],[59.68926,36.48436],[59.68582,36.48275],[59.68566,36.48266]]}},{"type":"Feature","properties":{"name":"بولوار سید رضی","minzoom":10},"geometry":{"type":"LineString","coordinates":[[59.52247,36.34461],[59.52275,36.34448],[59.52285,36.3444],[59.52291,36.34432],[59.52303,36.34412],[59.52315,36.34359],[59.52321,36.34323],[59.52322,36.34289],[59.52321,36.34254],[59.52317,36.34227],[59.52311,36.34201],[59.523,36.34159],[59.52297,36.3415],[59.52263,36.34028],[59.52254,36.33994],[59.52252,36.33988]]}},{"type":"Feature","properties":{"name":"بولوار سید رضی","minzoom":10},"geometry":{"type":"LineString","coordinates":[[59.52272,36.33984],[59.52281,36.34016],[59.52301,36.34086],[59.52317,36.34147],[59.52332,36.34197],[59.52338,36.34225],[59.52341,36.34253],[59.52343,36.34289],[59.52343,36.34298],[59.52342,36.34324],[59.52336,36.34362],[59.52323,36.34414],[59.52322,36.34436],[59.52327,36.34444],[59.52334,36.3445],[59.5236,36.34468]]}},{"type":"Feature","properties":{"name":"میدان برادران شهید فلاح","minzoom":10},"geometry":{"type":"LineString","coordinates":[[59.52163,36.33578],[59.52167,36.3358],[59.52171,36.33585],[59.52174,36.33591],[59.52173,36.33597],[59.5217,36.33602]]}},{"type":"Feature","properties":{"minzoom":10},"geometry":{"type":"LineString","coordinates":[[59.52267,36.33968],[59.52272,36.33984]]}},{"type":"Feature","properties":{"name":"بولوار امامیه","minzoom":10},"geometry":{"type":"LineString","coordinates":[[59.51514,36.36185],[59.51538,36.3617],[59.51649,36.36026],[59.51698,36.35963],[59.51722,36.3593],[59.51729,36.35921],[59.51738,36.35908],[59.51764,36.35874],[59.51783,36.35847],[59.51798,36.35821],[59.51801,36.35815],[59.51823,36.35767],[59.51847,36.35708],[59.51858,36.3568],[59.51866,36.35658],[59.5187,36.3565]]}},{"type":"Feature","properties":{"name":"بولوار امامیه","minzoom":10},"geometry":{"type":"LineString","coordinates":[[59.52322,36.34569],[59.52304,36.34576],[59.52288,36.34587],[59.52274,36.346],[59.52265,36.34614],[59.52261,36.34634],[59.52256,36.34653],[59.52212,36.34808],[59.52203,36.34839],[59.52186,36.34882],[59.52175,36.34912],[59.5217,36.34923],[59.5216,36.34949],[59.52106,36.35087],[59.52087,36.35133],[59.52059,36.35205],[59.52021,36.35303]]}},{"type":"Feature","properties":{"name":"بولوار هاشمیه","minzoom":10},"geometry":{"type":"LineString","coordinates":[[59.50893,36.3159],[59.50865,36.3156],[59.50828,36.3152],[59.5079,36.31477],[59.50748,36.31431],[59.50747,36.3143],[59.50743,36.31425],[59.50704,36.31381],[59.50668,36.31341],[59.50634,36.31302],[59.50625,36.31293],[59.50609,36.3128]]}},{"type":"Feature","properties":{"name":"بولوار هاشمیه","minzoom":10},"geometry":{"type":"LineString","coordinates":[[59.50913,36.31592],[59.50978,36.31664],[59.51008,36.31698],[59.5105,36.31745],[59.51075,36.31773],[59.51089,36.31789],[59.51123,36.31826],[59.5117,36.3188],[59.51179,36.31888],[59.51187,36.3189],[59.51196,36.31895],[59.51203,36.31902],[59.51208,36.31911]]}},{"type":"Feature","properties":{"name":"میدان شهید جوان","minzoom":10},"geometry":{"type":"LineString","coordinates":[[59.54444,36.28307],[59.54445,36.28313],[59.54443,36.2832],[59.5444,36.28326],[59.54435,36.28331],[59.54428,36.28335]]}},{"type":"Feature","properties":{"name":"بولوار معلم","minzoom":10},"geometry":{"type":"LineString","coordinates":[[59.52855,36.32902],[59.52832,36.32901],[59.52812,36.32903],[59.52733,36.32918],[59.52729,36.32918],[59.52699,36.32923],[59.52585,36.32944],[59.52519,36.32945]]}},{"type":"Feature","properties":{"name":"میدان معلم","minzoom":10},"geometry":{"type":"LineString","coordinates":[[59.52855,36.32902],[59.5285,36.32897],[59.52848,36.32891],[59.52848,36.32885],[59.52852,36.32879],[59.52857,36.32875],[59.52864,36.32872],[59.52872,36.32872]]}},{"type":"Feature","properties":{"name":"بولوار معلم","minzoom":10},"geometry":{"type":"LineString","coordinates":[[59.52066,36.3309],[59.52032,36.33101],[59.52019,36.33105],[59.52004,36.3311],[59.51992,36.33113],[59.51953,36.33127],[59.51871,36.33154],[59.51857,36.33159],[59.51687,36.33212],[59.51633,36.33229],[59.51536,36.33261],[59.51363,36.33317],[59.51245,36.33354],[59.5122,36.33364],[59.5121,36.33368],[59.51198,36.33374],[59.51186,36.33379],[59.51161,36.33386],[59.51146,36.3339],[59.5109,36.334],[59.51074,36.33403],[59.51035,36.33407],[59.50992,36.33417],[59.50948,36.33431],[59.50764,36.33489],[59.50719,36.33503],[59.50557,36.33553],[59.50546,36.33556]]}},{"type":"Feature","properties":{"minzoom":9},"geometry":{"type":"LineString","coordinates":[[59.74119,36.0791],[59.74123,36.07928]]}},{"type":"Feature","properties":{"name":"بزرگراه پیامبر اعظم","minzoom":9},"geometry":{"type":"LineString","coordinates":[[59.54807,36.34559],[59.54788,36.34634],[59.5476,36.34703],[59.5474,36.34741],[59.54713,36.34795]]}},{"type":"Feature","properties":{"name":"بزرگراه آزادی","minzoom":9},"geometry":{"type":"LineString","coordinates":[[59.54777,36.34572],[59.54791,36.34497],[59.54792,36.3444],[59.54788,36.34372],[59.54776,36.34302],[59.54743,36.34168],[59.54682,36.33939]]}},{"type":"Feature","properties":{"minzoom":9},"geometry":{"type":"LineString","coordinates":[[59.74102,36.07931],[59.74098,36.07913]]}},{"type":"Feature","properties":{"name":"آزادراه شهید شوشتری","minzoom":9},"geometry":{"type":"LineString","coordinates":[[59.73811,36.09165],[59.73917,36.08941],[59.74028,36.08702],[59.74061,36.08619],[59.74089,36.08534],[59.74116,36.08425],[59.74119,36.08402],[59.74127,36.08359],[59.74135,36.08242],[59.74136,36.08174]]}},{"type":"Feature","properties":{"name":"بولوار شهید کاوه","minzoom":10},"geometry":{"type":"LineString","coordinates":[[59.54382,36.28312],[59.5437,36.28297],[59.54354,36.28282],[59.54255,36.28204],[59.54226,36.2818],[59.54203,36.2815],[59.54186,36.28119],[59.54174,36.28088],[59.54157,36.28041],[59.54122,36.27935],[59.54097,36.27875],[59.54063,36.27812],[59.54024,36.27748],[59.54,36.27713],[59.53986,36.27696],[59.53965,36.27673],[59.53923,36.27635],[59.53891,36.27609],[59.53854,36.27583],[59.53821,36.27564],[59.53801,36.27559],[59.53782,36.27561],[59.53765,36.27569]]}},{"type":"Feature","properties":{"name":"بزرگراه امام علی","minzoom":9},"geometry":{"type":"LineString","coordinates":[[59.48561,36.34683],[59.48411,36.34682],[59.48237,36.34684],[59.48129,36.34693]]}},{"type":"Feature","properties":{"name":"بزرگراه امام علی","minzoom":9},"geometry":{"type":"LineString","coordinates":[[59.53746,36.34505],[59.54,36.34503],[59.54179,36.34504],[59.54256,36.34504],[59.54284,36.34504],[59.54444,36.34505],[59.54531,36.34506]]}},{"type":"Feature","properties":{"name":"بلوار هفده شهریور","minzoom":10},"geometry":{"type":"LineString","coordinates":[[59.62168,36.27946],[59.62192,36.2797],[59.62231,36.28],[59.62278,36.28033],[59.62352,36.28085],[59.6239,36.28116]]}},{"type":"Feature","properties":{"name":"بولوار وحدت","minzoom":10},"geometry":{"type":"LineString","coordinates":[[59.62555,36.28349],[59.62416,36.28165],[59.62398,36.28143],[59.62379,36.28125]]}},{"type":"Feature","properties":{"name":"بولوار وحدت","minzoom":10},"geometry":{"type":"LineString","coordinates":[[59.62896,36.28614],[59.62926,36.28633],[59.62936,36.28639],[59.62951,36.28648],[59.62975,36.28664],[59.62992,36.28679],[59.63007,36.28697],[59.63025,36.2872],[59.63034,36.28739],[59.63041,36.2876],[59.63043,36.28769],[59.63046,36.28783],[59.63046,36.28785],[59.63053,36.28838],[59.6306,36.2888],[59.63063,36.28897],[59.63064,36.28908]]}},{"type":"Feature","properties":{"name":"امام خمینی","minzoom":9},"geometry":{"type":"LineString","coordinates":[[59.36795,36.31322],[59.36819,36.31325],[59.36847,36.3133],[59.36942,36.3135],[59.36996,36.31361],[59.37,36.31361],[59.37149,36.31391],[59.37201,36.314],[59.37211,36.31401],[59.37233,36.31405],[59.37247,36.31405],[59.37263,36.31403],[59.37282,36.31397],[59.37304,36.31388],[59.37321,36.31381],[59.3734,36.31375],[59.37362,36.31372],[59.37381,36.31371],[59.37419,36.31372],[59.37568,36.3138],[59.37571,36.3138],[59.37581,36.3138],[59.37587,36.3138],[59.3761,36.31379]]}},{"type":"Feature","properties":{"name":"بزرگراه شهید قاسم سلیمانی","minzoom":9},"geometry":{"type":"LineString","coordinates":[[59.62525,36.22983],[59.62527,36.22946],[59.62545,36.22587],[59.62552,36.22393],[59.62554,36.22327],[59.6256,36.22168],[59.62564,36.22013]]}},{"type":"Feature","properties":{"name":"بزرگراه شهید قاسم سلیمانی","minzoom":9},"geometry":{"type":"LineString","coordinates":[[59.62179,36.24051],[59.62017,36.24377],[59.61987,36.24425],[59.61959,36.24461],[59.61933,36.24489],[59.61875,36.24542],[59.61847,36.24564],[59.61806,36.24591],[59.61595,36.24711]]}},{"type":"Feature","properties":{"name":"پل سلام","minzoom":9},"geometry":{"type":"LineString","coordinates":[[59.62507,36.23383],[59.62491,36.23421],[59.62458,36.23488]]}},{"type":"Feature","properties":{"minzoom":9},"geometry":{"type":"LineString","coordinates":[[59.64599,36.19955],[59.64596,36.19902],[59.64596,36.19892]]}},{"type":"Feature","properties":{"name":"آزادراه شهید شوشتری","minzoom":9},"geometry":{"type":"LineString","coordinates":[[59.64596,36.19892],[59.64584,36.19539],[59.64584,36.19488],[59.64586,36.1944],[59.6459,36.19393],[59.64594,36.19369]]}},{"type":"Feature","properties":{"minzoom":9},"geometry":{"type":"LineString","coordinates":[[59.64611,36.19891],[59.64613,36.19955]]}},{"type":"Feature","properties":{"minzoom":9},"geometry":{"type":"LineString","coordinates":[[59.64623,36.1989],[59.64625,36.1996]]}},{"type":"Feature","properties":{"minzoom":9},"geometry":{"type":"LineString","coordinates":[[59.64587,36.19956],[59.64585,36.19905],[59.64584,36.19893]]}},{"type":"Feature","properties":{"name":"آزادراه شهید شوشتری","minzoom":9},"geometry":{"type":"LineString","coordinates":[[59.64613,36.19955],[59.64618,36.20034],[59.64624,36.202],[59.64624,36.20256],[59.6462,36.20295],[59.64611,36.20336],[59.64597,36.20372],[59.64578,36.20409],[59.64559,36.20438],[59.64537,36.20464],[59.64515,36.20488],[59.64483,36.20513],[59.64458,36.20532],[59.64416,36.20558],[59.64303,36.20622],[59.62936,36.2139],[59.62808,36.21463],[59.62761,36.2149],[59.6272,36.21523],[59.6268,36.21562],[59.62656,36.21588],[59.62632,36.21627],[59.62616,36.21662],[59.62606,36.21697],[59.62601,36.2174],[59.62598,36.21808]]}},{"type":"Feature","properties":{"minzoom":9},"geometry":{"type":"LineString","coordinates":[[59.64625,36.1996],[59.6463,36.20016],[59.64632,36.20032],[59.64634,36.2005],[59.64637,36.20078],[59.64643,36.20136],[59.64643,36.20236],[59.64642,36.20285],[59.64636,36.20319],[59.64628,36.20347],[59.64616,36.20376],[59.64606,36.20396],[59.64594,36.20419],[59.64579,36.20442],[59.64564,36.20461],[59.64545,36.20483],[59.64524,36.20504],[59.64496,36.20528],[59.64471,36.20545],[59.64443,36.20563],[59.64426,36.20574],[59.6441,36.20583],[59.6436,36.20611],[59.63964,36.20833],[59.63945,36.20844],[59.63936,36.2085],[59.63609,36.21035],[59.63425,36.21139],[59.62992,36.21379],[59.62884,36.21438]]}},{"type":"Feature","properties":{"minzoom":9},"geometry":{"type":"LineString","coordinates":[[59.64584,36.19893],[59.64574,36.19647],[59.64569,36.19518],[59.64568,36.19504],[59.64578,36.19383]]}},{"type":"Feature","properties":{"name":"بزرگراه شهید کلانتری","minzoom":9},"geometry":{"type":"LineString","coordinates":[[59.55054,36.29132],[59.54952,36.29214],[59.54673,36.29427],[59.54465,36.29588],[59.54246,36.29757]]}},{"type":"Feature","properties":{"name":"پل جمهوری اسلامی","minzoom":9},"geometry":{"type":"LineString","coordinates":[[59.55652,36.28445],[59.55656,36.28491],[59.55653,36.28534],[59.55647,36.28566],[59.55632,36.2861],[59.55612,36.2865],[59.55589,36.28683],[59.55564,36.28712],[59.55509,36.28761]]}},{"type":"Feature","properties":{"name":"هفت حوض","minzoom":9},"geometry":{"type":"LineString","coordinates":[[59.59041,36.24127],[59.59046,36.24083],[59.5906,36.23985],[59.59081,36.23841]]}},{"type":"Feature","properties":{"name":"هفت حوض","minzoom":9},"geometry":{"type":"LineString","coordinates":[[59.59232,36.23102],[59.592,36.23285],[59.59196,36.23305],[59.59183,36.23381],[59.59182,36.23391],[59.59175,36.23437],[59.5913,36.23671],[59.59118,36.23764],[59.59109,36.23844],[59.59108,36.23849],[59.59096,36.23946],[59.59072,36.24121],[59.59067,36.24158]]}},{"type":"Feature","properties":{"name":"بولوار توس","minzoom":10},"geometry":{"type":"LineString","coordinates":[[59.50871,36.40091],[59.50893,36.40072]]}},{"type":"Feature","properties":{"name":"بولوار پیروزی","minzoom":10},"geometry":{"type":"LineString","coordinates":[[59.48894,36.32097],[59.48869,36.32104],[59.48851,36.32111],[59.4882,36.32129],[59.48788,36.32148],[59.48762,36.32163],[59.4873,36.32185],[59.4871,36.322],[59.48676,36.32227],[59.48673,36.32228],[59.4863,36.32254],[59.48566,36.32291],[59.48496,36.32331],[59.48484,36.32338],[59.48402,36.32384],[59.4835,36.32414],[59.48322,36.3243],[59.48298,36.32443],[59.4829,36.32449],[59.48278,36.32456],[59.48267,36.32463],[59.48212,36.32495],[59.4812,36.32549],[59.48084,36.32569],[59.4797,36.32639],[59.47927,36.32667],[59.47871,36.32705],[59.47808,36.32751],[59.47735,36.32805],[59.47714,36.32818],[59.4771,36.32822],[59.47671,36.32846],[59.47621,36.32872],[59.47593,36.32884],[59.47554,36.32898],[59.47503,36.32915],[59.47478,36.32924],[59.4746,36.32934],[59.47443,36.32947]]}},{"type":"Feature","properties":{"name":"میدان حکمت","minzoom":10},"geometry":{"type":"LineString","coordinates":[[59.48925,36.32086],[59.48921,36.32091],[59.48915,36.32095],[59.48909,36.32097]]}},{"type":"Feature","properties":{"name":"آزادراه کنارگذر شمالی مشهد","minzoom":9},"geometry":{"type":"LineString","coordinates":[[59.77045,36.19949],[59.77034,36.1994]]}},{"type":"Feature","properties":{"name":"آزادراه کنارگذر شمالی مشهد","minzoom":9},"geometry":{"type":"LineString","coordinates":[[59.77078,36.19936],[59.77089,36.19945]]}},{"type":"Feature","properties":{"name":"آزادراه کنارگذر شمالی مشهد","minzoom":9},"geometry":{"type":"LineString","coordinates":[[59.77089,36.19945],[59.77171,36.2001]]}},{"type":"Feature","properties":{"name":"آزادراه کنارگذر شمالی مشهد","minzoom":9},"geometry":{"type":"LineString","coordinates":[[59.77034,36.1994],[59.7636,36.19391],[59.75013,36.18293],[59.746,36.17957],[59.74217,36.1764],[59.7385,36.1731],[59.72478,36.1607]]}},{"type":"Feature","properties":{"name":"بولوار حر","minzoom":10},"geometry":{"type":"LineString","coordinates":[[59.6601,36.26913],[59.65991,36.26922],[59.65924,36.26949],[59.65899,36.2696],[59.65826,36.26986]]}},{"type":"Feature","properties":{"name":"بلوار حر","minzoom":10},"geometry":{"type":"LineString","coordinates":[[59.66043,36.26889],[59.66154,36.26845],[59.66397,36.26748],[59.66441,36.26731],[59.66612,36.26662],[59.66724,36.26616],[59.66743,36.26608],[59.66756,36.26603],[59.66765,36.26599],[59.66893,36.26547],[59.669,36.26544],[59.66936,36.2653],[59.67038,36.26489],[59.67089,36.26468],[59.67155,36.26442],[59.67211,36.26419],[59.67411,36.26338],[59.67603,36.2626],[59.6763,36.26248],[59.67655,36.26238],[59.67704,36.26217],[59.67737,36.26204],[59.67802,36.26177],[59.67829,36.26166],[59.67867,36.2615],[59.6802,36.26088],[59.68036,36.26081],[59.68074,36.26066],[59.6816,36.26031],[59.68419,36.25923],[59.68446,36.25912],[59.68503,36.25888],[59.68553,36.25868],[59.68638,36.25835],[59.68698,36.25811],[59.68764,36.25784],[59.68826,36.25759],[59.6884,36.25753],[59.68926,36.25716]]}},{"type":"Feature","properties":{"name":"بولوار حر","minzoom":10},"geometry":{"type":"LineString","coordinates":[[59.65822,36.26978],[59.65894,36.26951],[59.65918,36.26942],[59.6597,36.2692],[59.65986,36.26913],[59.66006,36.26905]]}},{"type":"Feature","properties":{"name":"بلوار حر","minzoom":10},"geometry":{"type":"LineString","coordinates":[[59.70537,36.25077],[59.70482,36.25093],[59.70282,36.25175],[59.69879,36.25339],[59.69813,36.25366],[59.69612,36.25446],[59.6943,36.25521],[59.69409,36.25529],[59.69388,36.25538],[59.69176,36.25624],[59.68933,36.25727]]}},{"type":"Feature","properties":{"name":"بلوار حر","minzoom":10},"geometry":{"type":"LineString","coordinates":[[59.68933,36.25727],[59.68877,36.25752],[59.68836,36.25768],[59.6877,36.25795],[59.6875,36.25804],[59.68706,36.25822],[59.68596,36.25864],[59.6851,36.25899],[59.68445,36.25928],[59.68426,36.25935],[59.68332,36.25974],[59.68283,36.25994],[59.68239,36.26012],[59.6815,36.26048],[59.68037,36.26094],[59.68028,36.26097],[59.67988,36.26114],[59.6795,36.26129],[59.6787,36.26162],[59.67807,36.26187],[59.67636,36.26257],[59.67565,36.26286],[59.675,36.26313],[59.6746,36.2633],[59.67439,36.26337],[59.6738,36.26361],[59.67318,36.26386],[59.6719,36.26438],[59.6713,36.26463],[59.67093,36.26478],[59.67062,36.2649],[59.67044,36.26498],[59.66941,36.2654],[59.669,36.26556],[59.66883,36.26563],[59.6678,36.26606],[59.66772,36.26609],[59.66763,36.26614],[59.66739,36.26624],[59.66618,36.26672],[59.66513,36.26715],[59.66495,36.26722],[59.66403,36.26759],[59.66049,36.269]]}},{"type":"Feature","properties":{"name":"بولوار پیروزی","minzoom":10},"geometry":{"type":"LineString","coordinates":[[59.48907,36.32054],[59.48929,36.32048],[59.48967,36.32029],[59.48997,36.32011],[59.4904,36.31985],[59.49095,36.31953],[59.49116,36.3194],[59.49139,36.31927],[59.49176,36.31904],[59.49225,36.31876],[59.49277,36.31845],[59.49304,36.31828],[59.49313,36.31823],[59.49327,36.31814],[59.49337,36.31807],[59.4936,36.31793],[59.49454,36.31734],[59.49483,36.31716],[59.49607,36.31637],[59.49663,36.31603],[59.49761,36.31545],[59.49852,36.31491],[59.49862,36.31485],[59.49893,36.31467],[59.49969,36.31422],[59.49988,36.31407]]}},{"type":"Feature","properties":{"name":"آزادراه کنارگذر شمالی مشهد","minzoom":9},"geometry":{"type":"LineString","coordinates":[[59.76207,36.27994],[59.76214,36.2798]]}},{"type":"Feature","properties":{"name":"آزادراه کنارگذر شمالی مشهد","minzoom":9},"geometry":{"type":"LineString","coordinates":[[59.76254,36.27974],[59.76246,36.27991]]}},{"type":"Feature","properties":{"name":"آزادراه کنارگذر شمالی مشهد","minzoom":9},"geometry":{"type":"LineString","coordinates":[[59.76214,36.2798],[59.76374,36.27655],[59.7642,36.27555]]}},{"type":"Feature","properties":{"name":"آزادراه کنارگذر شمالی مشهد","minzoom":9},"geometry":{"type":"LineString","coordinates":[[59.76246,36.27991],[59.7624,36.28003],[59.76129,36.28231],[59.75927,36.28648]]}},{"type":"Feature","properties":{"name":"جاده مشهد - فریمان","minzoom":9},"geometry":{"type":"LineString","coordinates":[[59.73991,36.11708],[59.74267,36.11268]]}},{"type":"Feature","properties":{"name":"نیشابور - مشهد","minzoom":9},"geometry":{"type":"LineString","coordinates":[[59.10058,36.06588],[59.10467,36.0624],[59.10715,36.06027],[59.1088,36.05886],[59.11032,36.05758],[59.11074,36.05722],[59.11206,36.05609],[59.11297,36.05535]]}},{"type":"Feature","properties":{"name":"شهید کاوه","minzoom":10},"geometry":{"type":"LineString","coordinates":[[59.55528,36.28586],[59.55257,36.28521],[59.55202,36.28513]]}},{"type":"Feature","properties":{"minzoom":10},"geometry":{"type":"LineString","coordinates":[[59.55552,36.28593],[59.55528,36.28586]]}},{"type":"Feature","properties":{"name":"منتظری به کاوه","minzoom":10},"geometry":{"type":"LineString","coordinates":[[59.55677,36.28674],[59.55664,36.28661],[59.55648,36.28647],[59.55624,36.2863],[59.55606,36.28615],[59.55583,36.28604],[59.55552,36.28593]]}},{"type":"Feature","properties":{"minzoom":10},"geometry":{"type":"LineString","coordinates":[[59.5571,36.28705],[59.55734,36.28753],[59.55772,36.28837],[59.55805,36.28902]]}},{"type":"Feature","properties":{"minzoom":10},"geometry":{"type":"LineString","coordinates":[[59.55531,36.28579],[59.55554,36.28585]]}},{"type":"Feature","properties":{"minzoom":10},"geometry":{"type":"LineString","coordinates":[[59.55683,36.28667],[59.55699,36.28684],[59.5571,36.28705]]}},{"type":"Feature","properties":{"name":"شهید کاوه","minzoom":10},"geometry":{"type":"LineString","coordinates":[[59.55207,36.28498],[59.5526,36.28513],[59.55531,36.28579]]}},{"type":"Feature","properties":{"minzoom":10},"geometry":{"type":"LineString","coordinates":[[59.55787,36.28901],[59.55763,36.28839],[59.55725,36.28756],[59.55701,36.28709]]}},{"type":"Feature","properties":{"name":"کاوه به منتظری","minzoom":10},"geometry":{"type":"LineString","coordinates":[[59.55554,36.28585],[59.55587,36.28598],[59.55611,36.28609],[59.55631,36.28623],[59.55655,36.28641],[59.55671,36.28656],[59.55683,36.28667]]}},{"type":"Feature","properties":{"minzoom":10},"geometry":{"type":"LineString","coordinates":[[59.55701,36.28709],[59.55692,36.2869],[59.55677,36.28674]]}},{"type":"Feature","properties":{"name":"جاده مشهد - فریمان","minzoom":9},"geometry":{"type":"LineString","coordinates":[[59.74267,36.11268],[59.74354,36.1113],[59.74462,36.10955],[59.74538,36.10841],[59.747,36.10599],[59.7474,36.1054],[59.74782,36.10473],[59.75307,36.0965],[59.75506,36.09344],[59.75603,36.09194],[59.7561,36.09182],[59.75836,36.08821],[59.76019,36.08539],[59.76166,36.08312],[59.76225,36.08222],[59.76235,36.08206],[59.76239,36.082],[59.76242,36.08194],[59.76316,36.08079],[59.76363,36.08003],[59.76404,36.07921],[59.76429,36.07863],[59.76448,36.0781],[59.76465,36.07754],[59.7648,36.077],[59.76493,36.07634]]}},{"type":"Feature","properties":{"name":"میدان شریعتی","minzoom":10},"geometry":{"type":"LineString","coordinates":[[59.58621,36.29127],[59.58615,36.29131],[59.58607,36.29133],[59.58599,36.29134]]}},{"type":"Feature","properties":{"name":"بولوار احمدآباد","minzoom":10},"geometry":{"type":"LineString","coordinates":[[59.58397,36.29252],[59.58284,36.29292],[59.58231,36.2931],[59.58132,36.2935],[59.58103,36.2936],[59.58089,36.29365],[59.58059,36.29376],[59.57956,36.29413],[59.57907,36.2943],[59.57842,36.29452],[59.57787,36.29471],[59.57729,36.29492],[59.57709,36.29501],[59.57684,36.29515],[59.57666,36.29525],[59.57609,36.29558],[59.57519,36.29611],[59.57492,36.29627],[59.57429,36.29663],[59.57416,36.29669],[59.57394,36.29684],[59.57341,36.29712],[59.57326,36.29719]]}},{"type":"Feature","properties":{"name":"بولوار ملک الشعرای بهار","minzoom":10},"geometry":{"type":"LineString","coordinates":[[59.60336,36.27383],[59.60315,36.27395],[59.60295,36.27415],[59.60258,36.27453],[59.60204,36.27507],[59.60141,36.2757],[59.60106,36.27605],[59.60033,36.27678],[59.59974,36.27737],[59.5994,36.27771],[59.5991,36.27802],[59.5975,36.27962],[59.59741,36.27971],[59.59608,36.28107],[59.59602,36.28113],[59.59592,36.28121]]}},{"type":"Feature","properties":{"name":"بولوار شهید کاوه","minzoom":10},"geometry":{"type":"LineString","coordinates":[[59.54444,36.28307],[59.54489,36.28325],[59.5456,36.28341],[59.54567,36.28343],[59.54809,36.28401],[59.54834,36.28408],[59.54876,36.28418],[59.54891,36.28422]]}},{"type":"Feature","properties":{"name":"بولوار شهید کاوه","minzoom":10},"geometry":{"type":"LineString","coordinates":[[59.53797,36.27507],[59.53801,36.27526],[59.53809,36.2754],[59.5383,36.27555],[59.53861,36.27572],[59.53901,36.276],[59.53935,36.27627],[59.53975,36.27664],[59.53998,36.2769],[59.54011,36.27706],[59.54036,36.27742],[59.54075,36.27806],[59.54111,36.2787],[59.54136,36.27932],[59.54154,36.27983],[59.54166,36.28021],[59.54189,36.28085],[59.542,36.28117],[59.54215,36.28146],[59.54236,36.28174],[59.54262,36.28198],[59.54354,36.28267],[59.54363,36.28274],[59.5438,36.28284],[59.54398,36.2829]]}},{"type":"Feature","properties":{"name":"بولوار امام خمینی","minzoom":10},"geometry":{"type":"LineString","coordinates":[[59.59913,36.28668],[59.59892,36.28632],[59.59852,36.28566],[59.5984,36.28547],[59.59776,36.28441],[59.59768,36.28435],[59.59759,36.28429]]}},{"type":"Feature","properties":{"name":"بزرگراه شهید قاسم سلیمانی","minzoom":9},"geometry":{"type":"LineString","coordinates":[[59.57727,36.2684],[59.57658,36.26875],[59.57532,36.26945],[59.57424,36.27007],[59.57278,36.27102],[59.57228,36.27135],[59.57169,36.27172]]}},{"type":"Feature","properties":{"name":"بزرگراه شهید قاسم سلیمانی","minzoom":9},"geometry":{"type":"LineString","coordinates":[[59.57714,36.2683],[59.57774,36.26793]]}},{"type":"Feature","properties":{"name":"ورودی بزرگراه شهید کلانتری","minzoom":9},"geometry":{"type":"LineString","coordinates":[[59.54013,36.31459],[59.54014,36.31437],[59.5401,36.31413],[59.54007,36.31397]]}},{"type":"Feature","properties":{"name":"بلوار جمهوری اسلامی","minzoom":10},"geometry":{"type":"LineString","coordinates":[[59.60442,36.26229],[59.60467,36.26203],[59.60504,36.26165],[59.60527,36.26142],[59.60659,36.26008],[59.60757,36.25909],[59.60766,36.25899],[59.60824,36.2584],[59.60868,36.25796],[59.60874,36.25789]]}},{"type":"Feature","properties":{"name":"بولوار سپهبد قرنی","minzoom":10},"geometry":{"type":"LineString","coordinates":[[59.58589,36.31652],[59.58577,36.31662],[59.5852,36.31712],[59.58471,36.31757],[59.58429,36.318],[59.58339,36.31883],[59.58297,36.31921],[59.58235,36.31976]]}},{"type":"Feature","properties":{"name":"میدان صاحب الزمان","minzoom":10},"geometry":{"type":"LineString","coordinates":[[59.26785,36.3898],[59.26778,36.38977],[59.26774,36.38975],[59.26768,36.38972],[59.26763,36.38968],[59.26755,36.38959],[59.26752,36.38954],[59.26751,36.38949],[59.26751,36.38944],[59.26752,36.38938],[59.26757,36.38934],[59.26761,36.38931],[59.26765,36.38929],[59.26774,36.38929],[59.26781,36.38929],[59.26787,36.38932],[59.26792,36.38934],[59.26801,36.38941],[59.26809,36.38948],[59.26812,36.38952],[59.26815,36.38957],[59.26815,36.38965],[59.26813,36.38969],[59.26812,36.38972],[59.26808,36.38976],[59.26803,36.38979],[59.26795,36.3898],[59.26785,36.3898]]}},{"type":"Feature","properties":{"name":"بولوار میلاد","minzoom":10},"geometry":{"type":"LineString","coordinates":[[59.26815,36.38957],[59.26841,36.38964],[59.26882,36.38973],[59.26938,36.38986],[59.27084,36.39037],[59.27161,36.39068],[59.27228,36.39087],[59.27248,36.39093],[59.2729,36.39106],[59.27332,36.39118],[59.27379,36.39128],[59.27427,36.39133],[59.2747,36.39138],[59.27516,36.39139],[59.27609,36.39136],[59.27652,36.39137],[59.27699,36.39142],[59.27741,36.39146],[59.27773,36.39153],[59.27806,36.39164],[59.27875,36.39185],[59.27924,36.39195],[59.28033,36.39202],[59.28144,36.39212],[59.28209,36.39219],[59.28272,36.39232],[59.28408,36.39264],[59.28481,36.39278],[59.2852,36.39285],[59.28535,36.39285],[59.2855,36.39283],[59.28582,36.39277]]}},{"type":"Feature","properties":{"name":"بولوار میلاد","minzoom":10},"geometry":{"type":"LineString","coordinates":[[59.28606,36.393],[59.28552,36.39298],[59.28511,36.39293],[59.28471,36.39286],[59.28392,36.39272],[59.28277,36.39244],[59.28227,36.39233],[59.28175,36.39225],[59.28107,36.39219],[59.28071,36.39215],[59.28012,36.39209],[59.27961,36.39207],[59.27913,36.39203],[59.27881,36.39197],[59.27833,36.39183],[59.27798,36.39172],[59.27766,36.39162],[59.27737,36.39156],[59.27694,36.39152],[59.27651,36.39146],[59.27618,36.39146],[59.27591,36.39146],[59.2755,36.39147],[59.27497,36.39148],[59.27467,36.39147],[59.27419,36.39142],[59.27376,36.39136],[59.27333,36.39128],[59.27292,36.39118],[59.27241,36.39102],[59.27177,36.39083],[59.27145,36.39072],[59.27079,36.39045],[59.26934,36.38995],[59.26878,36.38984],[59.26837,36.38977],[59.26829,36.38976],[59.26808,36.38976]]}},{"type":"Feature","properties":{"name":"بولوار امام خمینی","minzoom":10},"geometry":{"type":"LineString","coordinates":[[59.59578,36.2812],[59.59526,36.28036],[59.59518,36.28022],[59.59482,36.27965],[59.59447,36.27905],[59.59393,36.27815],[59.5931,36.27678],[59.59288,36.27642],[59.59287,36.2764],[59.59235,36.27557],[59.59223,36.27543],[59.59197,36.27533]]}},{"type":"Feature","properties":{"name":"بولوار امام خمینی","minzoom":10},"geometry":{"type":"LineString","coordinates":[[59.59592,36.28121],[59.59609,36.28148],[59.59615,36.28158],[59.59637,36.28194],[59.59648,36.28213],[59.59745,36.28375],[59.5975,36.28382],[59.59758,36.2839]]}},{"type":"Feature","properties":{"name":"بولوار امام خمینی","minzoom":10},"geometry":{"type":"LineString","coordinates":[[59.60205,36.29147],[59.60194,36.2913],[59.60153,36.29062],[59.60102,36.28974]]}},{"type":"Feature","properties":{"minzoom":9},"geometry":{"type":"LineString","coordinates":[[59.73807,36.09173],[59.73811,36.09165]]}},{"type":"Feature","properties":{"minzoom":9},"geometry":{"type":"LineString","coordinates":[[59.73829,36.0917],[59.73825,36.09179]]}},{"type":"Feature","properties":{"name":"آزادراه شهید شوشتری","minzoom":9},"geometry":{"type":"LineString","coordinates":[[59.73825,36.09179],[59.73621,36.09611],[59.73403,36.10086],[59.73336,36.10251],[59.73266,36.1044],[59.73198,36.1062],[59.73134,36.10818],[59.72994,36.11286],[59.7292,36.11533]]}},{"type":"Feature","properties":{"name":"خیابان امام رضا علیه السلام","minzoom":10},"geometry":{"type":"LineString","coordinates":[[59.59916,36.26823],[59.59927,36.26863]]}},{"type":"Feature","properties":{"name":"کنارگذر بزرگراه شهید قاسم سلیمانی","minzoom":10},"geometry":{"type":"LineString","coordinates":[[59.57351,36.27084],[59.57325,36.27106],[59.57308,36.27117],[59.57297,36.27125],[59.57239,36.27165],[59.5722,36.27175],[59.57204,36.27182],[59.5719,36.27184],[59.57175,36.27185],[59.57162,36.27193],[59.57142,36.27207],[59.57121,36.27224],[59.5711,36.27231],[59.571,36.27235],[59.57084,36.27239],[59.57036,36.27246],[59.57017,36.27251],[59.56986,36.2726],[59.56972,36.27265],[59.5695,36.27275],[59.56891,36.27276],[59.56797,36.27281],[59.56766,36.27283],[59.56549,36.27296],[59.56453,36.27301],[59.56342,36.2731],[59.56155,36.27319],[59.55936,36.27329],[59.55861,36.27333]]}},{"type":"Feature","properties":{"name":"میدان امام حسین","minzoom":10},"geometry":{"type":"LineString","coordinates":[[59.625,36.32651],[59.62519,36.32662],[59.62531,36.32678],[59.62535,36.32696],[59.62529,36.32714]]}},{"type":"Feature","properties":{"name":"میدان امام حسین","minzoom":10},"geometry":{"type":"LineString","coordinates":[[59.62316,36.32821],[59.62299,36.32815],[59.62283,36.32803],[59.62275,36.32784],[59.62275,36.32763]]}},{"type":"Feature","properties":{"name":"بزرگراه شهید چراغچی","minzoom":9},"geometry":{"type":"LineString","coordinates":[[59.61819,36.33043],[59.61692,36.33106],[59.61215,36.33344],[59.60572,36.33668],[59.60481,36.33714],[59.60411,36.33745],[59.60125,36.33874],[59.60022,36.33919],[59.59636,36.34093],[59.59041,36.34357],[59.58756,36.34488],[59.58677,36.34527],[59.58414,36.34665],[59.58216,36.3477],[59.5819,36.34785],[59.58104,36.34832],[59.58037,36.34862],[59.57991,36.3488],[59.57853,36.34932],[59.57661,36.3498],[59.57521,36.34999],[59.57382,36.35003],[59.57268,36.35004],[59.57167,36.34994],[59.57059,36.34978],[59.56959,36.34958],[59.56851,36.34927],[59.567,36.34882],[59.56633,36.34859],[59.56571,36.34838],[59.56521,36.34822],[59.56485,36.34812],[59.56441,36.34802],[59.5639,36.34794],[59.56317,36.34785],[59.56242,36.34778],[59.55926,36.34725]]}},{"type":"Feature","properties":{"name":"میدان امام حسین","minzoom":10},"geometry":{"type":"LineString","coordinates":[[59.62529,36.32714],[59.6252,36.32736]]}},{"type":"Feature","properties":{"name":"بزرگراه شهید میرزائی","minzoom":9},"geometry":{"type":"LineString","coordinates":[[59.618,36.3302],[59.62166,36.32842],[59.62652,36.3261],[59.62968,36.32456]]}},{"type":"Feature","properties":{"minzoom":10},"geometry":{"type":"LineString","coordinates":[[59.46315,36.32831],[59.46336,36.328]]}},{"type":"Feature","properties":{"name":"بولوار ۲۲ بهمن","minzoom":10},"geometry":{"type":"LineString","coordinates":[[59.62622,36.33757],[59.62608,36.33766],[59.62593,36.33777],[59.6258,36.33794],[59.62554,36.33832],[59.62531,36.3387],[59.6252,36.33892],[59.62498,36.33959],[59.6249,36.33993],[59.62488,36.34012],[59.62486,36.34057],[59.62487,36.34073],[59.62491,36.341],[59.62497,36.34128],[59.62503,36.34155],[59.62511,36.34182],[59.62515,36.34193],[59.62523,36.34213],[59.62527,36.34222],[59.62564,36.34313],[59.62585,36.34367],[59.62607,36.34424],[59.62612,36.3444],[59.6262,36.34464],[59.62634,36.34502],[59.62639,36.34513],[59.62658,36.34563],[59.62673,36.34601],[59.6268,36.34618],[59.62694,36.3465],[59.62709,36.34678],[59.62715,36.3469],[59.62716,36.34692],[59.62738,36.34728],[59.62766,36.3477],[59.62769,36.34773],[59.62779,36.34789],[59.62814,36.34839],[59.62892,36.34951],[59.62951,36.35036],[59.62977,36.35076],[59.63004,36.35127],[59.63027,36.35173],[59.63043,36.35219],[59.63108,36.35417],[59.63126,36.35476],[59.63158,36.35528],[59.63173,36.35568],[59.6318,36.35588]]}},{"type":"Feature","properties":{"name":"جاده مشهد - کلات","minzoom":10},"geometry":{"type":"LineString","coordinates":[[59.68508,36.48239],[59.68455,36.48213],[59.68089,36.48042],[59.67831,36.47918],[59.6779,36.47899],[59.67749,36.47878],[59.67703,36.47851],[59.67653,36.4782],[59.67596,36.47779],[59.67547,36.47739],[59.67508,36.47701],[59.67502,36.47696]]}},{"type":"Feature","properties":{"name":"جاده مشهد - کلات","minzoom":10},"geometry":{"type":"LineString","coordinates":[[59.68566,36.48266],[59.68508,36.48239]]}},{"type":"Feature","properties":{"name":"جاده مشهد - کلات","minzoom":10},"geometry":{"type":"LineString","coordinates":[[59.68524,36.48229],[59.68582,36.48256]]}},{"type":"Feature","properties":{"name":"جاده مشهد - کلات","minzoom":10},"geometry":{"type":"LineString","coordinates":[[59.68582,36.48256],[59.68641,36.48286],[59.68935,36.48422],[59.69064,36.48496]]}},{"type":"Feature","properties":{"name":"میدان امام علی","minzoom":9},"geometry":{"type":"LineString","coordinates":[[59.5212,36.34537],[59.52115,36.34527],[59.52114,36.34515],[59.52116,36.34504]]}},{"type":"Feature","properties":{"name":"میدان امام علی","minzoom":9},"geometry":{"type":"LineString","coordinates":[[59.52322,36.34569],[59.52279,36.34573],[59.52204,36.34566]]}},{"type":"Feature","properties":{"name":"میدان امام علی","minzoom":9},"geometry":{"type":"LineString","coordinates":[[59.52116,36.34504],[59.52122,36.34493],[59.5213,36.34484],[59.52152,36.34473]]}},{"type":"Feature","properties":{"name":"بولوار سعیدی","minzoom":10},"geometry":{"type":"LineString","coordinates":[[59.28606,36.393],[59.28595,36.39293],[59.28587,36.39286],[59.28582,36.39277],[59.28584,36.39268],[59.28587,36.39259],[59.28592,36.39251],[59.28604,36.39243],[59.2862,36.39238],[59.28642,36.39237],[59.28655,36.3924],[59.28661,36.39245],[59.28674,36.39256],[59.28693,36.39281],[59.28702,36.39288],[59.28715,36.39294],[59.28828,36.39323],[59.28959,36.39358],[59.29034,36.39378],[59.29049,36.39377]]}},{"type":"Feature","properties":{"minzoom":9},"geometry":{"type":"LineString","coordinates":[[59.35541,36.41316],[59.3551,36.41306]]}},{"type":"Feature","properties":{"name":"میدان فردوسی","minzoom":9},"geometry":{"type":"LineString","coordinates":[[59.33408,36.40167],[59.33402,36.40179],[59.33388,36.40188],[59.33375,36.4019],[59.33367,36.40189],[59.33357,36.40188],[59.33344,36.40185],[59.33333,36.40179],[59.33323,36.40172],[59.33315,36.40163],[59.33311,36.40155],[59.33309,36.40152],[59.33308,36.40138],[59.33314,36.40126],[59.33328,36.40117],[59.33344,36.40115],[59.33359,36.40117],[59.33372,36.40121],[59.33383,36.40126],[59.33393,36.40133],[59.33401,36.40142],[59.33407,36.40153],[59.33408,36.40167]]}},{"type":"Feature","properties":{"name":"میدان امام خمینی","minzoom":10},"geometry":{"type":"LineString","coordinates":[[59.29074,36.39384],[59.29075,36.39388],[59.29074,36.39392],[59.29072,36.39395],[59.29068,36.39398],[59.29064,36.394],[59.29059,36.39401],[59.29054,36.394],[59.29049,36.39399],[59.29045,36.39396],[59.29043,36.39392],[59.29042,36.39388],[59.29043,36.39384],[59.29045,36.3938],[59.29049,36.39377],[59.29053,36.39375],[59.29058,36.39375],[59.29063,36.39375],[59.29068,36.39377],[59.29071,36.3938],[59.29074,36.39384]]}},{"type":"Feature","properties":{"name":"بلوار امام رضا","minzoom":9},"geometry":{"type":"LineString","coordinates":[[59.33407,36.40153],[59.33429,36.40185],[59.33432,36.40189],[59.33453,36.40203],[59.33549,36.40265],[59.33562,36.40274],[59.33613,36.40309],[59.33671,36.40351],[59.33754,36.40411],[59.33899,36.40515],[59.33992,36.40579],[59.34149,36.40684],[59.34178,36.40703],[59.34188,36.40709],[59.34196,36.40715],[59.34333,36.40802],[59.3436,36.4082],[59.3456,36.40952],[59.34581,36.40966],[59.34608,36.40983],[59.34637,36.40998],[59.34827,36.41084],[59.34863,36.41102],[59.34891,36.41118],[59.35021,36.4121],[59.35051,36.41231],[59.35071,36.41242],[59.35092,36.41251],[59.35115,36.41257],[59.35143,36.41261],[59.35164,36.41263],[59.35175,36.41263],[59.35278,36.41265],[59.35318,36.41265],[59.35331,36.41265],[59.35351,36.41265],[59.35386,36.41267],[59.35425,36.4127],[59.35481,36.41281],[59.35517,36.41292]]}},{"type":"Feature","properties":{"name":"بولوار امام رضا","minzoom":10},"geometry":{"type":"LineString","coordinates":[[59.30944,36.39608],[59.30968,36.39617],[59.30985,36.3962],[59.3101,36.39623],[59.31031,36.39623],[59.31064,36.39622],[59.31092,36.39619],[59.31132,36.39611],[59.31206,36.39597],[59.31254,36.39591],[59.3129,36.39592],[59.31325,36.39593],[59.3136,36.39595],[59.3142,36.39601],[59.31474,36.3961],[59.31516,36.39617],[59.31555,36.39624],[59.316,36.39632],[59.31618,36.39635],[59.31637,36.39639],[59.31655,36.39641],[59.31675,36.39642],[59.31699,36.39641],[59.31728,36.39638],[59.31755,36.39634],[59.31797,36.39628],[59.31842,36.39627],[59.31882,36.39629],[59.31887,36.3963],[59.32079,36.39643],[59.32128,36.39647],[59.32152,36.39651],[59.32156,36.39652],[59.32175,36.39658],[59.32212,36.39671],[59.32336,36.39718],[59.32429,36.39755],[59.32439,36.39759]]}},{"type":"Feature","properties":{"name":"بولوار امام رضا","minzoom":10},"geometry":{"type":"LineString","coordinates":[[59.33309,36.40152],[59.33295,36.40132],[59.33277,36.40112],[59.33204,36.40067],[59.33127,36.40019],[59.33079,36.39992],[59.33046,36.39975],[59.33003,36.3996],[59.32947,36.39944],[59.32883,36.39928],[59.32672,36.39869],[59.32643,36.3986],[59.32596,36.39845],[59.32557,36.3983],[59.32512,36.3981],[59.32464,36.39788],[59.32429,36.39773]]}},{"type":"Feature","properties":{"name":"بولوار سعیدی","minzoom":10},"geometry":{"type":"LineString","coordinates":[[59.29043,36.39392],[59.29031,36.39384],[59.28753,36.39311],[59.28693,36.39301],[59.28606,36.393]]}},{"type":"Feature","properties":{"minzoom":9},"geometry":{"type":"LineString","coordinates":[[59.40497,36.32334],[59.40484,36.3233],[59.4047,36.32321],[59.40463,36.32308],[59.40462,36.32294],[59.40466,36.32285]]}},{"type":"Feature","properties":{"name":"نیشابور - ملک آباد - مشهد","minzoom":9},"geometry":{"type":"LineString","coordinates":[[59.6271,36.17614],[59.62705,36.17649],[59.62687,36.17733],[59.62667,36.17818],[59.62651,36.17882],[59.62609,36.18035],[59.62535,36.18298],[59.62495,36.18447]]}},{"type":"Feature","properties":{"name":"نیشابور - ملک آباد - مشهد","minzoom":9},"geometry":{"type":"LineString","coordinates":[[59.62712,36.17599],[59.6271,36.17614]]}},{"type":"Feature","properties":{"name":"نیشابور - ملک آباد - مشهد","minzoom":9},"geometry":{"type":"LineString","coordinates":[[59.62374,36.1918],[59.62383,36.193]]}},{"type":"Feature","properties":{"name":"نیشابور - ملک آباد - مشهد","minzoom":9},"geometry":{"type":"LineString","coordinates":[[59.62679,36.17069],[59.62696,36.17135],[59.62707,36.17222],[59.62718,36.17336],[59.6272,36.17378],[59.6272,36.1742],[59.6272,36.17477],[59.62717,36.17546],[59.62712,36.17599]]}},{"type":"Feature","properties":{"name":"آزادراه کنارگذر شمالی مشهد","minzoom":9},"geometry":{"type":"LineString","coordinates":[[59.7804,36.21033],[59.78074,36.21117],[59.78107,36.21213],[59.78133,36.21307],[59.78155,36.21399],[59.78169,36.21484],[59.78184,36.21598],[59.7819,36.21692],[59.78192,36.2179],[59.78188,36.21887],[59.78179,36.21985],[59.78166,36.2208],[59.77895,36.23521],[59.77834,36.23834]]}},{"type":"Feature","properties":{"name":"آزادراه کنارگذر شمالی مشهد","minzoom":9},"geometry":{"type":"LineString","coordinates":[[59.778,36.23829],[59.77861,36.23517],[59.78134,36.22077],[59.78148,36.21983],[59.78156,36.21886],[59.7816,36.2179],[59.78158,36.21694],[59.78152,36.21599],[59.78138,36.21486],[59.78124,36.21402],[59.78101,36.2131],[59.78074,36.21218],[59.78042,36.21124],[59.78016,36.21058]]}},{"type":"Feature","properties":{"name":"آزادراه کنارگذر شمالی مشهد","minzoom":9},"geometry":{"type":"LineString","coordinates":[[59.42249,36.50369],[59.41753,36.50155],[59.41434,36.50017],[59.41165,36.49897],[59.40975,36.49802],[59.4083,36.49724],[59.40715,36.49659],[59.40609,36.49596],[59.40529,36.49545]]}},{"type":"Feature","properties":{"name":"آزادراه کنارگذر شمالی مشهد","minzoom":9},"geometry":{"type":"LineString","coordinates":[[59.52743,36.49602],[59.53381,36.49353],[59.53557,36.49284],[59.53742,36.4922],[59.53962,36.4915],[59.54124,36.49109],[59.54284,36.49067],[59.54433,36.49033],[59.54651,36.4899],[59.54812,36.48963],[59.54939,36.48944],[59.55101,36.48924],[59.55225,36.48911],[59.55366,36.489],[59.55368,36.489],[59.55513,36.4889],[59.55773,36.48883],[59.55797,36.48882]]}},{"type":"Feature","properties":{"name":"آزادراه کنارگذر شمالی مشهد","minzoom":9},"geometry":{"type":"LineString","coordinates":[[59.74437,36.31715],[59.74367,36.31863],[59.7434,36.31917],[59.74309,36.31987],[59.7425,36.32132],[59.74219,36.32208],[59.74193,36.32282],[59.74142,36.32447],[59.74121,36.32517],[59.74099,36.32604],[59.74071,36.32734],[59.74046,36.32859],[59.74032,36.32949],[59.74019,36.33036],[59.74,36.33212],[59.73997,36.33293],[59.7399,36.33496],[59.73975,36.33984],[59.7396,36.34458],[59.73944,36.34967],[59.73871,36.37224]]}},{"type":"Feature","properties":{"name":"آزادراه کنارگذر شمالی مشهد","minzoom":9},"geometry":{"type":"LineString","coordinates":[[59.73838,36.37206],[59.7391,36.34967],[59.73926,36.34458],[59.7394,36.34015],[59.73957,36.33495],[59.73963,36.33292],[59.73975,36.33143],[59.73986,36.33034],[59.73999,36.32945],[59.74013,36.32855],[59.74038,36.3273],[59.74066,36.32599],[59.74089,36.32511],[59.7411,36.3244],[59.74161,36.32275],[59.74187,36.322],[59.74218,36.32124],[59.74277,36.31978],[59.74309,36.31908],[59.74336,36.31853],[59.74407,36.31705]]}},{"type":"Feature","properties":{"name":"آزادراه کنارگذر شمالی مشهد","minzoom":9},"geometry":{"type":"LineString","coordinates":[[59.77087,36.26183],[59.77091,36.26174]]}},{"type":"Feature","properties":{"name":"آزادراه کنارگذر شمالی مشهد","minzoom":9},"geometry":{"type":"LineString","coordinates":[[59.7441,36.31699],[59.75087,36.30301]]}},{"type":"Feature","properties":{"name":"آزادراه کنارگذر شمالی مشهد","minzoom":9},"geometry":{"type":"LineString","coordinates":[[59.77565,36.25045],[59.77562,36.25053]]}},{"type":"Feature","properties":{"name":"آزادراه کنارگذر شمالی مشهد","minzoom":9},"geometry":{"type":"LineString","coordinates":[[59.73692,36.41708],[59.73693,36.41699]]}},{"type":"Feature","properties":{"name":"آزادراه کنارگذر شمالی مشهد","minzoom":9},"geometry":{"type":"LineString","coordinates":[[59.75462,36.29605],[59.75458,36.29613]]}},{"type":"Feature","properties":{"name":"آزادراه کنارگذر شمالی مشهد","minzoom":9},"geometry":{"type":"LineString","coordinates":[[59.7753,36.25046],[59.77532,36.25037]]}},{"type":"Feature","properties":{"name":"آزادراه کنارگذر شمالی مشهد","minzoom":9},"geometry":{"type":"LineString","coordinates":[[59.78027,36.21003],[59.7804,36.21033]]}},{"type":"Feature","properties":{"name":"آزادراه کنارگذر شمالی مشهد","minzoom":9},"geometry":{"type":"LineString","coordinates":[[59.75458,36.29613],[59.75341,36.29854],[59.75175,36.30195]]}},{"type":"Feature","properties":{"name":"آزادراه کنارگذر شمالی مشهد","minzoom":9},"geometry":{"type":"LineString","coordinates":[[59.77125,36.26179],[59.77105,36.26221],[59.76947,36.26546]]}},{"type":"Feature","properties":{"name":"آزادراه کنارگذر شمالی مشهد","minzoom":9},"geometry":{"type":"LineString","coordinates":[[59.75125,36.303],[59.7444,36.31708]]}},{"type":"Feature","properties":{"name":"آزادراه کنارگذر شمالی مشهد","minzoom":9},"geometry":{"type":"LineString","coordinates":[[59.75927,36.28648],[59.75922,36.28657]]}},{"type":"Feature","properties":{"name":"آزادراه کنارگذر شمالی مشهد","minzoom":9},"geometry":{"type":"LineString","coordinates":[[59.42279,36.5035],[59.43291,36.50794],[59.45005,36.51527],[59.45248,36.51631]]}},{"type":"Feature","properties":{"name":"آزادراه کنارگذر شمالی مشهد","minzoom":9},"geometry":{"type":"LineString","coordinates":[[59.77799,36.23837],[59.778,36.23829]]}},{"type":"Feature","properties":{"name":"آزادراه کنارگذر شمالی مشهد","minzoom":9},"geometry":{"type":"LineString","coordinates":[[59.73871,36.37224],[59.7387,36.37233]]}},{"type":"Feature","properties":{"name":"آزادراه کنارگذر شمالی مشهد","minzoom":9},"geometry":{"type":"LineString","coordinates":[[59.7444,36.31708],[59.74437,36.31715]]}},{"type":"Feature","properties":{"name":"آزادراه کنارگذر شمالی مشهد","minzoom":9},"geometry":{"type":"LineString","coordinates":[[59.75892,36.28647],[59.75896,36.28638]]}},{"type":"Feature","properties":{"name":"آزادراه کنارگذر شمالی مشهد","minzoom":9},"geometry":{"type":"LineString","coordinates":[[59.77212,36.20042],[59.77375,36.20176],[59.77483,36.20268],[59.77592,36.20375],[59.77671,36.2046],[59.77754,36.20557],[59.77808,36.20631],[59.77855,36.20699],[59.77884,36.20742],[59.77917,36.20794],[59.77966,36.20882],[59.77997,36.2094],[59.78027,36.21003]]}},{"type":"Feature","properties":{"name":"آزادراه کنارگذر شمالی مشهد","minzoom":9},"geometry":{"type":"LineString","coordinates":[[59.73619,36.43498],[59.73617,36.43507]]}},{"type":"Feature","properties":{"name":"آزادراه کنارگذر شمالی مشهد","minzoom":9},"geometry":{"type":"LineString","coordinates":[[59.75431,36.29599],[59.75435,36.2959]]}},{"type":"Feature","properties":{"name":"آزادراه کنارگذر شمالی مشهد","minzoom":9},"geometry":{"type":"LineString","coordinates":[[59.7642,36.27555],[59.7644,36.27514]]}},{"type":"Feature","properties":{"name":"آزادراه کنارگذر شمالی مشهد","minzoom":9},"geometry":{"type":"LineString","coordinates":[[59.7692,36.26527],[59.76925,36.26519]]}},{"type":"Feature","properties":{"name":"آزادراه کنارگذر شمالی مشهد","minzoom":9},"geometry":{"type":"LineString","coordinates":[[59.42262,36.50375],[59.42249,36.50369]]}},{"type":"Feature","properties":{"name":"آزادراه کنارگذر شمالی مشهد","minzoom":9},"geometry":{"type":"LineString","coordinates":[[59.73837,36.37218],[59.73838,36.37206]]}},{"type":"Feature","properties":{"name":"آزادراه کنارگذر شمالی مشهد","minzoom":9},"geometry":{"type":"LineString","coordinates":[[59.75138,36.30197],[59.75211,36.30048],[59.75366,36.29732],[59.75431,36.29599]]}},{"type":"Feature","properties":{"name":"آزادراه کنارگذر شمالی مشهد","minzoom":9},"geometry":{"type":"LineString","coordinates":[[59.73581,36.43518],[59.73583,36.43506]]}},{"type":"Feature","properties":{"name":"آزادراه کنارگذر شمالی مشهد","minzoom":9},"geometry":{"type":"LineString","coordinates":[[59.75087,36.30301],[59.75138,36.30197]]}},{"type":"Feature","properties":{"name":"آزادراه کنارگذر شمالی مشهد","minzoom":9},"geometry":{"type":"LineString","coordinates":[[59.76472,36.27525],[59.76452,36.27565]]}},{"type":"Feature","properties":{"name":"آزادراه کنارگذر شمالی مشهد","minzoom":9},"geometry":{"type":"LineString","coordinates":[[59.42265,36.50344],[59.42279,36.5035]]}},{"type":"Feature","properties":{"name":"آزادراه کنارگذر شمالی مشهد","minzoom":9},"geometry":{"type":"LineString","coordinates":[[59.73693,36.41699],[59.73694,36.41658],[59.73732,36.40489]]}},{"type":"Feature","properties":{"name":"آزادراه کنارگذر شمالی مشهد","minzoom":9},"geometry":{"type":"LineString","coordinates":[[59.74407,36.31705],[59.7441,36.31699]]}},{"type":"Feature","properties":{"name":"آزادراه کنارگذر شمالی مشهد","minzoom":9},"geometry":{"type":"LineString","coordinates":[[59.75896,36.28638],[59.76172,36.28068],[59.76207,36.27994]]}},{"type":"Feature","properties":{"name":"آزادراه کنارگذر شمالی مشهد","minzoom":9},"geometry":{"type":"LineString","coordinates":[[59.5276,36.49627],[59.52739,36.49635]]}},{"type":"Feature","properties":{"name":"آزادراه کنارگذر شمالی مشهد","minzoom":9},"geometry":{"type":"LineString","coordinates":[[59.75435,36.2959],[59.75501,36.29455],[59.75515,36.29426],[59.75892,36.28647]]}},{"type":"Feature","properties":{"name":"آزادراه کنارگذر شمالی مشهد","minzoom":9},"geometry":{"type":"LineString","coordinates":[[59.76947,36.26546],[59.76942,36.26555]]}},{"type":"Feature","properties":{"name":"آزادراه کنارگذر شمالی مشهد","minzoom":9},"geometry":{"type":"LineString","coordinates":[[59.78016,36.21058],[59.78,36.21022]]}},{"type":"Feature","properties":{"name":"آزادراه کنارگذر شمالی مشهد","minzoom":9},"geometry":{"type":"LineString","coordinates":[[59.73728,36.417],[59.73727,36.41708]]}},{"type":"Feature","properties":{"name":"آزادراه کنارگذر شمالی مشهد","minzoom":9},"geometry":{"type":"LineString","coordinates":[[59.75175,36.30195],[59.75125,36.303]]}},{"type":"Feature","properties":{"name":"آزادراه کنارگذر شمالی مشهد","minzoom":9},"geometry":{"type":"LineString","coordinates":[[59.76925,36.26519],[59.77087,36.26183]]}},{"type":"Feature","properties":{"name":"آزادراه کنارگذر شمالی مشهد","minzoom":9},"geometry":{"type":"LineString","coordinates":[[59.77834,36.23834],[59.77832,36.23843]]}},{"type":"Feature","properties":{"name":"آزادراه کنارگذر شمالی مشهد","minzoom":9},"geometry":{"type":"LineString","coordinates":[[59.7387,36.37233],[59.73767,36.40457]]}},{"type":"Feature","properties":{"name":"آزادراه کنارگذر شمالی مشهد","minzoom":9},"geometry":{"type":"LineString","coordinates":[[59.77129,36.26171],[59.77125,36.26179]]}},{"type":"Feature","properties":{"name":"آزادراه کنارگذر شمالی مشهد","minzoom":9},"geometry":{"type":"LineString","coordinates":[[59.75922,36.28657],[59.75462,36.29605]]}},{"type":"Feature","properties":{"name":"آزادراه کنارگذر شمالی مشهد","minzoom":9},"geometry":{"type":"LineString","coordinates":[[59.49691,36.50852],[59.4955,36.50908],[59.49178,36.51058],[59.47631,36.51679],[59.47493,36.51726],[59.47339,36.51771],[59.47231,36.51797],[59.47114,36.51823],[59.47101,36.51825],[59.4704,36.51836],[59.46974,36.51847],[59.46822,36.51867],[59.46604,36.51883],[59.46412,36.51885],[59.46298,36.51881],[59.46156,36.51872],[59.46073,36.51863],[59.46029,36.51858],[59.45906,36.5184],[59.45793,36.51819],[59.45679,36.51795],[59.45561,36.51765],[59.45429,36.51726],[59.45299,36.51682]]}},{"type":"Feature","properties":{"name":"آزادراه کنارگذر شمالی مشهد","minzoom":9},"geometry":{"type":"LineString","coordinates":[[59.73617,36.43507],[59.73598,36.43576],[59.7358,36.43635],[59.73559,36.43695],[59.73536,36.4376],[59.73504,36.43839],[59.73476,36.43903],[59.73436,36.43986],[59.73402,36.44051],[59.73368,36.4411],[59.73325,36.44182],[59.73286,36.44243],[59.73249,36.44295],[59.73195,36.44369],[59.7315,36.44429],[59.73086,36.44504],[59.73039,36.44559],[59.72988,36.44613],[59.72941,36.44661],[59.72891,36.44709],[59.72816,36.44779],[59.72749,36.44837],[59.72645,36.44923],[59.72527,36.45021]]}},{"type":"Feature","properties":{"name":"آزادراه کنارگذر شمالی مشهد","minzoom":9},"geometry":{"type":"LineString","coordinates":[[59.7644,36.27514],[59.7673,36.26923],[59.76859,36.26655],[59.7692,36.26527]]}},{"type":"Feature","properties":{"name":"آزادراه کنارگذر شمالی مشهد","minzoom":9},"geometry":{"type":"LineString","coordinates":[[59.76942,36.26555],[59.76761,36.26933],[59.76532,36.27402],[59.76472,36.27525]]}},{"type":"Feature","properties":{"name":"آزادراه کنارگذر شمالی مشهد","minzoom":9},"geometry":{"type":"LineString","coordinates":[[59.76452,36.27565],[59.76406,36.27665],[59.76254,36.27974]]}},{"type":"Feature","properties":{"name":"آزادراه کنارگذر شمالی مشهد","minzoom":9},"geometry":{"type":"LineString","coordinates":[[59.78,36.21022],[59.77966,36.20947],[59.77937,36.20891],[59.77886,36.20803],[59.77855,36.20753],[59.77826,36.2071],[59.77779,36.20642],[59.77726,36.20571],[59.77644,36.20473],[59.77566,36.2039],[59.77459,36.20286],[59.77351,36.20194],[59.77221,36.2009]]}},{"type":"Feature","properties":{"name":"آزادراه کنارگذر شمالی مشهد","minzoom":9},"geometry":{"type":"LineString","coordinates":[[59.77532,36.25037],[59.77579,36.24877],[59.77629,36.24689],[59.77674,36.24493],[59.77707,36.24336],[59.77799,36.23837]]}},{"type":"Feature","properties":{"name":"آزادراه کنارگذر شمالی مشهد","minzoom":9},"geometry":{"type":"LineString","coordinates":[[59.77832,36.23843],[59.77741,36.24341],[59.77708,36.24498],[59.77662,36.24694],[59.77613,36.24883],[59.77565,36.25045]]}},{"type":"Feature","properties":{"name":"آزادراه کنارگذر شمالی مشهد","minzoom":9},"geometry":{"type":"LineString","coordinates":[[59.77091,36.26174],[59.77201,36.25936],[59.77272,36.2577],[59.77359,36.25552],[59.77401,36.2544],[59.77486,36.25188],[59.7753,36.25046]]}},{"type":"Feature","properties":{"name":"آزادراه کنارگذر شمالی مشهد","minzoom":9},"geometry":{"type":"LineString","coordinates":[[59.77562,36.25053],[59.77518,36.25195],[59.77433,36.25448],[59.77391,36.2556],[59.77304,36.25779],[59.77233,36.25945],[59.77129,36.26171]]}},{"type":"Feature","properties":{"name":"آزادراه کنارگذر شمالی مشهد","minzoom":9},"geometry":{"type":"LineString","coordinates":[[59.73583,36.43506],[59.73614,36.43361],[59.73626,36.43286],[59.73638,36.43198],[59.73645,36.43122],[59.7365,36.43023],[59.73654,36.42925],[59.73692,36.41708]]}},{"type":"Feature","properties":{"name":"آزادراه کنارگذر شمالی مشهد","minzoom":9},"geometry":{"type":"LineString","coordinates":[[59.73727,36.41708],[59.73727,36.41729],[59.73688,36.42926],[59.73685,36.43024],[59.7368,36.43123],[59.73673,36.43201],[59.73661,36.4329],[59.73648,36.43365],[59.73619,36.43498]]}},{"type":"Feature","properties":{"minzoom":10},"geometry":{"type":"LineString","coordinates":[[59.82927,36.14099],[59.82898,36.14124]]}},{"type":"Feature","properties":{"name":"میدان اروند","minzoom":9},"geometry":{"type":"LineString","coordinates":[[59.69138,36.27023],[59.69149,36.27017],[59.69165,36.27013],[59.69175,36.27012],[59.69182,36.27015],[59.69189,36.27019],[59.69192,36.27024],[59.69193,36.27031],[59.6919,36.27038],[59.69185,36.27044],[59.6918,36.2705],[59.69171,36.27057],[59.69159,36.27063],[59.69152,36.27065],[59.69143,36.27067],[59.69133,36.27067],[59.69126,36.27065],[59.6912,36.27061],[59.69117,36.27056],[59.69116,36.27049],[59.69119,36.27041],[59.69128,36.2703],[59.69138,36.27023]]}},{"type":"Feature","properties":{"name":"جاده سیمان","minzoom":10},"geometry":{"type":"LineString","coordinates":[[59.67607,36.39189],[59.67591,36.39135],[59.67575,36.39078],[59.67494,36.38825],[59.67458,36.38709],[59.67446,36.38677],[59.6744,36.38659],[59.67423,36.38606],[59.67405,36.3855],[59.67377,36.38464],[59.67357,36.38403],[59.6735,36.38384],[59.67334,36.38331],[59.67326,36.38303],[59.67306,36.38235],[59.67294,36.38194],[59.67287,36.38175],[59.67252,36.38072],[59.67237,36.3803],[59.67212,36.37958],[59.67201,36.37924],[59.67195,36.37906],[59.67179,36.37854],[59.67163,36.37806],[59.67147,36.37754],[59.67131,36.37702],[59.67098,36.37601]]}},{"type":"Feature","properties":{"name":"جاده میامی","minzoom":9},"geometry":{"type":"LineString","coordinates":[[59.69175,36.27012],[59.69192,36.27004],[59.6936,36.2692],[59.69419,36.26891],[59.69504,36.26853],[59.69535,36.2684],[59.69601,36.26813],[59.69735,36.26767],[59.69916,36.26719],[59.7002,36.26697],[59.70105,36.26682],[59.70252,36.26661],[59.70444,36.26641],[59.70669,36.26614],[59.70717,36.26608],[59.7081,36.26605],[59.71075,36.26602],[59.71125,36.26599],[59.71448,36.26577],[59.71524,36.26568],[59.71592,36.2656],[59.71657,36.26551],[59.71726,36.26537],[59.71836,36.26512],[59.71913,36.26492],[59.71993,36.26468],[59.72075,36.26442],[59.72173,36.26404],[59.72249,36.26371],[59.72344,36.26326],[59.72426,36.26285],[59.72502,36.26243],[59.72573,36.26197],[59.72663,36.2614],[59.7285,36.26016]]}},{"type":"Feature","properties":{"name":"بولوار رسالت","minzoom":10},"geometry":{"type":"LineString","coordinates":[[59.64065,36.32177],[59.6409,36.32224],[59.641,36.32243],[59.64106,36.32255],[59.64116,36.32275],[59.64136,36.3232],[59.64154,36.32363],[59.64171,36.32405],[59.64185,36.32451],[59.64211,36.32536],[59.64217,36.32551],[59.6423,36.32572],[59.64243,36.3259]]}},{"type":"Feature","properties":{"name":"بولوار رسالت","minzoom":10},"geometry":{"type":"LineString","coordinates":[[59.63909,36.31711],[59.63889,36.31664],[59.63885,36.31656],[59.63874,36.31629],[59.63868,36.31614],[59.63864,36.31605],[59.63853,36.31577],[59.63845,36.31555],[59.6384,36.31544],[59.63838,36.31538],[59.6382,36.31493],[59.63817,36.31483],[59.63796,36.31432],[59.63793,36.31425],[59.63774,36.31374],[59.63771,36.31366],[59.6375,36.31311],[59.63746,36.31303]]}},{"type":"Feature","properties":{"name":"خیابان هفده شهریور","minzoom":10},"geometry":{"type":"LineString","coordinates":[[59.61814,36.27423],[59.61831,36.27423],[59.61858,36.27423],[59.61883,36.27429],[59.61891,36.27435],[59.61897,36.27444],[59.61897,36.27453],[59.61894,36.27462],[59.61862,36.275],[59.61821,36.27554],[59.61812,36.27567],[59.61807,36.27573],[59.61801,36.27581],[59.61785,36.27606],[59.61784,36.2763]]}},{"type":"Feature","properties":{"name":"پل امام حسین","minzoom":10},"geometry":{"type":"LineString","coordinates":[[59.62442,36.32984],[59.62408,36.32827],[59.62389,36.32739],[59.6238,36.32709],[59.62365,36.32671],[59.62304,36.32565]]}},{"type":"Feature","properties":{"name":"پل امام حسین","minzoom":10},"geometry":{"type":"LineString","coordinates":[[59.62315,36.32559],[59.62343,36.32613],[59.62375,36.32668],[59.62393,36.32708],[59.62399,36.32735],[59.62419,36.32825],[59.62453,36.32982]]}},{"type":"Feature","properties":{"name":"آیت الله عبادی","minzoom":10},"geometry":{"type":"LineString","coordinates":[[59.62214,36.32395],[59.62315,36.32559]]}},{"type":"Feature","properties":{"name":"بولوار خواجه ربیع","minzoom":10},"geometry":{"type":"LineString","coordinates":[[59.62483,36.33188],[59.62478,36.33149],[59.62442,36.32984]]}},{"type":"Feature","properties":{"name":"بولوار خواجه ربیع","minzoom":10},"geometry":{"type":"LineString","coordinates":[[59.62453,36.32982],[59.62484,36.33127],[59.62498,36.33165]]}},{"type":"Feature","properties":{"name":"کمربندی چناران","minzoom":9},"geometry":{"type":"LineString","coordinates":[[59.16166,36.61698],[59.16145,36.61699],[59.16055,36.61735],[59.15946,36.61764],[59.15877,36.61773],[59.15795,36.61778],[59.15716,36.61776],[59.15637,36.61767],[59.15546,36.61749],[59.1548,36.61728],[59.15381,36.6169],[59.15294,36.61641],[59.15229,36.61601],[59.15166,36.61557],[59.15134,36.61534],[59.15113,36.61518],[59.15089,36.61502],[59.14888,36.6136],[59.14812,36.61309],[59.14744,36.61268],[59.14671,36.61226],[59.14602,36.61189],[59.14543,36.61161],[59.14487,36.61137],[59.14428,36.61113],[59.1436,36.61086],[59.14271,36.61055],[59.14193,36.6103],[59.14101,36.61004],[59.14018,36.60985],[59.13945,36.6097],[59.13838,36.60952],[59.13744,36.6094],[59.13645,36.6093],[59.1356,36.60925],[59.13409,36.60923],[59.13264,36.60927],[59.13175,36.60933],[59.13095,36.60942],[59.13017,36.60952],[59.12966,36.60961],[59.12835,36.6099],[59.12723,36.61018],[59.12635,36.61044],[59.12541,36.61076],[59.12436,36.61111],[59.12057,36.61249],[59.11848,36.61321],[59.11727,36.61365],[59.11615,36.61405],[59.11579,36.61419],[59.11413,36.61478]]}},{"type":"Feature","properties":{"name":"بولوار حر","minzoom":10},"geometry":{"type":"LineString","coordinates":[[59.65596,36.27067],[59.65822,36.26978]]}},{"type":"Feature","properties":{"name":"بولوار حر","minzoom":10},"geometry":{"type":"LineString","coordinates":[[59.65826,36.26986],[59.65602,36.27076]]}},{"type":"Feature","properties":{"minzoom":9},"geometry":{"type":"LineString","coordinates":[[59.6601,36.29198],[59.66005,36.29177]]}},{"type":"Feature","properties":{"minzoom":9},"geometry":{"type":"LineString","coordinates":[[59.66032,36.29172],[59.66038,36.29192]]}},{"type":"Feature","properties":{"name":"بزرگراه شهید بابانظر","minzoom":9},"geometry":{"type":"LineString","coordinates":[[59.66038,36.29192],[59.66075,36.29318],[59.66126,36.29497],[59.66166,36.29629],[59.66179,36.29668],[59.66194,36.29705],[59.66209,36.29735],[59.66214,36.29745],[59.66221,36.29757],[59.66238,36.29781],[59.66258,36.2981],[59.6629,36.29849],[59.66319,36.29882],[59.66387,36.29954],[59.66441,36.30018],[59.66449,36.30028],[59.66484,36.30071],[59.66525,36.30122],[59.66542,36.30146],[59.66559,36.30185],[59.66573,36.30222],[59.66579,36.30265],[59.66579,36.30302],[59.66575,36.30337],[59.66568,36.30361],[59.66557,36.30389],[59.66539,36.30424],[59.66516,36.30452],[59.66494,36.30476],[59.66469,36.30499],[59.6644,36.3052],[59.66414,36.30536],[59.66376,36.30559],[59.65916,36.30833]]}},{"type":"Feature","properties":{"name":"بزرگراه شهید بابانظر","minzoom":9},"geometry":{"type":"LineString","coordinates":[[59.66005,36.29177],[59.65956,36.29016],[59.65934,36.28941],[59.65898,36.28834],[59.65862,36.28732],[59.6583,36.28654],[59.65773,36.2852],[59.65728,36.28416],[59.65611,36.28149],[59.65572,36.28044],[59.6556,36.28007],[59.65548,36.27966],[59.65544,36.2792],[59.65541,36.27882],[59.65541,36.27849],[59.65547,36.27807]]}},{"type":"Feature","properties":{"minzoom":10},"geometry":{"type":"LineString","coordinates":[[59.15827,36.61793],[59.15848,36.61733]]}},{"type":"Feature","properties":{"name":"کمربندی چناران","minzoom":9},"geometry":{"type":"LineString","coordinates":[[59.11403,36.6146],[59.11454,36.61442],[59.11568,36.61401],[59.1173,36.61344],[59.11955,36.61262],[59.1225,36.61158],[59.12426,36.61095],[59.12612,36.61031],[59.1267,36.61012],[59.12799,36.60977],[59.12894,36.60958],[59.1303,36.60934],[59.13136,36.6092],[59.1325,36.6091],[59.1331,36.60908],[59.13358,36.60907],[59.1341,36.60906],[59.13562,36.60908],[59.13649,36.60913],[59.13746,36.60922],[59.1384,36.60934],[59.13952,36.60954],[59.14025,36.60968],[59.14111,36.60988],[59.142,36.61013],[59.14281,36.61038],[59.14369,36.61069],[59.14439,36.61097],[59.145,36.61123],[59.14557,36.61147],[59.14615,36.61175],[59.14687,36.61213],[59.14829,36.61297],[59.14907,36.61348],[59.15167,36.61534],[59.15189,36.61549],[59.15223,36.61573],[59.15232,36.61579],[59.15289,36.61616],[59.15358,36.61657],[59.1543,36.61691],[59.155,36.61717],[59.15583,36.61738],[59.15665,36.61753],[59.15714,36.61758],[59.15796,36.61761],[59.15877,36.61757],[59.15948,36.61746],[59.16011,36.61732],[59.16102,36.61705],[59.16189,36.61665],[59.16403,36.61556]]}},{"type":"Feature","properties":{"name":"بولوار توس","minzoom":10},"geometry":{"type":"LineString","coordinates":[[59.50884,36.40099],[59.50882,36.401],[59.50857,36.40122],[59.50855,36.40125],[59.50847,36.40132],[59.5084,36.40139],[59.50797,36.40178],[59.50702,36.40262],[59.50672,36.40289],[59.50645,36.40313],[59.50542,36.40403],[59.50452,36.40484]]}},{"type":"Feature","properties":{"name":"بولوار توس","minzoom":10},"geometry":{"type":"LineString","coordinates":[[59.50893,36.40072],[59.50899,36.40066],[59.50925,36.40044],[59.50931,36.40039],[59.5114,36.39853],[59.51334,36.39679],[59.51484,36.39544],[59.51538,36.39494],[59.5166,36.39389],[59.51683,36.39366],[59.51763,36.39295],[59.51846,36.39222],[59.51969,36.39114],[59.52025,36.39065],[59.52039,36.39052],[59.52214,36.38899]]}},{"type":"Feature","properties":{"name":"زیرگذر تقاطع شهید گمنام","minzoom":10},"geometry":{"type":"LineString","coordinates":[[59.62664,36.29832],[59.62707,36.29789],[59.6273,36.29761],[59.62766,36.29718],[59.62792,36.2967],[59.62818,36.29616],[59.62841,36.29562],[59.62852,36.29536],[59.62866,36.29511],[59.62879,36.29489],[59.62899,36.29457],[59.62922,36.29427],[59.62987,36.29359]]}},{"type":"Feature","properties":{"minzoom":10},"geometry":{"type":"LineString","coordinates":[[59.15848,36.61733],[59.15867,36.61699],[59.15895,36.61669],[59.1593,36.61645],[59.15971,36.61628],[59.16015,36.61618],[59.16347,36.61569],[59.16372,36.61564],[59.16403,36.61556]]}},{"type":"Feature","properties":{"name":"بولوار شاهنامه","minzoom":10},"geometry":{"type":"LineString","coordinates":[[59.4559,36.43007],[59.45541,36.42963],[59.45506,36.42932],[59.45475,36.42923],[59.45451,36.42917],[59.45429,36.42914],[59.45409,36.42914],[59.45388,36.4292],[59.45366,36.42933],[59.45333,36.42957]]}},{"type":"Feature","properties":{"name":"بولوار شاهنامه","minzoom":10},"geometry":{"type":"LineString","coordinates":[[59.47901,36.45276],[59.47924,36.45299],[59.48113,36.45487],[59.48129,36.45502],[59.48181,36.45555],[59.48231,36.45604],[59.48377,36.4575],[59.48459,36.45833],[59.48465,36.45839],[59.48634,36.4601],[59.48716,36.4609],[59.48752,36.46127],[59.48848,36.46219],[59.48862,36.46233],[59.48875,36.46246],[59.49112,36.46482],[59.49223,36.46592],[59.49585,36.46952],[59.49589,36.46955],[59.49689,36.47055],[59.49749,36.47114],[59.49841,36.47203],[59.49849,36.47212],[59.49854,36.47217],[59.49925,36.47289],[59.49999,36.47361],[59.50041,36.47403]]}},{"type":"Feature","properties":{"name":"بلوار شاهنامه","minzoom":10},"geometry":{"type":"LineString","coordinates":[[59.47886,36.45285],[59.47694,36.45092],[59.47594,36.44993],[59.4752,36.44921],[59.47425,36.44824],[59.47371,36.44772],[59.4734,36.4474],[59.47313,36.44713],[59.47299,36.44699],[59.47273,36.44673],[59.47233,36.44633],[59.47149,36.44549],[59.46997,36.44396],[59.46947,36.44346],[59.46675,36.44077],[59.46498,36.43902],[59.46483,36.43887],[59.46455,36.4387]]}},{"type":"Feature","properties":{"name":"بلوار شاهنامه","minzoom":10},"geometry":{"type":"LineString","coordinates":[[59.46484,36.43849],[59.46498,36.43877],[59.46507,36.43887],[59.46563,36.43944],[59.46652,36.44032],[59.46812,36.44191],[59.46954,36.44331],[59.47066,36.44443],[59.47244,36.44621],[59.47261,36.44638],[59.47556,36.44932],[59.47615,36.4499],[59.47706,36.45083],[59.4777,36.45146],[59.47775,36.4515],[59.47871,36.45246],[59.47901,36.45276]]}},{"type":"Feature","properties":{"name":"میدان هفت خان","minzoom":10},"geometry":{"type":"LineString","coordinates":[[59.46455,36.4387],[59.46448,36.43869],[59.46444,36.43868],[59.46439,36.43866],[59.46436,36.43863],[59.46433,36.4386],[59.46431,36.43856],[59.46429,36.43851],[59.46429,36.43847]]}},{"type":"Feature","properties":{"name":"ورودی میدان شهدا","minzoom":10},"geometry":{"type":"LineString","coordinates":[[59.60413,36.29475],[59.60434,36.2949],[59.60485,36.29573],[59.60502,36.29593],[59.60517,36.29606],[59.6055,36.29627],[59.60592,36.29659]]}},{"type":"Feature","properties":{"name":"بولوار شهید کامیاب","minzoom":10},"geometry":{"type":"LineString","coordinates":[[59.62158,36.30376],[59.62145,36.30395],[59.62137,36.30409],[59.62123,36.30435],[59.6211,36.30452]]}},{"type":"Feature","properties":{"name":"بولوار شهید کامیاب","minzoom":10},"geometry":{"type":"LineString","coordinates":[[59.62302,36.30244],[59.62281,36.30259],[59.62268,36.30268],[59.62245,36.30286],[59.62216,36.30316],[59.622,36.30331],[59.62172,36.3036],[59.62158,36.30376]]}},{"type":"Feature","properties":{"name":"بزرگراه شهید بابانظر","minzoom":9},"geometry":{"type":"LineString","coordinates":[[59.65745,36.27065],[59.65768,36.2713],[59.65778,36.27184],[59.65782,36.2723],[59.6578,36.27284],[59.65775,36.27325],[59.65764,36.27371],[59.65754,36.27403],[59.65738,36.27437],[59.65722,36.27473],[59.65706,36.27507],[59.65628,36.27662],[59.65601,36.27724],[59.65586,36.27761],[59.65576,36.27805],[59.65568,36.27854],[59.65568,36.27887],[59.65571,36.2792],[59.65575,36.27964],[59.65584,36.28005],[59.65595,36.28035],[59.65633,36.28132],[59.65661,36.28191],[59.65676,36.28225]]}},{"type":"Feature","properties":{"name":"بزرگراه بسیج","minzoom":9},"geometry":{"type":"LineString","coordinates":[[59.65099,36.26299],[59.6504,36.26243],[59.64983,36.26197],[59.64929,36.26159],[59.64895,36.26139],[59.64698,36.26046],[59.64661,36.26029],[59.64609,36.26007],[59.64541,36.25983],[59.64462,36.25961],[59.64426,36.25952],[59.64389,36.25945],[59.64337,36.25936],[59.64299,36.25932],[59.64231,36.25925],[59.64088,36.25916],[59.64009,36.25911],[59.63823,36.25898]]}},{"type":"Feature","properties":{"name":"خیابان امام خمینی","minzoom":10},"geometry":{"type":"LineString","coordinates":[[59.60343,36.29366],[59.60351,36.2938],[59.60366,36.29397]]}},{"type":"Feature","properties":{"name":"بزرگراه شهید قاسم سلیمانی","minzoom":9},"geometry":{"type":"LineString","coordinates":[[59.61386,36.24752],[59.61431,36.24746],[59.6148,36.24736],[59.61524,36.24722],[59.61572,36.247],[59.61633,36.24668],[59.61701,36.24634],[59.6175,36.24605],[59.61794,36.2458],[59.61835,36.24553],[59.61864,36.24531],[59.61921,36.24479],[59.61946,36.24452],[59.61971,36.24419],[59.61999,36.24371],[59.62207,36.23951]]}},{"type":"Feature","properties":{"name":"بولوار صیاد شیرازی","minzoom":10},"geometry":{"type":"LineString","coordinates":[[59.47793,36.31616],[59.47801,36.31624],[59.47809,36.31632],[59.47833,36.31659],[59.47865,36.31692],[59.47873,36.31702],[59.47884,36.31715],[59.47898,36.31734],[59.47924,36.31775],[59.47932,36.31788],[59.4796,36.3184],[59.47984,36.3188],[59.48014,36.31922],[59.48033,36.31949],[59.48046,36.31965],[59.48074,36.32012],[59.48092,36.32043],[59.48097,36.32053],[59.48151,36.32144],[59.48192,36.32212],[59.48205,36.32233],[59.48209,36.32241],[59.48225,36.32272],[59.48243,36.32305],[59.48259,36.32338],[59.48275,36.32383],[59.48282,36.32406],[59.48286,36.32427],[59.48288,36.32437],[59.4829,36.32449],[59.48291,36.32458],[59.48293,36.32488],[59.48297,36.32524],[59.48302,36.32589],[59.48304,36.32607],[59.48306,36.32632],[59.48308,36.32645],[59.4831,36.32658],[59.48319,36.327],[59.48325,36.32722],[59.4833,36.32741],[59.48347,36.32786],[59.48375,36.32849],[59.48396,36.32895],[59.48414,36.32933],[59.48427,36.32953],[59.48437,36.3296],[59.48444,36.32968],[59.48447,36.32975],[59.48449,36.32994]]}},{"type":"Feature","properties":{"name":"بلوار امام جواد","minzoom":10},"geometry":{"type":"LineString","coordinates":[[59.62843,36.29606],[59.62838,36.29604]]}},{"type":"Feature","properties":{"name":"بلوار امام جواد","minzoom":10},"geometry":{"type":"LineString","coordinates":[[59.62819,36.29575],[59.62823,36.29577]]}},{"type":"Feature","properties":{"name":"بلوار طبرسی جنوبی","minzoom":10},"geometry":{"type":"LineString","coordinates":[[59.62814,36.29588],[59.62778,36.29569],[59.62725,36.29535],[59.62689,36.29512],[59.62683,36.29508],[59.62575,36.29439],[59.62461,36.29367],[59.62299,36.29264],[59.62295,36.29261],[59.62284,36.29254],[59.62217,36.29212],[59.62197,36.29201]]}},{"type":"Feature","properties":{"name":"خیابان امام رضا","minzoom":10},"geometry":{"type":"LineString","coordinates":[[59.61186,36.28336],[59.61212,36.28348]]}},{"type":"Feature","properties":{"name":"خیابان امام رضا علیه السلام","minzoom":10},"geometry":{"type":"LineString","coordinates":[[59.60379,36.27391],[59.60453,36.27478],[59.60488,36.27519],[59.60544,36.27586],[59.60613,36.27665],[59.6065,36.27708],[59.607,36.27767],[59.60792,36.27874],[59.60802,36.27885],[59.60813,36.27898],[59.60885,36.27982],[59.60963,36.28072],[59.61051,36.28176],[59.6112,36.28256],[59.61186,36.28336]]}},{"type":"Feature","properties":{"minzoom":9},"geometry":{"type":"LineString","coordinates":[[59.6255,36.21331],[59.62563,36.21375],[59.62575,36.21407],[59.62592,36.21437],[59.62611,36.21465],[59.62633,36.21491],[59.62663,36.21523]]}},{"type":"Feature","properties":{"name":"مشهد - ملک آباد - نیشابور","minzoom":9},"geometry":{"type":"LineString","coordinates":[[59.62516,36.21251],[59.62487,36.2113],[59.62478,36.21064],[59.6247,36.20981],[59.62469,36.20944],[59.62476,36.20868],[59.62478,36.20715],[59.62478,36.20624],[59.62477,36.20594],[59.62474,36.20503],[59.62465,36.20429],[59.62448,36.20326],[59.62438,36.20257],[59.62427,36.20198],[59.6242,36.20151],[59.62411,36.20088],[59.62404,36.20031],[59.62397,36.19972]]}},{"type":"Feature","properties":{"name":"کنارگذر آزادراه شهید شوشتری","minzoom":9},"geometry":{"type":"LineString","coordinates":[[59.62799,36.2143],[59.62872,36.21386]]}},{"type":"Feature","properties":{"name":"آزادراه کنارگذر شمالی مشهد","minzoom":9},"geometry":{"type":"LineString","coordinates":[[59.77221,36.2009],[59.77188,36.20062]]}},{"type":"Feature","properties":{"name":"آزادراه کنارگذر شمالی مشهد","minzoom":9},"geometry":{"type":"LineString","coordinates":[[59.76558,36.19513],[59.77078,36.19936]]}},{"type":"Feature","properties":{"minzoom":9},"geometry":{"type":"LineString","coordinates":[[59.75971,36.21088],[59.76019,36.21026],[59.76114,36.20916],[59.76155,36.20876],[59.76254,36.2079],[59.76435,36.20631],[59.76751,36.20354],[59.7689,36.2023],[59.7693,36.20195],[59.76959,36.20175],[59.77029,36.20134],[59.77071,36.20105],[59.7711,36.20069],[59.77195,36.19998],[59.77273,36.19931],[59.77364,36.1985]]}},{"type":"Feature","properties":{"minzoom":10},"geometry":{"type":"LineString","coordinates":[[59.75971,36.21088],[59.75602,36.21407],[59.7554,36.21459],[59.74981,36.21945],[59.74757,36.22139],[59.74446,36.2241],[59.74212,36.22611],[59.74079,36.22719],[59.73953,36.22815],[59.73878,36.2287],[59.73649,36.23033],[59.73622,36.23052],[59.73578,36.23083],[59.73373,36.23228],[59.73314,36.2327],[59.73134,36.23404],[59.73077,36.23446],[59.73034,36.2348],[59.72994,36.23521],[59.72954,36.23572],[59.72816,36.23714]]}},{"type":"Feature","properties":{"name":"آزادراه شهید شوشتری","minzoom":9},"geometry":{"type":"LineString","coordinates":[[59.7131,36.14246],[59.71411,36.14101],[59.71591,36.13846],[59.71713,36.13671],[59.71821,36.13516],[59.72107,36.1311],[59.72132,36.13075],[59.72254,36.12898],[59.72308,36.12816],[59.72354,36.12745],[59.72436,36.12609],[59.7253,36.1244],[59.72609,36.1228],[59.72655,36.1219],[59.72743,36.11987],[59.72816,36.11797],[59.72858,36.11669],[59.72895,36.1154]]}},{"type":"Feature","properties":{"name":"آزادراه شهید شوشتری","minzoom":9},"geometry":{"type":"LineString","coordinates":[[59.7122,36.14406],[59.71033,36.14671],[59.70858,36.14918],[59.70761,36.15051],[59.70711,36.15113],[59.70672,36.15157],[59.70632,36.15202],[59.70587,36.15244],[59.70541,36.15286],[59.70489,36.1533],[59.7043,36.15378],[59.70347,36.15437],[59.69607,36.15901],[59.69249,36.16124],[59.68928,36.16324],[59.68612,36.16521],[59.68257,36.16744],[59.67179,36.17444]]}},{"type":"Feature","properties":{"name":"آزادراه کنارگذر شمالی مشهد","minzoom":9},"geometry":{"type":"LineString","coordinates":[[59.71127,36.14791],[59.71243,36.14893]]}},{"type":"Feature","properties":{"minzoom":10},"geometry":{"type":"LineString","coordinates":[[59.72816,36.23714],[59.72802,36.23729]]}},{"type":"Feature","properties":{"minzoom":10},"geometry":{"type":"LineString","coordinates":[[59.72802,36.23729],[59.72736,36.23798],[59.72702,36.23836],[59.72696,36.23842],[59.7266,36.23884],[59.72594,36.23956],[59.72591,36.23959],[59.72239,36.24337]]}},{"type":"Feature","properties":{"name":"میدان شهدا","minzoom":10},"geometry":{"type":"LineString","coordinates":[[59.60773,36.29798],[59.60775,36.29818],[59.60774,36.29827],[59.60772,36.29836],[59.60762,36.29849],[59.60739,36.29872],[59.60721,36.29887],[59.60702,36.29904],[59.60684,36.29917],[59.6067,36.29928],[59.60663,36.29933],[59.60651,36.29937],[59.60621,36.2994]]}},{"type":"Feature","properties":{"name":"میدان شهدا","minzoom":10},"geometry":{"type":"LineString","coordinates":[[59.60621,36.2994],[59.60606,36.2993],[59.60584,36.29914],[59.60534,36.29875]]}},{"type":"Feature","properties":{"name":"میدان شهدا","minzoom":10},"geometry":{"type":"LineString","coordinates":[[59.60684,36.29726],[59.60688,36.29729],[59.60705,36.29742],[59.60722,36.29755],[59.60747,36.29774],[59.60773,36.29798]]}},{"type":"Feature","properties":{"name":"میدان شهدا","minzoom":10},"geometry":{"type":"LineString","coordinates":[[59.60669,36.29715],[59.60674,36.29718]]}},{"type":"Feature","properties":{"name":"خیابان شهید هاشمی نژاد","minzoom":10},"geometry":{"type":"LineString","coordinates":[[59.60979,36.29937],[59.61033,36.29955],[59.61084,36.29972],[59.61123,36.29985],[59.61219,36.30019],[59.61325,36.30055],[59.61346,36.30063],[59.61357,36.30066],[59.61409,36.30082]]}},{"type":"Feature","properties":{"name":"شهید هاشمی نژاد","minzoom":10},"geometry":{"type":"LineString","coordinates":[[59.61409,36.30082],[59.6146,36.30097],[59.61471,36.30101]]}},{"type":"Feature","properties":{"name":"آیت الله عبادی","minzoom":10},"geometry":{"type":"LineString","coordinates":[[59.60793,36.30095],[59.60779,36.30073]]}},{"type":"Feature","properties":{"name":"خیابان آیت الله عبادی","minzoom":10},"geometry":{"type":"LineString","coordinates":[[59.60721,36.29999],[59.60711,36.29986],[59.60702,36.29977],[59.60691,36.29968],[59.60678,36.29961],[59.6066,36.29953],[59.60642,36.29948]]}},{"type":"Feature","properties":{"name":"خیابان آیت الله شیرازی","minzoom":10},"geometry":{"type":"LineString","coordinates":[[59.61285,36.29158],[59.61271,36.29172],[59.61259,36.29183],[59.61246,36.29196],[59.61208,36.2923],[59.6115,36.29284]]}},{"type":"Feature","properties":{"name":"آیت الله شیرازی","minzoom":10},"geometry":{"type":"LineString","coordinates":[[59.61276,36.29151],[59.61345,36.29086],[59.61393,36.2904]]}},{"type":"Feature","properties":{"name":"بولوار رسالت","minzoom":10},"geometry":{"type":"LineString","coordinates":[[59.64584,36.32949],[59.64552,36.32907],[59.64511,36.3286],[59.6447,36.32817],[59.64389,36.32744],[59.64256,36.32623],[59.64232,36.32596]]}},{"type":"Feature","properties":{"name":"بولوار رسالت","minzoom":10},"geometry":{"type":"LineString","coordinates":[[59.64599,36.32955],[59.64618,36.32979]]}},{"type":"Feature","properties":{"name":"بولوار رسالت","minzoom":10},"geometry":{"type":"LineString","coordinates":[[59.64232,36.32596],[59.6422,36.32575],[59.6421,36.32556],[59.64203,36.32538],[59.64175,36.32454],[59.64166,36.32428],[59.64146,36.32371],[59.64125,36.32323],[59.6411,36.32287],[59.64095,36.32258],[59.64085,36.3224],[59.64057,36.32189]]}},{"type":"Feature","properties":{"name":"بولوار رسالت","minzoom":10},"geometry":{"type":"LineString","coordinates":[[59.64243,36.3259],[59.64263,36.32617],[59.64397,36.32738],[59.64477,36.32812],[59.64519,36.32854],[59.64559,36.32903],[59.64589,36.32939],[59.64599,36.32955]]}},{"type":"Feature","properties":{"name":"بولوار رسالت","minzoom":10},"geometry":{"type":"LineString","coordinates":[[59.63754,36.3129],[59.63757,36.31298],[59.6376,36.31306],[59.63782,36.3136],[59.63785,36.3137],[59.63788,36.31377],[59.63804,36.3142],[59.63808,36.3143],[59.63828,36.3148],[59.63833,36.31491],[59.6385,36.31534],[59.63852,36.3154],[59.63857,36.31552],[59.63863,36.31567],[59.63876,36.31599],[59.6388,36.31611],[59.63897,36.31651],[59.63901,36.3166],[59.63919,36.31705]]}},{"type":"Feature","properties":{"name":"بولوار رسالت","minzoom":10},"geometry":{"type":"LineString","coordinates":[[59.63746,36.31303],[59.63744,36.31295],[59.63742,36.31285],[59.63732,36.31236],[59.63723,36.312],[59.63715,36.31169],[59.63712,36.31158],[59.63709,36.31152],[59.63706,36.31146],[59.6368,36.31098],[59.63671,36.31081],[59.63653,36.31053],[59.63642,36.31034],[59.63613,36.30988],[59.63587,36.30943],[59.63565,36.30909],[59.63559,36.30899],[59.63533,36.30857],[59.63508,36.30815],[59.63453,36.30727],[59.63429,36.30686],[59.6342,36.30666],[59.63415,36.30641],[59.63412,36.30608],[59.63412,36.30586],[59.63412,36.30577],[59.63413,36.30566]]}},{"type":"Feature","properties":{"name":"آیت الله عبادی","minzoom":10},"geometry":{"type":"LineString","coordinates":[[59.6195,36.31969],[59.61959,36.31986],[59.61968,36.32001],[59.61973,36.32009],[59.61978,36.32018],[59.62013,36.32074],[59.62047,36.3213],[59.62081,36.32187],[59.62113,36.32233],[59.62119,36.32242],[59.62154,36.32298],[59.62182,36.32343],[59.622,36.32373],[59.62214,36.32395]]}},{"type":"Feature","properties":{"name":"آیت الله عبادی","minzoom":10},"geometry":{"type":"LineString","coordinates":[[59.61969,36.32022],[59.61963,36.32013],[59.61939,36.31973],[59.61919,36.3194],[59.61892,36.31896],[59.61878,36.31873],[59.61805,36.31756],[59.61801,36.3175],[59.61787,36.31726],[59.61773,36.31704],[59.61745,36.31659],[59.61722,36.3162],[59.61691,36.3157],[59.61661,36.31521],[59.61643,36.31492],[59.61634,36.31478],[59.61613,36.31445],[59.61605,36.31432]]}},{"type":"Feature","properties":{"name":"بزرگراه چناران - مشهد","minzoom":9},"geometry":{"type":"LineString","coordinates":[[59.25896,36.55165],[59.25943,36.5513],[59.25996,36.55094],[59.26049,36.55058],[59.26202,36.54967],[59.26247,36.5494],[59.26455,36.54819],[59.27392,36.54272],[59.27519,36.54197],[59.27716,36.54082],[59.27784,36.54042],[59.27823,36.5402],[59.28499,36.53624],[59.28971,36.53348],[59.29018,36.5332],[59.29073,36.53288],[59.29116,36.53263],[59.29542,36.53014],[59.2961,36.52976],[59.29646,36.52957],[59.29687,36.52937],[59.29735,36.52916],[59.29784,36.52897],[59.29838,36.52874],[59.29926,36.52833],[59.29983,36.52807],[59.30051,36.5278],[59.30063,36.52776],[59.30178,36.52734],[59.30214,36.52721],[59.30298,36.5269],[59.30576,36.52587],[59.30633,36.52569],[59.3074,36.52537],[59.30807,36.52515],[59.3089,36.52485],[59.31112,36.52402],[59.31154,36.52387],[59.31253,36.52351],[59.31318,36.52327],[59.31377,36.52306],[59.3146,36.52275],[59.31562,36.52237],[59.31799,36.52147],[59.31865,36.52124],[59.31921,36.52108],[59.31977,36.52095],[59.32033,36.52084],[59.32075,36.52077],[59.323,36.52042],[59.32519,36.52008],[59.32592,36.51996],[59.32661,36.51985],[59.32701,36.51977],[59.32725,36.51972],[59.32748,36.51967],[59.32772,36.51961],[59.32807,36.51949],[59.32854,36.51931],[59.32895,36.51914],[59.3294,36.51892],[59.32978,36.51872],[59.33012,36.51852],[59.33075,36.5181],[59.33627,36.51424],[59.33646,36.51411],[59.34104,36.51091],[59.34152,36.51057],[59.34202,36.51022],[59.34268,36.50972],[59.34346,36.50906],[59.34379,36.50879],[59.34573,36.50744],[59.34635,36.507],[59.34852,36.50552],[59.349,36.5052],[59.34962,36.50487],[59.35048,36.50427],[59.35181,36.50334],[59.35272,36.5027],[59.35662,36.49995],[59.35939,36.498],[59.36062,36.49719]]}},{"type":"Feature","properties":{"name":"بزرگراه پیامبر اعظم","minzoom":9},"geometry":{"type":"LineString","coordinates":[[59.54598,36.34985],[59.5455,36.35061],[59.54483,36.35177],[59.54479,36.35185],[59.54428,36.35266],[59.54423,36.35276],[59.54359,36.35381]]}},{"type":"Feature","properties":{"name":"بزرگراه شهید چراغچی","minzoom":9},"geometry":{"type":"LineString","coordinates":[[59.55134,36.3459],[59.5499,36.34564],[59.54844,36.34544]]}},{"type":"Feature","properties":{"name":"بزرگراه شهید بابانظر","minzoom":9},"geometry":{"type":"LineString","coordinates":[[59.65547,36.27807],[59.65561,36.27755],[59.65575,36.27715],[59.65599,36.27664],[59.65683,36.27494],[59.6571,36.27428],[59.65725,36.27391],[59.65739,36.27345],[59.65749,36.27282],[59.65753,36.27231],[59.65749,36.27187],[59.65739,36.27133],[59.65719,36.27073]]}},{"type":"Feature","properties":{"name":"بزرگراه پیامبر اعظم","minzoom":9},"geometry":{"type":"LineString","coordinates":[[59.54691,36.34777],[59.54722,36.34723],[59.54746,36.3467],[59.54761,36.34627],[59.54777,36.34572]]}},{"type":"Feature","properties":{"name":"بزرگراه شهید چراغچی","minzoom":9},"geometry":{"type":"LineString","coordinates":[[59.55144,36.34567],[59.55438,36.34615]]}},{"type":"Feature","properties":{"name":"بزرگراه شهید بابانظر","minzoom":9},"geometry":{"type":"LineString","coordinates":[[59.65676,36.28225],[59.65798,36.28512],[59.65856,36.28647],[59.65887,36.28724],[59.65925,36.28829],[59.65942,36.28881],[59.65972,36.28974],[59.66031,36.2917],[59.66032,36.29172]]}},{"type":"Feature","properties":{"name":"میدان فجر","minzoom":10},"geometry":{"type":"LineString","coordinates":[[59.65286,36.31102],[59.65308,36.31085],[59.65362,36.31061]]}},{"type":"Feature","properties":{"name":"میدان فجر","minzoom":10},"geometry":{"type":"LineString","coordinates":[[59.65466,36.31157],[59.6543,36.31188],[59.65408,36.3121],[59.65391,36.31225],[59.65366,36.31239],[59.6534,36.31251]]}},{"type":"Feature","properties":{"name":"میدان فجر","minzoom":10},"geometry":{"type":"LineString","coordinates":[[59.65398,36.31049],[59.65427,36.31038]]}},{"type":"Feature","properties":{"name":"میدان فجر","minzoom":10},"geometry":{"type":"LineString","coordinates":[[59.65223,36.31163],[59.65286,36.31102]]}},{"type":"Feature","properties":{"name":"بلوار طبرسی جنوبی","minzoom":10},"geometry":{"type":"LineString","coordinates":[[59.65212,36.31083],[59.6516,36.3105],[59.65086,36.31004],[59.65032,36.3097],[59.65019,36.30962],[59.64879,36.30875],[59.64777,36.3081],[59.64741,36.30788],[59.64595,36.30696],[59.64468,36.30618],[59.64458,36.30612],[59.64449,36.30606]]}},{"type":"Feature","properties":{"name":"بلوار طبرسی جنوبی","minzoom":10},"geometry":{"type":"LineString","coordinates":[[59.65235,36.31082],[59.65254,36.31088],[59.65281,36.31088],[59.65307,36.31079],[59.65362,36.31061]]}},{"type":"Feature","properties":{"name":"میدان طبرسی","minzoom":10},"geometry":{"type":"LineString","coordinates":[[59.62179,36.29166],[59.62184,36.29165],[59.62193,36.29166],[59.62202,36.29169],[59.62208,36.29174],[59.6221,36.29181],[59.6221,36.29189]]}},{"type":"Feature","properties":{"name":"بلوار امام جواد","minzoom":10},"geometry":{"type":"LineString","coordinates":[[59.6197,36.29053],[59.6191,36.29011],[59.619,36.29005],[59.61838,36.28966]]}},{"type":"Feature","properties":{"name":"بلوار امام جواد","minzoom":10},"geometry":{"type":"LineString","coordinates":[[59.61976,36.29046],[59.62157,36.29155],[59.62179,36.29166]]}},{"type":"Feature","properties":{"minzoom":10},"geometry":{"type":"LineString","coordinates":[[59.61393,36.28661],[59.61418,36.28647],[59.6147,36.28617],[59.61499,36.2861]]}},{"type":"Feature","properties":{"minzoom":10},"geometry":{"type":"LineString","coordinates":[[59.61795,36.28885],[59.6177,36.28912],[59.61736,36.28943]]}},{"type":"Feature","properties":{"name":"زیرگذر حرم مطهر","minzoom":10},"geometry":{"type":"LineString","coordinates":[[59.61499,36.2861],[59.61531,36.28602],[59.61595,36.28601],[59.61657,36.28612],[59.61714,36.28637]]}},{"type":"Feature","properties":{"name":"میدان بیت المقدس","minzoom":10},"geometry":{"type":"LineString","coordinates":[[59.61212,36.28348],[59.61225,36.28348],[59.61238,36.28352],[59.61241,36.28354],[59.61248,36.28359],[59.61256,36.28367],[59.6126,36.28378],[59.61259,36.2839],[59.61254,36.28401]]}},{"type":"Feature","properties":{"name":"میدان بیت المقدس","minzoom":10},"geometry":{"type":"LineString","coordinates":[[59.61254,36.28401],[59.61246,36.28409],[59.61235,36.28414],[59.61223,36.28417]]}},{"type":"Feature","properties":{"name":"میدان بیت المقدس","minzoom":10},"geometry":{"type":"LineString","coordinates":[[59.61182,36.28363],[59.61188,36.28356],[59.61198,36.28351],[59.61212,36.28348]]}},{"type":"Feature","properties":{"name":"میدان پانزده خرداد","minzoom":10},"geometry":{"type":"LineString","coordinates":[[59.59877,36.2676],[59.59891,36.26764],[59.59903,36.26771],[59.59913,36.2678],[59.59919,36.26791]]}},{"type":"Feature","properties":{"name":"میدان پانزده خرداد","minzoom":10},"geometry":{"type":"LineString","coordinates":[[59.59916,36.26823],[59.59908,36.26833],[59.59897,36.2684],[59.59884,36.26845],[59.5987,36.26848]]}},{"type":"Feature","properties":{"name":"میدان پانزده خرداد","minzoom":10},"geometry":{"type":"LineString","coordinates":[[59.59825,36.26775],[59.59834,36.26768],[59.59849,36.26762]]}},{"type":"Feature","properties":{"name":"آیت الله عبادی","minzoom":10},"geometry":{"type":"LineString","coordinates":[[59.61453,36.31161],[59.61462,36.31175],[59.61491,36.31221],[59.61609,36.31415],[59.61613,36.31422]]}},{"type":"Feature","properties":{"name":"بلوار هفده شهریور جنوبی","minzoom":10},"geometry":{"type":"LineString","coordinates":[[59.60923,36.26778],[59.60984,36.26849],[59.61095,36.26978],[59.61137,36.27029],[59.61198,36.27097],[59.61278,36.27189],[59.6128,36.27192],[59.61289,36.27203],[59.61293,36.27207],[59.6132,36.27239],[59.61346,36.27269],[59.61406,36.2734],[59.61417,36.27353],[59.6143,36.27367],[59.61456,36.27398],[59.61498,36.27447],[59.61512,36.27463],[59.61514,36.27466],[59.61545,36.27502],[59.61554,36.27507],[59.61564,36.27511],[59.61579,36.27512]]}},{"type":"Feature","properties":{"name":"بلوار کوشش","minzoom":10},"geometry":{"type":"LineString","coordinates":[[59.60834,36.26691],[59.60801,36.26652],[59.60763,36.26608],[59.60725,36.26564],[59.60677,36.26509],[59.60634,36.26459],[59.60586,36.26406],[59.60549,36.26364],[59.6054,36.26354],[59.60488,36.26297],[59.60465,36.26271],[59.6045,36.26254],[59.60443,36.26246]]}},{"type":"Feature","properties":{"name":"زیرگذر حرم مطهر","minzoom":10},"geometry":{"type":"LineString","coordinates":[[59.61794,36.28715],[59.61803,36.28736],[59.61818,36.28776],[59.61813,36.28824],[59.618,36.28867],[59.61795,36.28885]]}},{"type":"Feature","properties":{"minzoom":10},"geometry":{"type":"LineString","coordinates":[[59.61524,36.28991],[59.61485,36.28982],[59.61428,36.28958],[59.61415,36.28948]]}},{"type":"Feature","properties":{"minzoom":10},"geometry":{"type":"LineString","coordinates":[[59.61415,36.28948],[59.61381,36.28922],[59.61348,36.28879],[59.61333,36.28829],[59.61327,36.28778],[59.61341,36.28728],[59.61372,36.28681],[59.61393,36.28661]]}},{"type":"Feature","properties":{"name":"میدان شهدا","minzoom":10},"geometry":{"type":"LineString","coordinates":[[59.60534,36.29875],[59.60504,36.29852]]}},{"type":"Feature","properties":{"name":"میدان شهدا","minzoom":10},"geometry":{"type":"LineString","coordinates":[[59.60504,36.29852],[59.60423,36.29792]]}},{"type":"Feature","properties":{"name":"میدان شهدا","minzoom":10},"geometry":{"type":"LineString","coordinates":[[59.60423,36.29792],[59.6041,36.29769],[59.60409,36.29755],[59.60412,36.29745],[59.60419,36.29733],[59.605,36.29664],[59.60503,36.29661],[59.6052,36.29649],[59.60533,36.29645],[59.60547,36.29643],[59.60563,36.29646],[59.60592,36.29659]]}},{"type":"Feature","properties":{"name":"میدان شهدا","minzoom":10},"geometry":{"type":"LineString","coordinates":[[59.60592,36.29659],[59.60666,36.29712],[59.60669,36.29715]]}},{"type":"Feature","properties":{"name":"میدان شهید رئیسی (توحید)","minzoom":10},"geometry":{"type":"LineString","coordinates":[[59.59933,36.3043],[59.59916,36.30425],[59.59908,36.30413]]}},{"type":"Feature","properties":{"name":"میدان شهید رئیسی (توحید)","minzoom":10},"geometry":{"type":"LineString","coordinates":[[59.59992,36.30405],[59.59984,36.30412],[59.59975,36.30418],[59.59964,36.30423],[59.5995,36.30428],[59.59933,36.3043]]}},{"type":"Feature","properties":{"name":"میدان شهید رئیسی (توحید)","minzoom":10},"geometry":{"type":"LineString","coordinates":[[59.59908,36.30413],[59.59907,36.30399],[59.59911,36.30387],[59.59916,36.30377],[59.59922,36.30369],[59.59927,36.30363]]}},{"type":"Feature","properties":{"name":"میدان شهید رئیسی (توحید)","minzoom":10},"geometry":{"type":"LineString","coordinates":[[59.59927,36.30363],[59.59936,36.30355],[59.59945,36.30349],[59.59956,36.30344],[59.59971,36.30339],[59.59988,36.30337],[59.59995,36.30337]]}},{"type":"Feature","properties":{"name":"میدان فردوسی","minzoom":10},"geometry":{"type":"LineString","coordinates":[[59.5777,36.32454],[59.57743,36.32448],[59.57725,36.32439],[59.57704,36.32425],[59.57688,36.32407]]}},{"type":"Feature","properties":{"name":"میدان فردوسی","minzoom":10},"geometry":{"type":"LineString","coordinates":[[59.5785,36.32443],[59.57823,36.32452],[59.57795,36.32456],[59.5777,36.32454]]}},{"type":"Feature","properties":{"name":"میدان فردوسی","minzoom":10},"geometry":{"type":"LineString","coordinates":[[59.57688,36.32407],[59.57678,36.32387],[59.57673,36.32367],[59.57673,36.32352],[59.57676,36.32339]]}},{"type":"Feature","properties":{"name":"میدان فردوسی","minzoom":10},"geometry":{"type":"LineString","coordinates":[[59.57676,36.32339],[59.57687,36.32315],[59.57701,36.32299],[59.57719,36.32286],[59.57744,36.32273]]}},{"type":"Feature","properties":{"name":"میدان فردوسی","minzoom":10},"geometry":{"type":"LineString","coordinates":[[59.57744,36.32273],[59.57768,36.32268],[59.57784,36.32266]]}},{"type":"Feature","properties":{"name":"میدان فردوسی","minzoom":10},"geometry":{"type":"LineString","coordinates":[[59.57886,36.32305],[59.57903,36.32331],[59.57908,36.32356],[59.57905,36.32383],[59.57896,36.32404],[59.57874,36.32428],[59.5785,36.32443]]}},{"type":"Feature","properties":{"name":"میدان جانباز","minzoom":10},"geometry":{"type":"LineString","coordinates":[[59.56394,36.32481],[59.56361,36.32491],[59.56329,36.32493],[59.56308,36.32489]]}},{"type":"Feature","properties":{"name":"میدان استقلال","minzoom":10},"geometry":{"type":"LineString","coordinates":[[59.54305,36.32683],[59.54298,36.3268],[59.54286,36.32674],[59.54277,36.32667]]}},{"type":"Feature","properties":{"name":"بزرگراه آزادی","minzoom":9},"geometry":{"type":"LineString","coordinates":[[59.54138,36.31851],[59.54115,36.31757]]}},{"type":"Feature","properties":{"minzoom":9},"geometry":{"type":"LineString","coordinates":[[59.5407,36.31637],[59.54056,36.31589],[59.54051,36.31577],[59.54041,36.31565]]}},{"type":"Feature","properties":{"name":"بزرگراه وکیل آباد","minzoom":9},"geometry":{"type":"LineString","coordinates":[[59.5329,36.31785],[59.53224,36.31806],[59.53188,36.31817],[59.53164,36.31824]]}},{"type":"Feature","properties":{"name":"بزرگراه وکیل آباد","minzoom":9},"geometry":{"type":"LineString","coordinates":[[59.4867,36.33229],[59.48477,36.3329],[59.48047,36.33423],[59.48008,36.33436],[59.47637,36.33553],[59.47511,36.33592],[59.47481,36.33602],[59.4728,36.33665],[59.47131,36.33712],[59.47075,36.33729],[59.47063,36.33732],[59.4702,36.33746],[59.4698,36.33758],[59.46941,36.3377],[59.46869,36.33793],[59.46582,36.33883],[59.46482,36.33916]]}},{"type":"Feature","properties":{"name":"بزرگراه وکیل آباد","minzoom":9},"geometry":{"type":"LineString","coordinates":[[59.52245,36.32063],[59.52343,36.32031]]}},{"type":"Feature","properties":{"name":"بزرگراه وکیل آباد","minzoom":9},"geometry":{"type":"LineString","coordinates":[[59.52585,36.31953],[59.52696,36.31919],[59.5278,36.31893],[59.53205,36.31762],[59.53471,36.31678]]}},{"type":"Feature","properties":{"name":"بزرگراه وکیل آباد","minzoom":9},"geometry":{"type":"LineString","coordinates":[[59.53471,36.31678],[59.53634,36.31627]]}},{"type":"Feature","properties":{"name":"میدان آزادی","minzoom":9},"geometry":{"type":"LineString","coordinates":[[59.53992,36.31501],[59.53995,36.31489],[59.53998,36.31477],[59.54004,36.31467],[59.54013,36.31459]]}},{"type":"Feature","properties":{"name":"میدان آزادی","minzoom":9},"geometry":{"type":"LineString","coordinates":[[59.54109,36.31548],[59.54093,36.31561],[59.54073,36.31568],[59.54059,36.31567],[59.54041,36.31565]]}},{"type":"Feature","properties":{"name":"بزرگراه آزادی","minzoom":9},"geometry":{"type":"LineString","coordinates":[[59.5419,36.31973],[59.54214,36.32052],[59.54259,36.32221],[59.54268,36.32256]]}},{"type":"Feature","properties":{"name":"بزرگراه آزادی","minzoom":9},"geometry":{"type":"LineString","coordinates":[[59.54268,36.32256],[59.54285,36.32327],[59.54338,36.32527],[59.54345,36.32555],[59.54381,36.32689],[59.54407,36.32785],[59.5446,36.3298]]}},{"type":"Feature","properties":{"name":"بولوار فردوسی","minzoom":10},"geometry":{"type":"LineString","coordinates":[[59.5466,36.32564],[59.54776,36.32544],[59.5478,36.32543],[59.54794,36.32541]]}},{"type":"Feature","properties":{"name":"زیرگذر حرم مطهر","minzoom":10},"geometry":{"type":"LineString","coordinates":[[59.61714,36.28637],[59.61762,36.28671],[59.61794,36.28715]]}},{"type":"Feature","properties":{"name":"بولوار مصلی","minzoom":10},"geometry":{"type":"LineString","coordinates":[[59.64313,36.26332],[59.64201,36.26434],[59.64056,36.26569],[59.64016,36.26607],[59.6395,36.26668],[59.63935,36.26683],[59.63883,36.26731],[59.63858,36.26755],[59.63703,36.26898],[59.63659,36.26941]]}},{"type":"Feature","properties":{"name":"بزرگراه آزادی","minzoom":9},"geometry":{"type":"LineString","coordinates":[[59.54241,36.32247],[59.54233,36.32215],[59.54175,36.32002],[59.54159,36.31946],[59.54157,36.31938],[59.54138,36.31851]]}},{"type":"Feature","properties":{"name":"میدان امام حسین","minzoom":10},"geometry":{"type":"LineString","coordinates":[[59.62464,36.32793],[59.6243,36.3281],[59.62418,36.32814],[59.62402,36.32819],[59.62378,36.32824],[59.62359,36.32825]]}},{"type":"Feature","properties":{"name":"میدان امام حسین","minzoom":10},"geometry":{"type":"LineString","coordinates":[[59.62359,36.32825],[59.62344,36.32824]]}},{"type":"Feature","properties":{"name":"میدان امام حسین","minzoom":10},"geometry":{"type":"LineString","coordinates":[[59.62451,36.3265],[59.62484,36.32649]]}},{"type":"Feature","properties":{"name":"امام خمینی","minzoom":10},"geometry":{"type":"LineString","coordinates":[[59.60413,36.29475],[59.60425,36.29494]]}},{"type":"Feature","properties":{"name":"دانشگاه","minzoom":10},"geometry":{"type":"LineString","coordinates":[[59.59151,36.29301],[59.59114,36.29289],[59.59085,36.2928],[59.59031,36.29262],[59.59015,36.29257],[59.58983,36.29246],[59.58972,36.29242],[59.5885,36.29201],[59.58823,36.29191],[59.58653,36.29133],[59.5865,36.29133],[59.58642,36.29131],[59.58621,36.29127]]}},{"type":"Feature","properties":{"name":"میدان شریعتی","minzoom":10},"geometry":{"type":"LineString","coordinates":[[59.58569,36.29117],[59.58568,36.2911],[59.58569,36.29103],[59.58572,36.29097],[59.58577,36.29092],[59.58584,36.29088]]}},{"type":"Feature","properties":{"name":"میدان شریعتی","minzoom":10},"geometry":{"type":"LineString","coordinates":[[59.5863,36.29109],[59.58629,36.29116],[59.58626,36.29122],[59.58621,36.29127]]}},{"type":"Feature","properties":{"name":"میدان شریعتی","minzoom":10},"geometry":{"type":"LineString","coordinates":[[59.58599,36.29085],[59.58607,36.29086],[59.58614,36.29088],[59.58621,36.29092],[59.58626,36.29097],[59.58629,36.29103]]}},{"type":"Feature","properties":{"name":"خیابان دانشگاه","minzoom":10},"geometry":{"type":"LineString","coordinates":[[59.60171,36.29654],[59.60145,36.29645],[59.60096,36.29628],[59.60011,36.29598],[59.59999,36.29593],[59.5997,36.29584],[59.59949,36.29575]]}},{"type":"Feature","properties":{"name":"میدان امام حسین","minzoom":10},"geometry":{"type":"LineString","coordinates":[[59.62317,36.32708],[59.62352,36.32681],[59.62373,36.32671],[59.62384,36.32666],[59.6242,36.32655],[59.62451,36.3265]]}},{"type":"Feature","properties":{"name":"بلوار طبرسی جنوبی","minzoom":10},"geometry":{"type":"LineString","coordinates":[[59.64471,36.30599],[59.6448,36.30605],[59.64751,36.30773],[59.6479,36.30797],[59.64894,36.30861],[59.65024,36.30945],[59.65031,36.30949],[59.65235,36.31082]]}},{"type":"Feature","properties":{"name":"خیابان طبرسی جنوبی","minzoom":10},"geometry":{"type":"LineString","coordinates":[[59.64449,36.30606],[59.64441,36.30602],[59.64417,36.30587],[59.64385,36.30566],[59.64309,36.30518],[59.64115,36.30397],[59.64068,36.30368],[59.63925,36.30278],[59.63804,36.30202],[59.63799,36.30199],[59.63793,36.30196],[59.63785,36.3019],[59.63777,36.30185],[59.63767,36.30179],[59.63756,36.30173],[59.63745,36.30166],[59.63631,36.30095],[59.63487,36.30005],[59.6337,36.29933],[59.63357,36.29925],[59.63347,36.29919],[59.63317,36.29901]]}},{"type":"Feature","properties":{"name":"میدان فجر","minzoom":10},"geometry":{"type":"LineString","coordinates":[[59.65293,36.3127],[59.65243,36.3128],[59.65224,36.31286],[59.65203,36.31287],[59.65188,36.31283],[59.65167,36.31264],[59.65159,36.31242],[59.6516,36.31228],[59.65169,36.31214],[59.65223,36.31163]]}},{"type":"Feature","properties":{"name":"بزرگراه شهید میرزائی","minzoom":9},"geometry":{"type":"LineString","coordinates":[[59.64925,36.31391],[59.65027,36.31331],[59.65123,36.31275]]}},{"type":"Feature","properties":{"name":"بزرگراه شهید میرزائی","minzoom":9},"geometry":{"type":"LineString","coordinates":[[59.63587,36.32138],[59.6348,36.32188],[59.63306,36.32272],[59.63274,36.32288],[59.6325,36.32305],[59.63215,36.32334],[59.63202,36.32343],[59.63146,36.32384],[59.63121,36.32399],[59.6309,36.3242],[59.62984,36.32475]]}},{"type":"Feature","properties":{"name":"بزرگراه شهید میرزائی","minzoom":9},"geometry":{"type":"LineString","coordinates":[[59.63925,36.31929],[59.64053,36.31861],[59.6424,36.31759],[59.64312,36.31723],[59.64525,36.31617]]}},{"type":"Feature","properties":{"name":"بزرگراه شهید میرزائی","minzoom":9},"geometry":{"type":"LineString","coordinates":[[59.64582,36.31588],[59.64659,36.31548],[59.64728,36.3151],[59.64906,36.31402],[59.64925,36.31391]]}},{"type":"Feature","properties":{"name":"بزرگراه شهید میرزائی","minzoom":9},"geometry":{"type":"LineString","coordinates":[[59.62984,36.32475],[59.62669,36.32628],[59.62183,36.32859],[59.61819,36.33043]]}},{"type":"Feature","properties":{"name":"بزرگراه شهید میرزائی","minzoom":9},"geometry":{"type":"LineString","coordinates":[[59.63261,36.32271],[59.6328,36.32262],[59.63286,36.32258],[59.63365,36.32218],[59.63466,36.32168],[59.63537,36.3213],[59.63698,36.32046],[59.63738,36.32026]]}},{"type":"Feature","properties":{"name":"میدان امام حسین","minzoom":10},"geometry":{"type":"LineString","coordinates":[[59.6252,36.32736],[59.62505,36.32758],[59.62489,36.32774],[59.62464,36.32793]]}},{"type":"Feature","properties":{"name":"میدان امام حسین","minzoom":10},"geometry":{"type":"LineString","coordinates":[[59.62484,36.32649],[59.625,36.32651]]}},{"type":"Feature","properties":{"name":"میدان امام حسین","minzoom":10},"geometry":{"type":"LineString","coordinates":[[59.62285,36.32743],[59.62317,36.32708]]}},{"type":"Feature","properties":{"name":"میدان امام حسین","minzoom":10},"geometry":{"type":"LineString","coordinates":[[59.62344,36.32824],[59.62316,36.32821]]}},{"type":"Feature","properties":{"name":"میدان خیام نیشابوری","minzoom":10},"geometry":{"type":"LineString","coordinates":[[59.59056,36.34286],[59.59076,36.34292],[59.59085,36.34297]]}},{"type":"Feature","properties":{"name":"میدان خیام نیشابوری","minzoom":10},"geometry":{"type":"LineString","coordinates":[[59.59106,36.34368],[59.59095,36.34381],[59.59087,36.34388],[59.59075,36.34395],[59.59057,36.34402]]}},{"type":"Feature","properties":{"name":"میدان خیام نیشابوری","minzoom":10},"geometry":{"type":"LineString","coordinates":[[59.59011,36.344],[59.59002,36.34397],[59.58992,36.34391]]}},{"type":"Feature","properties":{"name":"میدان خیام نیشابوری","minzoom":10},"geometry":{"type":"LineString","coordinates":[[59.58963,36.34337],[59.58967,36.34326],[59.58969,36.34322]]}},{"type":"Feature","properties":{"name":"میدان شهید فهمیده","minzoom":10},"geometry":{"type":"LineString","coordinates":[[59.56649,36.34812],[59.56658,36.34824],[59.5666,36.34833]]}},{"type":"Feature","properties":{"name":"میدان شهید فهمیده","minzoom":10},"geometry":{"type":"LineString","coordinates":[[59.56598,36.34882],[59.56579,36.3488],[59.56559,36.34876],[59.56539,36.34871]]}},{"type":"Feature","properties":{"name":"میدان شهید فهمیده","minzoom":10},"geometry":{"type":"LineString","coordinates":[[59.56447,36.34831],[59.56437,36.34819],[59.56431,36.34807]]}},{"type":"Feature","properties":{"name":"میدان شهید فهمیده","minzoom":10},"geometry":{"type":"LineString","coordinates":[[59.56492,36.34752],[59.5652,36.34754],[59.56541,36.34756],[59.5656,36.3476]]}},{"type":"Feature","properties":{"name":"بزرگراه پیامبر اعظم","minzoom":9},"geometry":{"type":"LineString","coordinates":[[59.53269,36.3714],[59.53303,36.37104]]}},{"type":"Feature","properties":{"name":"میدان مادر","minzoom":10},"geometry":{"type":"LineString","coordinates":[[59.51347,36.35912],[59.51349,36.35924],[59.51348,36.35936]]}},{"type":"Feature","properties":{"name":"میدان مادر","minzoom":10},"geometry":{"type":"LineString","coordinates":[[59.51259,36.35908],[59.51263,36.35904],[59.51273,36.35895],[59.51286,36.35889]]}},{"type":"Feature","properties":{"name":"میدان مادر","minzoom":10},"geometry":{"type":"LineString","coordinates":[[59.51263,36.35946],[59.51255,36.35926],[59.51259,36.35908]]}},{"type":"Feature","properties":{"name":"بلوار شاهد","minzoom":10},"geometry":{"type":"LineString","coordinates":[[59.50149,36.35179],[59.50148,36.35163],[59.50145,36.35133],[59.50144,36.35117],[59.5014,36.35064],[59.50136,36.35008],[59.50131,36.34945],[59.50126,36.34869],[59.50125,36.34867],[59.50124,36.34844],[59.50114,36.34728],[59.5011,36.34654]]}},{"type":"Feature","properties":{"name":"بلوار شاهد","minzoom":10},"geometry":{"type":"LineString","coordinates":[[59.50168,36.35245],[59.50172,36.35305],[59.50173,36.35312],[59.50191,36.35557],[59.50196,36.35594],[59.50205,36.35635],[59.50215,36.35662],[59.50244,36.35713],[59.50264,36.35739],[59.50287,36.35767],[59.50316,36.35796],[59.5035,36.35822],[59.50395,36.3585],[59.50428,36.35866],[59.50481,36.35883],[59.50502,36.3589],[59.50545,36.35897],[59.50607,36.35909],[59.50641,36.35912],[59.50673,36.35917],[59.50681,36.35916],[59.50716,36.3592],[59.50734,36.3592],[59.50748,36.3592]]}},{"type":"Feature","properties":{"name":"بزرگراه پیامبر اعظم","minzoom":9},"geometry":{"type":"LineString","coordinates":[[59.54631,36.34884],[59.54664,36.34824],[59.54691,36.34777]]}},{"type":"Feature","properties":{"name":"بزرگراه شهید چراغچی","minzoom":9},"geometry":{"type":"LineString","coordinates":[[59.55438,36.34615],[59.5553,36.34631],[59.5561,36.34646],[59.55779,36.34678],[59.55937,36.34704]]}},{"type":"Feature","properties":{"name":"بزرگراه شهید چراغچی","minzoom":9},"geometry":{"type":"LineString","coordinates":[[59.55937,36.34704],[59.56078,36.34728],[59.56153,36.34739],[59.56247,36.34754],[59.56323,36.34763],[59.56394,36.34772],[59.56445,36.34779],[59.5649,36.34788],[59.56531,36.34798],[59.56581,36.34815],[59.56642,36.34837],[59.56709,36.34859],[59.56761,36.34875],[59.56812,36.34891],[59.56858,36.34907],[59.56967,36.34936],[59.57018,36.34947],[59.57063,36.34956],[59.57167,36.34971],[59.57243,36.34977],[59.57305,36.3498],[59.5738,36.3498],[59.57424,36.34979],[59.5752,36.34973],[59.57654,36.34956],[59.57782,36.34927],[59.58025,36.34841],[59.58189,36.34759],[59.58401,36.34644],[59.58656,36.34509],[59.58737,36.3447],[59.59029,36.34334],[59.59489,36.34129],[59.59625,36.34067],[59.59914,36.33938],[59.60017,36.33892],[59.60109,36.33851],[59.60396,36.33724],[59.60466,36.33692],[59.60555,36.33648],[59.60961,36.33443],[59.61079,36.33383],[59.61477,36.33182],[59.61681,36.3308],[59.618,36.3302]]}},{"type":"Feature","properties":{"minzoom":10},"geometry":{"type":"LineString","coordinates":[[59.56864,36.34892],[59.56966,36.3492],[59.57044,36.34938],[59.57167,36.34971]]}},{"type":"Feature","properties":{"name":"بولوار مصلی","minzoom":10},"geometry":{"type":"LineString","coordinates":[[59.62969,36.27563],[59.62997,36.27538],[59.63096,36.27447],[59.63119,36.27426],[59.63163,36.27385],[59.6324,36.27313],[59.63282,36.27273],[59.63324,36.27232],[59.63386,36.27175],[59.63433,36.27133],[59.63505,36.27065],[59.6351,36.27061],[59.63545,36.27028],[59.63582,36.26995],[59.636,36.26976],[59.6361,36.26966]]}},{"type":"Feature","properties":{"name":"بولوار مصلی","minzoom":10},"geometry":{"type":"LineString","coordinates":[[59.62777,36.27736],[59.62789,36.27724],[59.62824,36.27691],[59.62829,36.27686],[59.62872,36.27647],[59.62898,36.27628],[59.62922,36.27608],[59.6294,36.27591],[59.62953,36.27579],[59.62961,36.27571],[59.62969,36.27563]]}},{"type":"Feature","properties":{"name":"بولوار مصلی","minzoom":10},"geometry":{"type":"LineString","coordinates":[[59.62479,36.28028],[59.62528,36.27984],[59.62579,36.27937],[59.62601,36.27917],[59.62649,36.27869],[59.62687,36.27825],[59.62745,36.27767],[59.62777,36.27736]]}},{"type":"Feature","properties":{"name":"بولوار وحدت","minzoom":10},"geometry":{"type":"LineString","coordinates":[[59.63042,36.28911],[59.63036,36.28876],[59.63025,36.28795],[59.63021,36.28763],[59.63009,36.28726],[59.63003,36.28715],[59.62994,36.287],[59.62982,36.28686],[59.62965,36.28672],[59.62964,36.28671],[59.62948,36.28661],[59.62931,36.28648]]}},{"type":"Feature","properties":{"name":"بولوار رسالت","minzoom":10},"geometry":{"type":"LineString","coordinates":[[59.6342,36.30568],[59.63422,36.30592],[59.63424,36.30608],[59.63426,36.30639],[59.6343,36.30663],[59.63439,36.30683],[59.63451,36.30704],[59.63479,36.30749],[59.63517,36.30812],[59.63558,36.30878],[59.63577,36.3091],[59.63588,36.30927],[59.63607,36.30959],[59.63633,36.31],[59.63657,36.31039],[59.63681,36.31078],[59.63718,36.31144],[59.63721,36.31148],[59.63724,36.31156],[59.63752,36.3128],[59.63754,36.3129]]}},{"type":"Feature","properties":{"name":"بولوار مصلی","minzoom":10},"geometry":{"type":"LineString","coordinates":[[59.62978,36.2757],[59.6297,36.27577],[59.62938,36.27608],[59.62893,36.27649],[59.62886,36.27656],[59.62797,36.27738],[59.6279,36.27745],[59.62742,36.27783],[59.62697,36.27829],[59.62657,36.27873],[59.6261,36.27922],[59.62587,36.27943],[59.62484,36.28037],[59.62462,36.2806],[59.62443,36.2808],[59.62435,36.28096],[59.62432,36.28107]]}},{"type":"Feature","properties":{"name":"میدان فلسطین","minzoom":10},"geometry":{"type":"LineString","coordinates":[[59.5631,36.30043],[59.56302,36.30038],[59.56297,36.30031],[59.56294,36.30024],[59.56293,36.30016]]}},{"type":"Feature","properties":{"name":"میدان فلسطین","minzoom":10},"geometry":{"type":"LineString","coordinates":[[59.56298,36.30002],[59.56305,36.29996],[59.56313,36.29991],[59.56322,36.29989],[59.56331,36.29988]]}},{"type":"Feature","properties":{"name":"میدان فلسطین","minzoom":10},"geometry":{"type":"LineString","coordinates":[[59.56349,36.29993],[59.56357,36.29998],[59.56362,36.30004],[59.56365,36.30011],[59.56366,36.30019],[59.56365,36.30027]]}},{"type":"Feature","properties":{"name":"میدان آزادی","minzoom":9},"geometry":{"type":"LineString","coordinates":[[59.54025,36.31558],[59.54012,36.3155]]}},{"type":"Feature","properties":{"name":"میدان آزادی","minzoom":9},"geometry":{"type":"LineString","coordinates":[[59.54122,36.3152],[59.54117,36.31533],[59.54109,36.31548]]}},{"type":"Feature","properties":{"name":"بولوار ملک آباد","minzoom":10},"geometry":{"type":"LineString","coordinates":[[59.54401,36.313],[59.54317,36.31355],[59.54134,36.31476]]}},{"type":"Feature","properties":{"name":"میدان شریعتی","minzoom":10},"geometry":{"type":"LineString","coordinates":[[59.58599,36.29134],[59.58591,36.29133],[59.58584,36.29131],[59.58577,36.29127],[59.58573,36.29122],[59.58569,36.29117]]}},{"type":"Feature","properties":{"name":"آیت الله عبادی","minzoom":10},"geometry":{"type":"LineString","coordinates":[[59.61613,36.31422],[59.61621,36.31433],[59.61626,36.31442],[59.61641,36.31468],[59.61662,36.31504],[59.61671,36.31518],[59.61702,36.31567],[59.61732,36.31615],[59.61755,36.31654],[59.61783,36.31699],[59.61803,36.31733],[59.61812,36.31746],[59.61818,36.31755],[59.61856,36.31817],[59.61869,36.31837],[59.6189,36.31873],[59.61909,36.31903],[59.61924,36.31926],[59.61942,36.31957],[59.6195,36.31969]]}},{"type":"Feature","properties":{"name":"آیت الله عبادی","minzoom":10},"geometry":{"type":"LineString","coordinates":[[59.61605,36.31432],[59.61597,36.31419],[59.61533,36.31312],[59.61502,36.31263],[59.61482,36.31229],[59.61473,36.31215],[59.61454,36.31187],[59.61452,36.31184],[59.61445,36.31169],[59.61437,36.31157]]}},{"type":"Feature","properties":{"name":"میدان امام خمینی","minzoom":10},"geometry":{"type":"LineString","coordinates":[[59.59235,36.27513],[59.59227,36.27522],[59.59216,36.27528],[59.59197,36.27533]]}},{"type":"Feature","properties":{"name":"بولوار امام خمینی","minzoom":10},"geometry":{"type":"LineString","coordinates":[[59.60074,36.2893],[59.59926,36.28691]]}},{"type":"Feature","properties":{"name":"امام خمینی","minzoom":10},"geometry":{"type":"LineString","coordinates":[[59.60102,36.28974],[59.60074,36.2893]]}},{"type":"Feature","properties":{"name":"میدان ده دی","minzoom":10},"geometry":{"type":"LineString","coordinates":[[59.59758,36.2839],[59.59764,36.28391],[59.59769,36.28392],[59.59773,36.28395],[59.59776,36.28398],[59.59778,36.28402],[59.5978,36.28406],[59.5978,36.2841]]}},{"type":"Feature","properties":{"name":"میدان امام خمینی","minzoom":10},"geometry":{"type":"LineString","coordinates":[[59.59234,36.27417],[59.59245,36.27418],[59.59253,36.27422],[59.59259,36.2743],[59.5926,36.27437]]}},{"type":"Feature","properties":{"name":"میدان امام خمینی","minzoom":10},"geometry":{"type":"LineString","coordinates":[[59.59197,36.27533],[59.59179,36.27532],[59.59164,36.27527],[59.59151,36.27518],[59.59145,36.27503],[59.59146,36.27487],[59.59149,36.27479],[59.59157,36.27466]]}},{"type":"Feature","properties":{"name":"دانشگاه","minzoom":10},"geometry":{"type":"LineString","coordinates":[[59.59949,36.29575],[59.59936,36.29575],[59.59928,36.29576],[59.59919,36.29577],[59.59907,36.29579]]}},{"type":"Feature","properties":{"name":"بولوار مصلی","minzoom":10},"geometry":{"type":"LineString","coordinates":[[59.63619,36.26982],[59.63607,36.26992],[59.63581,36.27016],[59.63517,36.27076],[59.63472,36.27118],[59.63445,36.27144],[59.63401,36.27185],[59.63338,36.27242],[59.63295,36.27283],[59.63213,36.2736],[59.63201,36.27371],[59.63131,36.27435],[59.63065,36.27496],[59.63042,36.27512],[59.62989,36.2756],[59.62978,36.2757]]}},{"type":"Feature","properties":{"name":"بزرگراه بسیج","minzoom":9},"geometry":{"type":"LineString","coordinates":[[59.61673,36.25423],[59.61566,36.25353],[59.61465,36.25289]]}},{"type":"Feature","properties":{"name":"بزرگراه شهید قاسم سلیمانی","minzoom":9},"geometry":{"type":"LineString","coordinates":[[59.60657,36.25231],[59.60538,36.25295],[59.60441,36.25348],[59.60391,36.25373]]}},{"type":"Feature","properties":{"name":"بزرگراه شهید قاسم سلیمانی","minzoom":9},"geometry":{"type":"LineString","coordinates":[[59.5864,36.26008],[59.58438,36.26177],[59.58389,36.26221],[59.58325,36.26284],[59.58056,36.26606]]}},{"type":"Feature","properties":{"name":"بولوار امام خمینی","minzoom":10},"geometry":{"type":"LineString","coordinates":[[59.58471,36.26374],[59.58502,36.26398],[59.58511,36.26405]]}},{"type":"Feature","properties":{"name":"میدان انقلاب اسلامی","minzoom":10},"geometry":{"type":"LineString","coordinates":[[59.58498,36.26413],[59.58511,36.26405]]}},{"type":"Feature","properties":{"name":"بزرگراه شهید قاسم سلیمانی","minzoom":9},"geometry":{"type":"LineString","coordinates":[[59.58056,36.26606],[59.58038,36.26625],[59.58015,36.26651],[59.57968,36.26697],[59.57923,36.26731],[59.57861,36.26771],[59.57792,36.26809],[59.57727,36.2684]]}},{"type":"Feature","properties":{"name":"بزرگراه شهید قاسم سلیمانی","minzoom":9},"geometry":{"type":"LineString","coordinates":[[59.57153,36.27184],[59.57124,36.27201],[59.57093,36.27215],[59.57068,36.27224],[59.57043,36.27232]]}},{"type":"Feature","properties":{"name":"بزرگراه شهید قاسم سلیمانی","minzoom":9},"geometry":{"type":"LineString","coordinates":[[59.57043,36.27232],[59.57008,36.27239],[59.56978,36.27243],[59.56948,36.27245],[59.56891,36.27248],[59.56669,36.27261],[59.56407,36.27277]]}},{"type":"Feature","properties":{"name":"بزرگراه شهید قاسم سلیمانی","minzoom":9},"geometry":{"type":"LineString","coordinates":[[59.56407,36.27277],[59.56293,36.27283]]}},{"type":"Feature","properties":{"name":"بزرگراه شهید قاسم سلیمانی","minzoom":9},"geometry":{"type":"LineString","coordinates":[[59.56293,36.27283],[59.5613,36.27291],[59.55947,36.27301],[59.55808,36.27309],[59.55767,36.27314],[59.5572,36.27325],[59.5569,36.27337],[59.55654,36.27353],[59.55631,36.27367],[59.55606,36.27385],[59.55589,36.27401]]}},{"type":"Feature","properties":{"name":"بزرگراه شهید قاسم سلیمانی","minzoom":9},"geometry":{"type":"LineString","coordinates":[[59.55589,36.27401],[59.55571,36.2742],[59.55552,36.27442],[59.55534,36.27474]]}},{"type":"Feature","properties":{"name":"بزرگراه شهید قاسم سلیمانی","minzoom":9},"geometry":{"type":"LineString","coordinates":[[59.55534,36.27474],[59.55523,36.27505],[59.55512,36.27558],[59.55493,36.27723],[59.55491,36.2776],[59.55494,36.27794],[59.55501,36.27825],[59.55511,36.27864],[59.55528,36.27914],[59.55565,36.28073],[59.55595,36.28192]]}},{"type":"Feature","properties":{"name":"بزرگراه شهید کلانتری","minzoom":9},"geometry":{"type":"LineString","coordinates":[[59.55595,36.28192],[59.55609,36.28276]]}},{"type":"Feature","properties":{"name":"میدان جمهوری اسلامی","minzoom":10},"geometry":{"type":"LineString","coordinates":[[59.55601,36.28714],[59.55581,36.28707],[59.55564,36.28695],[59.55542,36.28668]]}},{"type":"Feature","properties":{"name":"میدان جمهوری اسلامی","minzoom":10},"geometry":{"type":"LineString","coordinates":[[59.55542,36.28668],[59.55537,36.28649],[59.55537,36.28629]]}},{"type":"Feature","properties":{"name":"میدان جمهوری اسلامی","minzoom":10},"geometry":{"type":"LineString","coordinates":[[59.55584,36.28541],[59.55613,36.28535],[59.55642,36.28534],[59.55665,36.28542],[59.55698,36.28562]]}},{"type":"Feature","properties":{"name":"بزرگراه شهید کلانتری","minzoom":9},"geometry":{"type":"LineString","coordinates":[[59.54246,36.29757],[59.54126,36.2985]]}},{"type":"Feature","properties":{"name":"بزرگراه شهید کلانتری","minzoom":9},"geometry":{"type":"LineString","coordinates":[[59.54036,36.29919],[59.53885,36.30035],[59.53848,36.30065],[59.53816,36.30093],[59.53788,36.30127],[59.53768,36.30167],[59.53755,36.30204]]}},{"type":"Feature","properties":{"name":"بزرگراه شهید کلانتری","minzoom":9},"geometry":{"type":"LineString","coordinates":[[59.5392,36.30932],[59.5398,36.31168]]}},{"type":"Feature","properties":{"name":"بزرگراه شهید کلانتری","minzoom":9},"geometry":{"type":"LineString","coordinates":[[59.5398,36.31168],[59.5401,36.31303]]}},{"type":"Feature","properties":{"name":"میدان آزادی","minzoom":9},"geometry":{"type":"LineString","coordinates":[[59.54075,36.31451],[59.54085,36.31455]]}},{"type":"Feature","properties":{"name":"ورودی بزرگراه شهید کلانتری","minzoom":9},"geometry":{"type":"LineString","coordinates":[[59.54007,36.31397],[59.53992,36.31341],[59.53963,36.31236],[59.53956,36.31173]]}},{"type":"Feature","properties":{"name":"بزرگراه شهید کلانتری","minzoom":9},"geometry":{"type":"LineString","coordinates":[[59.53952,36.31155],[59.53923,36.31039]]}},{"type":"Feature","properties":{"name":"بزرگراه شهید کلانتری","minzoom":9},"geometry":{"type":"LineString","coordinates":[[59.53956,36.31173],[59.53952,36.31155]]}},{"type":"Feature","properties":{"name":"بزرگراه شهید کلانتری","minzoom":9},"geometry":{"type":"LineString","coordinates":[[59.53827,36.30684],[59.5382,36.30659],[59.53769,36.3046]]}},{"type":"Feature","properties":{"name":"بزرگراه شهید کلانتری","minzoom":9},"geometry":{"type":"LineString","coordinates":[[59.53749,36.3038],[59.53736,36.30326],[59.53726,36.30273]]}},{"type":"Feature","properties":{"name":"بزرگراه شهید کلانتری","minzoom":9},"geometry":{"type":"LineString","coordinates":[[59.53762,36.30122],[59.53785,36.30091],[59.5381,36.30065],[59.53844,36.30034]]}},{"type":"Feature","properties":{"name":"بزرگراه شهید کلانتری","minzoom":9},"geometry":{"type":"LineString","coordinates":[[59.54245,36.29728],[59.54259,36.29717],[59.54355,36.29643]]}},{"type":"Feature","properties":{"name":"بزرگراه شهید کلانتری","minzoom":9},"geometry":{"type":"LineString","coordinates":[[59.54678,36.29391],[59.54736,36.29346],[59.54784,36.29305]]}},{"type":"Feature","properties":{"name":"بزرگراه شهید کلانتری","minzoom":9},"geometry":{"type":"LineString","coordinates":[[59.5505,36.29103],[59.55157,36.29021]]}},{"type":"Feature","properties":{"name":"بزرگراه شهید کلانتری","minzoom":9},"geometry":{"type":"LineString","coordinates":[[59.55157,36.29021],[59.55228,36.28966]]}},{"type":"Feature","properties":{"name":"میدان جمهوری اسلامی","minzoom":10},"geometry":{"type":"LineString","coordinates":[[59.55537,36.28629],[59.5554,36.28597],[59.55547,36.28575],[59.55564,36.28554]]}},{"type":"Feature","properties":{"name":"کنارگذر بزرگراه شهید قاسم سلیمانی","minzoom":10},"geometry":{"type":"LineString","coordinates":[[59.57384,36.26999],[59.5743,36.26967],[59.57447,36.26956],[59.5748,36.26936],[59.57487,36.26931],[59.57496,36.26926],[59.57547,36.26901],[59.57591,36.2688],[59.57677,36.26835],[59.57774,36.26793]]}},{"type":"Feature","properties":{"name":"بزرگراه شهید قاسم سلیمانی","minzoom":9},"geometry":{"type":"LineString","coordinates":[[59.57774,36.26793],[59.57846,36.26753],[59.57907,36.26714],[59.57947,36.26683],[59.57994,36.26639],[59.58013,36.26618]]}},{"type":"Feature","properties":{"name":"بزرگراه شهید قاسم سلیمانی","minzoom":9},"geometry":{"type":"LineString","coordinates":[[59.58013,36.26618],[59.58085,36.26535],[59.58139,36.26471],[59.5825,36.26334],[59.58305,36.26272],[59.58347,36.26228],[59.58417,36.26166]]}},{"type":"Feature","properties":{"name":"بزرگراه شهید قاسم سلیمانی","minzoom":9},"geometry":{"type":"LineString","coordinates":[[59.58417,36.26166],[59.58471,36.26121],[59.58575,36.26031],[59.58706,36.25919],[59.58776,36.2586],[59.58821,36.25825],[59.58876,36.25791],[59.58946,36.25755],[59.5903,36.25724],[59.5911,36.25705],[59.59181,36.25694],[59.5926,36.25688],[59.59401,36.25683]]}},{"type":"Feature","properties":{"name":"بزرگراه شهید قاسم سلیمانی","minzoom":9},"geometry":{"type":"LineString","coordinates":[[59.59478,36.25678],[59.59544,36.2567],[59.59617,36.25657],[59.59696,36.25639],[59.5978,36.25615]]}},{"type":"Feature","properties":{"name":"میدان حافظ","minzoom":10},"geometry":{"type":"LineString","coordinates":[[59.59947,36.25618],[59.59938,36.25632],[59.59923,36.25643],[59.59909,36.25649],[59.5989,36.25653]]}},{"type":"Feature","properties":{"name":"بزرگراه شهید قاسم سلیمانی","minzoom":9},"geometry":{"type":"LineString","coordinates":[[59.60588,36.25236],[59.60622,36.25203],[59.60642,36.25178],[59.60694,36.25094]]}},{"type":"Feature","properties":{"name":"بولوار مصلی","minzoom":10},"geometry":{"type":"LineString","coordinates":[[59.6361,36.26966],[59.63625,36.26952],[59.63634,36.26942],[59.63656,36.2692],[59.63753,36.26833],[59.63777,36.2681],[59.63807,36.26782],[59.63837,36.26754],[59.63862,36.26731],[59.63896,36.26699],[59.63979,36.26622],[59.6402,36.26583],[59.64152,36.26459],[59.64191,36.26423],[59.64326,36.26296]]}},{"type":"Feature","properties":{"name":"بزرگراه شهید بابانظر","minzoom":9},"geometry":{"type":"LineString","coordinates":[[59.65916,36.30833],[59.65806,36.30899],[59.65685,36.30971],[59.65591,36.31029],[59.65582,36.31034]]}},{"type":"Feature","properties":{"name":"میدان فجر","minzoom":10},"geometry":{"type":"LineString","coordinates":[[59.65427,36.31038],[59.65481,36.31024],[59.65505,36.31024],[59.65522,36.3103],[59.65538,36.31043],[59.65546,36.3106],[59.65543,36.31081],[59.65535,36.31096],[59.65466,36.31157]]}},{"type":"Feature","properties":{"name":"بزرگراه شهید بابانظر","minzoom":9},"geometry":{"type":"LineString","coordinates":[[59.65891,36.30819],[59.65979,36.30768]]}},{"type":"Feature","properties":{"name":"بزرگراه شهید بابانظر","minzoom":9},"geometry":{"type":"LineString","coordinates":[[59.66023,36.3074],[59.66363,36.30544],[59.66398,36.30519],[59.66428,36.30499],[59.6645,36.30481],[59.66476,36.30456],[59.665,36.30429],[59.66518,36.30402],[59.66533,36.30371],[59.66541,36.30348],[59.66545,36.30327],[59.6655,36.30293],[59.66552,36.30261],[59.66548,36.30232],[59.66526,36.30178],[59.66517,36.30156],[59.66501,36.30132],[59.66471,36.30095],[59.66425,36.30041],[59.66416,36.30031],[59.66357,36.29962],[59.66294,36.29892],[59.66265,36.29859],[59.66247,36.29837],[59.66232,36.29817],[59.66212,36.2979],[59.66195,36.29763],[59.66181,36.29739],[59.66167,36.29709],[59.66151,36.29672],[59.66138,36.29633],[59.66098,36.295],[59.66046,36.29323],[59.6601,36.29198]]}},{"type":"Feature","properties":{"name":"میدان خیام نیشابوری","minzoom":10},"geometry":{"type":"LineString","coordinates":[[59.59057,36.34402],[59.59034,36.34404],[59.59016,36.34402],[59.59011,36.344]]}},{"type":"Feature","properties":{"name":"بولوار آیت الله عبادی","minzoom":10},"geometry":{"type":"LineString","coordinates":[[59.61437,36.31157],[59.61429,36.31144],[59.6141,36.31113],[59.61371,36.31048],[59.61343,36.31002],[59.6134,36.30998],[59.61323,36.3097],[59.61285,36.30907],[59.61281,36.30901],[59.61259,36.30864],[59.61239,36.30831],[59.61217,36.3079],[59.61178,36.30729],[59.61167,36.30711],[59.61135,36.30659],[59.61117,36.30631],[59.61112,36.30622],[59.61102,36.30606],[59.61062,36.30544],[59.6098,36.30407],[59.60957,36.30372],[59.60949,36.30359],[59.60925,36.30322],[59.60917,36.30307]]}},{"type":"Feature","properties":{"name":"بولوار شهید کامیاب","minzoom":10},"geometry":{"type":"LineString","coordinates":[[59.61437,36.31157],[59.61445,36.31148],[59.61453,36.3114],[59.61505,36.31084],[59.61561,36.31021],[59.61577,36.31003],[59.61618,36.30959],[59.6178,36.30785]]}},{"type":"Feature","properties":{"name":"بولوار شهید کامیاب","minzoom":10},"geometry":{"type":"LineString","coordinates":[[59.61489,36.31125],[59.61462,36.31152],[59.61453,36.31161],[59.61445,36.31169],[59.61435,36.3118],[59.61402,36.31211],[59.61357,36.31249],[59.61337,36.31266],[59.6131,36.3129],[59.61302,36.31298],[59.61278,36.3132],[59.61136,36.31446],[59.61085,36.31492],[59.61031,36.31539],[59.6098,36.31583],[59.60892,36.31661],[59.60883,36.31669]]}},{"type":"Feature","properties":{"name":"بولوار شهید کامیاب","minzoom":10},"geometry":{"type":"LineString","coordinates":[[59.62145,36.3037],[59.62159,36.30352],[59.62169,36.30342],[59.62181,36.30329]]}},{"type":"Feature","properties":{"name":"بولوار شهید کامیاب","minzoom":10},"geometry":{"type":"LineString","coordinates":[[59.62202,36.30307],[59.62227,36.30285],[59.62235,36.30278]]}},{"type":"Feature","properties":{"name":"بولوار شهید کامیاب","minzoom":10},"geometry":{"type":"LineString","coordinates":[[59.62417,36.30098],[59.62488,36.30018],[59.62508,36.29996],[59.62548,36.29949],[59.62642,36.29855],[59.62647,36.2985],[59.62664,36.29832]]}},{"type":"Feature","properties":{"name":"بلوار جمهوری اسلامی","minzoom":10},"geometry":{"type":"LineString","coordinates":[[59.60443,36.26246],[59.60411,36.26279],[59.60378,36.26312],[59.60228,36.26458],[59.6021,36.26475],[59.6017,36.26514],[59.60109,36.26575],[59.60058,36.26625],[59.59993,36.26689],[59.59965,36.26718],[59.59948,36.26736],[59.59929,36.26762],[59.59919,36.26791]]}},{"type":"Feature","properties":{"name":"بلوار جمهوری اسلامی","minzoom":10},"geometry":{"type":"LineString","coordinates":[[59.60879,36.25785],[59.60915,36.2575],[59.60993,36.25669],[59.61022,36.2564],[59.61072,36.25589],[59.61138,36.25523],[59.61209,36.25452],[59.61336,36.25325],[59.61358,36.25301],[59.61374,36.25281]]}},{"type":"Feature","properties":{"name":"بلوار جمهوری اسلامی","minzoom":10},"geometry":{"type":"LineString","coordinates":[[59.60911,36.25776],[59.60902,36.25785],[59.60893,36.25794]]}},{"type":"Feature","properties":{"name":"بولوار امامیه","minzoom":10},"geometry":{"type":"LineString","coordinates":[[59.5188,36.35658],[59.51869,36.35687],[59.51861,36.35706],[59.51827,36.35793],[59.51811,36.35826],[59.51795,36.35852],[59.51778,36.35878],[59.51762,36.35899],[59.51756,36.35908],[59.51747,36.3592],[59.51726,36.35948],[59.51682,36.36005],[59.51667,36.36024],[59.51635,36.36067],[59.51603,36.36109],[59.51566,36.36157],[59.51551,36.36176],[59.5154,36.36197]]}},{"type":"Feature","properties":{"name":"بولوار امامیه","minzoom":10},"geometry":{"type":"LineString","coordinates":[[59.52011,36.35289],[59.5205,36.35191],[59.52074,36.35131],[59.52097,36.35074],[59.52148,36.34945],[59.52157,36.34923],[59.52162,36.3491],[59.52174,36.34878],[59.52188,36.34837],[59.52206,36.34777],[59.52243,36.3465],[59.52247,36.34632],[59.52248,36.34611],[59.52241,36.34594],[59.52231,36.34583],[59.52218,36.34573],[59.52204,36.34566]]}},{"type":"Feature","properties":{"name":"بزرگراه هاشمی رفسنجانی","minzoom":9},"geometry":{"type":"LineString","coordinates":[[59.51008,36.37821],[59.51172,36.37875],[59.51262,36.37907],[59.5132,36.3793],[59.51442,36.37992]]}},{"type":"Feature","properties":{"name":"بزرگراه هاشمی رفسنجانی","minzoom":9},"geometry":{"type":"LineString","coordinates":[[59.50334,36.37356],[59.50261,36.37296],[59.50048,36.37148],[59.4998,36.37103],[59.49933,36.3707]]}},{"type":"Feature","properties":{"name":"بزرگراه هاشمی رفسنجانی","minzoom":9},"geometry":{"type":"LineString","coordinates":[[59.49307,36.36653],[59.49199,36.36586]]}},{"type":"Feature","properties":{"name":"بزرگراه هاشمی رفسنجانی","minzoom":9},"geometry":{"type":"LineString","coordinates":[[59.49056,36.36504],[59.48943,36.36438]]}},{"type":"Feature","properties":{"name":"بزرگراه هاشمی رفسنجانی","minzoom":9},"geometry":{"type":"LineString","coordinates":[[59.48737,36.36316],[59.48686,36.36288],[59.48641,36.36261],[59.48556,36.36227],[59.48435,36.36192],[59.48391,36.36177],[59.48324,36.36164]]}},{"type":"Feature","properties":{"name":"بزرگراه هاشمی رفسنجانی","minzoom":9},"geometry":{"type":"LineString","coordinates":[[59.48759,36.36292],[59.49079,36.3649],[59.4939,36.36675],[59.49483,36.36725],[59.49567,36.36781],[59.49608,36.36809]]}},{"type":"Feature","properties":{"name":"بزرگراه هاشمی رفسنجانی","minzoom":9},"geometry":{"type":"LineString","coordinates":[[59.50354,36.3734],[59.50438,36.37417],[59.50521,36.37498]]}},{"type":"Feature","properties":{"name":"بزرگراه امام علی","minzoom":9},"geometry":{"type":"LineString","coordinates":[[59.47892,36.34693],[59.47793,36.34694]]}},{"type":"Feature","properties":{"minzoom":9},"geometry":{"type":"LineString","coordinates":[[59.47567,36.34696],[59.47393,36.34697],[59.4728,36.347],[59.47223,36.34706],[59.47158,36.34718],[59.47079,36.34746],[59.4703,36.34773],[59.46974,36.34807],[59.46949,36.34826],[59.46909,36.34857],[59.46841,36.34918],[59.46813,36.34944],[59.46749,36.35006],[59.46721,36.35036],[59.46699,36.35065],[59.46683,36.35091],[59.46677,36.35107],[59.4668,36.35139]]}},{"type":"Feature","properties":{"name":"بزرگراه امام علی","minzoom":9},"geometry":{"type":"LineString","coordinates":[[59.48737,36.34656],[59.48951,36.34652],[59.49154,36.34641],[59.49176,36.34639],[59.49336,36.34627],[59.49604,36.34597],[59.49735,36.3458],[59.49825,36.3456]]}},{"type":"Feature","properties":{"name":"کنارگذر بزرگراه شهید قاسم سلیمانی","minzoom":10},"geometry":{"type":"LineString","coordinates":[[59.55455,36.27616],[59.55465,36.27547],[59.55471,36.27513],[59.55485,36.27474],[59.55495,36.27452],[59.55509,36.27428],[59.55526,36.27404],[59.55547,36.27381],[59.5557,36.2736],[59.55594,36.27342],[59.55627,36.27321],[59.55651,36.2731],[59.55691,36.27293],[59.55726,36.27283],[59.55759,36.27278],[59.55791,36.27273]]}},{"type":"Feature","properties":{"name":"بزرگراه امام علی","minzoom":9},"geometry":{"type":"LineString","coordinates":[[59.47793,36.34694],[59.47567,36.34696]]}},{"type":"Feature","properties":{"name":"بولوار امام خمینی","minzoom":10},"geometry":{"type":"LineString","coordinates":[[59.58402,36.26347],[59.58335,36.26313]]}},{"type":"Feature","properties":{"name":"بولوار عبدالمطلب","minzoom":10},"geometry":{"type":"LineString","coordinates":[[59.59042,36.33021],[59.59054,36.33013],[59.59084,36.32991],[59.59101,36.32979],[59.59115,36.32969],[59.5916,36.32937],[59.59207,36.32903],[59.59212,36.32899],[59.59363,36.3279],[59.59409,36.32758],[59.59461,36.3272],[59.59488,36.327],[59.5952,36.32677],[59.59529,36.32671],[59.59547,36.32658],[59.59555,36.32652],[59.59568,36.32643]]}},{"type":"Feature","properties":{"name":"بولوار عبدالمطلب","minzoom":10},"geometry":{"type":"LineString","coordinates":[[59.5905,36.33029],[59.59025,36.33045],[59.59016,36.33051],[59.59005,36.33058]]}},{"type":"Feature","properties":{"name":"بولوار عبدالمطلب","minzoom":10},"geometry":{"type":"LineString","coordinates":[[59.59005,36.33058],[59.5896,36.33087],[59.58928,36.33111],[59.58871,36.33154],[59.58832,36.33178],[59.58792,36.33201],[59.5875,36.33221],[59.58739,36.33226],[59.58707,36.3324],[59.58397,36.33359],[59.58363,36.33372],[59.58343,36.3338],[59.5819,36.33439],[59.58166,36.33449],[59.58138,36.33462],[59.58128,36.33466],[59.58107,36.3347]]}},{"type":"Feature","properties":{"name":"بولوار عبدالمطلب","minzoom":10},"geometry":{"type":"LineString","coordinates":[[59.59601,36.32618],[59.59671,36.32568],[59.59797,36.32476],[59.59835,36.32448],[59.60008,36.32323],[59.60023,36.32312],[59.60057,36.32287],[59.60341,36.3208],[59.60366,36.32061],[59.60371,36.32058],[59.6038,36.3205],[59.60408,36.32028],[59.60467,36.31981],[59.60539,36.31924],[59.60592,36.31882],[59.60638,36.31846],[59.60689,36.31806],[59.60732,36.31771],[59.60797,36.31721],[59.60864,36.31668],[59.60872,36.31661]]}},{"type":"Feature","properties":{"name":"بزرگراه هاشمی رفسنجانی","minzoom":9},"geometry":{"type":"LineString","coordinates":[[59.51564,36.38059],[59.51695,36.38134],[59.51724,36.3815],[59.51785,36.38182],[59.51804,36.38191],[59.5191,36.3824],[59.51939,36.38251],[59.51972,36.38258],[59.51999,36.38261]]}},{"type":"Feature","properties":{"name":"بزرگراه هاشمی رفسنجانی","minzoom":9},"geometry":{"type":"LineString","coordinates":[[59.51442,36.37992],[59.51564,36.38059]]}},{"type":"Feature","properties":{"name":"بزرگراه هاشمی رفسنجانی","minzoom":9},"geometry":{"type":"LineString","coordinates":[[59.51999,36.38261],[59.52042,36.38257],[59.52077,36.3825],[59.52112,36.38236],[59.52146,36.38219],[59.52224,36.38167]]}},{"type":"Feature","properties":{"name":"بزرگراه هاشمی رفسنجانی","minzoom":9},"geometry":{"type":"LineString","coordinates":[[59.51339,36.37963],[59.51309,36.37949],[59.51252,36.37926],[59.51163,36.37895],[59.51108,36.37878],[59.51032,36.37855],[59.50965,36.37834],[59.50911,36.37816],[59.50872,36.378],[59.50821,36.37774],[59.50733,36.37717],[59.50627,36.37638],[59.50564,36.37584],[59.50514,36.37535],[59.50418,36.37433],[59.50334,36.37356]]}},{"type":"Feature","properties":{"name":"بزرگراه وکیل آباد","minzoom":9},"geometry":{"type":"LineString","coordinates":[[59.53164,36.31824],[59.52803,36.31938]]}},{"type":"Feature","properties":{"name":"بزرگراه وکیل آباد","minzoom":9},"geometry":{"type":"LineString","coordinates":[[59.52803,36.31938],[59.52454,36.32047],[59.52236,36.32115]]}},{"type":"Feature","properties":{"name":"بزرگراه وکیل آباد","minzoom":9},"geometry":{"type":"LineString","coordinates":[[59.51616,36.32258],[59.5166,36.32244],[59.51823,36.32193],[59.52245,36.32063]]}},{"type":"Feature","properties":{"name":"بزرگراه وکیل آباد","minzoom":9},"geometry":{"type":"LineString","coordinates":[[59.52343,36.32031],[59.52405,36.32011]]}},{"type":"Feature","properties":{"name":"بولوار هاشمیه","minzoom":10},"geometry":{"type":"LineString","coordinates":[[59.51374,36.32104],[59.51466,36.32208]]}},{"type":"Feature","properties":{"name":"بزرگراه وکیل آباد","minzoom":9},"geometry":{"type":"LineString","coordinates":[[59.46307,36.33969],[59.46142,36.34021]]}},{"type":"Feature","properties":{"name":"بزرگراه وکیل آباد","minzoom":9},"geometry":{"type":"LineString","coordinates":[[59.48608,36.33195],[59.48626,36.33191],[59.48753,36.33151],[59.4918,36.33023],[59.49327,36.32977],[59.49383,36.32959],[59.49471,36.32932],[59.49573,36.32901],[59.49779,36.32836],[59.49931,36.32788],[59.50047,36.32751],[59.50189,36.32707]]}},{"type":"Feature","properties":{"name":"بزرگراه وکیل آباد","minzoom":9},"geometry":{"type":"LineString","coordinates":[[59.46482,36.33916],[59.46307,36.33969]]}},{"type":"Feature","properties":{"name":"بزرگراه وکیل آباد","minzoom":9},"geometry":{"type":"LineString","coordinates":[[59.46308,36.33919],[59.46426,36.33881]]}},{"type":"Feature","properties":{"name":"بزرگراه وکیل آباد","minzoom":9},"geometry":{"type":"LineString","coordinates":[[59.44226,36.34413],[59.44307,36.34394],[59.44344,36.34388],[59.44369,36.34386],[59.44394,36.34386]]}},{"type":"Feature","properties":{"name":"بزرگراه وکیل آباد","minzoom":9},"geometry":{"type":"LineString","coordinates":[[59.44517,36.34415],[59.44554,36.34423],[59.44618,36.34436],[59.44698,36.34435],[59.44747,36.34426]]}},{"type":"Feature","properties":{"name":"بزرگراه وکیل آباد","minzoom":9},"geometry":{"type":"LineString","coordinates":[[59.45691,36.34163],[59.45301,36.34281],[59.45284,36.34286],[59.45254,36.34295],[59.45245,36.34298],[59.45097,36.34346],[59.44932,36.34404],[59.44833,36.34437]]}},{"type":"Feature","properties":{"name":"بولوار معلم","minzoom":10},"geometry":{"type":"LineString","coordinates":[[59.53473,36.32622],[59.53535,36.32604],[59.53602,36.32581],[59.53705,36.32548],[59.53881,36.32491],[59.5398,36.32457],[59.54095,36.3242],[59.54151,36.32402],[59.54183,36.32393],[59.54203,36.32384],[59.54224,36.32373],[59.54234,36.32358],[59.54241,36.32335],[59.54243,36.32303],[59.54241,36.32247]]}},{"type":"Feature","properties":{"name":"بزرگراه آزادی","minzoom":9},"geometry":{"type":"LineString","coordinates":[[59.54685,36.33841],[59.54728,36.33999],[59.54733,36.34022],[59.54795,36.34265],[59.54798,36.34274],[59.54801,36.34286],[59.54804,36.34299],[59.54811,36.34333],[59.54811,36.34341],[59.54814,36.34371],[59.54818,36.34443],[59.54816,36.34501],[59.54807,36.34559]]}},{"type":"Feature","properties":{"name":"بزرگراه آزادی","minzoom":9},"geometry":{"type":"LineString","coordinates":[[59.54422,36.32956],[59.54356,36.32693],[59.5432,36.32561],[59.54257,36.32315]]}},{"type":"Feature","properties":{"name":"بزرگراه مشهد - چناران","minzoom":9},"geometry":{"type":"LineString","coordinates":[[59.43774,36.44264],[59.43586,36.4442],[59.43251,36.447],[59.4323,36.44718],[59.43141,36.44793],[59.4308,36.4484],[59.43066,36.44852],[59.42615,36.45229],[59.42606,36.45237],[59.42422,36.45391],[59.4237,36.45434],[59.42324,36.45473],[59.42199,36.45592],[59.4214,36.45645],[59.41993,36.45768],[59.41867,36.45872],[59.41759,36.45965],[59.41565,36.46104],[59.4153,36.4613],[59.41488,36.46159],[59.41436,36.46192],[59.41375,36.46227],[59.41221,36.46325],[59.41109,36.46388],[59.40816,36.46547],[59.4072,36.46602],[59.40672,36.4663]]}},{"type":"Feature","properties":{"name":"بزرگراه پیامبر اعظم","minzoom":9},"geometry":{"type":"LineString","coordinates":[[59.4634,36.41946],[59.46395,36.41886],[59.46567,36.41741],[59.46642,36.41669],[59.46803,36.4151],[59.46851,36.41464],[59.46984,36.41336],[59.47127,36.41197],[59.47134,36.41191],[59.47154,36.41172],[59.47171,36.41155],[59.4724,36.41089],[59.47424,36.40909],[59.47465,36.40868],[59.47496,36.40839],[59.47536,36.40799],[59.47715,36.40626],[59.47903,36.40442],[59.47936,36.40411],[59.48114,36.40238],[59.48145,36.4021],[59.48168,36.40189],[59.4822,36.4015],[59.48293,36.40101],[59.48356,36.40064],[59.48432,36.40027],[59.48772,36.39891],[59.48873,36.39851],[59.48948,36.39821],[59.48992,36.39803],[59.49264,36.39689],[59.49407,36.39625],[59.49465,36.39597],[59.4953,36.39571],[59.49674,36.39522],[59.49778,36.39487],[59.4994,36.39423],[59.5023,36.39306],[59.50534,36.39189],[59.5083,36.39072],[59.50839,36.39068],[59.51052,36.38978],[59.51117,36.38951],[59.51367,36.38852],[59.51465,36.38811],[59.51524,36.38783],[59.51587,36.38748],[59.51636,36.38717],[59.51687,36.38682],[59.51719,36.38657],[59.51749,36.38633],[59.5182,36.38568],[59.51887,36.38501],[59.52017,36.38371],[59.52081,36.38308],[59.52224,36.38167],[59.52314,36.38081],[59.52412,36.37985],[59.52425,36.37972],[59.52554,36.37843]]}},{"type":"Feature","properties":{"name":"بزرگراه مشهد - چناران","minzoom":9},"geometry":{"type":"LineString","coordinates":[[59.45529,36.42771],[59.45434,36.42861],[59.45333,36.42957]]}},{"type":"Feature","properties":{"name":"بزرگراه مشهد - چناران","minzoom":9},"geometry":{"type":"LineString","coordinates":[[59.45333,36.42957],[59.45199,36.43075],[59.45055,36.43199],[59.44908,36.43336],[59.44739,36.43482]]}},{"type":"Feature","properties":{"name":"میدان استقلال","minzoom":10},"geometry":{"type":"LineString","coordinates":[[59.54425,36.32574],[59.54442,36.32594],[59.54446,36.32608],[59.54446,36.32627],[59.54442,36.32644]]}},{"type":"Feature","properties":{"name":"بلوار خیام","minzoom":10},"geometry":{"type":"LineString","coordinates":[[59.58558,36.33874],[59.58604,36.33918],[59.5862,36.33933],[59.58633,36.33945],[59.58669,36.3398],[59.58823,36.34127],[59.58844,36.34146],[59.58884,36.34184],[59.58913,36.34216]]}},{"type":"Feature","properties":{"name":"بلوار خیام","minzoom":10},"geometry":{"type":"LineString","coordinates":[[59.58509,36.33852],[59.58476,36.3382],[59.58409,36.33756],[59.58371,36.3372],[59.58322,36.33674],[59.58252,36.33607],[59.58196,36.33554],[59.58187,36.33546],[59.58125,36.33487],[59.58107,36.3347],[59.58026,36.33399],[59.57911,36.3329],[59.57864,36.33243],[59.57802,36.33186],[59.57794,36.33177],[59.5778,36.33164]]}},{"type":"Feature","properties":{"name":"بلوار خیام","minzoom":10},"geometry":{"type":"LineString","coordinates":[[59.55283,36.30795],[59.55242,36.30755],[59.55234,36.30747],[59.5523,36.3073]]}},{"type":"Feature","properties":{"name":"بولوار ملک آباد","minzoom":10},"geometry":{"type":"LineString","coordinates":[[59.54605,36.31164],[59.54572,36.31186],[59.54557,36.31195],[59.54543,36.31205],[59.5448,36.31247],[59.54451,36.31266],[59.54424,36.31284],[59.54401,36.313]]}},{"type":"Feature","properties":{"name":"بولوار ملک آباد","minzoom":10},"geometry":{"type":"LineString","coordinates":[[59.56206,36.30084],[59.56273,36.30039],[59.5628,36.30031],[59.56281,36.3003],[59.56293,36.30016]]}},{"type":"Feature","properties":{"name":"بلوار خیام","minzoom":10},"geometry":{"type":"LineString","coordinates":[[59.58913,36.34216],[59.58952,36.34259],[59.58979,36.3428],[59.59002,36.34285],[59.5903,36.34286]]}},{"type":"Feature","properties":{"name":"میدان خیام نیشابوری","minzoom":10},"geometry":{"type":"LineString","coordinates":[[59.58969,36.34322],[59.58986,36.34304],[59.58999,36.34296],[59.5903,36.34286]]}},{"type":"Feature","properties":{"minzoom":9},"geometry":{"type":"LineString","coordinates":[[59.46114,36.34333],[59.46066,36.34222],[59.46051,36.34181],[59.46041,36.34139],[59.46041,36.34095]]}},{"type":"Feature","properties":{"minzoom":9},"geometry":{"type":"LineString","coordinates":[[59.46202,36.34458],[59.46236,36.34535]]}},{"type":"Feature","properties":{"name":"میدان خلیج فارس","minzoom":9},"geometry":{"type":"LineString","coordinates":[[59.48004,36.36029],[59.47977,36.36024],[59.4796,36.36018],[59.47947,36.36009],[59.47935,36.35997],[59.47926,36.35986],[59.47919,36.35975]]}},{"type":"Feature","properties":{"name":"بلوار توس","minzoom":10},"geometry":{"type":"LineString","coordinates":[[59.55492,36.35615],[59.55424,36.35665],[59.55389,36.35696],[59.55365,36.35723],[59.55354,36.35732],[59.55291,36.35799],[59.55278,36.35819],[59.55278,36.35839]]}},{"type":"Feature","properties":{"name":"بولوار توس","minzoom":10},"geometry":{"type":"LineString","coordinates":[[59.56996,36.34305],[59.57055,36.34235],[59.57262,36.34013],[59.57314,36.33957],[59.57344,36.33919],[59.57371,36.33883],[59.574,36.33834],[59.57439,36.33767],[59.57449,36.33751],[59.57456,36.33739],[59.57491,36.33678],[59.57493,36.33675],[59.57585,36.33518],[59.57635,36.3343],[59.57682,36.33348],[59.57721,36.33282],[59.57757,36.33218]]}},{"type":"Feature","properties":{"name":"بولوار توس","minzoom":10},"geometry":{"type":"LineString","coordinates":[[59.56843,36.34504],[59.56813,36.34537],[59.56762,36.34597],[59.56757,36.34602],[59.56739,36.34623],[59.56639,36.34731],[59.56631,36.34752],[59.56626,36.34767],[59.56624,36.34781],[59.56626,36.34795]]}},{"type":"Feature","properties":{"name":"بولوار فردوسی","minzoom":10},"geometry":{"type":"LineString","coordinates":[[59.54795,36.32557],[59.54779,36.3256],[59.5472,36.32571],[59.54567,36.32597],[59.54519,36.32604],[59.54487,36.32613],[59.54466,36.32621],[59.54454,36.32628],[59.54442,36.32644]]}},{"type":"Feature","properties":{"name":"بولوار فردوسی","minzoom":10},"geometry":{"type":"LineString","coordinates":[[59.55507,36.32494],[59.55679,36.32483],[59.55865,36.32471],[59.55936,36.32468],[59.55994,36.32464],[59.56132,36.32455],[59.56227,36.32449],[59.56236,36.32445],[59.56275,36.32428],[59.5628,36.32426]]}},{"type":"Feature","properties":{"name":"بلوار خیام","minzoom":10},"geometry":{"type":"LineString","coordinates":[[59.56915,36.32344],[59.56835,36.32269],[59.56785,36.3222],[59.5674,36.32178],[59.56696,36.32136],[59.56663,36.32105],[59.56648,36.32091],[59.56602,36.32048],[59.56557,36.32005],[59.5653,36.31978],[59.56522,36.31971],[59.56515,36.31964]]}},{"type":"Feature","properties":{"name":"بولوار فردوسی","minzoom":10},"geometry":{"type":"LineString","coordinates":[[59.57003,36.32402],[59.5702,36.32401],[59.57268,36.32388],[59.57337,36.32384],[59.57354,36.32383],[59.57524,36.32372],[59.5762,36.32367],[59.57644,36.32362],[59.57661,36.32351],[59.57676,36.32339]]}},{"type":"Feature","properties":{"name":"بلوار خیام","minzoom":10},"geometry":{"type":"LineString","coordinates":[[59.57835,36.33189],[59.57892,36.33244],[59.5809,36.3343],[59.58117,36.33456],[59.5812,36.33459],[59.58128,36.33466],[59.5817,36.33506],[59.5828,36.3361],[59.58336,36.33664],[59.58498,36.33816],[59.58517,36.33834],[59.58524,36.33842],[59.58532,36.3385],[59.58558,36.33874]]}},{"type":"Feature","properties":{"name":"بولوار فردوسی","minzoom":10},"geometry":{"type":"LineString","coordinates":[[59.56995,36.32419],[59.56976,36.32421],[59.5693,36.32424],[59.56889,36.32425],[59.5687,36.32426],[59.56803,36.32431],[59.56665,36.32439],[59.56473,36.32449],[59.56464,36.3245],[59.56451,36.32454],[59.56442,36.32457],[59.56411,36.32472]]}},{"type":"Feature","properties":{"name":"بلوار خیام","minzoom":10},"geometry":{"type":"LineString","coordinates":[[59.56515,36.31964],[59.56501,36.31951],[59.56393,36.31849],[59.56107,36.31579],[59.56045,36.31519],[59.56031,36.31506],[59.56018,36.31495],[59.56009,36.31487],[59.55997,36.31474],[59.55959,36.31438],[59.55843,36.31328],[59.55777,36.31265],[59.5572,36.31211],[59.55564,36.31063],[59.55548,36.31048],[59.55536,36.31037],[59.55507,36.31009],[59.55415,36.30922],[59.55404,36.30911],[59.55372,36.30881],[59.55348,36.30859],[59.55329,36.30841],[59.55318,36.30831],[59.55286,36.30798],[59.55283,36.30795]]}},{"type":"Feature","properties":{"name":"بلوار خیام","minzoom":10},"geometry":{"type":"LineString","coordinates":[[59.56533,36.31955],[59.56541,36.31963],[59.56643,36.32059],[59.56955,36.32356],[59.56988,36.32388],[59.56994,36.32393],[59.57003,36.32402]]}},{"type":"Feature","properties":{"name":"میدان شهید فهمیده","minzoom":10},"geometry":{"type":"LineString","coordinates":[[59.56463,36.34841],[59.56447,36.34831]]}},{"type":"Feature","properties":{"name":"میدان شهید فهمیده","minzoom":10},"geometry":{"type":"LineString","coordinates":[[59.56539,36.34871],[59.56519,36.34865],[59.56502,36.34858],[59.56484,36.34851],[59.56463,36.34841]]}},{"type":"Feature","properties":{"name":"میدان شهید فهمیده","minzoom":10},"geometry":{"type":"LineString","coordinates":[[59.5656,36.3476],[59.56582,36.34768],[59.56598,36.34777],[59.56611,36.34784],[59.56626,36.34795]]}},{"type":"Feature","properties":{"name":"میدان شهید فهمیده","minzoom":10},"geometry":{"type":"LineString","coordinates":[[59.56626,36.34795],[59.56649,36.34812]]}},{"type":"Feature","properties":{"name":"بولوار امام خمینی","minzoom":10},"geometry":{"type":"LineString","coordinates":[[59.5871,36.26725],[59.58698,36.26705],[59.5866,36.26646],[59.58654,36.26635],[59.58622,36.26583],[59.58597,36.26543],[59.58591,36.26534],[59.58586,36.26525],[59.58585,36.26523],[59.58558,36.2648],[59.58537,36.26454],[59.58527,36.26439],[59.58517,36.26429],[59.5851,36.26421]]}},{"type":"Feature","properties":{"name":"بولوار امام خمینی","minzoom":10},"geometry":{"type":"LineString","coordinates":[[59.58726,36.26719],[59.58766,36.26784],[59.58791,36.26825],[59.58806,36.2685],[59.58843,36.26911]]}},{"type":"Feature","properties":{"name":"امام خمینی","minzoom":10},"geometry":{"type":"LineString","coordinates":[[59.58843,36.26911],[59.58881,36.26972],[59.5892,36.27034],[59.58958,36.27096],[59.58961,36.27102],[59.58987,36.27143],[59.58999,36.27164],[59.59034,36.2722],[59.59066,36.27273],[59.59103,36.27332],[59.59137,36.27388],[59.59151,36.2741],[59.59163,36.27429],[59.59171,36.27434],[59.59188,36.27436]]}},{"type":"Feature","properties":{"name":"بولوار امام خمینی","minzoom":10},"geometry":{"type":"LineString","coordinates":[[59.59345,36.27718],[59.59353,36.27731],[59.59388,36.27789],[59.59489,36.27956],[59.5951,36.2799],[59.59524,36.28013],[59.59571,36.28088],[59.59581,36.28104],[59.59586,36.28112]]}},{"type":"Feature","properties":{"name":"بولوار شهید کامیاب","minzoom":10},"geometry":{"type":"LineString","coordinates":[[59.62235,36.30278],[59.62249,36.30267],[59.62264,36.30257]]}},{"type":"Feature","properties":{"name":"بولوار شهید کامیاب","minzoom":10},"geometry":{"type":"LineString","coordinates":[[59.62676,36.29842],[59.62673,36.29847],[59.62665,36.29854],[59.62636,36.29886],[59.62575,36.29951],[59.62432,36.30106]]}},{"type":"Feature","properties":{"name":"زیرگذر تقاطع شهید گمنام","minzoom":10},"geometry":{"type":"LineString","coordinates":[[59.63,36.29366],[59.62931,36.29432],[59.62909,36.29461],[59.62889,36.29492],[59.62875,36.29515],[59.62861,36.2954],[59.62849,36.29568],[59.62828,36.2962],[59.62801,36.29673],[59.62775,36.29722],[59.62739,36.29766],[59.62716,36.29794],[59.62676,36.29842]]}},{"type":"Feature","properties":{"name":"بولوار وحدت","minzoom":10},"geometry":{"type":"LineString","coordinates":[[59.62987,36.29359],[59.63036,36.29306],[59.63047,36.29291],[59.63065,36.2927],[59.63079,36.29238],[59.63084,36.29223],[59.63086,36.29202],[59.63079,36.29155],[59.63074,36.29132],[59.6306,36.29044],[59.63058,36.2903],[59.63057,36.29023],[59.6305,36.28951],[59.6305,36.2895]]}},{"type":"Feature","properties":{"name":"میدان شهدای مسجد گوهرشاد","minzoom":10},"geometry":{"type":"LineString","coordinates":[[59.62341,36.28117],[59.62347,36.28109]]}},{"type":"Feature","properties":{"name":"بلوار هفده شهریور","minzoom":10},"geometry":{"type":"LineString","coordinates":[[59.62134,36.27939],[59.62128,36.27932],[59.62098,36.27894],[59.62048,36.27805],[59.62037,36.2779],[59.6202,36.27775],[59.62,36.27762],[59.61932,36.27726],[59.61888,36.27703],[59.61879,36.27698],[59.6185,36.27685],[59.61826,36.27679],[59.61807,36.27678],[59.61804,36.27678],[59.61784,36.27678]]}},{"type":"Feature","properties":{"name":"بلوار کوشش","minzoom":10},"geometry":{"type":"LineString","coordinates":[[59.60037,36.25778],[59.59967,36.25698],[59.59932,36.25675]]}},{"type":"Feature","properties":{"name":"خیابان دانشگاه","minzoom":10},"geometry":{"type":"LineString","coordinates":[[59.5975,36.29511],[59.59632,36.29469],[59.5958,36.29452],[59.59532,36.29434],[59.59445,36.29404],[59.59405,36.2939],[59.59375,36.29379],[59.59166,36.29306],[59.59151,36.29301]]}},{"type":"Feature","properties":{"name":"خیابان شهید رئیسی (توحید)","minzoom":10},"geometry":{"type":"LineString","coordinates":[[59.59995,36.30337],[59.60015,36.30323],[59.60043,36.30297],[59.6007,36.30273],[59.601,36.30245],[59.60131,36.30216],[59.6015,36.30198],[59.60166,36.30182],[59.60182,36.30168],[59.60204,36.30147],[59.6023,36.30123],[59.60247,36.30107]]}},{"type":"Feature","properties":{"minzoom":9},"geometry":{"type":"LineString","coordinates":[[59.74136,36.08174],[59.74128,36.08078],[59.74115,36.07989],[59.74102,36.07931]]}},{"type":"Feature","properties":{"name":"آزادراه شهید شوشتری","minzoom":9},"geometry":{"type":"LineString","coordinates":[[59.73956,36.07559],[59.74015,36.07657],[59.74025,36.07678],[59.7405,36.07727],[59.74078,36.0779],[59.74105,36.07859],[59.74119,36.0791]]}},{"type":"Feature","properties":{"name":"جاده فریمان - مشهد","minzoom":9},"geometry":{"type":"LineString","coordinates":[[59.76657,36.06714],[59.76659,36.06789],[59.76666,36.06936],[59.76683,36.07026],[59.76685,36.07058],[59.76685,36.07088],[59.76682,36.07113],[59.76676,36.07139],[59.76664,36.07174],[59.7665,36.07206],[59.76561,36.07353],[59.76537,36.07399],[59.76523,36.07443],[59.76514,36.07501],[59.7651,36.07572],[59.76493,36.07634]]}},{"type":"Feature","properties":{"name":"جاده مشهد - فریمان","minzoom":9},"geometry":{"type":"LineString","coordinates":[[59.76512,36.07196],[59.76516,36.06846],[59.76517,36.06801],[59.76527,36.06415]]}},{"type":"Feature","properties":{"name":"جاده مشهد - فریمان","minzoom":9},"geometry":{"type":"LineString","coordinates":[[59.76527,36.06415],[59.76532,36.06136]]}},{"type":"Feature","properties":{"name":"جاده مشهد - فریمان","minzoom":9},"geometry":{"type":"LineString","coordinates":[[59.76493,36.07634],[59.765,36.07571],[59.76505,36.075],[59.76507,36.07447],[59.76512,36.07196]]}},{"type":"Feature","properties":{"name":"آزادراه کنارگذر شمالی مشهد","minzoom":9},"geometry":{"type":"LineString","coordinates":[[59.40536,36.49514],[59.40561,36.4953],[59.4063,36.49573],[59.40736,36.49636],[59.4085,36.49701],[59.40994,36.49779],[59.41183,36.49873],[59.41451,36.49993],[59.4177,36.5013],[59.42265,36.50344]]}},{"type":"Feature","properties":{"name":"بولوار شهید کامیاب","minzoom":10},"geometry":{"type":"LineString","coordinates":[[59.61795,36.30796],[59.6164,36.30963],[59.61526,36.31086],[59.61489,36.31125]]}},{"type":"Feature","properties":{"name":"بولوار شهید کامیاب","minzoom":10},"geometry":{"type":"LineString","coordinates":[[59.6211,36.30452],[59.62052,36.30515],[59.61919,36.30661],[59.61795,36.30796]]}},{"type":"Feature","properties":{"name":"خیابان دانشگاه","minzoom":10},"geometry":{"type":"LineString","coordinates":[[59.59889,36.29577],[59.59878,36.29565],[59.5987,36.29556],[59.59863,36.29552],[59.59857,36.29548],[59.59838,36.29542],[59.59806,36.29531],[59.5975,36.29511]]}},{"type":"Feature","properties":{"name":"خیابان طبرسی جنوبی","minzoom":10},"geometry":{"type":"LineString","coordinates":[[59.63367,36.29914],[59.63497,36.29997],[59.6364,36.30086],[59.63771,36.30166],[59.63776,36.3017],[59.63778,36.30171],[59.63786,36.30176],[59.63794,36.30181],[59.63803,36.30186],[59.6382,36.30197],[59.63935,36.30268],[59.64079,36.30357],[59.642,36.30432],[59.6432,36.30506],[59.64436,36.30578],[59.64454,36.30589],[59.64461,36.30593],[59.64471,36.30599]]}},{"type":"Feature","properties":{"name":"میدان شهدای مسجد گوهرشاد","minzoom":10},"geometry":{"type":"LineString","coordinates":[[59.62399,36.28159],[59.62391,36.2816],[59.62382,36.28158],[59.62372,36.28153],[59.62361,36.28145],[59.62351,36.28137],[59.62344,36.28128],[59.62341,36.28117]]}},{"type":"Feature","properties":{"minzoom":9},"geometry":{"type":"LineString","coordinates":[[59.77082,36.2013],[59.77029,36.20161],[59.76876,36.20292],[59.7679,36.20367],[59.76694,36.2045],[59.76476,36.20643],[59.76412,36.207],[59.7621,36.20877],[59.76013,36.21056],[59.75971,36.21088]]}},{"type":"Feature","properties":{"minzoom":10},"geometry":{"type":"LineString","coordinates":[[59.62432,36.28107],[59.62425,36.28141]]}},{"type":"Feature","properties":{"minzoom":10},"geometry":{"type":"LineString","coordinates":[[59.62425,36.28141],[59.62415,36.28155],[59.62404,36.28164]]}},{"type":"Feature","properties":{"minzoom":10},"geometry":{"type":"LineString","coordinates":[[59.62381,36.28168],[59.62366,36.2816],[59.62353,36.28151],[59.62342,36.2814]]}},{"type":"Feature","properties":{"name":"میدان بعثت","minzoom":9},"geometry":{"type":"LineString","coordinates":[[59.37615,36.31377],[59.37621,36.31375],[59.37627,36.31375],[59.37632,36.31376],[59.37638,36.31379],[59.37642,36.31382],[59.37645,36.31386],[59.37646,36.31391],[59.37646,36.31395],[59.37645,36.314],[59.37642,36.31404],[59.37638,36.31407],[59.37633,36.3141],[59.37627,36.31411],[59.37622,36.31411],[59.37616,36.3141],[59.37611,36.31408],[59.37607,36.31404],[59.37604,36.314],[59.37602,36.31396],[59.37602,36.31391],[59.37603,36.31387],[59.37606,36.31382],[59.3761,36.31379],[59.37615,36.31377]]}},{"type":"Feature","properties":{"name":"بولوار شاهد","minzoom":10},"geometry":{"type":"LineString","coordinates":[[59.53479,36.3651],[59.5345,36.36494],[59.53445,36.36491],[59.53421,36.36478],[59.53365,36.36449],[59.53344,36.36439],[59.53312,36.36426],[59.53279,36.36416],[59.53245,36.36409],[59.53237,36.36408],[59.53219,36.36406],[59.53177,36.36405],[59.53137,36.3641],[59.53068,36.3642],[59.53033,36.36424],[59.52997,36.36426],[59.52956,36.36422],[59.52914,36.36414],[59.52879,36.36403],[59.52839,36.36385],[59.52812,36.36373],[59.52801,36.36367]]}},{"type":"Feature","properties":{"name":"بولوار شاهد","minzoom":10},"geometry":{"type":"LineString","coordinates":[[59.53489,36.36499],[59.53538,36.36529],[59.53558,36.36535]]}},{"type":"Feature","properties":{"name":"بولوار شاهد","minzoom":10},"geometry":{"type":"LineString","coordinates":[[59.53375,36.3644],[59.53439,36.36472]]}},{"type":"Feature","properties":{"name":"آزادراه کنارگذر شمالی مشهد","minzoom":9},"geometry":{"type":"LineString","coordinates":[[59.3977,36.49008],[59.39654,36.48925],[59.39644,36.48917],[59.39472,36.48794],[59.39321,36.48685]]}},{"type":"Feature","properties":{"name":"آزادراه کنارگذر شمالی مشهد","minzoom":9},"geometry":{"type":"LineString","coordinates":[[59.39804,36.48995],[59.40179,36.49264],[59.40392,36.49417],[59.40477,36.49475],[59.40536,36.49514]]}},{"type":"Feature","properties":{"name":"آزادراه کنارگذر شمالی مشهد","minzoom":9},"geometry":{"type":"LineString","coordinates":[[59.40529,36.49545],[59.40454,36.49496],[59.4037,36.49439],[59.40156,36.49285],[59.3977,36.49008]]}},{"type":"Feature","properties":{"name":"آزادراه کنارگذر شمالی مشهد","minzoom":9},"geometry":{"type":"LineString","coordinates":[[59.39208,36.48566],[59.39668,36.48897],[59.39679,36.48904],[59.39804,36.48995]]}},{"type":"Feature","properties":{"name":"آزادراه کنارگذر شمالی مشهد","minzoom":9},"geometry":{"type":"LineString","coordinates":[[59.39321,36.48685],[59.38907,36.48387],[59.38779,36.48291]]}},{"type":"Feature","properties":{"name":"آزادراه کنارگذر شمالی مشهد","minzoom":9},"geometry":{"type":"LineString","coordinates":[[59.38852,36.48309],[59.38943,36.48376],[59.39208,36.48566]]}},{"type":"Feature","properties":{"name":"آزادراه کنارگذر شمالی مشهد","minzoom":9},"geometry":{"type":"LineString","coordinates":[[59.38616,36.48139],[59.38761,36.48241],[59.38852,36.48309]]}},{"type":"Feature","properties":{"name":"بزرگراه وکیل آباد","minzoom":9},"geometry":{"type":"LineString","coordinates":[[59.46426,36.33881],[59.46475,36.33852]]}},{"type":"Feature","properties":{"name":"بزرگراه وکیل آباد","minzoom":9},"geometry":{"type":"LineString","coordinates":[[59.53928,36.3158],[59.53758,36.31641],[59.53681,36.31666],[59.53654,36.31668]]}},{"type":"Feature","properties":{"name":"بولوار امام خمینی","minzoom":9},"geometry":{"type":"LineString","coordinates":[[59.38654,36.31771],[59.38637,36.31764],[59.38375,36.31696],[59.38352,36.31689],[59.38331,36.31683],[59.38245,36.31653],[59.37987,36.31556],[59.37905,36.31525],[59.37769,36.31469],[59.37699,36.31437],[59.37652,36.31415],[59.37627,36.31411]]}},{"type":"Feature","properties":{"name":"بولوار امام خمینی","minzoom":9},"geometry":{"type":"LineString","coordinates":[[59.37646,36.31391],[59.37661,36.31404],[59.37674,36.3141],[59.37706,36.31426],[59.3778,36.31458],[59.37914,36.31514],[59.37997,36.31545],[59.38252,36.3164],[59.38339,36.31671],[59.3838,36.31682],[59.38639,36.3175],[59.38661,36.31753]]}},{"type":"Feature","properties":{"name":"میدان شورا","minzoom":9},"geometry":{"type":"LineString","coordinates":[[59.38655,36.31761],[59.38661,36.31753],[59.38672,36.31748],[59.38683,36.31748],[59.38693,36.3175],[59.38702,36.31753],[59.38711,36.31759],[59.38716,36.31767],[59.38715,36.31777],[59.38709,36.31785],[59.38698,36.31789],[59.38687,36.3179],[59.38677,36.31788],[59.38668,36.31785],[59.3866,36.31779],[59.38654,36.31771],[59.38655,36.31761]]}},{"type":"Feature","properties":{"name":"بزرگراه آزادی","minzoom":9},"geometry":{"type":"LineString","coordinates":[[59.54554,36.33448],[59.54477,36.33156],[59.54452,36.33063],[59.54441,36.3302],[59.54422,36.32956]]}},{"type":"Feature","properties":{"name":"بزرگراه آزادی","minzoom":9},"geometry":{"type":"LineString","coordinates":[[59.5446,36.3298],[59.54465,36.33005],[59.54503,36.33153],[59.54523,36.3323],[59.54554,36.3335]]}},{"type":"Feature","properties":{"name":"بزرگراه پیامبر اعظم","minzoom":9},"geometry":{"type":"LineString","coordinates":[[59.54538,36.35046],[59.54559,36.35009],[59.54602,36.34935],[59.54631,36.34884]]}},{"type":"Feature","properties":{"name":"بزرگراه هاشمی رفسنجانی","minzoom":9},"geometry":{"type":"LineString","coordinates":[[59.48063,36.35984],[59.48079,36.35998],[59.48089,36.36006]]}},{"type":"Feature","properties":{"name":"بزرگراه هاشمی رفسنجانی","minzoom":9},"geometry":{"type":"LineString","coordinates":[[59.46684,36.35148],[59.46713,36.35188],[59.46736,36.35209],[59.47045,36.35427],[59.47058,36.35436],[59.4715,36.35503]]}},{"type":"Feature","properties":{"name":"بزرگراه هاشمی رفسنجانی","minzoom":9},"geometry":{"type":"LineString","coordinates":[[59.4774,36.35803],[59.47827,36.35854],[59.47912,36.35907],[59.47938,36.3592],[59.47963,36.35929]]}},{"type":"Feature","properties":{"name":"بزرگراه وکیل آباد","minzoom":9},"geometry":{"type":"LineString","coordinates":[[59.4584,36.34116],[59.4583,36.34119],[59.45765,36.3414],[59.45691,36.34163]]}},{"type":"Feature","properties":{"name":"بزرگراه وکیل آباد","minzoom":9},"geometry":{"type":"LineString","coordinates":[[59.45678,36.34119],[59.45708,36.34109],[59.45722,36.34104],[59.45753,36.34095],[59.45825,36.34071],[59.45882,36.34053],[59.45942,36.34034],[59.45966,36.34026],[59.45985,36.3402]]}},{"type":"Feature","properties":{"name":"بزرگراه وکیل آباد","minzoom":9},"geometry":{"type":"LineString","coordinates":[[59.4418,36.34694],[59.44113,36.34562],[59.44098,36.34536]]}},{"type":"Feature","properties":{"name":"بزرگراه وکیل آباد","minzoom":9},"geometry":{"type":"LineString","coordinates":[[59.44098,36.34536],[59.44084,36.34502],[59.44083,36.3449],[59.44085,36.3448],[59.4409,36.3447],[59.441,36.34459],[59.44116,36.34449],[59.44144,36.34437]]}},{"type":"Feature","properties":{"name":"بزرگراه وکیل آباد","minzoom":9},"geometry":{"type":"LineString","coordinates":[[59.44394,36.34386],[59.44431,36.3439],[59.44459,36.34395],[59.44496,36.34406]]}},{"type":"Feature","properties":{"name":"بزرگراه وکیل آباد","minzoom":9},"geometry":{"type":"LineString","coordinates":[[59.44496,36.34406],[59.44517,36.34415]]}},{"type":"Feature","properties":{"name":"بزرگراه وکیل آباد","minzoom":9},"geometry":{"type":"LineString","coordinates":[[59.44144,36.34437],[59.44226,36.34413]]}},{"type":"Feature","properties":{"name":"بولوار امام رضا","minzoom":9},"geometry":{"type":"LineString","coordinates":[[59.43986,36.34369],[59.44007,36.34394],[59.44034,36.34429],[59.44051,36.3444],[59.44072,36.34446],[59.44099,36.34446],[59.44144,36.34437]]}},{"type":"Feature","properties":{"name":"بلوار امام رضا","minzoom":9},"geometry":{"type":"LineString","coordinates":[[59.42759,36.33254],[59.42943,36.33362],[59.43055,36.33429],[59.43283,36.33566],[59.43347,36.33611],[59.43382,36.33639],[59.43434,36.33684],[59.43471,36.3372],[59.43519,36.33774],[59.4361,36.33885],[59.43714,36.34011],[59.43816,36.34139],[59.4384,36.34168],[59.43916,36.34274],[59.43986,36.34369]]}},{"type":"Feature","properties":{"name":"بلوار امام رضا","minzoom":9},"geometry":{"type":"LineString","coordinates":[[59.41975,36.32813],[59.42097,36.32868],[59.4218,36.32913],[59.42358,36.33017],[59.42437,36.33064],[59.42447,36.3307],[59.42532,36.33122],[59.42634,36.33181],[59.42646,36.33188],[59.42667,36.33202],[59.42759,36.33254]]}},{"type":"Feature","properties":{"name":"بلوار امام رضا","minzoom":9},"geometry":{"type":"LineString","coordinates":[[59.40784,36.323],[59.40816,36.32311],[59.40968,36.32375],[59.41005,36.32391],[59.41023,36.32399],[59.41186,36.32471],[59.41221,36.32486],[59.4128,36.32512],[59.41387,36.32559],[59.41689,36.32689],[59.41918,36.32789],[59.41975,36.32813]]}},{"type":"Feature","properties":{"minzoom":9},"geometry":{"type":"LineString","coordinates":[[59.40599,36.32352],[59.40544,36.32339],[59.40497,36.32334]]}},{"type":"Feature","properties":{"name":"بولوار امام خمینی","minzoom":9},"geometry":{"type":"LineString","coordinates":[[59.40599,36.32352],[59.40547,36.32351],[59.40438,36.32344],[59.40276,36.32333],[59.4021,36.32322],[59.40186,36.32317],[59.40153,36.32307],[59.39978,36.32238],[59.39938,36.32216],[59.39896,36.32188],[59.39848,36.32156],[59.39773,36.32096],[59.39724,36.32061],[59.39695,36.32044],[59.3966,36.3203],[59.39633,36.32021],[59.39272,36.31926],[59.3903,36.31861],[59.38908,36.31832],[59.38729,36.31787],[59.38709,36.31785]]}},{"type":"Feature","properties":{"name":"بلوار امام رضا","minzoom":9},"geometry":{"type":"LineString","coordinates":[[59.40765,36.32366],[59.40599,36.32352]]}},{"type":"Feature","properties":{"name":"بلوار امام رضا","minzoom":9},"geometry":{"type":"LineString","coordinates":[[59.40745,36.32284],[59.40771,36.32295],[59.40784,36.323]]}},{"type":"Feature","properties":{"name":"بلوار امام رضا","minzoom":9},"geometry":{"type":"LineString","coordinates":[[59.40726,36.32276],[59.40745,36.32284]]}},{"type":"Feature","properties":{"name":"بلوار امام رضا","minzoom":9},"geometry":{"type":"LineString","coordinates":[[59.40519,36.32233],[59.40537,36.32222],[59.40551,36.32218],[59.40563,36.32218],[59.40572,36.32222],[59.40618,36.32242],[59.40642,36.32253],[59.40726,36.32276]]}},{"type":"Feature","properties":{"name":"بلوار امام رضا","minzoom":9},"geometry":{"type":"LineString","coordinates":[[59.40466,36.32285],[59.405,36.32251],[59.40519,36.32233]]}},{"type":"Feature","properties":{"name":"بولوار امام خمینی","minzoom":9},"geometry":{"type":"LineString","coordinates":[[59.38716,36.31767],[59.38734,36.31775],[59.38915,36.31818],[59.39035,36.31847],[59.39278,36.31914],[59.39529,36.31981],[59.39638,36.32009],[59.39668,36.32017],[59.39704,36.32032],[59.39734,36.32049],[59.39787,36.32086],[59.3986,36.32144],[59.39906,36.32177],[59.39949,36.32205],[59.39987,36.32224],[59.40079,36.32261],[59.40089,36.32265],[59.40161,36.32294],[59.40192,36.32303],[59.40214,36.32309],[59.40243,36.32314],[59.40284,36.3232],[59.40343,36.32326],[59.40381,36.32329],[59.40404,36.32328],[59.40426,36.3232],[59.40439,36.32311],[59.40448,36.32303],[59.40466,36.32285]]}},{"type":"Feature","properties":{"name":"بولوار حر","minzoom":10},"geometry":{"type":"LineString","coordinates":[[59.66049,36.269],[59.66025,36.26908],[59.6601,36.26913]]}},{"type":"Feature","properties":{"name":"بولوار حر","minzoom":10},"geometry":{"type":"LineString","coordinates":[[59.66006,36.26905],[59.6602,36.269],[59.66043,36.26889]]}},{"type":"Feature","properties":{"name":"خیابان امام خمینی","minzoom":10},"geometry":{"type":"LineString","coordinates":[[59.6022,36.29155],[59.60227,36.29166],[59.60269,36.29233],[59.60286,36.2926],[59.60296,36.29276],[59.60351,36.29366],[59.60358,36.29378],[59.60366,36.29397]]}},{"type":"Feature","properties":{"name":"بولوار امام خمینی","minzoom":10},"geometry":{"type":"LineString","coordinates":[[59.59921,36.28664],[59.59937,36.28689],[59.59973,36.28748],[59.60006,36.28801],[59.60026,36.28834],[59.60047,36.28869],[59.60078,36.28919],[59.60208,36.29134],[59.60213,36.29144]]}},{"type":"Feature","properties":{"name":"میدان شهدای غواص","minzoom":10},"geometry":{"type":"LineString","coordinates":[[59.50601,36.31238],[59.50605,36.31239],[59.50609,36.31239],[59.50612,36.31241],[59.5063,36.31264],[59.50631,36.31269],[59.50629,36.31275]]}},{"type":"Feature","properties":{"name":"بولوار مصلی","minzoom":10},"geometry":{"type":"LineString","coordinates":[[59.64681,36.26077],[59.64649,36.26074],[59.64635,36.26074],[59.64613,36.26077],[59.64587,36.26087]]}},{"type":"Feature","properties":{"name":"بولوار مصلی","minzoom":10},"geometry":{"type":"LineString","coordinates":[[59.6454,36.26098],[59.64549,36.26074],[59.64549,36.26061],[59.64546,36.26048],[59.64536,36.26016]]}},{"type":"Feature","properties":{"name":"بزرگراه بسیج","minzoom":9},"geometry":{"type":"LineString","coordinates":[[59.65719,36.27073],[59.65691,36.27014],[59.65608,36.26899],[59.65266,36.26483]]}},{"type":"Feature","properties":{"name":"بزرگراه بسیج","minzoom":9},"geometry":{"type":"LineString","coordinates":[[59.65266,36.26483],[59.65162,36.26365],[59.65128,36.26328],[59.65099,36.26299]]}},{"type":"Feature","properties":{"name":"بولوار هاشمیه","minzoom":10},"geometry":{"type":"LineString","coordinates":[[59.51458,36.32211],[59.5136,36.3211]]}},{"type":"Feature","properties":{"name":"بلوار جمهوری اسلامی","minzoom":10},"geometry":{"type":"LineString","coordinates":[[59.60987,36.25706],[59.60911,36.25776]]}},{"type":"Feature","properties":{"name":"مشهد - چناران","minzoom":9},"geometry":{"type":"LineString","coordinates":[[59.16166,36.61698],[59.16148,36.61711],[59.15644,36.61981]]}},{"type":"Feature","properties":{"name":"شهید کشمیری (جاده سیمان)","minzoom":10},"geometry":{"type":"LineString","coordinates":[[59.67625,36.39188],[59.67632,36.39213],[59.67644,36.39253],[59.67658,36.39299],[59.67667,36.39327],[59.67674,36.39353],[59.67684,36.39387],[59.67694,36.39419],[59.67718,36.39491],[59.67741,36.39569],[59.67753,36.39607],[59.67768,36.39656],[59.67781,36.397],[59.67798,36.39752],[59.67815,36.39806],[59.67841,36.39895],[59.67846,36.39909],[59.6785,36.39921],[59.67872,36.39995],[59.67876,36.40011],[59.67886,36.40039],[59.67897,36.40062],[59.67908,36.40081],[59.67928,36.40102],[59.67991,36.40162],[59.68024,36.40192],[59.68113,36.40275],[59.68193,36.40349],[59.68232,36.4039],[59.6829,36.40456],[59.68319,36.40499],[59.68341,36.40536],[59.68375,36.40622],[59.68379,36.40634],[59.68391,36.40673],[59.68406,36.40745]]}},{"type":"Feature","properties":{"name":"بولوار سید رضی","minzoom":10},"geometry":{"type":"LineString","coordinates":[[59.51717,36.32509],[59.51702,36.32478],[59.51684,36.32451],[59.51656,36.32424]]}},{"type":"Feature","properties":{"name":"بولوار سید رضی","minzoom":10},"geometry":{"type":"LineString","coordinates":[[59.51663,36.32419],[59.51692,36.32447],[59.51711,36.32473],[59.51729,36.32506]]}},{"type":"Feature","properties":{"minzoom":10},"geometry":{"type":"LineString","coordinates":[[59.59529,36.32671],[59.59537,36.32658],[59.59541,36.3265],[59.59536,36.32638],[59.59529,36.32624]]}},{"type":"Feature","properties":{"name":"امام خمینی","minzoom":10},"geometry":{"type":"LineString","coordinates":[[59.29373,36.39483],[59.29273,36.39452],[59.29225,36.39437],[59.29093,36.39395],[59.29074,36.39392]]}},{"type":"Feature","properties":{"name":"بولوار مصلی","minzoom":10},"geometry":{"type":"LineString","coordinates":[[59.64326,36.26296],[59.64527,36.2611],[59.6454,36.26098]]}},{"type":"Feature","properties":{"name":"بولوار معلم","minzoom":10},"geometry":{"type":"LineString","coordinates":[[59.53781,36.32535],[59.5371,36.3256]]}},{"type":"Feature","properties":{"name":"بولوار معلم","minzoom":10},"geometry":{"type":"LineString","coordinates":[[59.54275,36.32441],[59.54259,36.32405],[59.5425,36.32396],[59.54241,36.32391],[59.54229,36.3239],[59.5421,36.32396],[59.541,36.32432],[59.53986,36.32468],[59.53977,36.32471],[59.53886,36.32501],[59.53781,36.32535]]}},{"type":"Feature","properties":{"name":"بولوار سپهبد قرنی","minzoom":10},"geometry":{"type":"LineString","coordinates":[[59.586,36.31641],[59.58589,36.31652]]}},{"type":"Feature","properties":{"name":"بولوار سپهبد قرنی","minzoom":10},"geometry":{"type":"LineString","coordinates":[[59.59024,36.3124],[59.59032,36.31233],[59.59162,36.31118],[59.59168,36.31113],[59.59263,36.31026],[59.59315,36.30978],[59.5936,36.30936],[59.59465,36.30839],[59.59561,36.30745],[59.59568,36.30739],[59.59576,36.30731],[59.59582,36.30726]]}},{"type":"Feature","properties":{"name":"بولوار بهار","minzoom":10},"geometry":{"type":"LineString","coordinates":[[59.59161,36.28552],[59.59155,36.28559],[59.59139,36.28576],[59.59118,36.28597],[59.59115,36.28599],[59.58774,36.28943],[59.5877,36.28947],[59.58668,36.29053],[59.5865,36.29074],[59.58629,36.29103]]}},{"type":"Feature","properties":{"name":"بولوار بهار","minzoom":10},"geometry":{"type":"LineString","coordinates":[[59.59172,36.28541],[59.59161,36.28552]]}},{"type":"Feature","properties":{"name":"میدان بسیج","minzoom":10},"geometry":{"type":"LineString","coordinates":[[59.60318,36.27374],[59.60314,36.27369],[59.60312,36.27363],[59.60312,36.27357],[59.60313,36.27351],[59.60316,36.27346],[59.60321,36.27341],[59.60324,36.27339],[59.6033,36.27335],[59.6034,36.27334],[59.60348,36.27334]]}},{"type":"Feature","properties":{"name":"شهید هاشمی نژاد","minzoom":10},"geometry":{"type":"LineString","coordinates":[[59.62027,36.30295],[59.62063,36.30309],[59.6214,36.30335],[59.62158,36.30336],[59.62169,36.30333],[59.62181,36.30329]]}},{"type":"Feature","properties":{"name":"بزرگراه پیامبر اعظم","minzoom":9},"geometry":{"type":"LineString","coordinates":[[59.53303,36.37104],[59.53358,36.37031],[59.53371,36.37011],[59.53432,36.3691],[59.5356,36.36694],[59.53606,36.36616],[59.53843,36.3622],[59.53857,36.36195],[59.53858,36.36193],[59.539,36.36122],[59.53943,36.3605],[59.54122,36.35745],[59.54327,36.35399],[59.54376,36.35317],[59.54458,36.35178],[59.54538,36.35046]]}},{"type":"Feature","properties":{"name":"بزرگراه پیامبر اعظم","minzoom":9},"geometry":{"type":"LineString","coordinates":[[59.51834,36.38576],[59.51762,36.38642],[59.51732,36.38667],[59.51699,36.38692],[59.51681,36.38704],[59.51648,36.38728],[59.51599,36.38758],[59.51534,36.38795],[59.51501,36.3881],[59.51472,36.38823],[59.51373,36.38864],[59.51125,36.38963],[59.5106,36.3899],[59.50831,36.39085],[59.5066,36.39154],[59.50541,36.39201],[59.50241,36.39319],[59.50148,36.39355]]}},{"type":"Feature","properties":{"name":"کندرو بزرگراه پیامبر اعظم","minzoom":9},"geometry":{"type":"LineString","coordinates":[[59.54306,36.35542],[59.54296,36.35562],[59.54281,36.35587],[59.5427,36.35604],[59.54247,36.35642],[59.54233,36.35667],[59.54217,36.35694],[59.54206,36.35711],[59.5417,36.35764]]}},{"type":"Feature","properties":{"minzoom":9},"geometry":{"type":"LineString","coordinates":[[59.54147,36.35803],[59.5413,36.35821],[59.54031,36.35933]]}},{"type":"Feature","properties":{"name":"بزرگراه آزادی","minzoom":9},"geometry":{"type":"LineString","coordinates":[[59.54167,36.31895],[59.54177,36.3193],[59.5419,36.31973]]}},{"type":"Feature","properties":{"name":"بزرگراه کمربند سبز - کوه پارک","minzoom":9},"geometry":{"type":"LineString","coordinates":[[59.48668,36.28853],[59.48647,36.28867],[59.4864,36.28877],[59.48629,36.28897],[59.4862,36.28906],[59.48603,36.28916],[59.48547,36.28939],[59.4842,36.28991],[59.48334,36.29026],[59.48251,36.29058],[59.48098,36.29109],[59.48075,36.29117],[59.48027,36.29131],[59.47802,36.29187],[59.4763,36.2922],[59.47458,36.29263],[59.47449,36.29265],[59.47439,36.29266],[59.47387,36.2927],[59.47364,36.29275],[59.47336,36.29281],[59.47314,36.29291]]}},{"type":"Feature","properties":{"name":"بزرگراه کمربند سبز","minzoom":9},"geometry":{"type":"LineString","coordinates":[[59.48726,36.28813],[59.48753,36.28801],[59.48768,36.28795],[59.48819,36.28776],[59.49017,36.2868],[59.49201,36.28584],[59.49267,36.2855],[59.49344,36.28503],[59.49358,36.28493],[59.49445,36.28432],[59.49556,36.28356],[59.49698,36.28265],[59.49733,36.28243],[59.49809,36.28196],[59.499,36.28143],[59.49981,36.28098],[59.50058,36.28057],[59.50096,36.28037],[59.50175,36.27996],[59.50181,36.27993],[59.5021,36.27983],[59.50215,36.27983],[59.50237,36.27981],[59.50278,36.2798],[59.50304,36.27977],[59.50324,36.27971],[59.50464,36.27903],[59.50498,36.27883],[59.50541,36.27854],[59.50561,36.27844],[59.50598,36.27829],[59.5065,36.27809],[59.50664,36.27803],[59.50702,36.27784],[59.50719,36.27779],[59.50739,36.27771],[59.50758,36.27763],[59.50768,36.27761],[59.50778,36.27761],[59.50785,36.27764],[59.5079,36.27769],[59.50798,36.27781],[59.50836,36.27851],[59.5088,36.27924],[59.50893,36.27949],[59.50903,36.27971],[59.50917,36.2799]]}},{"type":"Feature","properties":{"name":"بولوار شهید برونسی","minzoom":10},"geometry":{"type":"LineString","coordinates":[[59.46186,36.33592],[59.46108,36.33928]]}},{"type":"Feature","properties":{"name":"آزادراه مشهد - چناران","minzoom":9},"geometry":{"type":"LineString","coordinates":[[59.455,36.36763],[59.45734,36.36438],[59.45783,36.36362],[59.45839,36.36266],[59.45932,36.36085],[59.46042,36.35859],[59.46123,36.35687],[59.46182,36.35577],[59.46226,36.35498],[59.4625,36.35456]]}},{"type":"Feature","properties":{"minzoom":10},"geometry":{"type":"LineString","coordinates":[[59.27652,36.39137],[59.27651,36.39146]]}},{"type":"Feature","properties":{"minzoom":9},"geometry":{"type":"LineString","coordinates":[[59.53902,36.36221],[59.53888,36.36247],[59.53862,36.3629],[59.53839,36.36331],[59.53815,36.36371],[59.53792,36.3641],[59.53769,36.36453],[59.5375,36.36491],[59.53725,36.36528],[59.53698,36.36556]]}},{"type":"Feature","properties":{"name":"بزرگراه کمربند سبز","minzoom":9},"geometry":{"type":"LineString","coordinates":[[59.48661,36.28845],[59.48726,36.28813]]}},{"type":"Feature","properties":{"name":"جاده میامی","minzoom":9},"geometry":{"type":"LineString","coordinates":[[59.78148,36.20903],[59.78131,36.20927],[59.78049,36.21002],[59.77961,36.21084],[59.77846,36.21181],[59.77786,36.21226],[59.77758,36.21247],[59.77612,36.21337],[59.77465,36.21408],[59.77248,36.215],[59.77129,36.21544],[59.76924,36.21616],[59.76706,36.21695],[59.76655,36.21713],[59.76451,36.21772],[59.76194,36.21857],[59.76115,36.21886],[59.75991,36.21936],[59.7586,36.22005],[59.7577,36.2206],[59.75685,36.22119],[59.75439,36.22287],[59.75376,36.22337],[59.75307,36.22409],[59.7527,36.22454],[59.75127,36.22633],[59.75056,36.22733],[59.75003,36.22831],[59.74969,36.22902],[59.74935,36.22977],[59.74532,36.23905],[59.74458,36.24081],[59.74431,36.24155],[59.74421,36.24183],[59.74302,36.24429],[59.74293,36.24453],[59.74217,36.24621],[59.74184,36.24695],[59.74109,36.24828],[59.74046,36.24926],[59.73983,36.25009],[59.73925,36.25081],[59.73684,36.25359],[59.73644,36.25405],[59.73581,36.25476],[59.73508,36.25554],[59.73437,36.25632],[59.73354,36.25708],[59.73303,36.25748],[59.73243,36.25788],[59.73216,36.25807],[59.73112,36.25873],[59.73021,36.25926],[59.72933,36.25982]]}},{"type":"Feature","properties":{"minzoom":9},"geometry":{"type":"LineString","coordinates":[[59.78114,36.20861],[59.78125,36.20856],[59.78138,36.20856],[59.78151,36.2086],[59.7816,36.20867],[59.78164,36.20877],[59.78164,36.20887],[59.78158,36.20897],[59.78148,36.20903],[59.78135,36.20906],[59.78122,36.20904],[59.78111,36.20898],[59.78104,36.2089],[59.78102,36.20879],[59.78106,36.20869],[59.78114,36.20861]]}},{"type":"Feature","properties":{"name":"جاده میامی","minzoom":9},"geometry":{"type":"LineString","coordinates":[[59.7292,36.2597],[59.73059,36.25883],[59.73134,36.25829],[59.73195,36.25782],[59.73251,36.25741],[59.73337,36.25679],[59.73411,36.25618],[59.73487,36.25541],[59.7356,36.25464],[59.73593,36.25428],[59.73625,36.25394],[59.73668,36.25347],[59.73906,36.25071],[59.73963,36.25],[59.74026,36.24916],[59.74089,36.2482],[59.74163,36.24688],[59.74195,36.24615],[59.74271,36.24438],[59.74326,36.24297],[59.74362,36.24207],[59.74509,36.23898],[59.74713,36.23433],[59.74809,36.23214],[59.74905,36.22995],[59.74933,36.22929],[59.74977,36.22826],[59.75035,36.22724],[59.7508,36.22654],[59.75101,36.22623],[59.75188,36.22507],[59.75223,36.22466],[59.75245,36.22442],[59.75287,36.22398],[59.75307,36.22378],[59.7536,36.22325],[59.75427,36.22266],[59.75495,36.22212],[59.75607,36.22123],[59.75668,36.2208],[59.75744,36.22034],[59.75846,36.21985],[59.75984,36.21918],[59.76106,36.21868],[59.76186,36.2184],[59.76442,36.21756],[59.76562,36.21715],[59.76684,36.21666],[59.76909,36.21595],[59.77115,36.21527],[59.77239,36.21485],[59.77329,36.21448],[59.77451,36.21397],[59.77525,36.21361],[59.77594,36.2132],[59.77669,36.21276],[59.77748,36.21225],[59.77804,36.21188],[59.77866,36.21143],[59.77948,36.21075],[59.78007,36.21023],[59.78041,36.20992],[59.78062,36.2097],[59.7808,36.20947],[59.78102,36.20879]]}},{"type":"Feature","properties":{"name":"خیابان امام رضا علیه السلام","minzoom":10},"geometry":{"type":"LineString","coordinates":[[59.59927,36.26863],[59.59969,36.26912],[59.60015,36.26965],[59.6006,36.27018],[59.60105,36.2707],[59.60152,36.27126],[59.60192,36.27173],[59.60232,36.27218],[59.60271,36.27265],[59.60304,36.27303],[59.60319,36.27321],[59.6034,36.27334]]}},{"type":"Feature","properties":{"name":"میدان پانزده خرداد","minzoom":10},"geometry":{"type":"LineString","coordinates":[[59.59919,36.26791],[59.59921,36.26802],[59.5992,36.26813],[59.59916,36.26823]]}},{"type":"Feature","properties":{"name":"خیابان شهید محمدعلی حنایی","minzoom":10},"geometry":{"type":"LineString","coordinates":[[59.61609,36.27499],[59.61714,36.27447],[59.61737,36.27441],[59.61756,36.27437],[59.61775,36.27432],[59.61787,36.27429],[59.61799,36.27426],[59.61814,36.27423]]}},{"type":"Feature","properties":{"minzoom":10},"geometry":{"type":"LineString","coordinates":[[59.52855,36.32902],[59.52826,36.32894],[59.52803,36.32893]]}},{"type":"Feature","properties":{"name":"بولوار معلم","minzoom":10},"geometry":{"type":"LineString","coordinates":[[59.52803,36.32893],[59.52767,36.32899],[59.52654,36.32918],[59.52519,36.32945]]}},{"type":"Feature","properties":{"minzoom":9},"geometry":{"type":"LineString","coordinates":[[59.64505,36.25982],[59.64501,36.25971],[59.64504,36.2596],[59.64511,36.25951],[59.64521,36.25944]]}},{"type":"Feature","properties":{"minzoom":9},"geometry":{"type":"LineString","coordinates":[[59.64681,36.26077],[59.6464,36.26066],[59.6461,36.26057],[59.64578,36.26041],[59.64551,36.26025],[59.64536,36.26016]]}},{"type":"Feature","properties":{"minzoom":9},"geometry":{"type":"LineString","coordinates":[[59.64752,36.26035],[59.64752,36.26046],[59.64748,36.26057],[59.64739,36.26065],[59.64726,36.2607]]}},{"type":"Feature","properties":{"minzoom":9},"geometry":{"type":"LineString","coordinates":[[59.64562,36.25937],[59.64601,36.25939],[59.6464,36.25947],[59.64676,36.25961],[59.64718,36.25989],[59.64734,36.26005]]}},{"type":"Feature","properties":{"name":"بزرگراه بسیج","minzoom":9},"geometry":{"type":"LineString","coordinates":[[59.64092,36.25891],[59.64234,36.25903],[59.64303,36.2591],[59.64342,36.25914],[59.64395,36.25923],[59.64433,36.25931],[59.6447,36.2594],[59.64551,36.25962],[59.64621,36.25986],[59.64674,36.26008],[59.64711,36.26026],[59.64911,36.26121],[59.64945,36.26143],[59.65002,36.2618],[59.6506,36.26227],[59.65123,36.26283]]}},{"type":"Feature","properties":{"name":"بزرگراه بسیج","minzoom":9},"geometry":{"type":"LineString","coordinates":[[59.62655,36.25806],[59.62696,36.25808],[59.63077,36.2583],[59.63215,36.2584],[59.63825,36.25874],[59.64092,36.25891]]}},{"type":"Feature","properties":{"name":"بزرگراه بسیج","minzoom":9},"geometry":{"type":"LineString","coordinates":[[59.63823,36.25898],[59.63154,36.25858],[59.63074,36.25852],[59.62694,36.25831],[59.62633,36.25827],[59.62571,36.2582],[59.62519,36.25813],[59.62468,36.25803],[59.62424,36.25793],[59.62381,36.2578],[59.62337,36.25764],[59.62295,36.25744],[59.62227,36.2571],[59.61762,36.2547]]}},{"type":"Feature","properties":{"name":"میدان معراج","minzoom":10},"geometry":{"type":"LineString","coordinates":[[59.55232,36.3582],[59.55254,36.35826],[59.55278,36.35839]]}},{"type":"Feature","properties":{"name":"میدان معراج","minzoom":10},"geometry":{"type":"LineString","coordinates":[[59.55303,36.35901],[59.55296,36.35919],[59.55291,36.35925],[59.55284,36.35934],[59.55267,36.35946],[59.55252,36.35953],[59.55236,36.35957]]}},{"type":"Feature","properties":{"name":"دانشگاه","minzoom":10},"geometry":{"type":"LineString","coordinates":[[59.59907,36.29579],[59.59901,36.2958],[59.59897,36.2958],[59.59892,36.29578],[59.59889,36.29577]]}},{"type":"Feature","properties":{"name":"بزرگراه هاشمی رفسنجانی","minzoom":9},"geometry":{"type":"LineString","coordinates":[[59.4632,36.34709],[59.46368,36.34793],[59.46403,36.34844],[59.465,36.34981],[59.4654,36.35035],[59.46585,36.35091],[59.46633,36.35143],[59.46687,36.35196],[59.46758,36.35253],[59.46905,36.35357],[59.47018,36.35437]]}},{"type":"Feature","properties":{"minzoom":9},"geometry":{"type":"LineString","coordinates":[[59.46725,36.34986],[59.46529,36.35198],[59.46457,36.35267]]}},{"type":"Feature","properties":{"minzoom":9},"geometry":{"type":"LineString","coordinates":[[59.46441,36.35256],[59.46512,36.35187],[59.46711,36.34978]]}},{"type":"Feature","properties":{"minzoom":9},"geometry":{"type":"LineString","coordinates":[[59.46487,36.35025],[59.46492,36.35021],[59.46497,36.35017],[59.46503,36.35015],[59.46509,36.35013],[59.46516,36.35012],[59.46523,36.35011],[59.46529,36.35012]]}},{"type":"Feature","properties":{"minzoom":9},"geometry":{"type":"LineString","coordinates":[[59.4669,36.3518],[59.46687,36.35187],[59.46682,36.35193],[59.46676,36.35198],[59.46671,36.35202],[59.46663,36.35206],[59.46656,36.35209]]}},{"type":"Feature","properties":{"name":"جاده میامی","minzoom":9},"geometry":{"type":"LineString","coordinates":[[59.72863,36.26028],[59.72673,36.26151],[59.72583,36.26209],[59.72515,36.26253],[59.72437,36.26298],[59.7236,36.26339],[59.7226,36.26387],[59.72183,36.2642],[59.72078,36.26459],[59.72047,36.26469],[59.72003,36.26484],[59.7192,36.26508],[59.71842,36.26529],[59.71729,36.26552],[59.7166,36.26565],[59.71596,36.26577],[59.71525,36.26586],[59.7145,36.26594],[59.71127,36.26618],[59.7091,36.26633],[59.7075,36.26644],[59.70331,36.26673],[59.70254,36.2668],[59.7011,36.26699],[59.70025,36.26715],[59.69921,36.26738],[59.69867,36.26751],[59.69744,36.26787],[59.69693,36.26805],[59.69615,36.26834],[59.69515,36.26874],[59.69434,36.26912],[59.69281,36.2699],[59.69209,36.27026],[59.6919,36.27038]]}},{"type":"Feature","properties":{"name":"جاده میامی","minzoom":9},"geometry":{"type":"LineString","coordinates":[[59.72933,36.25982],[59.72863,36.26028]]}},{"type":"Feature","properties":{"name":"بزرگراه بسیج","minzoom":9},"geometry":{"type":"LineString","coordinates":[[59.65288,36.26474],[59.65586,36.26832],[59.65677,36.26948],[59.65716,36.27005],[59.65745,36.27065]]}},{"type":"Feature","properties":{"name":"بزرگراه کمربند سبز","minzoom":9},"geometry":{"type":"LineString","coordinates":[[59.509,36.27992],[59.50894,36.27981],[59.50882,36.27954],[59.50868,36.27928],[59.50825,36.27857],[59.50785,36.27786],[59.50779,36.27779],[59.50771,36.27778],[59.50764,36.27779],[59.50748,36.27784],[59.50711,36.27797],[59.50669,36.27809],[59.50655,36.27815],[59.50602,36.27835],[59.50566,36.2785],[59.50546,36.2786],[59.50503,36.27889],[59.50468,36.27909],[59.5033,36.27977],[59.50307,36.27984],[59.50278,36.27988],[59.50241,36.27993],[59.5023,36.27998],[59.50196,36.28013],[59.50191,36.28016],[59.50113,36.28055],[59.49998,36.28117],[59.49905,36.28176],[59.4983,36.28217],[59.49802,36.28232],[59.49748,36.28267],[59.49719,36.28283],[59.49577,36.28371],[59.49378,36.28512],[59.49362,36.28521],[59.49295,36.28562],[59.49284,36.28569],[59.4922,36.28606],[59.49087,36.28674],[59.49018,36.28709],[59.48837,36.28799],[59.48809,36.28805],[59.48778,36.28808],[59.4877,36.28809],[59.4876,36.28811],[59.48732,36.2882]]}},{"type":"Feature","properties":{"name":"بزرگراه کمربند سبز - کوه پارک","minzoom":9},"geometry":{"type":"LineString","coordinates":[[59.47311,36.29285],[59.47315,36.29284],[59.47333,36.29277],[59.47363,36.29267],[59.47385,36.29261],[59.47454,36.29247],[59.47626,36.29206],[59.47777,36.29176],[59.4783,36.2916],[59.47892,36.29142],[59.47993,36.29118],[59.48067,36.29096],[59.48088,36.29089],[59.48236,36.29036],[59.48318,36.29004],[59.48532,36.28921],[59.48604,36.2889],[59.48616,36.28883],[59.48626,36.28871],[59.48639,36.28859],[59.48661,36.28845]]}},{"type":"Feature","properties":{"name":"بولوار شاهنامه","minzoom":10},"geometry":{"type":"LineString","coordinates":[[59.51304,36.48321],[59.51258,36.48292],[59.5117,36.48239],[59.51009,36.48142],[59.50589,36.47888],[59.50525,36.4785],[59.50505,36.47838],[59.50501,36.47836],[59.50459,36.47809],[59.50444,36.47799],[59.50384,36.47755],[59.50347,36.47723],[59.50206,36.47593],[59.50196,36.47585],[59.50185,36.47577]]}},{"type":"Feature","properties":{"name":"آزادراه کنارگذر شمالی مشهد","minzoom":9},"geometry":{"type":"LineString","coordinates":[[59.56865,36.48902],[59.56166,36.48907]]}},{"type":"Feature","properties":{"name":"آزادراه کنارگذر شمالی مشهد","minzoom":9},"geometry":{"type":"LineString","coordinates":[[59.56893,36.48902],[59.56865,36.48902]]}},{"type":"Feature","properties":{"name":"آزادراه کنارگذر شمالی مشهد","minzoom":9},"geometry":{"type":"LineString","coordinates":[[59.56165,36.48879],[59.56875,36.48874]]}},{"type":"Feature","properties":{"name":"آزادراه کنارگذر شمالی مشهد","minzoom":9},"geometry":{"type":"LineString","coordinates":[[59.56875,36.48874],[59.56903,36.48874]]}},{"type":"Feature","properties":{"minzoom":9},"geometry":{"type":"LineString","coordinates":[[59.64629,36.19123],[59.64648,36.18964],[59.64654,36.18936],[59.64661,36.18912],[59.64675,36.18887],[59.64696,36.18859],[59.64716,36.18844],[59.64743,36.18823],[59.64778,36.18807],[59.64814,36.18797],[59.64862,36.18792],[59.64908,36.18794],[59.64956,36.18807],[59.65012,36.18827]]}},{"type":"Feature","properties":{"name":"کمربندی چناران","minzoom":9},"geometry":{"type":"LineString","coordinates":[[59.11413,36.61478],[59.1139,36.61487]]}},{"type":"Feature","properties":{"name":"کمربندی چناران","minzoom":9},"geometry":{"type":"LineString","coordinates":[[59.11383,36.61467],[59.11403,36.6146]]}},{"type":"Feature","properties":{"name":"بولوار معلم","minzoom":10},"geometry":{"type":"LineString","coordinates":[[59.50526,36.33549],[59.5054,36.33545],[59.50657,36.33507],[59.50713,36.33489],[59.50942,36.3342],[59.50986,36.33406],[59.51029,36.33395],[59.51088,36.33382],[59.51141,36.33375],[59.51166,36.33368],[59.51183,36.33363],[59.51194,36.3336],[59.51207,36.33356],[59.51217,36.33352],[59.51238,36.33345],[59.51353,36.33307],[59.51516,36.33254],[59.51563,36.33239],[59.51684,36.33201],[59.51849,36.33147],[59.51865,36.33142],[59.51964,36.3311],[59.51986,36.33103],[59.51998,36.33099]]}},{"type":"Feature","properties":{"name":"بولوار شهید فکوری","minzoom":10},"geometry":{"type":"LineString","coordinates":[[59.47136,36.31818],[59.47147,36.31818],[59.47208,36.31799],[59.47397,36.31741]]}},{"type":"Feature","properties":{"name":"بولوار شهید فکوری","minzoom":10},"geometry":{"type":"LineString","coordinates":[[59.47397,36.31741],[59.47441,36.31727]]}},{"type":"Feature","properties":{"name":"بزرگراه کمربند سبز","minzoom":9},"geometry":{"type":"LineString","coordinates":[[59.48732,36.2882],[59.48668,36.28853]]}},{"type":"Feature","properties":{"name":"بزرگراه مشهد - چناران","minzoom":9},"geometry":{"type":"LineString","coordinates":[[59.16251,36.61656],[59.16166,36.61698]]}},{"type":"Feature","properties":{"name":"بولوار توس","minzoom":10},"geometry":{"type":"LineString","coordinates":[[59.52226,36.38906],[59.52111,36.39008],[59.5205,36.3906],[59.5198,36.39122],[59.5194,36.39157],[59.51776,36.39305],[59.51675,36.39393],[59.51662,36.39406],[59.51494,36.39551],[59.51454,36.39588],[59.51344,36.39686],[59.51166,36.39848],[59.5115,36.39861],[59.51132,36.39878],[59.50948,36.40041],[59.50905,36.40079]]}},{"type":"Feature","properties":{"minzoom":9},"geometry":{"type":"LineString","coordinates":[[59.4657,36.35031],[59.466,36.35053],[59.46629,36.35079],[59.46651,36.35102],[59.4668,36.35139]]}},{"type":"Feature","properties":{"minzoom":9},"geometry":{"type":"LineString","coordinates":[[59.4663,36.35211],[59.46605,36.35207],[59.46573,36.35198],[59.46547,36.35185],[59.46526,36.35172],[59.46506,36.35153],[59.4649,36.35132],[59.4648,36.35109],[59.46474,36.35091],[59.46471,36.35069],[59.46472,36.35048]]}},{"type":"Feature","properties":{"name":"کنارگذر بزرگراه شهید قاسم سلیمانی","minzoom":10},"geometry":{"type":"LineString","coordinates":[[59.55861,36.27333],[59.55773,36.27341],[59.55744,36.27344],[59.55727,36.27348],[59.55688,36.27357]]}},{"type":"Feature","properties":{"minzoom":9},"geometry":{"type":"LineString","coordinates":[[59.47158,36.34718],[59.47064,36.3474],[59.47007,36.34764],[59.46964,36.34784],[59.46924,36.34811],[59.4689,36.3484],[59.46725,36.34986]]}},{"type":"Feature","properties":{"minzoom":9},"geometry":{"type":"LineString","coordinates":[[59.46711,36.34978],[59.46876,36.34831],[59.46913,36.34801],[59.46951,36.34775],[59.47062,36.34712]]}},{"type":"Feature","properties":{"name":"بزرگراه هاشمی رفسنجانی","minzoom":9},"geometry":{"type":"LineString","coordinates":[[59.48391,36.36177],[59.48281,36.3613],[59.48079,36.36031],[59.48038,36.36011],[59.47978,36.35979],[59.47899,36.3593],[59.47763,36.35847],[59.47666,36.35796],[59.47532,36.35739]]}},{"type":"Feature","properties":{"name":"بزرگراه هاشمی رفسنجانی","minzoom":9},"geometry":{"type":"LineString","coordinates":[[59.4759,36.35742],[59.47675,36.35783],[59.47773,36.35836],[59.47907,36.35921],[59.47987,36.35967],[59.48048,36.36],[59.48286,36.36117],[59.48404,36.36159]]}},{"type":"Feature","properties":{"name":"بزرگراه هاشمی رفسنجانی","minzoom":9},"geometry":{"type":"LineString","coordinates":[[59.46975,36.35427],[59.46747,36.35263],[59.46675,36.35206],[59.46618,36.35154],[59.46568,36.351],[59.46524,36.35041],[59.46485,36.34989],[59.46431,36.34915],[59.46386,36.3485],[59.46351,36.34798],[59.46303,36.34713]]}},{"type":"Feature","properties":{"name":"آزادراه کنارگذر شمالی مشهد","minzoom":9},"geometry":{"type":"LineString","coordinates":[[59.52739,36.49635],[59.52038,36.49904],[59.50855,36.50384],[59.49882,36.50775],[59.4975,36.50828]]}},{"type":"Feature","properties":{"name":"آزادراه کنارگذر شمالی مشهد","minzoom":9},"geometry":{"type":"LineString","coordinates":[[59.4975,36.50828],[59.49731,36.50836],[59.49691,36.50852]]}},{"type":"Feature","properties":{"name":"آزادراه کنارگذر شمالی مشهد","minzoom":9},"geometry":{"type":"LineString","coordinates":[[59.49718,36.50811],[59.49901,36.50738],[59.5084,36.5036],[59.52023,36.4988],[59.52721,36.49611]]}},{"type":"Feature","properties":{"name":"آزادراه کنارگذر شمالی مشهد","minzoom":9},"geometry":{"type":"LineString","coordinates":[[59.49657,36.50836],[59.49718,36.50811]]}},{"type":"Feature","properties":{"name":"بولوار امام رضا","minzoom":10},"geometry":{"type":"LineString","coordinates":[[59.32429,36.39773],[59.3242,36.39769],[59.32327,36.39732],[59.32204,36.39686],[59.32178,36.39676],[59.32168,36.39672],[59.32146,36.39666],[59.32126,36.39662],[59.32092,36.3966],[59.31978,36.39652],[59.31886,36.39645],[59.31841,36.39642],[59.31806,36.39643],[59.31799,36.39644],[59.31716,36.39653],[59.31695,36.39655],[59.31652,36.39655],[59.31617,36.39651],[59.31612,36.3965],[59.3155,36.39639],[59.31413,36.39614],[59.31358,36.39611],[59.3129,36.39608],[59.31255,36.39607],[59.31225,36.39609],[59.3114,36.39627],[59.31095,36.39634],[59.31066,36.39638],[59.31031,36.39639],[59.31008,36.39638],[59.30983,36.39636],[59.30966,36.39635],[59.30953,36.39636],[59.30939,36.39641]]}},{"type":"Feature","properties":{"name":"بولوار امام رضا","minzoom":10},"geometry":{"type":"LineString","coordinates":[[59.32439,36.39759],[59.32461,36.39769]]}},{"type":"Feature","properties":{"name":"بولوار امام رضا","minzoom":10},"geometry":{"type":"LineString","coordinates":[[59.32461,36.39769],[59.32522,36.39796],[59.32566,36.39816],[59.32604,36.3983],[59.3265,36.39846],[59.32656,36.39847],[59.32955,36.39929],[59.33011,36.39945],[59.33064,36.39966],[59.3309,36.39979],[59.33138,36.40007],[59.33289,36.401],[59.33314,36.4011],[59.33344,36.40115]]}},{"type":"Feature","properties":{"name":"بزرگراه کمربند سبز","minzoom":9},"geometry":{"type":"LineString","coordinates":[[59.59008,36.24371],[59.59031,36.24199],[59.59041,36.24127]]}},{"type":"Feature","properties":{"name":"هفت حوض","minzoom":9},"geometry":{"type":"LineString","coordinates":[[59.59081,36.23841],[59.59101,36.23668],[59.59147,36.23435],[59.59154,36.23378],[59.59162,36.23332],[59.59198,36.23137],[59.59203,36.23104],[59.59217,36.23051]]}},{"type":"Feature","properties":{"name":"بزرگراه بسیج","minzoom":9},"geometry":{"type":"LineString","coordinates":[[59.65123,36.26283],[59.65152,36.26314],[59.65187,36.26351],[59.65288,36.26474]]}},{"type":"Feature","properties":{"name":"بولوار توس","minzoom":10},"geometry":{"type":"LineString","coordinates":[[59.50452,36.40484],[59.50411,36.40527],[59.50366,36.40567],[59.50348,36.40584],[59.50325,36.40604],[59.50314,36.40615],[59.50311,36.40617],[59.50278,36.40649],[59.5027,36.4066],[59.50229,36.40711],[59.50165,36.40787],[59.50145,36.40811],[59.50087,36.40879],[59.50066,36.40902],[59.50012,36.40958],[59.49914,36.41063],[59.49898,36.41079],[59.4988,36.41097],[59.49867,36.41111],[59.49845,36.4113],[59.49813,36.41155],[59.49773,36.41181],[59.49736,36.41202],[59.4968,36.41234],[59.49658,36.41247],[59.49451,36.41362],[59.49361,36.41414],[59.49355,36.41417],[59.49288,36.41454],[59.4924,36.41481],[59.49228,36.41488],[59.49192,36.41508],[59.49103,36.41557],[59.4909,36.41564],[59.4907,36.41576],[59.4904,36.41593],[59.48944,36.41646],[59.48891,36.41676],[59.48785,36.41736],[59.48769,36.41745],[59.4866,36.41806],[59.4864,36.41817],[59.48623,36.41827],[59.48589,36.41854],[59.4858,36.41862],[59.48525,36.41915],[59.4851,36.4193],[59.48504,36.41935],[59.48494,36.41948],[59.48449,36.41993],[59.48429,36.42013],[59.48334,36.4211],[59.48322,36.42122],[59.48237,36.42207],[59.48136,36.42308],[59.481,36.42344],[59.48069,36.42373],[59.48038,36.42397],[59.47964,36.4245],[59.47832,36.42543],[59.47794,36.42572],[59.47763,36.42601],[59.47744,36.42626],[59.47718,36.42661],[59.47684,36.42711],[59.47641,36.42776],[59.47626,36.42796],[59.47577,36.42854],[59.4752,36.42908],[59.47459,36.42967],[59.47415,36.43008],[59.47404,36.43018],[59.47378,36.43039],[59.47366,36.43048],[59.47307,36.43081],[59.47272,36.43102],[59.47236,36.43128],[59.4713,36.43229],[59.47022,36.4333],[59.46934,36.43411],[59.46894,36.43447],[59.46861,36.43477],[59.46817,36.43517],[59.46796,36.43538],[59.46763,36.43569],[59.46718,36.43611],[59.46661,36.43665],[59.46557,36.43764],[59.46551,36.4377],[59.46517,36.43804],[59.46507,36.43814],[59.46493,36.43828],[59.46484,36.43843]]}},{"type":"Feature","properties":{"name":"بولوار توس","minzoom":10},"geometry":{"type":"LineString","coordinates":[[59.50442,36.40476],[59.50467,36.40452],[59.50647,36.40293],[59.50675,36.40268],[59.50826,36.40133],[59.50828,36.4013],[59.50844,36.40116],[59.50857,36.40104],[59.50871,36.40091]]}},{"type":"Feature","properties":{"name":"جاده سیمان","minzoom":10},"geometry":{"type":"LineString","coordinates":[[59.67098,36.37601],[59.67077,36.37535],[59.6705,36.37451],[59.6702,36.37348],[59.66998,36.37282],[59.66937,36.37093],[59.66918,36.3704],[59.66883,36.3695],[59.66854,36.36883],[59.66835,36.36841],[59.6683,36.36829],[59.66807,36.36773],[59.66795,36.36745],[59.66774,36.36699],[59.66755,36.36656],[59.66746,36.36635],[59.66734,36.36607],[59.66703,36.36527],[59.66687,36.36487],[59.66671,36.36445],[59.66656,36.36407],[59.66642,36.36369],[59.66637,36.36354],[59.6663,36.36332],[59.66607,36.36268],[59.6659,36.36212],[59.66568,36.36144],[59.66546,36.36069],[59.66536,36.36038],[59.66517,36.35993],[59.66498,36.35956],[59.66472,36.35905],[59.66379,36.35747],[59.66364,36.35702],[59.66316,36.35589],[59.66273,36.3551],[59.66263,36.3549],[59.66239,36.35443],[59.66213,36.35393],[59.66186,36.35342],[59.6616,36.35294],[59.66137,36.35251],[59.66112,36.35208],[59.661,36.35185],[59.66083,36.35155]]}},{"type":"Feature","properties":{"name":"بزرگراه بسیج","minzoom":9},"geometry":{"type":"LineString","coordinates":[[59.61482,36.25269],[59.61586,36.25337],[59.61691,36.25401]]}},{"type":"Feature","properties":{"name":"کنارگذر بزرگراه شهید قاسم سلیمانی","minzoom":10},"geometry":{"type":"LineString","coordinates":[[59.5585,36.27269],[59.56147,36.27253],[59.56296,36.27243],[59.5634,36.27241],[59.56379,36.27239],[59.56381,36.27239],[59.56408,36.27237],[59.56474,36.27235],[59.56671,36.27222],[59.56716,36.2722],[59.56957,36.27207],[59.56998,36.27204],[59.57021,36.272],[59.57039,36.27195],[59.5706,36.27188],[59.57078,36.27177],[59.57118,36.27151],[59.57219,36.27084],[59.57226,36.27079],[59.5725,36.27064],[59.57263,36.27056],[59.57384,36.26999]]}},{"type":"Feature","properties":{"name":"کنارگذر بزرگراه شهید قاسم سلیمانی","minzoom":10},"geometry":{"type":"LineString","coordinates":[[59.55791,36.27273],[59.5585,36.27269]]}},{"type":"Feature","properties":{"minzoom":10},"geometry":{"type":"LineString","coordinates":[[59.54907,36.28426],[59.54892,36.28435]]}},{"type":"Feature","properties":{"name":"بزرگراه شهید کلانتری","minzoom":9},"geometry":{"type":"LineString","coordinates":[[59.55134,36.29069],[59.55054,36.29132]]}},{"type":"Feature","properties":{"name":"بزرگراه شهید کلانتری","minzoom":9},"geometry":{"type":"LineString","coordinates":[[59.55305,36.28933],[59.55134,36.29069]]}},{"type":"Feature","properties":{"name":"بزرگراه شهید قاسم سلیمانی","minzoom":9},"geometry":{"type":"LineString","coordinates":[[59.57169,36.27172],[59.57153,36.27184]]}},{"type":"Feature","properties":{"name":"بزرگراه شهید قاسم سلیمانی","minzoom":9},"geometry":{"type":"LineString","coordinates":[[59.59792,36.25632],[59.59701,36.25658],[59.5962,36.25675],[59.59547,36.25689],[59.59481,36.25698]]}},{"type":"Feature","properties":{"name":"میدان حافظ","minzoom":10},"geometry":{"type":"LineString","coordinates":[[59.59877,36.2565],[59.59858,36.2564],[59.59842,36.25627],[59.59823,36.25607],[59.59803,36.25578],[59.59801,36.2556]]}},{"type":"Feature","properties":{"name":"بزرگراه شهید قاسم سلیمانی","minzoom":9},"geometry":{"type":"LineString","coordinates":[[59.60391,36.25373],[59.60334,36.25395]]}},{"type":"Feature","properties":{"name":"بولوار توس","minzoom":10},"geometry":{"type":"LineString","coordinates":[[59.56539,36.34871],[59.56522,36.34874],[59.56507,36.34877],[59.56496,36.34884],[59.56485,36.34892],[59.5639,36.34995]]}},{"type":"Feature","properties":{"name":"بولوار شهید کاوه","minzoom":10},"geometry":{"type":"LineString","coordinates":[[59.55537,36.28629],[59.5552,36.28604],[59.55505,36.28593],[59.55485,36.28584],[59.55287,36.28537],[59.55227,36.2852],[59.55202,36.28513]]}},{"type":"Feature","properties":{"name":"میدان جمهوری اسلامی","minzoom":10},"geometry":{"type":"LineString","coordinates":[[59.55647,36.28715],[59.55625,36.28717],[59.55601,36.28714]]}},{"type":"Feature","properties":{"name":"میدان جمهوری اسلامی","minzoom":10},"geometry":{"type":"LineString","coordinates":[[59.55698,36.28562],[59.55708,36.28578],[59.55715,36.28602],[59.55719,36.28622]]}},{"type":"Feature","properties":{"name":"میدان جمهوری اسلامی","minzoom":10},"geometry":{"type":"LineString","coordinates":[[59.55564,36.28554],[59.55574,36.28546],[59.55584,36.28541]]}},{"type":"Feature","properties":{"name":"بزرگراه شهید کلانتری","minzoom":9},"geometry":{"type":"LineString","coordinates":[[59.55228,36.28966],[59.5529,36.28918]]}},{"type":"Feature","properties":{"name":"بزرگراه شهید کلانتری","minzoom":9},"geometry":{"type":"LineString","coordinates":[[59.54852,36.29253],[59.5505,36.29103]]}},{"type":"Feature","properties":{"name":"بزرگراه شهید کلانتری","minzoom":9},"geometry":{"type":"LineString","coordinates":[[59.54784,36.29305],[59.54852,36.29253]]}},{"type":"Feature","properties":{"name":"بزرگراه شهید کلانتری","minzoom":9},"geometry":{"type":"LineString","coordinates":[[59.54623,36.29435],[59.54678,36.29391]]}},{"type":"Feature","properties":{"name":"بزرگراه شهید کلانتری","minzoom":9},"geometry":{"type":"LineString","coordinates":[[59.54355,36.29643],[59.54623,36.29435]]}},{"type":"Feature","properties":{"name":"بزرگراه شهید کلانتری","minzoom":9},"geometry":{"type":"LineString","coordinates":[[59.54002,36.29914],[59.54245,36.29728]]}},{"type":"Feature","properties":{"name":"بزرگراه شهید کلانتری","minzoom":9},"geometry":{"type":"LineString","coordinates":[[59.53944,36.29958],[59.54002,36.29914]]}},{"type":"Feature","properties":{"name":"بزرگراه شهید کلانتری","minzoom":9},"geometry":{"type":"LineString","coordinates":[[59.53728,36.30204],[59.53741,36.30158],[59.53762,36.30122]]}},{"type":"Feature","properties":{"name":"بزرگراه شهید کلانتری","minzoom":9},"geometry":{"type":"LineString","coordinates":[[59.53725,36.30232],[59.53728,36.30204]]}},{"type":"Feature","properties":{"name":"بزرگراه شهید کلانتری","minzoom":9},"geometry":{"type":"LineString","coordinates":[[59.53726,36.30273],[59.53725,36.30232]]}},{"type":"Feature","properties":{"name":"بزرگراه شهید کلانتری","minzoom":9},"geometry":{"type":"LineString","coordinates":[[59.53756,36.30405],[59.53749,36.3038]]}},{"type":"Feature","properties":{"name":"بزرگراه شهید کلانتری","minzoom":9},"geometry":{"type":"LineString","coordinates":[[59.53848,36.30761],[59.53839,36.30731]]}},{"type":"Feature","properties":{"name":"بزرگراه شهید کلانتری","minzoom":9},"geometry":{"type":"LineString","coordinates":[[59.53839,36.30731],[59.53827,36.30684]]}},{"type":"Feature","properties":{"name":"بزرگراه شهید کلانتری","minzoom":9},"geometry":{"type":"LineString","coordinates":[[59.5387,36.30842],[59.53848,36.30761]]}},{"type":"Feature","properties":{"name":"بزرگراه شهید کلانتری","minzoom":9},"geometry":{"type":"LineString","coordinates":[[59.53769,36.3046],[59.53756,36.30405]]}},{"type":"Feature","properties":{"name":"بزرگراه شهید کلانتری","minzoom":9},"geometry":{"type":"LineString","coordinates":[[59.5388,36.3088],[59.5387,36.30842]]}},{"type":"Feature","properties":{"name":"بزرگراه شهید کلانتری","minzoom":9},"geometry":{"type":"LineString","coordinates":[[59.53923,36.31039],[59.53895,36.30935],[59.5388,36.3088]]}},{"type":"Feature","properties":{"name":"میدان آزادی","minzoom":9},"geometry":{"type":"LineString","coordinates":[[59.54013,36.31459],[59.54023,36.31453],[59.54041,36.31447],[59.54055,36.31446],[59.54075,36.31451]]}},{"type":"Feature","properties":{"name":"بزرگراه آزادی","minzoom":9},"geometry":{"type":"LineString","coordinates":[[59.54257,36.32315],[59.54241,36.32247]]}},{"type":"Feature","properties":{"minzoom":9},"geometry":{"type":"LineString","coordinates":[[59.54177,36.31886],[59.54187,36.31933],[59.5419,36.31973]]}},{"type":"Feature","properties":{"name":"بزرگراه شهید کلانتری","minzoom":9},"geometry":{"type":"LineString","coordinates":[[59.53762,36.30323],[59.5379,36.30423]]}},{"type":"Feature","properties":{"name":"بزرگراه شهید کلانتری","minzoom":9},"geometry":{"type":"LineString","coordinates":[[59.53756,36.30292],[59.53762,36.30323]]}},{"type":"Feature","properties":{"name":"بزرگراه شهید کلانتری","minzoom":9},"geometry":{"type":"LineString","coordinates":[[59.53755,36.30204],[59.53751,36.30242],[59.53753,36.30275],[59.53756,36.30292]]}},{"type":"Feature","properties":{"name":"بزرگراه شهید کلانتری","minzoom":9},"geometry":{"type":"LineString","coordinates":[[59.5379,36.30423],[59.53804,36.3047],[59.53846,36.30654],[59.53896,36.30837],[59.5392,36.30932]]}},{"type":"Feature","properties":{"name":"بزرگراه شهید کلانتری","minzoom":9},"geometry":{"type":"LineString","coordinates":[[59.54126,36.2985],[59.5406,36.29899],[59.54036,36.29919]]}},{"type":"Feature","properties":{"name":"بزرگراه شهید کلانتری","minzoom":9},"geometry":{"type":"LineString","coordinates":[[59.53844,36.30034],[59.53858,36.30024],[59.53944,36.29958]]}},{"type":"Feature","properties":{"name":"بزرگراه امام علی","minzoom":9},"geometry":{"type":"LineString","coordinates":[[59.52978,36.34527],[59.51259,36.34536]]}},{"type":"Feature","properties":{"name":"بزرگراه امام علی","minzoom":9},"geometry":{"type":"LineString","coordinates":[[59.54529,36.34529],[59.54448,36.34529],[59.54297,36.34528],[59.54253,36.34528],[59.53834,36.34526],[59.53175,36.34526],[59.53078,36.34526],[59.53025,36.34527],[59.52978,36.34527]]}},{"type":"Feature","properties":{"name":"بزرگراه امام علی","minzoom":9},"geometry":{"type":"LineString","coordinates":[[59.51514,36.34513],[59.52982,36.34506]]}},{"type":"Feature","properties":{"name":"بزرگراه امام علی","minzoom":9},"geometry":{"type":"LineString","coordinates":[[59.51455,36.34513],[59.51514,36.34513]]}},{"type":"Feature","properties":{"name":"بزرگراه امام علی","minzoom":9},"geometry":{"type":"LineString","coordinates":[[59.50903,36.34515],[59.51258,36.34515],[59.51455,36.34513]]}},{"type":"Feature","properties":{"name":"بولوار شاهد","minzoom":10},"geometry":{"type":"LineString","coordinates":[[59.5011,36.34654],[59.50108,36.34643],[59.50103,36.34634],[59.50095,36.34626],[59.50085,36.3462],[59.50056,36.34615]]}},{"type":"Feature","properties":{"name":"بولوار شاهد","minzoom":10},"geometry":{"type":"LineString","coordinates":[[59.50198,36.34606],[59.50161,36.34618],[59.50144,36.34625],[59.50131,36.34634],[59.50126,36.34644],[59.50124,36.34654]]}},{"type":"Feature","properties":{"name":"بولوار شهید قرنی","minzoom":10},"geometry":{"type":"LineString","coordinates":[[59.59933,36.3043],[59.59917,36.30434],[59.59907,36.3044],[59.59783,36.30555]]}},{"type":"Feature","properties":{"name":"بولوار شهید قرنی","minzoom":10},"geometry":{"type":"LineString","coordinates":[[59.59604,36.30705],[59.59679,36.30636],[59.59738,36.30585]]}},{"type":"Feature","properties":{"name":"میدان شهید رئیسی (توحید)","minzoom":10},"geometry":{"type":"LineString","coordinates":[[59.59995,36.30337],[59.60005,36.30339],[59.60011,36.30346]]}},{"type":"Feature","properties":{"name":"خیابان شهید رئیسی (توحید)","minzoom":10},"geometry":{"type":"LineString","coordinates":[[59.60481,36.29904],[59.60418,36.29962],[59.60368,36.30009],[59.60346,36.30029],[59.60327,36.30048],[59.60257,36.30113]]}},{"type":"Feature","properties":{"minzoom":9},"geometry":{"type":"LineString","coordinates":[[59.48324,36.36164],[59.48251,36.36136],[59.48074,36.36047]]}},{"type":"Feature","properties":{"name":"بولوار آیت الله عبادی","minzoom":10},"geometry":{"type":"LineString","coordinates":[[59.60917,36.30298],[59.60928,36.30303]]}},{"type":"Feature","properties":{"name":"بولوار احمدآباد","minzoom":10},"geometry":{"type":"LineString","coordinates":[[59.57326,36.29719],[59.57295,36.29727]]}},{"type":"Feature","properties":{"name":"بولوار فردوسی","minzoom":10},"geometry":{"type":"LineString","coordinates":[[59.56892,36.32409],[59.5696,36.32405],[59.56978,36.32404]]}},{"type":"Feature","properties":{"name":"بلوار خیام","minzoom":10},"geometry":{"type":"LineString","coordinates":[[59.57003,36.32402],[59.57013,36.32411]]}},{"type":"Feature","properties":{"name":"میدان فلسطین","minzoom":10},"geometry":{"type":"LineString","coordinates":[[59.56365,36.30027],[59.56361,36.30034]]}},{"type":"Feature","properties":{"name":"بولوار احمدآباد","minzoom":10},"geometry":{"type":"LineString","coordinates":[[59.56889,36.29851],[59.56708,36.29907],[59.56652,36.29924],[59.56506,36.29969],[59.56406,36.30002],[59.56401,36.30004],[59.56386,36.30013],[59.56365,36.30027]]}},{"type":"Feature","properties":{"name":"بولوار شهید محمد منتظری","minzoom":10},"geometry":{"type":"LineString","coordinates":[[59.55986,36.29286],[59.55992,36.29299],[59.56009,36.29339],[59.56065,36.29454],[59.56258,36.29866],[59.56275,36.29903],[59.56298,36.29953],[59.56309,36.29969],[59.56331,36.29988]]}},{"type":"Feature","properties":{"minzoom":10},"geometry":{"type":"LineString","coordinates":[[59.54891,36.28422],[59.54907,36.28426]]}},{"type":"Feature","properties":{"minzoom":10},"geometry":{"type":"LineString","coordinates":[[59.54892,36.28435],[59.54876,36.28431]]}},{"type":"Feature","properties":{"name":"بولوار پیروزی","minzoom":10},"geometry":{"type":"LineString","coordinates":[[59.54379,36.28734],[59.54386,36.2873],[59.54467,36.28681],[59.5453,36.28643]]}},{"type":"Feature","properties":{"name":"میدان شهید علی مهدوی","minzoom":10},"geometry":{"type":"LineString","coordinates":[[59.52952,36.29614],[59.52945,36.29619],[59.52935,36.29622]]}},{"type":"Feature","properties":{"name":"میدان شهید علی مهدوی","minzoom":10},"geometry":{"type":"LineString","coordinates":[[59.52908,36.29589],[59.52914,36.29584],[59.52922,36.2958],[59.5293,36.29578]]}},{"type":"Feature","properties":{"name":"میدان شهید علی مهدوی","minzoom":10},"geometry":{"type":"LineString","coordinates":[[59.52935,36.29622],[59.52926,36.29621],[59.52919,36.29619]]}},{"type":"Feature","properties":{"name":"میدان شهید علی مهدوی","minzoom":10},"geometry":{"type":"LineString","coordinates":[[59.52919,36.29619],[59.52911,36.29614],[59.52906,36.29605]]}},{"type":"Feature","properties":{"name":"بولوار پیروزی","minzoom":10},"geometry":{"type":"LineString","coordinates":[[59.54892,36.28435],[59.54869,36.2845],[59.54854,36.2846],[59.54829,36.28476],[59.54826,36.28477],[59.5469,36.28559],[59.54541,36.28649],[59.54404,36.28732],[59.54395,36.28739]]}},{"type":"Feature","properties":{"name":"بولوار شهید محمد منتظری","minzoom":10},"geometry":{"type":"LineString","coordinates":[[59.56298,36.30002],[59.56292,36.29978],[59.56284,36.29957],[59.56258,36.29909],[59.56223,36.29834],[59.56048,36.29459],[59.56011,36.29377],[59.55978,36.29306],[59.55973,36.29296]]}},{"type":"Feature","properties":{"name":"بولوار احمدآباد","minzoom":10},"geometry":{"type":"LineString","coordinates":[[59.56349,36.29993],[59.56371,36.29988],[59.56397,36.29982],[59.5641,36.29979],[59.56498,36.29953],[59.56594,36.29922],[59.56641,36.29907],[59.5668,36.29894],[59.56719,36.29882],[59.56908,36.29822],[59.56937,36.29813],[59.56969,36.29803],[59.57139,36.2975],[59.57164,36.29743],[59.5724,36.29722],[59.57249,36.2972]]}},{"type":"Feature","properties":{"name":"میدان فلسطین","minzoom":10},"geometry":{"type":"LineString","coordinates":[[59.56331,36.29988],[59.56341,36.29989],[59.56349,36.29993]]}},{"type":"Feature","properties":{"name":"میدان فلسطین","minzoom":10},"geometry":{"type":"LineString","coordinates":[[59.56293,36.30016],[59.56294,36.30009],[59.56298,36.30002]]}},{"type":"Feature","properties":{"name":"میدان فلسطین","minzoom":10},"geometry":{"type":"LineString","coordinates":[[59.56318,36.30046],[59.5631,36.30043]]}},{"type":"Feature","properties":{"name":"بولوار فردوسی","minzoom":10},"geometry":{"type":"LineString","coordinates":[[59.57219,36.32405],[59.57063,36.32415],[59.57049,36.32416],[59.57036,36.32417],[59.5702,36.32418]]}},{"type":"Feature","properties":{"name":"بلوار خیام","minzoom":10},"geometry":{"type":"LineString","coordinates":[[59.56995,36.32419],[59.56988,36.32413],[59.56978,36.32404]]}},{"type":"Feature","properties":{"name":"بولوار فردوسی","minzoom":10},"geometry":{"type":"LineString","coordinates":[[59.5702,36.32418],[59.56995,36.32419]]}},{"type":"Feature","properties":{"name":"بلوار خیام","minzoom":10},"geometry":{"type":"LineString","coordinates":[[59.56978,36.32404],[59.56969,36.32396],[59.56915,36.32344]]}},{"type":"Feature","properties":{"name":"بولوار توس","minzoom":10},"geometry":{"type":"LineString","coordinates":[[59.57925,36.32849],[59.57937,36.32867],[59.57958,36.32881]]}},{"type":"Feature","properties":{"name":"بولوار توس","minzoom":10},"geometry":{"type":"LineString","coordinates":[[59.57894,36.32911],[59.57894,36.32856]]}},{"type":"Feature","properties":{"name":"میدان آزادی","minzoom":9},"geometry":{"type":"LineString","coordinates":[[59.54041,36.31565],[59.54025,36.31558]]}},{"type":"Feature","properties":{"name":"میدان معراج","minzoom":10},"geometry":{"type":"LineString","coordinates":[[59.55161,36.35943],[59.55146,36.35929],[59.55136,36.35913]]}},{"type":"Feature","properties":{"name":"میدان معراج","minzoom":10},"geometry":{"type":"LineString","coordinates":[[59.55179,36.35826],[59.5521,36.35819]]}},{"type":"Feature","properties":{"name":"میدان معراج","minzoom":10},"geometry":{"type":"LineString","coordinates":[[59.55136,36.35913],[59.55131,36.35895],[59.55132,36.35877],[59.55139,36.35859],[59.55151,36.35844],[59.55167,36.35832],[59.55179,36.35826]]}},{"type":"Feature","properties":{"name":"کندرو بزرگراه پیامبر اعظم","minzoom":9},"geometry":{"type":"LineString","coordinates":[[59.5417,36.35764],[59.54147,36.35803],[59.54101,36.3588],[59.54075,36.35924],[59.54053,36.35963],[59.54029,36.36004],[59.54005,36.36046],[59.54001,36.36052],[59.53959,36.36124]]}},{"type":"Feature","properties":{"name":"بزرگراه پیامبر اعظم","minzoom":9},"geometry":{"type":"LineString","coordinates":[[59.54359,36.35381],[59.54158,36.35719]]}},{"type":"Feature","properties":{"name":"میدان حافظ","minzoom":10},"geometry":{"type":"LineString","coordinates":[[59.59881,36.25526],[59.59902,36.25541],[59.59912,36.2555],[59.59926,36.25566],[59.5994,36.25585],[59.59946,36.25599],[59.59948,36.25612]]}},{"type":"Feature","properties":{"name":"میدان خیام نیشابوری","minzoom":10},"geometry":{"type":"LineString","coordinates":[[59.59111,36.34355],[59.59106,36.34368]]}},{"type":"Feature","properties":{"name":"میدان خیام نیشابوری","minzoom":10},"geometry":{"type":"LineString","coordinates":[[59.5903,36.34286],[59.59037,36.34286],[59.59056,36.34286]]}},{"type":"Feature","properties":{"name":"عبادی","minzoom":10},"geometry":{"type":"LineString","coordinates":[[59.60642,36.29948],[59.60621,36.2994]]}},{"type":"Feature","properties":{"name":"بولوار آیت الله عبادی","minzoom":10},"geometry":{"type":"LineString","coordinates":[[59.60917,36.30307],[59.60917,36.30298]]}},{"type":"Feature","properties":{"name":"بزرگراه آزادی","minzoom":9},"geometry":{"type":"LineString","coordinates":[[59.54554,36.3335],[59.5457,36.3341],[59.54587,36.33472],[59.5466,36.33743],[59.54666,36.33767],[59.54685,36.33841]]}},{"type":"Feature","properties":{"name":"بزرگراه هاشمی رفسنجانی","minzoom":9},"geometry":{"type":"LineString","coordinates":[[59.49886,36.37037],[59.49758,36.36946],[59.4969,36.36903],[59.49583,36.36829]]}},{"type":"Feature","properties":{"name":"بزرگراه هاشمی رفسنجانی","minzoom":9},"geometry":{"type":"LineString","coordinates":[[59.51758,36.38201],[59.51663,36.38145],[59.51528,36.38067],[59.51514,36.38059],[59.51339,36.37963]]}},{"type":"Feature","properties":{"name":"بولوار معلم","minzoom":10},"geometry":{"type":"LineString","coordinates":[[59.53455,36.32628],[59.53473,36.32622]]}},{"type":"Feature","properties":{"name":"بزرگراه هاشمی رفسنجانی","minzoom":9},"geometry":{"type":"LineString","coordinates":[[59.50885,36.3778],[59.50923,36.37796],[59.50974,36.37813],[59.51008,36.37821]]}},{"type":"Feature","properties":{"name":"بزرگراه هاشمی رفسنجانی","minzoom":9},"geometry":{"type":"LineString","coordinates":[[59.50521,36.37498],[59.50535,36.37513],[59.50588,36.37564],[59.50652,36.37621],[59.50736,36.37686],[59.50756,36.37698],[59.50841,36.37757],[59.50885,36.3778]]}},{"type":"Feature","properties":{"name":"بولوار پیروزی","minzoom":10},"geometry":{"type":"LineString","coordinates":[[59.55147,36.28244],[59.55327,36.28115],[59.55364,36.28089],[59.55419,36.2805]]}},{"type":"Feature","properties":{"name":"بولوار عبدالمطلب","minzoom":10},"geometry":{"type":"LineString","coordinates":[[59.59535,36.32678],[59.59468,36.32725],[59.59422,36.32759],[59.59363,36.32801],[59.59306,36.32842],[59.59276,36.32863],[59.5921,36.32912],[59.59163,36.32947],[59.59105,36.32989],[59.5905,36.33029]]}},{"type":"Feature","properties":{"name":"میدان بوعلی","minzoom":10},"geometry":{"type":"LineString","coordinates":[[59.57894,36.32911],[59.57904,36.32893],[59.57917,36.32883],[59.57935,36.32878],[59.57958,36.32881]]}},{"type":"Feature","properties":{"name":"میدان بوعلی","minzoom":10},"geometry":{"type":"LineString","coordinates":[[59.57992,36.32894],[59.58005,36.32908],[59.58009,36.32925],[59.58006,36.3294]]}},{"type":"Feature","properties":{"name":"میدان بوعلی","minzoom":10},"geometry":{"type":"LineString","coordinates":[[59.57958,36.32881],[59.57992,36.32894]]}},{"type":"Feature","properties":{"name":"میدان فردوسی","minzoom":10},"geometry":{"type":"LineString","coordinates":[[59.57784,36.32266],[59.57827,36.32271],[59.57856,36.3228]]}},{"type":"Feature","properties":{"name":"بولوار شهید کامیاب","minzoom":10},"geometry":{"type":"LineString","coordinates":[[59.62432,36.30106],[59.62381,36.30162],[59.62302,36.30244]]}},{"type":"Feature","properties":{"name":"بولوار شهید محمد منتظری","minzoom":10},"geometry":{"type":"LineString","coordinates":[[59.55719,36.28622],[59.55731,36.28723]]}},{"type":"Feature","properties":{"name":"بولوار شهید محمد منتظری","minzoom":10},"geometry":{"type":"LineString","coordinates":[[59.55752,36.28844],[59.55731,36.28797],[59.55703,36.28737]]}},{"type":"Feature","properties":{"name":"بولوار شهید محمد منتظری","minzoom":10},"geometry":{"type":"LineString","coordinates":[[59.55792,36.28911],[59.55787,36.28901],[59.55752,36.28844]]}},{"type":"Feature","properties":{"name":"بولوار شهید محمد منتظری","minzoom":10},"geometry":{"type":"LineString","coordinates":[[59.55973,36.29296],[59.55958,36.29269],[59.55804,36.28937],[59.55792,36.28911]]}},{"type":"Feature","properties":{"name":"بولوار احمدآباد","minzoom":10},"geometry":{"type":"LineString","coordinates":[[59.58599,36.29134],[59.58583,36.29146],[59.58558,36.29166],[59.58523,36.29198],[59.58501,36.29214],[59.58472,36.29226],[59.58432,36.29239],[59.58397,36.29252]]}},{"type":"Feature","properties":{"name":"بولوار فردوسی","minzoom":10},"geometry":{"type":"LineString","coordinates":[[59.54861,36.32549],[59.54821,36.32553],[59.54818,36.32554],[59.5481,36.32555]]}},{"type":"Feature","properties":{"name":"بولوار فردوسی","minzoom":10},"geometry":{"type":"LineString","coordinates":[[59.54557,36.32582],[59.5466,36.32564]]}},{"type":"Feature","properties":{"name":"بولوار فردوسی","minzoom":10},"geometry":{"type":"LineString","coordinates":[[59.54794,36.32541],[59.54808,36.32539]]}},{"type":"Feature","properties":{"name":"بولوار فردوسی","minzoom":10},"geometry":{"type":"LineString","coordinates":[[59.55028,36.32538],[59.54896,36.32546],[59.54861,36.32549]]}},{"type":"Feature","properties":{"name":"بزرگراه وکیل آباد","minzoom":9},"geometry":{"type":"LineString","coordinates":[[59.46426,36.33881],[59.4654,36.33848],[59.46913,36.3373],[59.47122,36.33666]]}},{"type":"Feature","properties":{"name":"خیابان شهید محمدعلی حنایی","minzoom":10},"geometry":{"type":"LineString","coordinates":[[59.61561,36.27533],[59.61562,36.27525],[59.61566,36.2752],[59.61579,36.27512]]}},{"type":"Feature","properties":{"minzoom":10},"geometry":{"type":"LineString","coordinates":[[59.62342,36.2814],[59.62339,36.28131],[59.62341,36.28117]]}},{"type":"Feature","properties":{"minzoom":10},"geometry":{"type":"LineString","coordinates":[[59.62393,36.2817],[59.62387,36.2817],[59.62381,36.28168]]}},{"type":"Feature","properties":{"name":"وصال","minzoom":10},"geometry":{"type":"LineString","coordinates":[[59.50905,36.31583],[59.50913,36.31592]]}},{"type":"Feature","properties":{"name":"وصال","minzoom":10},"geometry":{"type":"LineString","coordinates":[[59.509,36.31599],[59.50893,36.3159]]}},{"type":"Feature","properties":{"name":"میدان حر","minzoom":10},"geometry":{"type":"LineString","coordinates":[[59.51269,36.30499],[59.51263,36.30499],[59.51258,36.30497]]}},{"type":"Feature","properties":{"name":"میدان حر","minzoom":10},"geometry":{"type":"LineString","coordinates":[[59.51279,36.30458],[59.51285,36.30461],[59.5129,36.30465],[59.51293,36.3047],[59.51295,36.30476]]}},{"type":"Feature","properties":{"name":"میدان حر","minzoom":10},"geometry":{"type":"LineString","coordinates":[[59.51245,36.30466],[59.5125,36.30462],[59.51257,36.30458],[59.51264,36.30456],[59.51272,36.30456],[59.51279,36.30458]]}},{"type":"Feature","properties":{"name":"میدان حر","minzoom":10},"geometry":{"type":"LineString","coordinates":[[59.51291,36.30489],[59.51287,36.30493],[59.51281,36.30496],[59.51275,36.30498],[59.51269,36.30499]]}},{"type":"Feature","properties":{"name":"بزرگراه وکیل آباد","minzoom":9},"geometry":{"type":"LineString","coordinates":[[59.52236,36.32115],[59.51947,36.32203],[59.51862,36.3223],[59.51663,36.32291]]}},{"type":"Feature","properties":{"name":"میدان فرهنگ","minzoom":10},"geometry":{"type":"LineString","coordinates":[[59.51793,36.32686],[59.51798,36.32682],[59.51805,36.32679],[59.51812,36.32678],[59.5182,36.32678]]}},{"type":"Feature","properties":{"name":"میدان فرهنگ","minzoom":10},"geometry":{"type":"LineString","coordinates":[[59.51837,36.32716],[59.51831,36.3272],[59.51825,36.32722],[59.51817,36.32724],[59.5181,36.32723]]}},{"type":"Feature","properties":{"name":"میدان فرهنگ","minzoom":10},"geometry":{"type":"LineString","coordinates":[[59.51833,36.32683],[59.51838,36.32688],[59.51842,36.32693],[59.51843,36.32699],[59.51843,36.32705]]}},{"type":"Feature","properties":{"name":"میدان شریعتی","minzoom":10},"geometry":{"type":"LineString","coordinates":[[59.58584,36.29088],[59.58591,36.29086],[59.58599,36.29085]]}},{"type":"Feature","properties":{"name":"بزرگراه وکیل آباد","minzoom":9},"geometry":{"type":"LineString","coordinates":[[59.47928,36.33408],[59.4802,36.33379],[59.48467,36.33239]]}},{"type":"Feature","properties":{"name":"بزرگراه وکیل آباد","minzoom":9},"geometry":{"type":"LineString","coordinates":[[59.4768,36.33486],[59.47753,36.33464],[59.47829,36.3344],[59.47928,36.33408]]}},{"type":"Feature","properties":{"name":"بزرگراه وکیل آباد","minzoom":9},"geometry":{"type":"LineString","coordinates":[[59.47122,36.33666],[59.47244,36.33623]]}},{"type":"Feature","properties":{"name":"بزرگراه وکیل آباد","minzoom":9},"geometry":{"type":"LineString","coordinates":[[59.47244,36.33623],[59.47478,36.3355],[59.4768,36.33486]]}},{"type":"Feature","properties":{"name":"بزرگراه وکیل آباد","minzoom":9},"geometry":{"type":"LineString","coordinates":[[59.45985,36.3402],[59.46308,36.33919]]}},{"type":"Feature","properties":{"name":"بزرگراه وکیل آباد","minzoom":9},"geometry":{"type":"LineString","coordinates":[[59.44819,36.34403],[59.44917,36.34372],[59.45076,36.34313],[59.45189,36.34276]]}},{"type":"Feature","properties":{"name":"میدان شریعتی","minzoom":10},"geometry":{"type":"LineString","coordinates":[[59.58629,36.29103],[59.5863,36.29109]]}},{"type":"Feature","properties":{"name":"میدان بسیج","minzoom":10},"geometry":{"type":"LineString","coordinates":[[59.60348,36.27334],[59.60356,36.27336],[59.60363,36.27339],[59.60368,36.27344],[59.60372,36.2735]]}},{"type":"Feature","properties":{"name":"میدان بسیج","minzoom":10},"geometry":{"type":"LineString","coordinates":[[59.60336,36.27383],[59.60329,36.27381],[59.60323,36.27378],[59.60318,36.27374]]}},{"type":"Feature","properties":{"name":"میدان بسیج","minzoom":10},"geometry":{"type":"LineString","coordinates":[[59.60372,36.2735],[59.60374,36.27356],[59.60373,36.27362],[59.60372,36.27368],[59.60368,36.27373],[59.60361,36.27378],[59.60358,36.27381],[59.60351,36.27383],[59.60343,36.27384],[59.60336,36.27383]]}},{"type":"Feature","properties":{"name":"مشهد - ملک آباد - نیشابور","minzoom":9},"geometry":{"type":"LineString","coordinates":[[59.6248,36.18445],[59.62521,36.18295],[59.62595,36.18033],[59.62638,36.1788],[59.6266,36.17802],[59.62677,36.17732],[59.62694,36.17648],[59.62699,36.17614]]}},{"type":"Feature","properties":{"name":"نیشابور - ملک آباد - مشهد","minzoom":9},"geometry":{"type":"LineString","coordinates":[[59.62495,36.18447],[59.62464,36.18571],[59.62431,36.18699],[59.62413,36.18791],[59.62398,36.18882],[59.62389,36.18946],[59.62383,36.19004],[59.62374,36.1918]]}},{"type":"Feature","properties":{"name":"میدان حر","minzoom":10},"geometry":{"type":"LineString","coordinates":[[59.51295,36.30476],[59.51294,36.30483],[59.51291,36.30489]]}},{"type":"Feature","properties":{"name":"میدان شهید علی مهدوی","minzoom":10},"geometry":{"type":"LineString","coordinates":[[59.52959,36.29601],[59.52957,36.29608],[59.52952,36.29614]]}},{"type":"Feature","properties":{"name":"میدان شهید علی مهدوی","minzoom":10},"geometry":{"type":"LineString","coordinates":[[59.52906,36.29605],[59.52905,36.29597],[59.52908,36.29589]]}},{"type":"Feature","properties":{"name":"میدان شهید علی مهدوی","minzoom":10},"geometry":{"type":"LineString","coordinates":[[59.5293,36.29578],[59.52942,36.2958]]}},{"type":"Feature","properties":{"name":"بزرگراه وکیل آباد","minzoom":9},"geometry":{"type":"LineString","coordinates":[[59.52405,36.32011],[59.52585,36.31953]]}},{"type":"Feature","properties":{"name":"میدان استقلال","minzoom":10},"geometry":{"type":"LineString","coordinates":[[59.54282,36.32581],[59.54297,36.32574],[59.54312,36.3257]]}},{"type":"Feature","properties":{"name":"میدان استقلال","minzoom":10},"geometry":{"type":"LineString","coordinates":[[59.54259,36.3261],[59.54269,36.32592],[59.54282,36.32581]]}},{"type":"Feature","properties":{"name":"میدان استقلال","minzoom":10},"geometry":{"type":"LineString","coordinates":[[59.54277,36.32667],[59.54265,36.32651],[59.5426,36.3264],[59.54257,36.32626],[59.54259,36.3261]]}},{"type":"Feature","properties":{"name":"میدان استقلال","minzoom":10},"geometry":{"type":"LineString","coordinates":[[59.54429,36.32661],[59.54413,36.32671],[59.54396,36.32677]]}},{"type":"Feature","properties":{"name":"بولوار فردوسی","minzoom":10},"geometry":{"type":"LineString","coordinates":[[59.55733,36.32495],[59.55687,36.32499],[59.55508,36.32509]]}},{"type":"Feature","properties":{"name":"بولوار فردوسی","minzoom":10},"geometry":{"type":"LineString","coordinates":[[59.55508,36.32509],[59.55284,36.32523],[59.55051,36.32537],[59.55028,36.32538]]}},{"type":"Feature","properties":{"name":"میدان جانباز","minzoom":10},"geometry":{"type":"LineString","coordinates":[[59.56281,36.32479],[59.56268,36.32467],[59.56264,36.32454],[59.56267,36.32442],[59.5628,36.32426]]}},{"type":"Feature","properties":{"name":"میدان جانباز","minzoom":10},"geometry":{"type":"LineString","coordinates":[[59.56406,36.3242],[59.5642,36.32433],[59.56424,36.32445],[59.56423,36.32458],[59.56411,36.32472]]}},{"type":"Feature","properties":{"name":"بلوار خیام","minzoom":10},"geometry":{"type":"LineString","coordinates":[[59.57013,36.32411],[59.5702,36.32418]]}},{"type":"Feature","properties":{"name":"بولوار فردوسی","minzoom":10},"geometry":{"type":"LineString","coordinates":[[59.56725,36.32419],[59.56892,36.32409]]}},{"type":"Feature","properties":{"name":"میدان جانباز","minzoom":10},"geometry":{"type":"LineString","coordinates":[[59.56303,36.32416],[59.56334,36.32406],[59.56357,36.32406],[59.56383,36.32411]]}},{"type":"Feature","properties":{"name":"بولوار فردوسی","minzoom":10},"geometry":{"type":"LineString","coordinates":[[59.55288,36.32507],[59.55507,36.32494]]}},{"type":"Feature","properties":{"name":"بولوار فردوسی","minzoom":10},"geometry":{"type":"LineString","coordinates":[[59.54808,36.32539],[59.54816,36.32538],[59.5486,36.32533],[59.55278,36.32508],[59.55288,36.32507]]}},{"type":"Feature","properties":{"name":"میدان استقلال","minzoom":10},"geometry":{"type":"LineString","coordinates":[[59.54402,36.32562],[59.54425,36.32574]]}},{"type":"Feature","properties":{"name":"میدان استقلال","minzoom":10},"geometry":{"type":"LineString","coordinates":[[59.54364,36.3256],[59.54384,36.32558],[59.54402,36.32562]]}},{"type":"Feature","properties":{"name":"بولوار توس","minzoom":10},"geometry":{"type":"LineString","coordinates":[[59.57894,36.32856],[59.57875,36.32728],[59.57847,36.32614]]}},{"type":"Feature","properties":{"name":"میدان هفده شهریور","minzoom":10},"geometry":{"type":"LineString","coordinates":[[59.61784,36.27678],[59.61775,36.27685],[59.61763,36.27689],[59.61748,36.27692],[59.61735,36.27692],[59.61723,36.2769],[59.61709,36.27684],[59.61694,36.27677],[59.61682,36.27668],[59.61672,36.27655],[59.61669,36.27649]]}},{"type":"Feature","properties":{"minzoom":10},"geometry":{"type":"LineString","coordinates":[[59.62404,36.28164],[59.62393,36.2817]]}},{"type":"Feature","properties":{"name":"میدان شهدا","minzoom":10},"geometry":{"type":"LineString","coordinates":[[59.60674,36.29718],[59.60684,36.29726]]}},{"type":"Feature","properties":{"name":"میدان شهید جوان","minzoom":10},"geometry":{"type":"LineString","coordinates":[[59.54414,36.28287],[59.54422,36.28288],[59.5443,36.28291],[59.54436,36.28295],[59.54441,36.283],[59.54444,36.28307]]}},{"type":"Feature","properties":{"name":"بولوار پیروزی","minzoom":10},"geometry":{"type":"LineString","coordinates":[[59.53786,36.29093],[59.53837,36.29062],[59.53931,36.29006],[59.54061,36.28925],[59.54083,36.28911]]}},{"type":"Feature","properties":{"name":"میدان معراج","minzoom":10},"geometry":{"type":"LineString","coordinates":[[59.5521,36.35819],[59.55232,36.3582]]}},{"type":"Feature","properties":{"name":"بولوار توس","minzoom":10},"geometry":{"type":"LineString","coordinates":[[59.56849,36.34497],[59.56843,36.34504]]}},{"type":"Feature","properties":{"name":"بولوار سپهبد قرنی","minzoom":10},"geometry":{"type":"LineString","coordinates":[[59.58415,36.3179],[59.5842,36.31786],[59.58566,36.31653],[59.58579,36.31641],[59.5859,36.31631]]}},{"type":"Feature","properties":{"name":"خیابان آیت الله شیرازی","minzoom":10},"geometry":{"type":"LineString","coordinates":[[59.61022,36.29405],[59.61015,36.2941],[59.60993,36.2943],[59.60969,36.29451],[59.60937,36.2948],[59.60932,36.29485],[59.60828,36.29584],[59.60758,36.2965],[59.60755,36.29653],[59.6071,36.29697],[59.60688,36.29719],[59.60684,36.29726]]}},{"type":"Feature","properties":{"name":"بولوار سپهبد قرنی","minzoom":10},"geometry":{"type":"LineString","coordinates":[[59.58821,36.31439],[59.58735,36.31517],[59.58608,36.31634],[59.586,36.31641]]}},{"type":"Feature","properties":{"name":"بولوار سپهبد قرنی","minzoom":10},"geometry":{"type":"LineString","coordinates":[[59.58768,36.31471],[59.58841,36.31403],[59.58902,36.31349],[59.59007,36.31254],[59.59013,36.31249],[59.59024,36.3124]]}},{"type":"Feature","properties":{"name":"بولوار سپهبد قرنی","minzoom":10},"geometry":{"type":"LineString","coordinates":[[59.5859,36.31631],[59.58599,36.31624],[59.58768,36.31471]]}},{"type":"Feature","properties":{"name":"بولوار معلم","minzoom":10},"geometry":{"type":"LineString","coordinates":[[59.47177,36.34409],[59.4719,36.34405]]}},{"type":"Feature","properties":{"name":"میدان معلم","minzoom":10},"geometry":{"type":"LineString","coordinates":[[59.52887,36.329],[59.52882,36.32904],[59.52875,36.32906],[59.52868,36.32907],[59.52861,36.32905]]}},{"type":"Feature","properties":{"name":"میدان معلم","minzoom":10},"geometry":{"type":"LineString","coordinates":[[59.52885,36.32876],[59.5289,36.32882],[59.52892,36.32889],[59.5289,36.32895]]}},{"type":"Feature","properties":{"name":"میدان فردوسی","minzoom":10},"geometry":{"type":"LineString","coordinates":[[59.57856,36.3228],[59.57886,36.32305]]}},{"type":"Feature","properties":{"name":"میدان دانش","minzoom":10},"geometry":{"type":"LineString","coordinates":[[59.49877,36.33747],[59.49883,36.33751],[59.49887,36.33757],[59.49889,36.33763],[59.49889,36.33769]]}},{"type":"Feature","properties":{"name":"میدان دانش","minzoom":10},"geometry":{"type":"LineString","coordinates":[[59.4983,36.33758],[59.49834,36.33752],[59.4984,36.33747],[59.49847,36.33744],[59.49854,36.33742],[59.49862,36.33742],[59.4987,36.33744],[59.49877,36.33747]]}},{"type":"Feature","properties":{"name":"میدان دانش","minzoom":10},"geometry":{"type":"LineString","coordinates":[[59.49841,36.33786],[59.49835,36.33782],[59.49831,36.33776],[59.49829,36.3377],[59.49828,36.33764],[59.4983,36.33758]]}},{"type":"Feature","properties":{"name":"میدان تربیت","minzoom":10},"geometry":{"type":"LineString","coordinates":[[59.48799,36.33786],[59.48794,36.33781],[59.4879,36.33774],[59.4879,36.33768]]}},{"type":"Feature","properties":{"name":"میدان تربیت","minzoom":10},"geometry":{"type":"LineString","coordinates":[[59.48837,36.33773],[59.48835,36.3378],[59.48829,36.33785],[59.48819,36.33789],[59.48809,36.33789],[59.48799,36.33786]]}},{"type":"Feature","properties":{"name":"میدان تربیت","minzoom":10},"geometry":{"type":"LineString","coordinates":[[59.4883,36.33756],[59.48834,36.3376],[59.48838,36.33767],[59.48837,36.33773]]}},{"type":"Feature","properties":{"name":"میدان دندان پزشکان","minzoom":10},"geometry":{"type":"LineString","coordinates":[[59.47481,36.34327],[59.47476,36.34321],[59.47474,36.34314]]}},{"type":"Feature","properties":{"name":"میدان دندان پزشکان","minzoom":10},"geometry":{"type":"LineString","coordinates":[[59.47517,36.3432],[59.47512,36.34326]]}},{"type":"Feature","properties":{"name":"میدان دندان پزشکان","minzoom":10},"geometry":{"type":"LineString","coordinates":[[59.47512,36.34301],[59.47516,36.34307],[59.47518,36.34313],[59.47517,36.3432]]}},{"type":"Feature","properties":{"name":"میدان بیت المقدس","minzoom":10},"geometry":{"type":"LineString","coordinates":[[59.61223,36.28417],[59.61215,36.28418],[59.61208,36.28417]]}},{"type":"Feature","properties":{"name":"میدان بیت المقدس","minzoom":10},"geometry":{"type":"LineString","coordinates":[[59.61208,36.28417],[59.61201,36.28415],[59.61196,36.28413],[59.61192,36.28411],[59.61187,36.28409]]}},{"type":"Feature","properties":{"name":"بولوار امام خمینی","minzoom":10},"geometry":{"type":"LineString","coordinates":[[59.60213,36.29158],[59.60205,36.29147]]}},{"type":"Feature","properties":{"name":"بولوار فردوسی","minzoom":10},"geometry":{"type":"LineString","coordinates":[[59.56978,36.32404],[59.57003,36.32402]]}},{"type":"Feature","properties":{"name":"خیابان امام خمینی","minzoom":10},"geometry":{"type":"LineString","coordinates":[[59.60366,36.29397],[59.60371,36.29405],[59.60399,36.29451],[59.60413,36.29475]]}},{"type":"Feature","properties":{"name":"بولوار توس","minzoom":10},"geometry":{"type":"LineString","coordinates":[[59.57839,36.33113],[59.57831,36.33124],[59.57811,36.33151],[59.57804,36.33161]]}},{"type":"Feature","properties":{"name":"بلوار خیام","minzoom":10},"geometry":{"type":"LineString","coordinates":[[59.5702,36.32418],[59.57029,36.32427],[59.57045,36.32443],[59.57133,36.32526],[59.57494,36.32866],[59.57506,36.32876],[59.57514,36.32884],[59.57756,36.33115],[59.57782,36.33141],[59.57789,36.33147],[59.57804,36.33161],[59.57812,36.33168],[59.57835,36.33189]]}},{"type":"Feature","properties":{"name":"بولوار توس","minzoom":10},"geometry":{"type":"LineString","coordinates":[[59.57938,36.33002],[59.57903,36.33042],[59.57877,36.33071],[59.57871,36.33078],[59.57854,36.33097],[59.57839,36.33113]]}},{"type":"Feature","properties":{"name":"بولوار احمدآباد","minzoom":10},"geometry":{"type":"LineString","coordinates":[[59.57295,36.29727],[59.57213,36.29753],[59.57148,36.29771],[59.57107,36.29784],[59.56974,36.29825],[59.56889,36.29851]]}},{"type":"Feature","properties":{"name":"بولوار ملک الشعرای بهار","minzoom":10},"geometry":{"type":"LineString","coordinates":[[59.59584,36.28129],[59.59559,36.28155],[59.59509,36.28205],[59.59475,36.2824],[59.59442,36.28275],[59.59403,36.28313],[59.59378,36.28338],[59.59344,36.2837],[59.59335,36.28379],[59.59308,36.28407],[59.59226,36.28491],[59.59196,36.28516],[59.59179,36.28534],[59.59177,36.28536],[59.59172,36.28541]]}},{"type":"Feature","properties":{"name":"بولوار امام خمینی","minzoom":10},"geometry":{"type":"LineString","coordinates":[[59.59584,36.28129],[59.59578,36.2812]]}},{"type":"Feature","properties":{"name":"بولوار ملک الشعرای بهار","minzoom":10},"geometry":{"type":"LineString","coordinates":[[59.59586,36.28112],[59.59604,36.28095],[59.59725,36.27973],[59.59733,36.27966],[59.59901,36.27796],[59.59934,36.27764],[59.59983,36.27715],[59.60012,36.27685],[59.60031,36.27666],[59.6004,36.27657],[59.60095,36.27601],[59.60161,36.27534],[59.60195,36.27501],[59.60222,36.27473],[59.60249,36.27447],[59.60264,36.27433],[59.60281,36.27416],[59.6029,36.27406],[59.60306,36.27388],[59.60318,36.27374]]}},{"type":"Feature","properties":{"name":"بولوار احمدآباد","minzoom":10},"geometry":{"type":"LineString","coordinates":[[59.57249,36.2972],[59.57286,36.29708],[59.57302,36.29703]]}},{"type":"Feature","properties":{"name":"میدان بوعلی","minzoom":10},"geometry":{"type":"LineString","coordinates":[[59.57886,36.32985],[59.57891,36.32951],[59.57895,36.32927],[59.57894,36.32911]]}},{"type":"Feature","properties":{"name":"میدان بوعلی","minzoom":10},"geometry":{"type":"LineString","coordinates":[[59.58006,36.3294],[59.57968,36.32973],[59.57938,36.33002]]}},{"type":"Feature","properties":{"name":"بولوار توس","minzoom":10},"geometry":{"type":"LineString","coordinates":[[59.5778,36.33164],[59.57789,36.33147],[59.57796,36.33136],[59.57815,36.33113],[59.57833,36.33091],[59.57851,36.33067],[59.57862,36.33044],[59.57886,36.32985]]}},{"type":"Feature","properties":{"name":"بلوار خیام","minzoom":10},"geometry":{"type":"LineString","coordinates":[[59.57736,36.33122],[59.57499,36.32897],[59.5749,36.32889],[59.57479,36.32878],[59.57396,36.328],[59.57357,36.32763],[59.57252,36.32664],[59.57098,36.32517],[59.5704,36.32463],[59.57007,36.32431],[59.57005,36.32429],[59.56995,36.32419]]}},{"type":"Feature","properties":{"name":"میدان ده دی","minzoom":10},"geometry":{"type":"LineString","coordinates":[[59.59737,36.28396],[59.59742,36.28393],[59.59747,36.28391],[59.59752,36.2839],[59.59758,36.2839]]}},{"type":"Feature","properties":{"name":"میدان ده دی","minzoom":10},"geometry":{"type":"LineString","coordinates":[[59.59759,36.28429],[59.59753,36.28429],[59.59748,36.28428],[59.59744,36.28427],[59.59739,36.28424],[59.59735,36.28421],[59.59733,36.28417],[59.59731,36.28409],[59.59733,36.28402],[59.59737,36.28396]]}},{"type":"Feature","properties":{"name":"میدان ده دی","minzoom":10},"geometry":{"type":"LineString","coordinates":[[59.59778,36.28418],[59.59775,36.28422],[59.5977,36.28425],[59.59765,36.28428],[59.59759,36.28429]]}},{"type":"Feature","properties":{"name":"بلوار شاهد","minzoom":10},"geometry":{"type":"LineString","coordinates":[[59.50163,36.35178],[59.50164,36.35189],[59.50166,36.35208]]}},{"type":"Feature","properties":{"name":"بزرگراه امام علی","minzoom":9},"geometry":{"type":"LineString","coordinates":[[59.51259,36.34536],[59.5122,36.34536],[59.51078,36.34537],[59.5092,36.34537],[59.50888,36.34537]]}},{"type":"Feature","properties":{"name":"بزرگراه امام علی","minzoom":9},"geometry":{"type":"LineString","coordinates":[[59.5073,36.34516],[59.50903,36.34515]]}},{"type":"Feature","properties":{"name":"بزرگراه وکیل آباد","minzoom":9},"geometry":{"type":"LineString","coordinates":[[59.51663,36.32291],[59.51477,36.3235],[59.51052,36.32484],[59.51011,36.32498],[59.50903,36.32533]]}},{"type":"Feature","properties":{"name":"بزرگراه وکیل آباد","minzoom":9},"geometry":{"type":"LineString","coordinates":[[59.50189,36.32707],[59.50241,36.32689],[59.50376,36.32648],[59.50781,36.32522],[59.50891,36.32488],[59.51007,36.32445],[59.51063,36.32428],[59.51182,36.32392],[59.51356,36.32339],[59.51466,36.32305],[59.51616,36.32258]]}},{"type":"Feature","properties":{"name":"بزرگراه امام علی","minzoom":9},"geometry":{"type":"LineString","coordinates":[[59.50313,36.34507],[59.50527,36.34517]]}},{"type":"Feature","properties":{"name":"میدان امام حسن","minzoom":9},"geometry":{"type":"LineString","coordinates":[[59.50198,36.34606],[59.50145,36.34612],[59.50104,36.34614],[59.50056,36.34615]]}},{"type":"Feature","properties":{"name":"بزرگراه امام علی","minzoom":9},"geometry":{"type":"LineString","coordinates":[[59.50328,36.34569],[59.50198,36.34606]]}},{"type":"Feature","properties":{"name":"بزرگراه امام علی","minzoom":9},"geometry":{"type":"LineString","coordinates":[[59.50313,36.34507],[59.50335,36.34514],[59.50347,36.34524],[59.50351,36.34535],[59.50353,36.34546],[59.50348,36.34557],[59.50328,36.34569]]}},{"type":"Feature","properties":{"name":"بلوار شاهد","minzoom":10},"geometry":{"type":"LineString","coordinates":[[59.50155,36.35247],[59.50153,36.35227],[59.50153,36.3522]]}},{"type":"Feature","properties":{"name":"میدان مادر","minzoom":10},"geometry":{"type":"LineString","coordinates":[[59.51315,36.35888],[59.51329,36.35894],[59.51339,36.35902],[59.51347,36.35912]]}},{"type":"Feature","properties":{"name":"میدان مادر","minzoom":10},"geometry":{"type":"LineString","coordinates":[[59.51286,36.35889],[59.51301,36.35887],[59.51315,36.35888]]}},{"type":"Feature","properties":{"name":"بولوار وحدت","minzoom":10},"geometry":{"type":"LineString","coordinates":[[59.62569,36.28343],[59.62573,36.28348],[59.62649,36.28433],[59.62668,36.28454],[59.62686,36.28472],[59.62696,36.28482],[59.62732,36.2851],[59.6277,36.28537],[59.62803,36.28559],[59.62831,36.28575],[59.62859,36.28592],[59.62896,36.28614]]}},{"type":"Feature","properties":{"name":"بولوار مصلی","minzoom":10},"geometry":{"type":"LineString","coordinates":[[59.62432,36.28107],[59.62419,36.28136]]}},{"type":"Feature","properties":{"name":"خیابان شهید محمدعلی حنایی","minzoom":10},"geometry":{"type":"LineString","coordinates":[[59.61866,36.2741],[59.61905,36.274]]}},{"type":"Feature","properties":{"name":"خیابان شهید محمدعلی حنایی","minzoom":10},"geometry":{"type":"LineString","coordinates":[[59.61579,36.27512],[59.61609,36.27499]]}},{"type":"Feature","properties":{"name":"بلوار هفده شهریور جنوبی","minzoom":10},"geometry":{"type":"LineString","coordinates":[[59.61669,36.27649],[59.61639,36.2762]]}},{"type":"Feature","properties":{"name":"بولوار وحدت","minzoom":10},"geometry":{"type":"LineString","coordinates":[[59.62931,36.28648],[59.62869,36.2861],[59.62824,36.28583],[59.62763,36.28545],[59.62724,36.28517],[59.62688,36.28487],[59.62659,36.28459],[59.62637,36.28436],[59.6257,36.28365],[59.62555,36.28349]]}},{"type":"Feature","properties":{"name":"بزرگراه آزادی","minzoom":9},"geometry":{"type":"LineString","coordinates":[[59.54682,36.33939],[59.54634,36.33749],[59.5457,36.33506]]}},{"type":"Feature","properties":{"name":"بزرگراه شهید چراغچی","minzoom":9},"geometry":{"type":"LineString","coordinates":[[59.5542,36.34641],[59.55134,36.3459]]}},{"type":"Feature","properties":{"name":"بزرگراه شهید چراغچی","minzoom":9},"geometry":{"type":"LineString","coordinates":[[59.55926,36.34725],[59.55497,36.34652]]}},{"type":"Feature","properties":{"name":"بزرگراه شهید بابانظر","minzoom":9},"geometry":{"type":"LineString","coordinates":[[59.65979,36.30768],[59.66023,36.3074]]}},{"type":"Feature","properties":{"name":"بزرگراه شهید بابانظر","minzoom":9},"geometry":{"type":"LineString","coordinates":[[59.65798,36.30876],[59.65891,36.30819]]}},{"type":"Feature","properties":{"name":"بزرگراه شهید میرزائی","minzoom":9},"geometry":{"type":"LineString","coordinates":[[59.64525,36.31617],[59.64582,36.31588]]}},{"type":"Feature","properties":{"name":"بزرگراه شهید میرزائی","minzoom":9},"geometry":{"type":"LineString","coordinates":[[59.6308,36.324],[59.6316,36.32347]]}},{"type":"Feature","properties":{"name":"بزرگراه شهید میرزائی","minzoom":9},"geometry":{"type":"LineString","coordinates":[[59.62968,36.32456],[59.6308,36.324]]}},{"type":"Feature","properties":{"name":"خیابان طبرسی جنوبی","minzoom":10},"geometry":{"type":"LineString","coordinates":[[59.63328,36.29889],[59.63345,36.29901],[59.63356,36.29908],[59.63367,36.29914]]}},{"type":"Feature","properties":{"name":"خیابان طبرسی جنوبی","minzoom":10},"geometry":{"type":"LineString","coordinates":[[59.62848,36.29592],[59.62905,36.29627]]}},{"type":"Feature","properties":{"name":"بولوار وحدت","minzoom":10},"geometry":{"type":"LineString","coordinates":[[59.6307,36.28947],[59.63077,36.29002],[59.6308,36.2902],[59.63081,36.29026],[59.63087,36.29062],[59.63094,36.291],[59.63104,36.29158],[59.63105,36.29172],[59.63106,36.29202],[59.63098,36.29236],[59.6308,36.29277],[59.63055,36.29308],[59.63049,36.29314],[59.63,36.29366]]}},{"type":"Feature","properties":{"minzoom":9},"geometry":{"type":"LineString","coordinates":[[59.46217,36.34541],[59.46165,36.34443]]}},{"type":"Feature","properties":{"minzoom":9},"geometry":{"type":"LineString","coordinates":[[59.46472,36.35048],[59.46487,36.35025]]}},{"type":"Feature","properties":{"name":"بزرگراه هاشمی رفسنجانی","minzoom":9},"geometry":{"type":"LineString","coordinates":[[59.46975,36.35427],[59.46863,36.35368]]}},{"type":"Feature","properties":{"minzoom":9},"geometry":{"type":"LineString","coordinates":[[59.46656,36.35209],[59.4663,36.35211]]}},{"type":"Feature","properties":{"name":"بزرگراه هاشمی رفسنجانی","minzoom":9},"geometry":{"type":"LineString","coordinates":[[59.47438,36.35695],[59.47328,36.35642],[59.4726,36.35608],[59.47107,36.35516],[59.47006,36.35448],[59.46975,36.35427]]}},{"type":"Feature","properties":{"name":"بزرگراه هاشمی رفسنجانی","minzoom":9},"geometry":{"type":"LineString","coordinates":[[59.47018,36.35437],[59.47122,36.35505],[59.47274,36.35592],[59.4759,36.35742],[59.47654,36.35762],[59.4774,36.35803]]}},{"type":"Feature","properties":{"name":"بزرگراه هاشمی رفسنجانی","minzoom":9},"geometry":{"type":"LineString","coordinates":[[59.46863,36.35368],[59.46815,36.35334],[59.46692,36.35245],[59.46669,36.35229],[59.4663,36.35211]]}},{"type":"Feature","properties":{"name":"بزرگراه نمایشگاه","minzoom":9},"geometry":{"type":"LineString","coordinates":[[59.46261,36.34586],[59.4632,36.34709]]}},{"type":"Feature","properties":{"name":"میدان دندان پزشکان","minzoom":10},"geometry":{"type":"LineString","coordinates":[[59.47512,36.34326],[59.47505,36.3433],[59.47497,36.34332]]}},{"type":"Feature","properties":{"name":"میدان دندان پزشکان","minzoom":10},"geometry":{"type":"LineString","coordinates":[[59.47497,36.34332],[59.47488,36.3433],[59.47481,36.34327]]}},{"type":"Feature","properties":{"name":"بولوار سید رضی","minzoom":10},"geometry":{"type":"LineString","coordinates":[[59.52252,36.33988],[59.52247,36.33972]]}},{"type":"Feature","properties":{"name":"میدان جانباز","minzoom":10},"geometry":{"type":"LineString","coordinates":[[59.56383,36.32411],[59.56406,36.3242]]}},{"type":"Feature","properties":{"name":"میدان جانباز","minzoom":10},"geometry":{"type":"LineString","coordinates":[[59.5628,36.32426],[59.56303,36.32416]]}},{"type":"Feature","properties":{"name":"میدان جانباز","minzoom":10},"geometry":{"type":"LineString","coordinates":[[59.56411,36.32472],[59.56394,36.32481]]}},{"type":"Feature","properties":{"name":"میدان جانباز","minzoom":10},"geometry":{"type":"LineString","coordinates":[[59.56308,36.32489],[59.56281,36.32479]]}},{"type":"Feature","properties":{"name":"میدان خلیج فارس","minzoom":9},"geometry":{"type":"LineString","coordinates":[[59.47938,36.35928],[59.47963,36.35929]]}},{"type":"Feature","properties":{"name":"میدان خلیج فارس","minzoom":9},"geometry":{"type":"LineString","coordinates":[[59.47919,36.35975],[59.47914,36.35965]]}},{"type":"Feature","properties":{"name":"بزرگراه شهید میرزائی","minzoom":9},"geometry":{"type":"LineString","coordinates":[[59.64943,36.31413],[59.64894,36.31441]]}},{"type":"Feature","properties":{"name":"میدان خلیج فارس","minzoom":9},"geometry":{"type":"LineString","coordinates":[[59.48047,36.36029],[59.48025,36.36031]]}},{"type":"Feature","properties":{"name":"میدان خلیج فارس","minzoom":9},"geometry":{"type":"LineString","coordinates":[[59.48056,36.35974],[59.48063,36.35984]]}},{"type":"Feature","properties":{"name":"میدان خلیج فارس","minzoom":9},"geometry":{"type":"LineString","coordinates":[[59.47911,36.35957],[59.47911,36.35947],[59.47917,36.35938],[59.47926,36.35931],[59.47938,36.35928]]}},{"type":"Feature","properties":{"name":"میدان خلیج فارس","minzoom":9},"geometry":{"type":"LineString","coordinates":[[59.48067,36.36001],[59.48066,36.3601],[59.48063,36.36018],[59.48056,36.36024],[59.48047,36.36029]]}},{"type":"Feature","properties":{"name":"میدان خلیج فارس","minzoom":9},"geometry":{"type":"LineString","coordinates":[[59.47988,36.35932],[59.48008,36.35938],[59.48026,36.35946],[59.48038,36.35955],[59.4805,36.35966],[59.48056,36.35974]]}},{"type":"Feature","properties":{"name":"بزرگراه پیامبر اعظم","minzoom":9},"geometry":{"type":"LineString","coordinates":[[59.52612,36.37787],[59.52689,36.37713],[59.5282,36.37582],[59.53041,36.37367],[59.5323,36.37181],[59.53269,36.3714]]}},{"type":"Feature","properties":{"name":"بزرگراه پیامبر اعظم","minzoom":9},"geometry":{"type":"LineString","coordinates":[[59.52554,36.37843],[59.52612,36.37787]]}},{"type":"Feature","properties":{"name":"بزرگراه پیامبر اعظم","minzoom":9},"geometry":{"type":"LineString","coordinates":[[59.54116,36.35791],[59.54031,36.35933],[59.53964,36.36046]]}},{"type":"Feature","properties":{"name":"بزرگراه پیامبر اعظم","minzoom":9},"geometry":{"type":"LineString","coordinates":[[59.54158,36.35719],[59.54116,36.35791]]}},{"type":"Feature","properties":{"name":"طبرسی","minzoom":10},"geometry":{"type":"LineString","coordinates":[[59.65362,36.31061],[59.65382,36.31054],[59.65398,36.31049]]}},{"type":"Feature","properties":{"name":"بزرگراه کمربند سبز - کوه پارک","minzoom":9},"geometry":{"type":"LineString","coordinates":[[59.47264,36.29314],[59.47261,36.29317],[59.47245,36.2934],[59.47238,36.29348],[59.47214,36.29364],[59.47148,36.29402],[59.47117,36.29424],[59.47047,36.29478],[59.46974,36.29545],[59.46936,36.29591],[59.46885,36.29651],[59.46846,36.29712],[59.46818,36.2977],[59.46777,36.29865],[59.46753,36.29942],[59.46729,36.2994]]}},{"type":"Feature","properties":{"name":"بزرگراه کمربند سبز - کوه پارک","minzoom":9},"geometry":{"type":"LineString","coordinates":[[59.47314,36.29291],[59.47264,36.29314]]}},{"type":"Feature","properties":{"name":"بزرگراه کمربند سبز - کوه پارک","minzoom":9},"geometry":{"type":"LineString","coordinates":[[59.47258,36.29308],[59.47311,36.29285]]}},{"type":"Feature","properties":{"name":"بزرگراه کمربند سبز - کوه پارک","minzoom":9},"geometry":{"type":"LineString","coordinates":[[59.46729,36.2994],[59.4675,36.2986],[59.46791,36.29761],[59.46822,36.29704],[59.46841,36.29674],[59.46862,36.29641],[59.46954,36.2953],[59.47027,36.29461],[59.47132,36.29384],[59.4717,36.2936],[59.4723,36.29326],[59.47258,36.29308]]}},{"type":"Feature","properties":{"name":"بولوار شاهد","minzoom":10},"geometry":{"type":"LineString","coordinates":[[59.51263,36.35946],[59.51256,36.35939],[59.51248,36.35935],[59.51234,36.35935],[59.51199,36.35935],[59.5118,36.35936],[59.51172,36.35936],[59.51007,36.35935],[59.50987,36.35936],[59.50926,36.35935],[59.50792,36.35937],[59.50775,36.35936],[59.5076,36.35936]]}},{"type":"Feature","properties":{"name":"بولوار شاهد","minzoom":10},"geometry":{"type":"LineString","coordinates":[[59.52757,36.36345],[59.52605,36.36268],[59.52453,36.36191],[59.52387,36.36158],[59.52344,36.36136],[59.52321,36.36124],[59.52298,36.36113],[59.52274,36.361],[59.52261,36.36094],[59.52249,36.36087],[59.52216,36.36071],[59.52031,36.35977],[59.51987,36.35957],[59.51949,36.35942],[59.51929,36.35936],[59.51909,36.3593],[59.51857,36.35922],[59.51809,36.35918],[59.51759,36.3592],[59.51747,36.3592],[59.51729,36.35921],[59.51656,36.35922],[59.51555,36.35925],[59.51424,36.35928],[59.51381,36.35929],[59.51364,36.35931],[59.51348,36.35936]]}},{"type":"Feature","properties":{"name":"بولوار توس","minzoom":10},"geometry":{"type":"LineString","coordinates":[[59.57872,36.32642],[59.5789,36.32725],[59.57919,36.32825],[59.57925,36.32849]]}},{"type":"Feature","properties":{"name":"بولوار شاهد","minzoom":10},"geometry":{"type":"LineString","coordinates":[[59.52846,36.36375],[59.52889,36.36394],[59.52918,36.36402],[59.52959,36.3641],[59.52997,36.36412],[59.53032,36.36411],[59.53065,36.36407],[59.53135,36.36397],[59.53176,36.36393],[59.5322,36.36394],[59.53249,36.36398],[59.53283,36.36404],[59.53319,36.36413],[59.53352,36.36428],[59.53375,36.3644]]}},{"type":"Feature","properties":{"name":"بولوار شاهد","minzoom":10},"geometry":{"type":"LineString","coordinates":[[59.50748,36.3592],[59.50762,36.3592],[59.50782,36.3592],[59.50927,36.3592],[59.50965,36.35921],[59.51006,36.35922],[59.51025,36.35921],[59.51036,36.35921],[59.51042,36.35921],[59.51106,36.35921],[59.51168,36.35921],[59.51174,36.35922],[59.51179,36.35922],[59.51223,36.35921],[59.51229,36.35921],[59.51242,36.35919],[59.51252,36.35915],[59.51259,36.35908]]}},{"type":"Feature","properties":{"name":"بزرگراه هاشمی رفسنجانی","minzoom":9},"geometry":{"type":"LineString","coordinates":[[59.47889,36.35944],[59.4788,36.35938],[59.47769,36.35876],[59.47532,36.35739],[59.47438,36.35695]]}},{"type":"Feature","properties":{"name":"میدان خلیج فارس","minzoom":9},"geometry":{"type":"LineString","coordinates":[[59.47963,36.35929],[59.47988,36.35932]]}},{"type":"Feature","properties":{"name":"بولوار صیاد شیرازی","minzoom":10},"geometry":{"type":"LineString","coordinates":[[59.47789,36.31627],[59.47782,36.3162]]}},{"type":"Feature","properties":{"name":"بولوار شهید فکوری","minzoom":10},"geometry":{"type":"LineString","coordinates":[[59.47801,36.31624],[59.47789,36.31627]]}},{"type":"Feature","properties":{"name":"بزرگراه وکیل آباد","minzoom":9},"geometry":{"type":"LineString","coordinates":[[59.50903,36.32533],[59.50786,36.32569],[59.50355,36.32703],[59.50217,36.32747]]}},{"type":"Feature","properties":{"name":"میدان پانزده خرداد","minzoom":10},"geometry":{"type":"LineString","coordinates":[[59.59849,36.26762],[59.59863,36.2676],[59.59877,36.2676]]}},{"type":"Feature","properties":{"name":"میدان امام خمینی","minzoom":10},"geometry":{"type":"LineString","coordinates":[[59.5926,36.27437],[59.59246,36.27478],[59.59235,36.27513]]}},{"type":"Feature","properties":{"name":"میدان امام خمینی","minzoom":10},"geometry":{"type":"LineString","coordinates":[[59.59188,36.27436],[59.59234,36.27417]]}},{"type":"Feature","properties":{"name":"میدان پانزده خرداد","minzoom":10},"geometry":{"type":"LineString","coordinates":[[59.59812,36.26807],[59.59813,36.26795],[59.59815,36.2679],[59.59817,36.26785],[59.59825,36.26775]]}},{"type":"Feature","properties":{"name":"میدان پانزده خرداد","minzoom":10},"geometry":{"type":"LineString","coordinates":[[59.5987,36.26848],[59.59856,36.26847]]}},{"type":"Feature","properties":{"minzoom":9},"geometry":{"type":"LineString","coordinates":[[59.54115,36.31624],[59.54133,36.31704],[59.54155,36.31787],[59.54177,36.31886]]}},{"type":"Feature","properties":{"name":"بولوار معلم","minzoom":10},"geometry":{"type":"LineString","coordinates":[[59.49877,36.33747],[59.49898,36.33746],[59.49919,36.33741],[59.50016,36.33709],[59.5008,36.33689],[59.5018,36.33658],[59.50213,36.33648],[59.50352,36.33604],[59.50497,36.33558],[59.50514,36.33553],[59.50526,36.33549]]}},{"type":"Feature","properties":{"name":"بولوار امامیه","minzoom":10},"geometry":{"type":"LineString","coordinates":[[59.51147,36.36497],[59.51155,36.36487],[59.51163,36.36478],[59.51193,36.3644],[59.51209,36.36424],[59.51223,36.36412],[59.51237,36.36401],[59.51264,36.36382],[59.51288,36.36369],[59.51362,36.36334],[59.51394,36.36318],[59.51424,36.36298],[59.51446,36.3628],[59.51466,36.36261],[59.51474,36.3625],[59.51477,36.36236]]}},{"type":"Feature","properties":{"name":"بولوار امامیه","minzoom":10},"geometry":{"type":"LineString","coordinates":[[59.50879,36.36861],[59.50874,36.36868],[59.50849,36.369],[59.50757,36.37017],[59.50583,36.37238],[59.50539,36.37294],[59.50505,36.37338],[59.50492,36.37359],[59.50484,36.37385],[59.50482,36.37395],[59.5048,36.37412],[59.50482,36.3743],[59.50488,36.3745],[59.50498,36.37465],[59.50521,36.37498]]}},{"type":"Feature","properties":{"name":"بولوار معلم","minzoom":10},"geometry":{"type":"LineString","coordinates":[[59.50546,36.33556],[59.50532,36.3356],[59.50519,36.33564],[59.50506,36.33568],[59.50357,36.33617],[59.50218,36.33659],[59.50186,36.3367],[59.50086,36.33702],[59.5002,36.33722],[59.49924,36.33751],[59.49904,36.33759],[59.49889,36.33769]]}},{"type":"Feature","properties":{"name":"بزرگراه امام علی","minzoom":9},"geometry":{"type":"LineString","coordinates":[[59.46879,36.34812],[59.46948,36.34763]]}},{"type":"Feature","properties":{"name":"بزرگراه امام علی","minzoom":9},"geometry":{"type":"LineString","coordinates":[[59.4657,36.35031],[59.46597,36.35033],[59.46616,36.35032],[59.46637,36.35026],[59.46654,36.35017],[59.46679,36.34993],[59.46724,36.34951],[59.46771,36.34906],[59.46799,36.34881],[59.46879,36.34812]]}},{"type":"Feature","properties":{"minzoom":9},"geometry":{"type":"LineString","coordinates":[[59.46548,36.35017],[59.4657,36.35031]]}},{"type":"Feature","properties":{"minzoom":9},"geometry":{"type":"LineString","coordinates":[[59.46529,36.35012],[59.46548,36.35017]]}},{"type":"Feature","properties":{"name":"بزرگراه وکیل آباد","minzoom":9},"geometry":{"type":"LineString","coordinates":[[59.46142,36.34021],[59.4584,36.34116]]}},{"type":"Feature","properties":{"minzoom":9},"geometry":{"type":"LineString","coordinates":[[59.46684,36.35148],[59.4669,36.35169],[59.4669,36.3518]]}},{"type":"Feature","properties":{"name":"بزرگراه هاشمی رفسنجانی","minzoom":9},"geometry":{"type":"LineString","coordinates":[[59.46894,36.35335],[59.47034,36.3543],[59.4715,36.35503]]}},{"type":"Feature","properties":{"name":"بزرگراه هاشمی رفسنجانی","minzoom":9},"geometry":{"type":"LineString","coordinates":[[59.49933,36.3707],[59.49886,36.37037]]}},{"type":"Feature","properties":{"minzoom":9},"geometry":{"type":"LineString","coordinates":[[59.4668,36.35139],[59.46684,36.35148]]}},{"type":"Feature","properties":{"name":"بولوار شهید برونسی","minzoom":10},"geometry":{"type":"LineString","coordinates":[[59.46168,36.33539],[59.46336,36.328]]}},{"type":"Feature","properties":{"name":"وکیل آباد به برونسی","minzoom":10},"geometry":{"type":"LineString","coordinates":[[59.46184,36.33409],[59.462,36.33337],[59.46211,36.33291],[59.46217,36.3326],[59.46222,36.3324]]}},{"type":"Feature","properties":{"name":"بولوار شهید برونسی","minzoom":10},"geometry":{"type":"LineString","coordinates":[[59.46077,36.33939],[59.46168,36.33539]]}},{"type":"Feature","properties":{"name":"میدان حر","minzoom":10},"geometry":{"type":"LineString","coordinates":[[59.51242,36.30477],[59.51243,36.30471],[59.51245,36.30466]]}},{"type":"Feature","properties":{"name":"بولوار شهید برونسی","minzoom":10},"geometry":{"type":"LineString","coordinates":[[59.46443,36.32559],[59.46431,36.32575],[59.4642,36.32591],[59.4641,36.32605],[59.46406,36.32618]]}},{"type":"Feature","properties":{"minzoom":10},"geometry":{"type":"LineString","coordinates":[[59.46241,36.33426],[59.46203,36.33603],[59.46179,36.33711]]}},{"type":"Feature","properties":{"name":"بولوار شهید برونسی","minzoom":10},"geometry":{"type":"LineString","coordinates":[[59.46206,36.33502],[59.46186,36.33592]]}},{"type":"Feature","properties":{"name":"کنارگذر بزرگراه شهید قاسم سلیمانی","minzoom":10},"geometry":{"type":"LineString","coordinates":[[59.55503,36.28018],[59.55496,36.27986]]}},{"type":"Feature","properties":{"name":"میدان هاشمیه","minzoom":10},"geometry":{"type":"LineString","coordinates":[[59.5046,36.31063],[59.50467,36.31068],[59.50473,36.31074],[59.50475,36.31081]]}},{"type":"Feature","properties":{"name":"میدان هاشمیه","minzoom":10},"geometry":{"type":"LineString","coordinates":[[59.5043,36.31106],[59.50424,36.31102],[59.50419,36.31097],[59.50416,36.31092]]}},{"type":"Feature","properties":{"name":"میدان هاشمیه","minzoom":10},"geometry":{"type":"LineString","coordinates":[[59.50473,36.31094],[59.50468,36.31101],[59.5046,36.31106],[59.50451,36.31109]]}},{"type":"Feature","properties":{"name":"میدان لادن","minzoom":10},"geometry":{"type":"LineString","coordinates":[[59.47427,36.32914],[59.47438,36.32922],[59.47445,36.32934],[59.47443,36.32947]]}},{"type":"Feature","properties":{"name":"میدان لادن","minzoom":10},"geometry":{"type":"LineString","coordinates":[[59.47402,36.32907],[59.47412,36.32909],[59.47427,36.32914]]}},{"type":"Feature","properties":{"name":"میدان لادن","minzoom":10},"geometry":{"type":"LineString","coordinates":[[59.47377,36.32914],[59.4739,36.32907],[59.47402,36.32907]]}},{"type":"Feature","properties":{"name":"میدان لاله","minzoom":10},"geometry":{"type":"LineString","coordinates":[[59.47094,36.31849],[59.4709,36.31844],[59.47088,36.31838],[59.47087,36.31832]]}},{"type":"Feature","properties":{"name":"میدان لاله","minzoom":10},"geometry":{"type":"LineString","coordinates":[[59.47114,36.31856],[59.47106,36.31855],[59.471,36.31852],[59.47094,36.31849]]}},{"type":"Feature","properties":{"name":"میدان لاله","minzoom":10},"geometry":{"type":"LineString","coordinates":[[59.47134,36.3185],[59.47128,36.31854],[59.47121,36.31856],[59.47114,36.31856]]}},{"type":"Feature","properties":{"name":"میدان هنرستان","minzoom":10},"geometry":{"type":"LineString","coordinates":[[59.50032,36.3141],[59.50029,36.31415],[59.50025,36.31418],[59.5002,36.31421],[59.50015,36.31422]]}},{"type":"Feature","properties":{"name":"میدان هنرستان","minzoom":10},"geometry":{"type":"LineString","coordinates":[[59.50023,36.31389],[59.50028,36.31392],[59.50031,36.31396],[59.50033,36.31401]]}},{"type":"Feature","properties":{"name":"میدان هنرستان","minzoom":10},"geometry":{"type":"LineString","coordinates":[[59.50003,36.31422],[59.49997,36.31419],[59.49993,36.31416],[59.4999,36.31412],[59.49988,36.31407]]}},{"type":"Feature","properties":{"name":"میدان حکمت","minzoom":10},"geometry":{"type":"LineString","coordinates":[[59.48907,36.32054],[59.48914,36.32056],[59.4892,36.32059],[59.48924,36.32064],[59.48927,36.32069],[59.48929,36.32075]]}},{"type":"Feature","properties":{"name":"میدان حکمت","minzoom":10},"geometry":{"type":"LineString","coordinates":[[59.48873,36.32076],[59.48873,36.3207],[59.48876,36.32065],[59.4888,36.3206],[59.48886,36.32056],[59.48893,36.32054],[59.489,36.32053],[59.48907,36.32054]]}},{"type":"Feature","properties":{"name":"میدان حکمت","minzoom":10},"geometry":{"type":"LineString","coordinates":[[59.48894,36.32097],[59.48887,36.32095],[59.48881,36.32092],[59.48877,36.32087],[59.48874,36.32082],[59.48873,36.32076]]}},{"type":"Feature","properties":{"name":"میدان امامیه","minzoom":10},"geometry":{"type":"LineString","coordinates":[[59.51514,36.36185],[59.51524,36.36187],[59.51533,36.36191],[59.5154,36.36197]]}},{"type":"Feature","properties":{"name":"میدان امامیه","minzoom":10},"geometry":{"type":"LineString","coordinates":[[59.51514,36.36248],[59.51503,36.36248],[59.51493,36.36246],[59.51484,36.36242],[59.51477,36.36236]]}},{"type":"Feature","properties":{"name":"میدان امامیه","minzoom":10},"geometry":{"type":"LineString","coordinates":[[59.51548,36.36221],[59.51545,36.36229],[59.5154,36.36236],[59.51533,36.36242],[59.51524,36.36246]]}},{"type":"Feature","properties":{"minzoom":9},"geometry":{"type":"LineString","coordinates":[[59.59239,36.23056],[59.59238,36.23062]]}},{"type":"Feature","properties":{"name":"بزرگراه هاشمی رفسنجانی","minzoom":9},"geometry":{"type":"LineString","coordinates":[[59.48943,36.36438],[59.48737,36.36316]]}},{"type":"Feature","properties":{"name":"بزرگراه شهید قاسم سلیمانی","minzoom":9},"geometry":{"type":"LineString","coordinates":[[59.59969,36.2554],[59.60261,36.25405]]}},{"type":"Feature","properties":{"name":"بزرگراه شهید قاسم سلیمانی","minzoom":9},"geometry":{"type":"LineString","coordinates":[[59.60334,36.25395],[59.5998,36.25557]]}},{"type":"Feature","properties":{"name":"بزرگراه شهید قاسم سلیمانی","minzoom":9},"geometry":{"type":"LineString","coordinates":[[59.59401,36.25683],[59.59478,36.25678]]}},{"type":"Feature","properties":{"name":"بزرگراه شهید قاسم سلیمانی","minzoom":9},"geometry":{"type":"LineString","coordinates":[[59.59481,36.25698],[59.59404,36.25705]]}},{"type":"Feature","properties":{"name":"بولوار مصلی","minzoom":10},"geometry":{"type":"LineString","coordinates":[[59.64406,36.26245],[59.64375,36.26274],[59.64319,36.26326],[59.64313,36.26332]]}},{"type":"Feature","properties":{"name":"بلوار جمهوری اسلامی","minzoom":10},"geometry":{"type":"LineString","coordinates":[[59.614,36.25299],[59.61379,36.25312],[59.61354,36.25336]]}},{"type":"Feature","properties":{"name":"بزرگراه بسیج","minzoom":9},"geometry":{"type":"LineString","coordinates":[[59.61762,36.2547],[59.61673,36.25423]]}},{"type":"Feature","properties":{"name":"بزرگراه بسیج","minzoom":9},"geometry":{"type":"LineString","coordinates":[[59.61691,36.25401],[59.61795,36.25461]]}},{"type":"Feature","properties":{"name":"میدان غدیر","minzoom":10},"geometry":{"type":"LineString","coordinates":[[59.61481,36.25235],[59.61477,36.25247],[59.61471,36.25257],[59.61466,36.25265],[59.61459,36.25272],[59.61452,36.25279],[59.61443,36.25285],[59.61432,36.25291],[59.61418,36.25296],[59.614,36.25299]]}},{"type":"Feature","properties":{"name":"بولوار عبدالمطلب","minzoom":10},"geometry":{"type":"LineString","coordinates":[[59.59561,36.32659],[59.59535,36.32678]]}},{"type":"Feature","properties":{"name":"بولوار وحدت","minzoom":10},"geometry":{"type":"LineString","coordinates":[[59.63044,36.28922],[59.63042,36.28911]]}},{"type":"Feature","properties":{"name":"بولوار عبدالمطلب","minzoom":10},"geometry":{"type":"LineString","coordinates":[[59.59568,36.32643],[59.59601,36.32618]]}},{"type":"Feature","properties":{"name":"بزرگراه وکیل آباد","minzoom":9},"geometry":{"type":"LineString","coordinates":[[59.48467,36.33239],[59.48608,36.33195]]}},{"type":"Feature","properties":{"name":"صیاد شیرازی","minzoom":10},"geometry":{"type":"LineString","coordinates":[[59.48466,36.3303],[59.4848,36.33066]]}},{"type":"Feature","properties":{"name":"میدان تربیت","minzoom":10},"geometry":{"type":"LineString","coordinates":[[59.4879,36.33768],[59.48793,36.3376]]}},{"type":"Feature","properties":{"name":"بولوار معلم","minzoom":10},"geometry":{"type":"LineString","coordinates":[[59.48335,36.34034],[59.48343,36.3403],[59.48362,36.34017],[59.48399,36.33993],[59.48455,36.33955],[59.48605,36.33853],[59.4864,36.33832],[59.48654,36.33825],[59.48683,36.33812],[59.48726,36.33794],[59.4877,36.33779],[59.4879,36.33768]]}},{"type":"Feature","properties":{"name":"بزرگراه امام علی","minzoom":9},"geometry":{"type":"LineString","coordinates":[[59.48542,36.34657],[59.48737,36.34656]]}},{"type":"Feature","properties":{"name":"بزرگراه امام علی","minzoom":9},"geometry":{"type":"LineString","coordinates":[[59.48303,36.34661],[59.48542,36.34657]]}},{"type":"Feature","properties":{"name":"بزرگراه امام علی","minzoom":9},"geometry":{"type":"LineString","coordinates":[[59.48129,36.34693],[59.48076,36.34696],[59.47892,36.34693]]}},{"type":"Feature","properties":{"name":"بزرگراه امام علی","minzoom":9},"geometry":{"type":"LineString","coordinates":[[59.49103,36.34667],[59.48953,36.34674],[59.48561,36.34683]]}},{"type":"Feature","properties":{"name":"بزرگراه امام علی","minzoom":9},"geometry":{"type":"LineString","coordinates":[[59.49689,36.34609],[59.4934,36.34648],[59.49174,36.34662],[59.49103,36.34667]]}},{"type":"Feature","properties":{"name":"بزرگراه امام علی","minzoom":9},"geometry":{"type":"LineString","coordinates":[[59.49913,36.34606],[59.49831,36.34601],[59.49773,36.34601],[59.49689,36.34609]]}},{"type":"Feature","properties":{"name":"بزرگراه امام علی","minzoom":9},"geometry":{"type":"LineString","coordinates":[[59.49825,36.3456],[59.49907,36.34542]]}},{"type":"Feature","properties":{"name":"بزرگراه امام علی","minzoom":9},"geometry":{"type":"LineString","coordinates":[[59.47998,36.34654],[59.48165,36.34652],[59.48303,36.34661]]}},{"type":"Feature","properties":{"name":"بولوار معلم","minzoom":10},"geometry":{"type":"LineString","coordinates":[[59.48799,36.33786],[59.48776,36.33788],[59.4873,36.33804],[59.4872,36.33808],[59.48689,36.3382],[59.48648,36.33841],[59.48615,36.33862],[59.48461,36.33966],[59.48455,36.3397],[59.48357,36.34035],[59.48348,36.3404]]}},{"type":"Feature","properties":{"name":"میدان تربیت","minzoom":10},"geometry":{"type":"LineString","coordinates":[[59.48819,36.33751],[59.4883,36.33756]]}},{"type":"Feature","properties":{"name":"صیاد شیرازی","minzoom":10},"geometry":{"type":"LineString","coordinates":[[59.48518,36.33168],[59.48472,36.33069]]}},{"type":"Feature","properties":{"name":"صیاد شیرازی","minzoom":10},"geometry":{"type":"LineString","coordinates":[[59.4848,36.33066],[59.48525,36.33165]]}},{"type":"Feature","properties":{"name":"بولوار شهید قانع","minzoom":10},"geometry":{"type":"LineString","coordinates":[[59.48645,36.33436],[59.48635,36.33406]]}},{"type":"Feature","properties":{"name":"بولوار شهید قانع","minzoom":10},"geometry":{"type":"LineString","coordinates":[[59.48635,36.33406],[59.48589,36.33308]]}},{"type":"Feature","properties":{"name":"بولوار شهید قانع","minzoom":10},"geometry":{"type":"LineString","coordinates":[[59.48644,36.33402],[59.48664,36.3344]]}},{"type":"Feature","properties":{"name":"بولوار شهید قانع","minzoom":10},"geometry":{"type":"LineString","coordinates":[[59.48597,36.33305],[59.48644,36.33402]]}},{"type":"Feature","properties":{"name":"بزرگراه وکیل آباد","minzoom":9},"geometry":{"type":"LineString","coordinates":[[59.50217,36.32747],[59.50055,36.32798],[59.49971,36.32824],[59.49848,36.32862],[59.49729,36.32899],[59.49628,36.32931],[59.49442,36.32989],[59.49385,36.33007],[59.49084,36.331],[59.48812,36.33186],[59.48706,36.33219],[59.4867,36.33229]]}},{"type":"Feature","properties":{"name":"بزرگراه امام علی","minzoom":9},"geometry":{"type":"LineString","coordinates":[[59.50056,36.34615],[59.49913,36.34606]]}},{"type":"Feature","properties":{"name":"بلوار شاهد","minzoom":10},"geometry":{"type":"LineString","coordinates":[[59.50153,36.3522],[59.50152,36.35208]]}},{"type":"Feature","properties":{"name":"بلوار شاهد","minzoom":10},"geometry":{"type":"LineString","coordinates":[[59.50166,36.35208],[59.50167,36.35219]]}},{"type":"Feature","properties":{"name":"بزرگراه امام علی","minzoom":9},"geometry":{"type":"LineString","coordinates":[[59.49907,36.34542],[59.50044,36.34512],[59.50107,36.34504],[59.50172,36.34502],[59.50313,36.34507]]}},{"type":"Feature","properties":{"name":"بلوار امام جواد","minzoom":10},"geometry":{"type":"LineString","coordinates":[[59.62844,36.29589],[59.62848,36.29592]]}},{"type":"Feature","properties":{"name":"بلوار امام جواد","minzoom":10},"geometry":{"type":"LineString","coordinates":[[59.62823,36.29577],[59.62844,36.29589]]}},{"type":"Feature","properties":{"name":"بلوار امام جواد","minzoom":10},"geometry":{"type":"LineString","coordinates":[[59.62818,36.2959],[59.62814,36.29588]]}},{"type":"Feature","properties":{"name":"بلوار امام جواد","minzoom":10},"geometry":{"type":"LineString","coordinates":[[59.62838,36.29604],[59.62818,36.2959]]}},{"type":"Feature","properties":{"name":"بولوار امامیه","minzoom":10},"geometry":{"type":"LineString","coordinates":[[59.50863,36.36862],[59.50869,36.36855],[59.50947,36.36755],[59.51143,36.36503],[59.51147,36.36497]]}},{"type":"Feature","properties":{"name":"بولوار امامیه","minzoom":10},"geometry":{"type":"LineString","coordinates":[[59.51169,36.36488],[59.51162,36.36498],[59.51157,36.36506],[59.50926,36.36802],[59.50904,36.36831],[59.50885,36.36854],[59.50879,36.36861]]}},{"type":"Feature","properties":{"name":"میدان امام علی","minzoom":9},"geometry":{"type":"LineString","coordinates":[[59.52247,36.34461],[59.52302,36.34462],[59.5236,36.34468]]}},{"type":"Feature","properties":{"name":"میدان امام علی","minzoom":9},"geometry":{"type":"LineString","coordinates":[[59.52152,36.34473],[59.52247,36.34461]]}},{"type":"Feature","properties":{"name":"بولوار شاهد","minzoom":10},"geometry":{"type":"LineString","coordinates":[[59.53538,36.3655],[59.5353,36.36542],[59.53479,36.3651]]}},{"type":"Feature","properties":{"name":"میدان امام علی","minzoom":9},"geometry":{"type":"LineString","coordinates":[[59.52148,36.34558],[59.52128,36.34549],[59.5212,36.34537]]}},{"type":"Feature","properties":{"name":"میدان لاله","minzoom":10},"geometry":{"type":"LineString","coordinates":[[59.47136,36.31818],[59.47141,36.31823],[59.47143,36.31829],[59.47144,36.31835]]}},{"type":"Feature","properties":{"name":"میدان لاله","minzoom":10},"geometry":{"type":"LineString","coordinates":[[59.47144,36.31835],[59.47142,36.3184],[59.47139,36.31846],[59.47134,36.3185]]}},{"type":"Feature","properties":{"name":"بولوار شاهد","minzoom":10},"geometry":{"type":"LineString","coordinates":[[59.53555,36.36641],[59.53553,36.36601],[59.53552,36.36596],[59.53551,36.36587],[59.53548,36.36575],[59.53538,36.3655]]}},{"type":"Feature","properties":{"name":"بولوار شاهد","minzoom":10},"geometry":{"type":"LineString","coordinates":[[59.53558,36.36535],[59.53579,36.36532],[59.53594,36.36527],[59.53604,36.36522],[59.53636,36.36501]]}},{"type":"Feature","properties":{"name":"میدان امام علی","minzoom":9},"geometry":{"type":"LineString","coordinates":[[59.52431,36.3454],[59.52419,36.34551],[59.52409,36.34556],[59.52383,36.34563],[59.52322,36.34569]]}},{"type":"Feature","properties":{"name":"میدان امام علی","minzoom":9},"geometry":{"type":"LineString","coordinates":[[59.5236,36.34468],[59.52405,36.34476],[59.52422,36.34485],[59.5243,36.34493],[59.52437,36.34504]]}},{"type":"Feature","properties":{"name":"میدان برادران شهید فلاح","minzoom":10},"geometry":{"type":"LineString","coordinates":[[59.52137,36.33603],[59.52134,36.33598],[59.52133,36.33592],[59.52134,36.33587]]}},{"type":"Feature","properties":{"name":"میدان برادران شهید فلاح","minzoom":10},"geometry":{"type":"LineString","coordinates":[[59.52144,36.33607],[59.52137,36.33603]]}},{"type":"Feature","properties":{"name":"میدان برادران شهید فلاح","minzoom":10},"geometry":{"type":"LineString","coordinates":[[59.5217,36.33602],[59.52165,36.33606],[59.52158,36.33609],[59.52151,36.33609],[59.52144,36.33607]]}},{"type":"Feature","properties":{"name":"بزرگراه کمربند سبز","minzoom":9},"geometry":{"type":"LineString","coordinates":[[59.59067,36.24158],[59.5906,36.2421],[59.59056,36.24246],[59.59039,36.24373]]}},{"type":"Feature","properties":{"name":"میدان فرهنگ","minzoom":10},"geometry":{"type":"LineString","coordinates":[[59.51787,36.32697],[59.51789,36.32691],[59.51793,36.32686]]}},{"type":"Feature","properties":{"name":"میدان فرهنگ","minzoom":10},"geometry":{"type":"LineString","coordinates":[[59.5182,36.32678],[59.51827,36.3268],[59.51833,36.32683]]}},{"type":"Feature","properties":{"name":"میدان فرهنگ","minzoom":10},"geometry":{"type":"LineString","coordinates":[[59.5181,36.32723],[59.51803,36.32722],[59.51797,36.32718]]}},{"type":"Feature","properties":{"name":"بزرگراه هاشمی رفسنجانی","minzoom":9},"geometry":{"type":"LineString","coordinates":[[59.49608,36.36809],[59.49898,36.37015],[59.50277,36.3728],[59.50343,36.37331],[59.50354,36.3734]]}},{"type":"Feature","properties":{"name":"بزرگراه هاشمی رفسنجانی","minzoom":9},"geometry":{"type":"LineString","coordinates":[[59.49583,36.36829],[59.49542,36.36801],[59.49307,36.36653]]}},{"type":"Feature","properties":{"name":"میدان خلیج فارس","minzoom":9},"geometry":{"type":"LineString","coordinates":[[59.47914,36.35965],[59.47911,36.35957]]}},{"type":"Feature","properties":{"name":"بولوار معلم","minzoom":10},"geometry":{"type":"LineString","coordinates":[[59.47182,36.34419],[59.47161,36.34426],[59.47134,36.34432],[59.47105,36.34435],[59.47075,36.34434],[59.47053,36.34432],[59.46999,36.34422],[59.46964,36.34415],[59.46936,36.34411],[59.46905,36.3441],[59.46863,36.34412]]}},{"type":"Feature","properties":{"minzoom":10},"geometry":{"type":"LineString","coordinates":[[59.46869,36.34389],[59.46872,36.34395],[59.46873,36.34402],[59.46869,36.34408],[59.46863,36.34412]]}},{"type":"Feature","properties":{"minzoom":10},"geometry":{"type":"LineString","coordinates":[[59.46862,36.34385],[59.46869,36.34389]]}},{"type":"Feature","properties":{"minzoom":10},"geometry":{"type":"LineString","coordinates":[[59.46833,36.34391],[59.46839,36.34387],[59.46855,36.34384],[59.46862,36.34385]]}},{"type":"Feature","properties":{"name":"بولوار معلم","minzoom":10},"geometry":{"type":"LineString","coordinates":[[59.46869,36.34389],[59.4692,36.34398],[59.46966,36.34406],[59.47032,36.34417],[59.47055,36.34421],[59.47077,36.34424],[59.47104,36.34424],[59.47132,36.34422],[59.47156,36.34417],[59.47177,36.34409]]}},{"type":"Feature","properties":{"minzoom":10},"geometry":{"type":"LineString","coordinates":[[59.46863,36.34412],[59.46847,36.34414],[59.46839,36.34413],[59.46834,36.34409],[59.4683,36.34403],[59.4683,36.34397],[59.46833,36.34391]]}},{"type":"Feature","properties":{"name":"میدان ده دی","minzoom":10},"geometry":{"type":"LineString","coordinates":[[59.5978,36.2841],[59.5978,36.28414],[59.59778,36.28418]]}},{"type":"Feature","properties":{"name":"بولوار شهید کامیاب","minzoom":10},"geometry":{"type":"LineString","coordinates":[[59.62181,36.30329],[59.62202,36.30307]]}},{"type":"Feature","properties":{"name":"خیابان شهید محمدعلی حنایی","minzoom":10},"geometry":{"type":"LineString","coordinates":[[59.61814,36.27423],[59.61866,36.2741]]}},{"type":"Feature","properties":{"name":"بلوار کوشش","minzoom":10},"geometry":{"type":"LineString","coordinates":[[59.59947,36.25618],[59.59956,36.25646],[59.59958,36.25657]]}},{"type":"Feature","properties":{"name":"بلوار کوشش","minzoom":10},"geometry":{"type":"LineString","coordinates":[[59.59932,36.25675],[59.5992,36.25668],[59.59906,36.25661],[59.5989,36.25653]]}},{"type":"Feature","properties":{"name":"بلوار کوشش","minzoom":10},"geometry":{"type":"LineString","coordinates":[[59.6005,36.25795],[59.60037,36.25778]]}},{"type":"Feature","properties":{"name":"بولوار ملک الشعرای بهار","minzoom":10},"geometry":{"type":"LineString","coordinates":[[59.59592,36.28121],[59.59584,36.28129]]}},{"type":"Feature","properties":{"name":"میدان حافظ","minzoom":10},"geometry":{"type":"LineString","coordinates":[[59.59857,36.2552],[59.59881,36.25526]]}},{"type":"Feature","properties":{"name":"میدان حافظ","minzoom":10},"geometry":{"type":"LineString","coordinates":[[59.59801,36.2556],[59.59802,36.25552]]}},{"type":"Feature","properties":{"name":"میدان حافظ","minzoom":10},"geometry":{"type":"LineString","coordinates":[[59.5989,36.25653],[59.59877,36.2565]]}},{"type":"Feature","properties":{"name":"بلوار کوشش","minzoom":10},"geometry":{"type":"LineString","coordinates":[[59.60915,36.26786],[59.60908,36.26777]]}},{"type":"Feature","properties":{"name":"بولوار ملک الشعرای بهار","minzoom":10},"geometry":{"type":"LineString","coordinates":[[59.59578,36.2812],[59.59586,36.28112]]}},{"type":"Feature","properties":{"name":"بولوار امام خمینی","minzoom":10},"geometry":{"type":"LineString","coordinates":[[59.59586,36.28112],[59.59592,36.28121]]}},{"type":"Feature","properties":{"name":"بزرگراه امام علی","minzoom":9},"geometry":{"type":"LineString","coordinates":[[59.53483,36.34504],[59.53629,36.34505],[59.53746,36.34505]]}},{"type":"Feature","properties":{"name":"بزرگراه امام علی","minzoom":9},"geometry":{"type":"LineString","coordinates":[[59.52982,36.34506],[59.53179,36.34505]]}},{"type":"Feature","properties":{"name":"میدان امام علی","minzoom":9},"geometry":{"type":"LineString","coordinates":[[59.52204,36.34566],[59.52166,36.3456],[59.52148,36.34558]]}},{"type":"Feature","properties":{"name":"بولوار امامیه","minzoom":10},"geometry":{"type":"LineString","coordinates":[[59.51984,36.35355],[59.5199,36.3534],[59.51993,36.35335]]}},{"type":"Feature","properties":{"name":"بلوار شاهد","minzoom":10},"geometry":{"type":"LineString","coordinates":[[59.50152,36.35208],[59.50149,36.35179]]}},{"type":"Feature","properties":{"name":"بولوار شاهد","minzoom":10},"geometry":{"type":"LineString","coordinates":[[59.53439,36.36472],[59.53489,36.36499]]}},{"type":"Feature","properties":{"name":"بولوار امامیه","minzoom":10},"geometry":{"type":"LineString","coordinates":[[59.5201,36.3533],[59.52005,36.35341]]}},{"type":"Feature","properties":{"name":"بولوار شهید قرنی","minzoom":10},"geometry":{"type":"LineString","coordinates":[[59.59582,36.30726],[59.59604,36.30705]]}},{"type":"Feature","properties":{"name":"بلوار خیام","minzoom":10},"geometry":{"type":"LineString","coordinates":[[59.5778,36.33164],[59.57772,36.33155],[59.57736,36.33122]]}},{"type":"Feature","properties":{"name":"بولوار توس","minzoom":10},"geometry":{"type":"LineString","coordinates":[[59.57757,36.33218],[59.57775,36.33175],[59.5778,36.33164]]}},{"type":"Feature","properties":{"name":"بولوار توس","minzoom":10},"geometry":{"type":"LineString","coordinates":[[59.56799,36.3453],[59.56819,36.34507],[59.56826,36.34499],[59.56834,36.34491],[59.56847,36.34476],[59.56912,36.34397],[59.56966,36.3434],[59.56974,36.34332],[59.56996,36.34305]]}},{"type":"Feature","properties":{"name":"بولوار توس","minzoom":10},"geometry":{"type":"LineString","coordinates":[[59.56982,36.34343],[59.56955,36.34375],[59.56933,36.34401],[59.56889,36.34453],[59.56857,36.34488],[59.56849,36.34497]]}},{"type":"Feature","properties":{"name":"بولوار سپهبد قرنی","minzoom":10},"geometry":{"type":"LineString","coordinates":[[59.5959,36.30735],[59.59584,36.3074]]}},{"type":"Feature","properties":{"name":"بزرگراه شهید قاسم سلیمانی","minzoom":9},"geometry":{"type":"LineString","coordinates":[[59.6228,36.23847],[59.62179,36.24051]]}},{"type":"Feature","properties":{"minzoom":9},"geometry":{"type":"LineString","coordinates":[[59.62531,36.21368],[59.62526,36.21326],[59.62516,36.21251]]}},{"type":"Feature","properties":{"name":"بزرگراه شهید قاسم سلیمانی","minzoom":9},"geometry":{"type":"LineString","coordinates":[[59.62527,36.23041],[59.62525,36.22983]]}},{"type":"Feature","properties":{"name":"بزرگراه شهید قاسم سلیمانی","minzoom":9},"geometry":{"type":"LineString","coordinates":[[59.62207,36.23951],[59.62263,36.23841]]}},{"type":"Feature","properties":{"name":"بلوار جمهوری اسلامی","minzoom":10},"geometry":{"type":"LineString","coordinates":[[59.60874,36.25789],[59.60879,36.25785]]}},{"type":"Feature","properties":{"name":"بزرگراه شهید قاسم سلیمانی","minzoom":9},"geometry":{"type":"LineString","coordinates":[[59.62586,36.22082],[59.62584,36.22106]]}},{"type":"Feature","properties":{"name":"بزرگراه شهید قاسم سلیمانی","minzoom":9},"geometry":{"type":"LineString","coordinates":[[59.6259,36.22013],[59.62586,36.22082]]}},{"type":"Feature","properties":{"name":"نیشابور - ملک آباد - مشهد","minzoom":9},"geometry":{"type":"LineString","coordinates":[[59.62383,36.193],[59.62386,36.19365],[59.62397,36.19557],[59.62404,36.19686],[59.6241,36.19736],[59.62442,36.19942],[59.62444,36.19977],[59.62439,36.2009],[59.62439,36.20119],[59.6245,36.20169],[59.62448,36.20213]]}},{"type":"Feature","properties":{"name":"مشهد - ملک آباد - نیشابور","minzoom":9},"geometry":{"type":"LineString","coordinates":[[59.62397,36.19972],[59.62391,36.19789],[59.62388,36.19672],[59.62387,36.19643],[59.62384,36.19555],[59.62377,36.19443],[59.62373,36.19364],[59.62368,36.19295]]}},{"type":"Feature","properties":{"name":"میدان معلم","minzoom":10},"geometry":{"type":"LineString","coordinates":[[59.52872,36.32872],[59.52879,36.32873],[59.52885,36.32876]]}},{"type":"Feature","properties":{"name":"بزرگراه امام علی","minzoom":9},"geometry":{"type":"LineString","coordinates":[[59.53179,36.34505],[59.53483,36.34504]]}},{"type":"Feature","properties":{"name":"بزرگراه امام علی","minzoom":9},"geometry":{"type":"LineString","coordinates":[[59.50527,36.34517],[59.5073,36.34516]]}},{"type":"Feature","properties":{"name":"بزرگراه امام علی","minzoom":9},"geometry":{"type":"LineString","coordinates":[[59.50401,36.3455],[59.50328,36.34569]]}},{"type":"Feature","properties":{"name":"میدان امامیه","minzoom":10},"geometry":{"type":"LineString","coordinates":[[59.51524,36.36246],[59.51514,36.36248]]}},{"type":"Feature","properties":{"name":"میدان امامیه","minzoom":10},"geometry":{"type":"LineString","coordinates":[[59.5154,36.36197],[59.51545,36.36205],[59.51548,36.36213],[59.51548,36.36221]]}},{"type":"Feature","properties":{"name":"میدان امامیه","minzoom":10},"geometry":{"type":"LineString","coordinates":[[59.51485,36.36191],[59.51494,36.36187],[59.51504,36.36185],[59.51514,36.36185]]}},{"type":"Feature","properties":{"name":"میدان امامیه","minzoom":10},"geometry":{"type":"LineString","coordinates":[[59.51469,36.36212],[59.51472,36.36204],[59.51477,36.36197],[59.51485,36.36191]]}},{"type":"Feature","properties":{"name":"میدان مادر","minzoom":10},"geometry":{"type":"LineString","coordinates":[[59.51289,36.35962],[59.51276,36.35957],[59.51265,36.35949],[59.51263,36.35946]]}},{"type":"Feature","properties":{"name":"میدان مادر","minzoom":10},"geometry":{"type":"LineString","coordinates":[[59.51318,36.35961],[59.51304,36.35963],[59.51289,36.35962]]}},{"type":"Feature","properties":{"name":"میدان معلم","minzoom":10},"geometry":{"type":"LineString","coordinates":[[59.52861,36.32905],[59.52855,36.32902]]}},{"type":"Feature","properties":{"name":"میدان معلم","minzoom":10},"geometry":{"type":"LineString","coordinates":[[59.5289,36.32895],[59.52887,36.329]]}},{"type":"Feature","properties":{"name":"بلوار جمهوری اسلامی","minzoom":10},"geometry":{"type":"LineString","coordinates":[[59.60893,36.25794],[59.60888,36.25798],[59.608,36.25887],[59.6077,36.25917],[59.60672,36.26016],[59.60557,36.26131],[59.60548,36.26141],[59.60482,36.26207],[59.60459,36.2623],[59.6045,36.26239]]}},{"type":"Feature","properties":{"name":"بلوار کوشش","minzoom":10},"geometry":{"type":"LineString","coordinates":[[59.60443,36.26246],[59.60435,36.26236]]}},{"type":"Feature","properties":{"name":"بلوار هفده شهریور جنوبی","minzoom":10},"geometry":{"type":"LineString","coordinates":[[59.61639,36.2762],[59.61624,36.27609],[59.61578,36.27553],[59.61561,36.27533],[59.61498,36.27461],[59.61477,36.27437],[59.61419,36.27372]]}},{"type":"Feature","properties":{"name":"بولوار مصلی","minzoom":10},"geometry":{"type":"LineString","coordinates":[[59.63635,36.26966],[59.63619,36.26982]]}},{"type":"Feature","properties":{"name":"بولوار مصلی","minzoom":10},"geometry":{"type":"LineString","coordinates":[[59.63659,36.26941],[59.63642,36.26957],[59.63635,36.26966]]}},{"type":"Feature","properties":{"name":"بلوار کوشش","minzoom":10},"geometry":{"type":"LineString","coordinates":[[59.60442,36.26229],[59.6045,36.26239]]}},{"type":"Feature","properties":{"name":"بلوار جمهوری اسلامی","minzoom":10},"geometry":{"type":"LineString","coordinates":[[59.60435,36.26236],[59.60442,36.26229]]}},{"type":"Feature","properties":{"name":"بولوار ملک آباد","minzoom":10},"geometry":{"type":"LineString","coordinates":[[59.54121,36.3146],[59.54302,36.31341],[59.54422,36.31265]]}},{"type":"Feature","properties":{"name":"میدان آزادی","minzoom":9},"geometry":{"type":"LineString","coordinates":[[59.54085,36.31455],[59.541,36.31464]]}},{"type":"Feature","properties":{"name":"بولوار ملک آباد","minzoom":10},"geometry":{"type":"LineString","coordinates":[[59.54822,36.31017],[59.54785,36.31041]]}},{"type":"Feature","properties":{"name":"بولوار ملک آباد","minzoom":10},"geometry":{"type":"LineString","coordinates":[[59.5516,36.30796],[59.54855,36.30995],[59.54822,36.31017]]}},{"type":"Feature","properties":{"name":"بولوار پیروزی","minzoom":10},"geometry":{"type":"LineString","coordinates":[[59.55503,36.28018],[59.55497,36.28016],[59.55492,36.28017],[59.55484,36.2802],[59.55428,36.28056]]}},{"type":"Feature","properties":{"name":"بولوار پیروزی","minzoom":10},"geometry":{"type":"LineString","coordinates":[[59.55419,36.2805],[59.55472,36.28013],[59.55487,36.28001],[59.55496,36.27986]]}},{"type":"Feature","properties":{"name":"میدان شهید جوان","minzoom":10},"geometry":{"type":"LineString","coordinates":[[59.54398,36.2829],[59.54406,36.28288],[59.54414,36.28287]]}},{"type":"Feature","properties":{"name":"میدان شهید جوان","minzoom":10},"geometry":{"type":"LineString","coordinates":[[59.54382,36.28312],[59.54383,36.28305],[59.54386,36.28299],[59.54392,36.28294],[59.54398,36.2829]]}},{"type":"Feature","properties":{"name":"هغت حوض","minzoom":9},"geometry":{"type":"LineString","coordinates":[[59.59238,36.23062],[59.59232,36.23102]]}},{"type":"Feature","properties":{"name":"بلوار جمهوری اسلامی","minzoom":10},"geometry":{"type":"LineString","coordinates":[[59.6045,36.26239],[59.60443,36.26246]]}},{"type":"Feature","properties":{"name":"بلوار کوشش","minzoom":10},"geometry":{"type":"LineString","coordinates":[[59.60246,36.2602],[59.60232,36.26004],[59.60116,36.2587],[59.6005,36.25795]]}},{"type":"Feature","properties":{"name":"بلوار جمهوری اسلامی","minzoom":10},"geometry":{"type":"LineString","coordinates":[[59.60344,36.26325],[59.60401,36.26269],[59.60423,36.26248],[59.60435,36.26236]]}},{"type":"Feature","properties":{"name":"بولوار شاهد","minzoom":10},"geometry":{"type":"LineString","coordinates":[[59.52768,36.36336],[59.52784,36.36344],[59.52797,36.36351],[59.52809,36.36357]]}},{"type":"Feature","properties":{"name":"بلوار شاهد","minzoom":10},"geometry":{"type":"LineString","coordinates":[[59.50167,36.35219],[59.50168,36.35245]]}},{"type":"Feature","properties":{"name":"میدان برادران شهید فلاح","minzoom":10},"geometry":{"type":"LineString","coordinates":[[59.52134,36.33587],[59.52139,36.33581],[59.52147,36.33577],[59.52155,36.33576],[59.52163,36.33578]]}},{"type":"Feature","properties":{"name":"میدان فرهنگ","minzoom":10},"geometry":{"type":"LineString","coordinates":[[59.51843,36.32705],[59.51841,36.3271],[59.51837,36.32716]]}},{"type":"Feature","properties":{"name":"خیابان آیت الله شیرازی","minzoom":10},"geometry":{"type":"LineString","coordinates":[[59.61016,36.2939],[59.61027,36.2938],[59.61054,36.29357],[59.61131,36.29286],[59.61214,36.29208],[59.61249,36.29176],[59.61258,36.29167],[59.61276,36.29151]]}},{"type":"Feature","properties":{"name":"خیابان آیت الله شیرازی","minzoom":10},"geometry":{"type":"LineString","coordinates":[[59.6115,36.29284],[59.61136,36.29297],[59.61062,36.29368],[59.61039,36.2939],[59.61029,36.294]]}},{"type":"Feature","properties":{"name":"بولوار هاشمیه","minzoom":10},"geometry":{"type":"LineString","coordinates":[[59.51208,36.31911],[59.5121,36.31918],[59.51213,36.31922],[59.51222,36.31936],[59.51266,36.31984],[59.51321,36.32045],[59.51339,36.32065],[59.51374,36.32104]]}},{"type":"Feature","properties":{"name":"بولوار هاشمیه","minzoom":10},"geometry":{"type":"LineString","coordinates":[[59.5136,36.3211],[59.51326,36.32073],[59.51305,36.3205],[59.51253,36.31993],[59.51208,36.31943],[59.51191,36.31929],[59.51183,36.31924]]}},{"type":"Feature","properties":{"name":"میدان خلیج فارس","minzoom":9},"geometry":{"type":"LineString","coordinates":[[59.48063,36.35984],[59.48067,36.36001]]}},{"type":"Feature","properties":{"name":"میدان خلیج فارس","minzoom":9},"geometry":{"type":"LineString","coordinates":[[59.48025,36.36031],[59.48004,36.36029]]}},{"type":"Feature","properties":{"name":"بولوار امامیه","minzoom":10},"geometry":{"type":"LineString","coordinates":[[59.51997,36.35323],[59.52011,36.35289]]}},{"type":"Feature","properties":{"name":"بولوار شاهد","minzoom":10},"geometry":{"type":"LineString","coordinates":[[59.52801,36.36367],[59.52789,36.36361]]}},{"type":"Feature","properties":{"name":"میدان شهید جوان","minzoom":10},"geometry":{"type":"LineString","coordinates":[[59.54404,36.28337],[59.54397,36.28334],[59.5439,36.2833],[59.54385,36.28324],[59.54382,36.28318],[59.54382,36.28312]]}},{"type":"Feature","properties":{"name":"میدان شهید جوان","minzoom":10},"geometry":{"type":"LineString","coordinates":[[59.54428,36.28335],[59.5442,36.28337],[59.54412,36.28338],[59.54404,36.28337]]}},{"type":"Feature","properties":{"minzoom":10},"geometry":{"type":"LineString","coordinates":[[59.46433,36.32599],[59.46422,36.32643]]}},{"type":"Feature","properties":{"minzoom":10},"geometry":{"type":"LineString","coordinates":[[59.46443,36.32559],[59.46436,36.32588],[59.46433,36.32599]]}},{"type":"Feature","properties":{"name":"بولوار شهید برونسی","minzoom":10},"geometry":{"type":"LineString","coordinates":[[59.47094,36.31849],[59.47086,36.31849],[59.46982,36.31883]]}},{"type":"Feature","properties":{"name":"میدان لادن","minzoom":10},"geometry":{"type":"LineString","coordinates":[[59.47368,36.32924],[59.47377,36.32914]]}},{"type":"Feature","properties":{"name":"میدان لادن","minzoom":10},"geometry":{"type":"LineString","coordinates":[[59.47376,36.32951],[59.47369,36.32943],[59.47367,36.32933],[59.47368,36.32924]]}},{"type":"Feature","properties":{"minzoom":10},"geometry":{"type":"LineString","coordinates":[[59.46263,36.33344],[59.46241,36.33426]]}},{"type":"Feature","properties":{"minzoom":10},"geometry":{"type":"LineString","coordinates":[[59.46281,36.3326],[59.46274,36.33294],[59.46263,36.33344]]}},{"type":"Feature","properties":{"name":"میدان اقبال","minzoom":10},"geometry":{"type":"LineString","coordinates":[[59.46922,36.33076],[59.46926,36.3308],[59.46928,36.33084],[59.46928,36.33091]]}},{"type":"Feature","properties":{"name":"میدان اقبال","minzoom":10},"geometry":{"type":"LineString","coordinates":[[59.46889,36.33083],[59.46893,36.33077],[59.46899,36.33074],[59.46907,36.33072],[59.46915,36.33073],[59.46922,36.33076]]}},{"type":"Feature","properties":{"name":"میدان اقبال","minzoom":10},"geometry":{"type":"LineString","coordinates":[[59.46899,36.33103],[59.46892,36.33098],[59.46889,36.33093],[59.46888,36.33088],[59.46889,36.33083]]}},{"type":"Feature","properties":{"name":"میدان طبرسی","minzoom":10},"geometry":{"type":"LineString","coordinates":[[59.62164,36.29182],[59.62166,36.29176],[59.6217,36.29171],[59.62179,36.29166]]}},{"type":"Feature","properties":{"name":"میدان طبرسی","minzoom":10},"geometry":{"type":"LineString","coordinates":[[59.62197,36.29201],[59.6219,36.29202],[59.62182,36.29202],[59.62174,36.29199],[59.62168,36.29195],[59.62165,36.29188],[59.62164,36.29182]]}},{"type":"Feature","properties":{"minzoom":10},"geometry":{"type":"LineString","coordinates":[[59.50185,36.47577],[59.50179,36.47576],[59.50174,36.47573],[59.5017,36.47569],[59.50168,36.47565]]}},{"type":"Feature","properties":{"minzoom":10},"geometry":{"type":"LineString","coordinates":[[59.50208,36.47561],[59.50208,36.47566],[59.50205,36.4757],[59.50201,36.47573],[59.50196,36.47576],[59.5019,36.47577],[59.50185,36.47577]]}},{"type":"Feature","properties":{"minzoom":10},"geometry":{"type":"LineString","coordinates":[[59.50191,36.47544],[59.50197,36.47546],[59.50202,36.47548],[59.50205,36.47552],[59.50208,36.47556],[59.50208,36.47561]]}},{"type":"Feature","properties":{"name":"بولوار شاهنامه","minzoom":10},"geometry":{"type":"LineString","coordinates":[[59.50092,36.47452],[59.50152,36.4751],[59.50166,36.47522],[59.50179,36.47535],[59.50191,36.47544]]}},{"type":"Feature","properties":{"name":"بولوار شاهنامه","minzoom":10},"geometry":{"type":"LineString","coordinates":[[59.50168,36.47565],[59.50157,36.4755],[59.50132,36.47524],[59.50074,36.47463]]}},{"type":"Feature","properties":{"minzoom":10},"geometry":{"type":"LineString","coordinates":[[59.50168,36.47565],[59.50167,36.4756],[59.50168,36.47556],[59.50171,36.47552],[59.50175,36.47548],[59.5018,36.47546],[59.50185,36.47544],[59.50191,36.47544]]}},{"type":"Feature","properties":{"name":"بولوار شاهنامه","minzoom":10},"geometry":{"type":"LineString","coordinates":[[59.51356,36.48334],[59.51353,36.48339],[59.51347,36.48343],[59.5134,36.48344],[59.51334,36.48342],[59.51319,36.4833],[59.51304,36.48321]]}},{"type":"Feature","properties":{"name":"بولوار شاهنامه","minzoom":10},"geometry":{"type":"LineString","coordinates":[[59.51317,36.48305],[59.51333,36.48315],[59.5135,36.48323],[59.51355,36.48328],[59.51356,36.48334]]}},{"type":"Feature","properties":{"name":"میدان استقلال","minzoom":10},"geometry":{"type":"LineString","coordinates":[[59.54343,36.32686],[59.54324,36.32686],[59.54305,36.32683]]}},{"type":"Feature","properties":{"name":"بزرگراه پیامبر اعظم","minzoom":9},"geometry":{"type":"LineString","coordinates":[[59.53058,36.37374],[59.52834,36.37591],[59.52671,36.37752],[59.52555,36.37867]]}},{"type":"Feature","properties":{"name":"بلوار شاهنامه","minzoom":10},"geometry":{"type":"LineString","coordinates":[[59.45691,36.43078],[59.45944,36.43328],[59.46081,36.43464],[59.46088,36.4347],[59.46322,36.43705],[59.46406,36.43788],[59.46433,36.43813],[59.46458,36.43826]]}},{"type":"Feature","properties":{"name":"بولوار شاهنامه","minzoom":10},"geometry":{"type":"LineString","coordinates":[[59.45615,36.43007],[59.45691,36.43078]]}},{"type":"Feature","properties":{"name":"بزرگراه پیامبر اعظم","minzoom":9},"geometry":{"type":"LineString","coordinates":[[59.53964,36.36046],[59.5345,36.36917],[59.53388,36.37018],[59.53376,36.37039],[59.53318,36.37112],[59.53285,36.3715],[59.53245,36.3719],[59.53157,36.37276],[59.53058,36.37374]]}},{"type":"Feature","properties":{"name":"میدان استقلال","minzoom":10},"geometry":{"type":"LineString","coordinates":[[59.54442,36.32644],[59.54429,36.32661]]}},{"type":"Feature","properties":{"name":"میدان هفت خان","minzoom":10},"geometry":{"type":"LineString","coordinates":[[59.46484,36.43849],[59.46483,36.43855],[59.4648,36.4386],[59.46475,36.43865],[59.46469,36.43868],[59.46462,36.4387],[59.46455,36.4387]]}},{"type":"Feature","properties":{"name":"میدان هفت خان","minzoom":10},"geometry":{"type":"LineString","coordinates":[[59.46463,36.43826],[59.46472,36.43829],[59.46477,36.43833],[59.46481,36.43838],[59.46484,36.43843]]}},{"type":"Feature","properties":{"name":"میدان هفت خان","minzoom":10},"geometry":{"type":"LineString","coordinates":[[59.46429,36.43847],[59.4643,36.43841],[59.46433,36.43836],[59.46438,36.43831],[59.46444,36.43828],[59.46451,36.43826],[59.46458,36.43826]]}},{"type":"Feature","properties":{"name":"بولوار امام خمینی","minzoom":10},"geometry":{"type":"LineString","coordinates":[[59.60213,36.29144],[59.6022,36.29155]]}},{"type":"Feature","properties":{"name":"میدان معراج","minzoom":10},"geometry":{"type":"LineString","coordinates":[[59.55299,36.35864],[59.55304,36.35883],[59.55303,36.35901]]}},{"type":"Feature","properties":{"name":"میدان معراج","minzoom":10},"geometry":{"type":"LineString","coordinates":[[59.55278,36.35839],[59.55299,36.35864]]}},{"type":"Feature","properties":{"name":"بلوار شاهنامه","minzoom":10},"geometry":{"type":"LineString","coordinates":[[59.46429,36.43847],[59.46416,36.43823],[59.46393,36.43798],[59.46324,36.43729],[59.45938,36.43346],[59.45679,36.43089],[59.4559,36.43007]]}},{"type":"Feature","properties":{"name":"میدان هفت خان","minzoom":10},"geometry":{"type":"LineString","coordinates":[[59.46484,36.43843],[59.46484,36.43849]]}},{"type":"Feature","properties":{"name":"میدان هفت خان","minzoom":10},"geometry":{"type":"LineString","coordinates":[[59.46458,36.43826],[59.46463,36.43826]]}},{"type":"Feature","properties":{"name":"میدان معراج","minzoom":10},"geometry":{"type":"LineString","coordinates":[[59.55202,36.35958],[59.5518,36.35952],[59.55161,36.35943]]}},{"type":"Feature","properties":{"name":"بولوار توس","minzoom":10},"geometry":{"type":"LineString","coordinates":[[59.54484,36.37042],[59.54499,36.37018],[59.54525,36.36976],[59.5456,36.3692],[59.54573,36.36898],[59.54642,36.36784],[59.54659,36.36757],[59.54679,36.36713],[59.54689,36.36681],[59.54697,36.36652],[59.5471,36.36623],[59.54715,36.36611],[59.54725,36.36595],[59.54739,36.36573],[59.54751,36.36558],[59.54772,36.36532],[59.54815,36.36489],[59.54845,36.36459],[59.54888,36.3642],[59.5496,36.36351],[59.54995,36.36318],[59.55075,36.36241],[59.55096,36.36213],[59.55108,36.36189],[59.55117,36.36158],[59.55128,36.36118],[59.55145,36.36043],[59.55161,36.35982],[59.55163,36.35953],[59.55161,36.35943]]}},{"type":"Feature","properties":{"name":"میدان حکمت","minzoom":10},"geometry":{"type":"LineString","coordinates":[[59.48929,36.32075],[59.48928,36.3208],[59.48925,36.32086]]}},{"type":"Feature","properties":{"name":"میدان حکمت","minzoom":10},"geometry":{"type":"LineString","coordinates":[[59.48909,36.32097],[59.48901,36.32098],[59.48894,36.32097]]}},{"type":"Feature","properties":{"name":"میدان حافظ","minzoom":10},"geometry":{"type":"LineString","coordinates":[[59.59948,36.25612],[59.59947,36.25618]]}},{"type":"Feature","properties":{"name":"میدان هنرستان","minzoom":10},"geometry":{"type":"LineString","coordinates":[[59.4999,36.31397],[59.49994,36.31392],[59.49999,36.31388],[59.50006,36.31386]]}},{"type":"Feature","properties":{"name":"میدان هنرستان","minzoom":10},"geometry":{"type":"LineString","coordinates":[[59.50015,36.31422],[59.50009,36.31423],[59.50003,36.31422]]}},{"type":"Feature","properties":{"name":"میدان هنرستان","minzoom":10},"geometry":{"type":"LineString","coordinates":[[59.50033,36.31401],[59.50033,36.31406],[59.50032,36.3141]]}},{"type":"Feature","properties":{"name":"میدان هنرستان","minzoom":10},"geometry":{"type":"LineString","coordinates":[[59.50006,36.31386],[59.50012,36.31386],[59.50018,36.31387],[59.50023,36.31389]]}},{"type":"Feature","properties":{"name":"میدان هاشمیه","minzoom":10},"geometry":{"type":"LineString","coordinates":[[59.50416,36.31092],[59.50415,36.31083],[59.50417,36.31075]]}},{"type":"Feature","properties":{"name":"میدان هاشمیه","minzoom":10},"geometry":{"type":"LineString","coordinates":[[59.50451,36.31109],[59.5044,36.31109],[59.5043,36.31106]]}},{"type":"Feature","properties":{"name":"بزرگراه هاشمی رفسنجانی","minzoom":9},"geometry":{"type":"LineString","coordinates":[[59.49199,36.36586],[59.49056,36.36504]]}},{"type":"Feature","properties":{"name":"میدان شهدای غواص","minzoom":10},"geometry":{"type":"LineString","coordinates":[[59.50629,36.31275],[59.50623,36.31279],[59.50616,36.31281],[59.50609,36.3128]]}},{"type":"Feature","properties":{"name":"میدان شهدای غواص","minzoom":10},"geometry":{"type":"LineString","coordinates":[[59.50583,36.31253],[59.50585,36.31247],[59.5059,36.31242],[59.50597,36.31239],[59.50601,36.31238]]}},{"type":"Feature","properties":{"name":"میدان شهدای غواص","minzoom":10},"geometry":{"type":"LineString","coordinates":[[59.50609,36.3128],[59.50595,36.31269],[59.50585,36.31259],[59.50583,36.31253]]}},{"type":"Feature","properties":{"name":"میدان هاشمیه","minzoom":10},"geometry":{"type":"LineString","coordinates":[[59.50475,36.31081],[59.50475,36.31087],[59.50473,36.31094]]}},{"type":"Feature","properties":{"name":"میدان هاشمیه","minzoom":10},"geometry":{"type":"LineString","coordinates":[[59.5044,36.3106],[59.50446,36.3106],[59.50451,36.3106],[59.5046,36.31063]]}},{"type":"Feature","properties":{"name":"بولوار معلم","minzoom":10},"geometry":{"type":"LineString","coordinates":[[59.51998,36.33099],[59.52014,36.33094],[59.52027,36.3309],[59.52056,36.3308],[59.52119,36.3306],[59.5218,36.33041],[59.52509,36.32932],[59.52665,36.32885],[59.5269,36.32876],[59.52711,36.32868],[59.52824,36.32831],[59.52857,36.32821],[59.53006,36.32774],[59.53032,36.32766],[59.53173,36.32719],[59.53215,36.32705],[59.53339,36.32665],[59.53444,36.32632],[59.53455,36.32628]]}},{"type":"Feature","properties":{"name":"بولوار سید رضی","minzoom":10},"geometry":{"type":"LineString","coordinates":[[59.51998,36.33099],[59.51992,36.33087],[59.5198,36.33063],[59.51963,36.33029],[59.5196,36.33022],[59.51949,36.32999],[59.51937,36.32974],[59.51929,36.32957],[59.51912,36.3292],[59.51887,36.32866],[59.51861,36.32811],[59.51849,36.32785],[59.51835,36.32756],[59.51828,36.32741],[59.5181,36.32723]]}},{"type":"Feature","properties":{"name":"بولوار امامیه","minzoom":10},"geometry":{"type":"LineString","coordinates":[[59.51993,36.35335],[59.51997,36.35323]]}},{"type":"Feature","properties":{"name":"بولوار امامیه","minzoom":10},"geometry":{"type":"LineString","coordinates":[[59.52021,36.35303],[59.52013,36.35323],[59.5201,36.3533]]}},{"type":"Feature","properties":{"name":"بولوار سید رضی","minzoom":10},"geometry":{"type":"LineString","coordinates":[[59.52037,36.33136],[59.52045,36.3316],[59.52059,36.33212],[59.52061,36.33221],[59.52076,36.33275],[59.52078,36.33284],[59.5209,36.33326],[59.52095,36.33345],[59.52104,36.33377],[59.52112,36.33407],[59.52128,36.33468],[59.5213,36.33476],[59.52142,36.33517],[59.52145,36.3353],[59.52153,36.33556],[59.52163,36.33578]]}},{"type":"Feature","properties":{"name":"بولوار معلم","minzoom":10},"geometry":{"type":"LineString","coordinates":[[59.52519,36.32945],[59.52364,36.32995],[59.522,36.33048],[59.52163,36.33058],[59.52066,36.3309]]}},{"type":"Feature","properties":{"name":"خیابان طبرسی جنوبی","minzoom":10},"geometry":{"type":"LineString","coordinates":[[59.62932,36.29644],[59.63328,36.29889]]}},{"type":"Feature","properties":{"name":"بولوار پیروزی","minzoom":10},"geometry":{"type":"LineString","coordinates":[[59.50861,36.30707],[59.50784,36.30779],[59.50707,36.30855],[59.50536,36.31021],[59.50529,36.31028],[59.50489,36.31066],[59.50475,36.31081]]}},{"type":"Feature","properties":{"name":"بولوار پیروزی","minzoom":10},"geometry":{"type":"LineString","coordinates":[[59.50848,36.307],[59.50867,36.30685],[59.50893,36.30667],[59.50938,36.30641],[59.51067,36.30575],[59.51176,36.30519],[59.51221,36.30495],[59.51242,36.30477]]}},{"type":"Feature","properties":{"name":"شهید کشمیری (جاده سیمان)","minzoom":10},"geometry":{"type":"LineString","coordinates":[[59.68406,36.40745],[59.68372,36.40682],[59.68353,36.40641],[59.68331,36.40571],[59.6832,36.4054],[59.68304,36.40506],[59.68276,36.4046],[59.68221,36.40397],[59.68182,36.40356],[59.68045,36.40225],[59.67951,36.40139],[59.67918,36.40109],[59.67898,36.40086],[59.67886,36.40068],[59.67874,36.40042],[59.67864,36.40014],[59.67833,36.39912],[59.67803,36.39811],[59.6779,36.39769],[59.67759,36.39668],[59.67741,36.39609],[59.67711,36.39521],[59.677,36.39491],[59.67677,36.39419],[59.67661,36.39363],[59.67609,36.39197],[59.67607,36.39189]]}},{"type":"Feature","properties":{"name":"جاده سیمان","minzoom":10},"geometry":{"type":"LineString","coordinates":[[59.67111,36.37599],[59.67121,36.37631],[59.67142,36.37697],[59.67154,36.37733],[59.67175,36.37797],[59.67178,36.37806],[59.67193,36.37853],[59.67213,36.37916],[59.67226,36.37955],[59.67264,36.38068],[59.67308,36.38191],[59.67331,36.38265],[59.67339,36.38292],[59.6735,36.3833],[59.67365,36.3838],[59.67378,36.38419],[59.67411,36.38523],[59.67445,36.38626],[59.67449,36.38638],[59.67456,36.38661],[59.67464,36.38684],[59.6747,36.38705],[59.67504,36.3881],[59.67546,36.38941],[59.67577,36.39037],[59.67587,36.39068],[59.67598,36.39103],[59.67611,36.39142],[59.67622,36.39176],[59.67625,36.39188]]}},{"type":"Feature","properties":{"name":"میدان غدیر","minzoom":10},"geometry":{"type":"LineString","coordinates":[[59.61481,36.25221],[59.61481,36.25235]]}},{"type":"Feature","properties":{"name":"میدان غدیر","minzoom":10},"geometry":{"type":"LineString","coordinates":[[59.614,36.25299],[59.61384,36.25293],[59.61374,36.25281]]}},{"type":"Feature","properties":{"name":"میدان غدیر","minzoom":10},"geometry":{"type":"LineString","coordinates":[[59.61437,36.25206],[59.61455,36.25203],[59.61471,36.25209],[59.61481,36.25221]]}},{"type":"Feature","properties":{"name":"بولوار امامیه","minzoom":10},"geometry":{"type":"LineString","coordinates":[[59.51996,36.35363],[59.5199,36.35378],[59.51969,36.35433],[59.51958,36.35461],[59.51946,36.3549],[59.51934,36.3552],[59.51918,36.35562],[59.51905,36.35594],[59.51883,36.35649],[59.5188,36.35658]]}},{"type":"Feature","properties":{"name":"بولوار امامیه","minzoom":10},"geometry":{"type":"LineString","coordinates":[[59.52005,36.35341],[59.51996,36.35363]]}},{"type":"Feature","properties":{"name":"بولوار شاهد","minzoom":10},"geometry":{"type":"LineString","coordinates":[[59.52789,36.36361],[59.52757,36.36345]]}},{"type":"Feature","properties":{"name":"بولوار توس","minzoom":10},"geometry":{"type":"LineString","coordinates":[[59.53176,36.38199],[59.53184,36.38195],[59.53256,36.38154],[59.53421,36.38062],[59.53719,36.37897],[59.53753,36.37878],[59.53816,36.37844],[59.53981,36.37753],[59.54013,36.37736],[59.54117,36.37679],[59.54146,36.37659],[59.54162,36.37645],[59.54191,36.37607],[59.54236,36.37535],[59.54252,36.37504],[59.54258,36.3749],[59.54261,36.37483],[59.54265,36.37461],[59.5427,36.37433],[59.54277,36.37398],[59.54296,36.37355],[59.54331,36.37294]]}},{"type":"Feature","properties":{"name":"بولوار توس","minzoom":10},"geometry":{"type":"LineString","coordinates":[[59.54127,36.37688],[59.54059,36.37726],[59.53826,36.37854],[59.53762,36.37888],[59.53625,36.37964],[59.53429,36.38071],[59.53272,36.38159],[59.53193,36.38203]]}},{"type":"Feature","properties":{"name":"بزرگراه پیامبر اعظم","minzoom":9},"geometry":{"type":"LineString","coordinates":[[59.54713,36.34795],[59.54681,36.34849],[59.54652,36.34894],[59.54598,36.34985]]}},{"type":"Feature","properties":{"name":"بولوار شاهد","minzoom":10},"geometry":{"type":"LineString","coordinates":[[59.52809,36.36357],[59.52846,36.36375]]}},{"type":"Feature","properties":{"name":"بولوار امامیه","minzoom":10},"geometry":{"type":"LineString","coordinates":[[59.5187,36.3565],[59.51945,36.35458],[59.51984,36.35355]]}},{"type":"Feature","properties":{"name":"بولوار ۲۲ بهمن","minzoom":10},"geometry":{"type":"LineString","coordinates":[[59.63131,36.35598],[59.63118,36.35533],[59.63117,36.35519],[59.63111,36.3548],[59.63093,36.35419],[59.63029,36.35221],[59.63012,36.35176],[59.62989,36.35129],[59.62974,36.35101],[59.62963,36.35082],[59.62937,36.3504],[59.62919,36.35012],[59.62861,36.3493],[59.62822,36.34874]]}},{"type":"Feature","properties":{"name":"بولوار ۲۲ بهمن","minzoom":10},"geometry":{"type":"LineString","coordinates":[[59.6318,36.35588],[59.63193,36.35631],[59.63208,36.35672],[59.63209,36.35706],[59.63218,36.35764],[59.63228,36.35797],[59.63267,36.35914],[59.6331,36.36034],[59.63331,36.36081],[59.63358,36.36126],[59.63439,36.36232],[59.63521,36.3633],[59.63633,36.36463]]}},{"type":"Feature","properties":{"name":"بولوار ۲۲ بهمن","minzoom":10},"geometry":{"type":"LineString","coordinates":[[59.62822,36.34874],[59.62801,36.34844],[59.6276,36.34787]]}},{"type":"Feature","properties":{"name":"بولوار ۲۲ بهمن","minzoom":10},"geometry":{"type":"LineString","coordinates":[[59.63622,36.3647],[59.63429,36.3624],[59.63347,36.36133],[59.63321,36.36085],[59.63297,36.36035],[59.63257,36.35919],[59.6322,36.35798],[59.63208,36.35766],[59.63197,36.35743],[59.63188,36.35727],[59.6316,36.35684],[59.63151,36.35658],[59.63145,36.3564],[59.63131,36.35598]]}},{"type":"Feature","properties":{"minzoom":9},"geometry":{"type":"LineString","coordinates":[[59.69395,36.16315],[59.69308,36.16371]]}},{"type":"Feature","properties":{"minzoom":9},"geometry":{"type":"LineString","coordinates":[[59.70166,36.158],[59.70048,36.15879],[59.69652,36.16144],[59.69395,36.16315]]}},{"type":"Feature","properties":{"minzoom":9},"geometry":{"type":"LineString","coordinates":[[59.71633,36.14723],[59.7157,36.14771],[59.71495,36.14802],[59.71402,36.1483],[59.71371,36.14841],[59.71341,36.14854],[59.71313,36.1487],[59.71305,36.14875],[59.71286,36.14887],[59.71213,36.14943],[59.71127,36.15016],[59.71093,36.15048],[59.71064,36.15088],[59.71034,36.15136],[59.70977,36.15226],[59.70947,36.15262],[59.70916,36.15296],[59.70862,36.15339],[59.70577,36.15528],[59.70441,36.1562],[59.70256,36.15742],[59.70166,36.158]]}},{"type":"Feature","properties":{"minzoom":9},"geometry":{"type":"LineString","coordinates":[[59.69466,36.16124],[59.69711,36.15963],[59.70065,36.15734]]}},{"type":"Feature","properties":{"minzoom":9},"geometry":{"type":"LineString","coordinates":[[59.70065,36.15734],[59.70182,36.15658],[59.70387,36.15527],[59.70488,36.15462],[59.70892,36.15201],[59.70937,36.15169],[59.71006,36.15104],[59.71079,36.15035],[59.71203,36.14933],[59.71276,36.14876],[59.71304,36.14858],[59.71333,36.14843],[59.71365,36.14829],[59.71398,36.14818],[59.71488,36.14789],[59.71549,36.14765],[59.71633,36.14723]]}},{"type":"Feature","properties":{"name":"بزرگراه شهید میرزائی","minzoom":9},"geometry":{"type":"LineString","coordinates":[[59.64894,36.31441],[59.64717,36.31545],[59.64676,36.31568],[59.64568,36.31626],[59.64265,36.31775]]}},{"type":"Feature","properties":{"name":"بزرگراه شهید میرزائی","minzoom":9},"geometry":{"type":"LineString","coordinates":[[59.6316,36.32347],[59.6319,36.32322],[59.63229,36.32292],[59.63261,36.32271]]}},{"type":"Feature","properties":{"name":"خیابان طبرسی جنوبی","minzoom":10},"geometry":{"type":"LineString","coordinates":[[59.62905,36.29627],[59.62932,36.29644]]}},{"type":"Feature","properties":{"name":"بولوار وحدت","minzoom":10},"geometry":{"type":"LineString","coordinates":[[59.63064,36.28908],[59.63066,36.2892],[59.6307,36.28947]]}},{"type":"Feature","properties":{"name":"بولوار وحدت","minzoom":10},"geometry":{"type":"LineString","coordinates":[[59.6305,36.2895],[59.63046,36.28933],[59.63044,36.28922]]}},{"type":"Feature","properties":{"name":"خیابان طبرسی جنوبی","minzoom":10},"geometry":{"type":"LineString","coordinates":[[59.63317,36.29901],[59.62916,36.29654],[59.62849,36.29611],[59.62843,36.29606]]}},{"type":"Feature","properties":{"name":"بولوار سپهبد قرنی","minzoom":10},"geometry":{"type":"LineString","coordinates":[[59.58235,36.31976],[59.58196,36.32011],[59.57969,36.32215],[59.57896,36.32281],[59.57891,36.32289],[59.57886,36.32305]]}},{"type":"Feature","properties":{"name":"بولوار خواجه ربیع","minzoom":10},"geometry":{"type":"LineString","coordinates":[[59.62597,36.33715],[59.62595,36.33705],[59.62584,36.33644],[59.62572,36.33594],[59.62566,36.33567],[59.62565,36.33559]]}},{"type":"Feature","properties":{"name":"بولوار رسالت","minzoom":10},"geometry":{"type":"LineString","coordinates":[[59.64634,36.33016],[59.64616,36.32997]]}},{"type":"Feature","properties":{"name":"بولوار رسالت","minzoom":10},"geometry":{"type":"LineString","coordinates":[[59.65087,36.33648],[59.6507,36.3363],[59.65057,36.33614],[59.65043,36.33592],[59.65037,36.33582],[59.65026,36.33563],[59.64974,36.33476],[59.64954,36.33443],[59.64935,36.33415],[59.64892,36.33355],[59.64805,36.33241],[59.64656,36.33045],[59.64634,36.33016]]}},{"type":"Feature","properties":{"name":"بولوار خواجه ربیع","minzoom":10},"geometry":{"type":"LineString","coordinates":[[59.62572,36.33509],[59.62577,36.33534],[59.62579,36.33546],[59.62581,36.33555],[59.62583,36.33564],[59.62588,36.3359],[59.62591,36.33604],[59.62596,36.33622],[59.62601,36.33645],[59.62604,36.3366]]}},{"type":"Feature","properties":{"name":"جاده سیمان","minzoom":10},"geometry":{"type":"LineString","coordinates":[[59.68436,36.40821],[59.68406,36.40745]]}},{"type":"Feature","properties":{"name":"بلوار کوشش","minzoom":10},"geometry":{"type":"LineString","coordinates":[[59.60256,36.26014],[59.60262,36.26021]]}},{"type":"Feature","properties":{"name":"بلوار کوشش","minzoom":10},"geometry":{"type":"LineString","coordinates":[[59.60262,36.26021],[59.60292,36.26055],[59.60319,36.26087],[59.60424,36.26209],[59.60435,36.26221],[59.60442,36.26229]]}},{"type":"Feature","properties":{"name":"بولوار توس","minzoom":10},"geometry":{"type":"LineString","coordinates":[[59.54331,36.37294],[59.54367,36.37236],[59.54387,36.37203],[59.54417,36.37151],[59.54435,36.37124],[59.54458,36.37084],[59.54466,36.37071],[59.54476,36.37054],[59.54484,36.37042]]}},{"type":"Feature","properties":{"name":"بولوار توس","minzoom":10},"geometry":{"type":"LineString","coordinates":[[59.54497,36.37047],[59.54489,36.3706],[59.54476,36.37082],[59.544,36.37208],[59.54379,36.37243],[59.54344,36.37298],[59.5431,36.37359],[59.54293,36.37401],[59.54285,36.37435],[59.5428,36.37465],[59.54276,36.37487],[59.54267,36.37504],[59.54262,36.37513],[59.54249,36.37538],[59.5421,36.37604],[59.5419,36.37632],[59.54173,36.37653],[59.54156,36.37667],[59.54127,36.37688]]}},{"type":"Feature","properties":{"name":"بولوار توس","minzoom":10},"geometry":{"type":"LineString","coordinates":[[59.52214,36.38899],[59.52354,36.38774],[59.52382,36.38749],[59.52537,36.38612],[59.526,36.38557],[59.52643,36.38523],[59.52694,36.38486],[59.52748,36.38451],[59.52874,36.38367],[59.5292,36.38341],[59.53027,36.38281],[59.53148,36.38215],[59.53176,36.38199]]}},{"type":"Feature","properties":{"name":"بولوار توس","minzoom":10},"geometry":{"type":"LineString","coordinates":[[59.52354,36.38791],[59.52278,36.38859],[59.52226,36.38906]]}},{"type":"Feature","properties":{"name":"بولوار توس","minzoom":10},"geometry":{"type":"LineString","coordinates":[[59.53193,36.38203],[59.53185,36.38207],[59.52991,36.38314],[59.52958,36.38333],[59.52882,36.38377],[59.52776,36.38444],[59.52704,36.38495],[59.5261,36.38563],[59.52573,36.38596],[59.52504,36.38658],[59.52496,36.38665],[59.52393,36.38756],[59.52354,36.38791]]}},{"type":"Feature","properties":{"name":"بولوار ملک آباد","minzoom":10},"geometry":{"type":"LineString","coordinates":[[59.54527,36.31198],[59.551,36.30816]]}},{"type":"Feature","properties":{"name":"بولوار ملک آباد","minzoom":10},"geometry":{"type":"LineString","coordinates":[[59.551,36.30816],[59.55213,36.30741],[59.5523,36.3073]]}},{"type":"Feature","properties":{"name":"بولوار ملک آباد","minzoom":10},"geometry":{"type":"LineString","coordinates":[[59.54785,36.31041],[59.54747,36.31066],[59.54605,36.31164]]}},{"type":"Feature","properties":{"name":"بولوار ملک آباد","minzoom":10},"geometry":{"type":"LineString","coordinates":[[59.55194,36.30774],[59.5516,36.30796]]}},{"type":"Feature","properties":{"name":"بولوار ملک آباد","minzoom":10},"geometry":{"type":"LineString","coordinates":[[59.56234,36.30085],[59.56168,36.30129],[59.55927,36.30289],[59.55359,36.30662]]}},{"type":"Feature","properties":{"name":"بولوار ملک آباد","minzoom":10},"geometry":{"type":"LineString","coordinates":[[59.5631,36.30043],[59.56284,36.30052],[59.56234,36.30085]]}},{"type":"Feature","properties":{"name":"بولوار ملک آباد","minzoom":10},"geometry":{"type":"LineString","coordinates":[[59.55372,36.30637],[59.56206,36.30084]]}},{"type":"Feature","properties":{"name":"بولوار ملک آباد","minzoom":10},"geometry":{"type":"LineString","coordinates":[[59.5523,36.3073],[59.55282,36.30697],[59.55372,36.30637]]}},{"type":"Feature","properties":{"name":"آزادراه مشهد - چناران","minzoom":9},"geometry":{"type":"LineString","coordinates":[[59.46605,36.35207],[59.46562,36.35213],[59.46533,36.35225],[59.4651,36.35239],[59.46433,36.35318],[59.46347,36.35425],[59.46321,36.35466],[59.46251,36.35596],[59.46114,36.3588]]}},{"type":"Feature","properties":{"minzoom":9},"geometry":{"type":"LineString","coordinates":[[59.46457,36.35267],[59.46373,36.35355],[59.46307,36.35445],[59.46277,36.35497]]}},{"type":"Feature","properties":{"minzoom":9},"geometry":{"type":"LineString","coordinates":[[59.46252,36.35491],[59.46283,36.35436],[59.46354,36.35345],[59.46441,36.35256]]}},{"type":"Feature","properties":{"minzoom":9},"geometry":{"type":"LineString","coordinates":[[59.64536,36.26016],[59.64525,36.26008],[59.64512,36.25995],[59.64505,36.25982]]}},{"type":"Feature","properties":{"minzoom":9},"geometry":{"type":"LineString","coordinates":[[59.64726,36.2607],[59.64704,36.26077],[59.64681,36.26077]]}},{"type":"Feature","properties":{"minzoom":9},"geometry":{"type":"LineString","coordinates":[[59.64734,36.26005],[59.64752,36.26035]]}},{"type":"Feature","properties":{"minzoom":9},"geometry":{"type":"LineString","coordinates":[[59.64521,36.25944],[59.64562,36.25937]]}},{"type":"Feature","properties":{"name":"بزرگراه شهید میرزائی","minzoom":9},"geometry":{"type":"LineString","coordinates":[[59.63831,36.31977],[59.63925,36.31929]]}},{"type":"Feature","properties":{"name":"مشهد - نیشابور","minzoom":9},"geometry":{"type":"LineString","coordinates":[[59.10525,36.06235],[59.10494,36.06263]]}},{"type":"Feature","properties":{"name":"نیشابور - مشهد","minzoom":9},"geometry":{"type":"LineString","coordinates":[[59.11297,36.05535],[59.11344,36.05497]]}},{"type":"Feature","properties":{"name":"بزرگراه چناران - مشهد","minzoom":9},"geometry":{"type":"LineString","coordinates":[[59.23739,36.5679],[59.23996,36.56608],[59.24092,36.5654],[59.24319,36.56378],[59.24377,36.56337],[59.24433,36.56295],[59.24654,36.56125],[59.2492,36.5592],[59.24948,36.55896],[59.25056,36.55795],[59.25235,36.55654],[59.25252,36.55641],[59.25314,36.55593],[59.25502,36.55448],[59.25551,36.55412],[59.25618,36.55367],[59.25696,36.55317],[59.25703,36.55312],[59.25724,36.55297],[59.25896,36.55165]]}},{"type":"Feature","properties":{"name":"بزرگراه چناران - مشهد","minzoom":9},"geometry":{"type":"LineString","coordinates":[[59.16403,36.61556],[59.17066,36.61194],[59.17445,36.60987],[59.18902,36.6019],[59.19066,36.60099],[59.19146,36.60053],[59.19226,36.60005],[59.19302,36.59955],[59.19376,36.59904],[59.19524,36.59799],[59.20154,36.59351],[59.20271,36.59267],[59.20276,36.59264],[59.2086,36.58848],[59.20873,36.58838],[59.20875,36.58837],[59.20913,36.5881],[59.21357,36.58493],[59.21372,36.58483]]}},{"type":"Feature","properties":{"name":"آزادراه مشهد - چناران","minzoom":10},"geometry":{"type":"LineString","coordinates":[[59.45592,36.36781],[59.45585,36.36806],[59.4559,36.36823],[59.45599,36.36837],[59.45615,36.3685],[59.45822,36.36956],[59.4584,36.36968],[59.45863,36.36991],[59.45882,36.37011],[59.45934,36.37057]]}},{"type":"Feature","properties":{"name":"آزادراه مشهد - چناران","minzoom":10},"geometry":{"type":"LineString","coordinates":[[59.45933,36.37122],[59.45937,36.37102],[59.45937,36.37088],[59.45932,36.37074],[59.45925,36.37064],[59.45871,36.37016],[59.45829,36.36977],[59.45813,36.36965],[59.45608,36.36861],[59.45548,36.36831],[59.45525,36.36816],[59.45512,36.36802],[59.45505,36.36787],[59.455,36.36763]]}},{"type":"Feature","properties":{"name":"مشهد - شاندیز","minzoom":9},"geometry":{"type":"LineString","coordinates":[[59.40008,36.39386],[59.39764,36.39544],[59.39601,36.39649],[59.39473,36.39735],[59.39355,36.39808],[59.39322,36.39829],[59.3923,36.39886],[59.39162,36.39926],[59.39022,36.40014],[59.3881,36.40146],[59.38706,36.40208],[59.3866,36.40232],[59.38604,36.40255],[59.38577,36.40266],[59.38536,36.4028],[59.38233,36.40387],[59.38118,36.40427],[59.38004,36.40468],[59.37886,36.40511],[59.37814,36.4054],[59.37734,36.40578],[59.37638,36.40632],[59.37518,36.4071],[59.37426,36.40756],[59.37388,36.40773],[59.3721,36.40849],[59.37182,36.40859],[59.37097,36.4089],[59.37022,36.4092],[59.36843,36.41007],[59.36702,36.41078],[59.36521,36.41166],[59.36407,36.4123],[59.36308,36.41275],[59.36239,36.41308],[59.36137,36.41349],[59.36087,36.41366],[59.36045,36.41376],[59.36002,36.4138],[59.35946,36.41379],[59.35722,36.41361],[59.35661,36.4135],[59.35609,36.41338],[59.35541,36.41316]]}},{"type":"Feature","properties":{"name":"مشهد - شاندیز","minzoom":9},"geometry":{"type":"LineString","coordinates":[[59.40245,36.39233],[59.40144,36.39299],[59.40047,36.39361],[59.40008,36.39386]]}},{"type":"Feature","properties":{"name":"وکیل آباد به برونسی","minzoom":10},"geometry":{"type":"LineString","coordinates":[[59.46222,36.3324],[59.46283,36.32959],[59.46285,36.32949],[59.46301,36.32888],[59.46312,36.3284],[59.46315,36.32831]]}},{"type":"Feature","properties":{"minzoom":10},"geometry":{"type":"LineString","coordinates":[[59.46293,36.332],[59.4629,36.33212],[59.46281,36.3326]]}},{"type":"Feature","properties":{"name":"بزرگراه آزادی","minzoom":9},"geometry":{"type":"LineString","coordinates":[[59.5457,36.33506],[59.54554,36.33448]]}},{"type":"Feature","properties":{"name":"بزرگراه هاشمی رفسنجانی","minzoom":9},"geometry":{"type":"LineString","coordinates":[[59.51877,36.38289],[59.5185,36.3827],[59.51791,36.38231],[59.51758,36.38201]]}},{"type":"Feature","properties":{"name":"کنارگذر بزرگراه شهید قاسم سلیمانی","minzoom":10},"geometry":{"type":"LineString","coordinates":[[59.55688,36.27357],[59.5566,36.27374]]}},{"type":"Feature","properties":{"name":"بزرگراه پیامبر اعظم","minzoom":9},"geometry":{"type":"LineString","coordinates":[[59.45319,36.42947],[59.45531,36.42744],[59.45571,36.42705],[59.45642,36.42635],[59.45896,36.42388],[59.45986,36.42301],[59.46051,36.4224],[59.4608,36.42214],[59.46096,36.42198],[59.46121,36.42174],[59.46165,36.42132],[59.4634,36.41946]]}},{"type":"Feature","properties":{"name":"بزرگراه پیامبر اعظم","minzoom":9},"geometry":{"type":"LineString","coordinates":[[59.46228,36.42098],[59.46176,36.42142],[59.46111,36.42207],[59.46104,36.42214],[59.45966,36.42346],[59.45783,36.42523],[59.45665,36.42637],[59.45591,36.42709],[59.45529,36.42771]]}},{"type":"Feature","properties":{"name":"بولوار خواجه ربیع","minzoom":10},"geometry":{"type":"LineString","coordinates":[[59.62498,36.33165],[59.62517,36.33251],[59.62535,36.33335],[59.62559,36.3345],[59.62572,36.33509]]}},{"type":"Feature","properties":{"name":"آزادراه کنارگذر شمالی مشهد","minzoom":9},"geometry":{"type":"LineString","coordinates":[[59.56154,36.48907],[59.55925,36.48909],[59.55826,36.48909]]}},{"type":"Feature","properties":{"name":"آزادراه کنارگذر شمالی مشهد","minzoom":9},"geometry":{"type":"LineString","coordinates":[[59.56166,36.48907],[59.56154,36.48907]]}},{"type":"Feature","properties":{"name":"آزادراه کنارگذر شمالی مشهد","minzoom":9},"geometry":{"type":"LineString","coordinates":[[59.55811,36.48882],[59.56153,36.48879]]}},{"type":"Feature","properties":{"name":"آزادراه کنارگذر شمالی مشهد","minzoom":9},"geometry":{"type":"LineString","coordinates":[[59.56153,36.48879],[59.56165,36.48879]]}},{"type":"Feature","properties":{"name":"بولوار شاهنامه","minzoom":10},"geometry":{"type":"LineString","coordinates":[[59.45529,36.42925],[59.45615,36.43007]]}},{"type":"Feature","properties":{"name":"بزرگراه پیامبر اعظم","minzoom":9},"geometry":{"type":"LineString","coordinates":[[59.50148,36.39355],[59.49827,36.39485],[59.49585,36.39594],[59.49535,36.39617],[59.49489,36.39636],[59.49277,36.39705],[59.49065,36.39789],[59.48957,36.39832],[59.48439,36.4004],[59.4837,36.40074]]}},{"type":"Feature","properties":{"name":"بزرگراه هاشمی رفسنجانی","minzoom":9},"geometry":{"type":"LineString","coordinates":[[59.48089,36.36006],[59.48093,36.36008],[59.48102,36.36012]]}},{"type":"Feature","properties":{"minzoom":9},"geometry":{"type":"LineString","coordinates":[[59.48074,36.36047],[59.48025,36.36031]]}},{"type":"Feature","properties":{"name":"بزرگراه مشهد - چناران","minzoom":9},"geometry":{"type":"LineString","coordinates":[[59.44739,36.43482],[59.44705,36.4351],[59.44659,36.43545],[59.44544,36.43626],[59.44304,36.43824],[59.44149,36.43953]]}},{"type":"Feature","properties":{"name":"بزرگراه پیامبر اعظم","minzoom":9},"geometry":{"type":"LineString","coordinates":[[59.52025,36.38387],[59.51834,36.38576]]}},{"type":"Feature","properties":{"name":"بزرگراه پیامبر اعظم","minzoom":9},"geometry":{"type":"LineString","coordinates":[[59.52555,36.37867],[59.52421,36.37998],[59.52317,36.38098],[59.52208,36.38205],[59.52093,36.38317],[59.52025,36.38387]]}},{"type":"Feature","properties":{"name":"بولوار خواجه ربیع","minzoom":10},"geometry":{"type":"LineString","coordinates":[[59.625,36.33264],[59.62489,36.33212],[59.62483,36.33188]]}},{"type":"Feature","properties":{"name":"بولوار خواجه ربیع","minzoom":10},"geometry":{"type":"LineString","coordinates":[[59.62522,36.33366],[59.625,36.33264]]}},{"type":"Feature","properties":{"name":"بزرگراه شهید قاسم سلیمانی","minzoom":9},"geometry":{"type":"LineString","coordinates":[[59.61595,36.24711],[59.61529,36.24745],[59.61475,36.2477],[59.61423,36.24787],[59.6137,36.248],[59.61289,36.24815],[59.6119,36.24834],[59.61114,36.24858]]}},{"type":"Feature","properties":{"name":"بلوار کوشش","minzoom":10},"geometry":{"type":"LineString","coordinates":[[59.60908,36.26777],[59.60886,36.26751],[59.60869,36.26731],[59.6084,36.26698],[59.60834,36.26691]]}},{"type":"Feature","properties":{"minzoom":9},"geometry":{"type":"LineString","coordinates":[[59.81051,36.16516],[59.81033,36.16542],[59.80957,36.16613],[59.80881,36.16694],[59.80807,36.16766],[59.80746,36.16815],[59.80644,36.16897],[59.80559,36.16965],[59.80359,36.17131],[59.80279,36.17182],[59.80186,36.1724],[59.80066,36.17325],[59.7982,36.17515],[59.79616,36.17684],[59.7951,36.17771],[59.79347,36.17905],[59.79241,36.17995],[59.79197,36.18035],[59.79164,36.1807],[59.79144,36.18092],[59.79112,36.18134],[59.79097,36.18157],[59.79076,36.18191],[59.79,36.18317],[59.78892,36.18491],[59.78867,36.18527],[59.78845,36.18555],[59.78819,36.18584],[59.78782,36.18624],[59.78733,36.18668],[59.78423,36.18937],[59.78367,36.18986],[59.77296,36.19929]]}},{"type":"Feature","properties":{"name":"جاده سرخس - مشهد","minzoom":9},"geometry":{"type":"LineString","coordinates":[[59.77364,36.1985],[59.78355,36.18979],[59.78725,36.18658],[59.7877,36.18616],[59.78808,36.18577],[59.78831,36.1855],[59.78854,36.18522],[59.78879,36.18486],[59.78986,36.18312],[59.79062,36.18187],[59.79085,36.18151],[59.79099,36.18128],[59.79113,36.18109],[59.7913,36.18087],[59.79151,36.18063],[59.79186,36.18029],[59.79232,36.17989],[59.79339,36.17899],[59.79607,36.17676],[59.79812,36.17507],[59.79893,36.17442],[59.80523,36.16937],[59.81018,36.16537],[59.81051,36.16516]]}},{"type":"Feature","properties":{"minzoom":9},"geometry":{"type":"LineString","coordinates":[[59.46277,36.35497],[59.46251,36.35596]]}},{"type":"Feature","properties":{"minzoom":9},"geometry":{"type":"LineString","coordinates":[[59.46042,36.35859],[59.46095,36.35798],[59.46153,36.35687],[59.46252,36.35491]]}},{"type":"Feature","properties":{"name":"آزادراه مشهد - چناران","minzoom":9},"geometry":{"type":"LineString","coordinates":[[59.4625,36.35456],[59.46311,36.35373],[59.46359,36.35318]]}},{"type":"Feature","properties":{"name":"بزرگراه نمایشگاه","minzoom":9},"geometry":{"type":"LineString","coordinates":[[59.4632,36.34709],[59.46393,36.34806],[59.46421,36.34846]]}},{"type":"Feature","properties":{"minzoom":10},"geometry":{"type":"LineString","coordinates":[[59.567,36.3484],[59.56772,36.34866],[59.56856,36.34889],[59.56864,36.34892]]}},{"type":"Feature","properties":{"minzoom":10},"geometry":{"type":"LineString","coordinates":[[59.56291,36.35078],[59.56315,36.35043],[59.56351,36.35004],[59.56444,36.34899],[59.56467,36.34875],[59.5649,36.34853],[59.56514,36.34837],[59.56528,36.3483],[59.56551,36.34824],[59.56609,36.34817],[59.56644,36.34821],[59.567,36.3484]]}},{"type":"Feature","properties":{"name":"پل دهرود","minzoom":10},"geometry":{"type":"LineString","coordinates":[[59.66083,36.35155],[59.66047,36.35087]]}},{"type":"Feature","properties":{"name":"بزرگراه شهید میرزائی","minzoom":9},"geometry":{"type":"LineString","coordinates":[[59.64265,36.31775],[59.63943,36.31952],[59.63879,36.31989],[59.63721,36.32075],[59.63587,36.32138]]}},{"type":"Feature","properties":{"name":"بزرگراه شهید میرزائی","minzoom":9},"geometry":{"type":"LineString","coordinates":[[59.63738,36.32026],[59.63831,36.31977]]}},{"type":"Feature","properties":{"minzoom":10},"geometry":{"type":"LineString","coordinates":[[59.64616,36.32997],[59.64608,36.32985]]}},{"type":"Feature","properties":{"minzoom":10},"geometry":{"type":"LineString","coordinates":[[59.64627,36.3299],[59.64616,36.32997]]}},{"type":"Feature","properties":{"minzoom":10},"geometry":{"type":"LineString","coordinates":[[59.64618,36.32979],[59.64627,36.3299]]}},{"type":"Feature","properties":{"minzoom":10},"geometry":{"type":"LineString","coordinates":[[59.64608,36.32985],[59.64618,36.32979]]}},{"type":"Feature","properties":{"name":"بولوار ۲۲ بهمن","minzoom":10},"geometry":{"type":"LineString","coordinates":[[59.62604,36.3366],[59.62613,36.3371],[59.62619,36.33743],[59.62622,36.33757]]}},{"type":"Feature","properties":{"name":"بزرگراه مشهد - چناران","minzoom":9},"geometry":{"type":"LineString","coordinates":[[59.36071,36.49727],[59.35994,36.49781],[59.35569,36.50081],[59.35055,36.50444],[59.3493,36.50546],[59.34882,36.50583],[59.34721,36.50694],[59.3467,36.50729],[59.34442,36.50886],[59.34385,36.50914]]}},{"type":"Feature","properties":{"name":"بولوار امام خمینی","minzoom":10},"geometry":{"type":"LineString","coordinates":[[59.59926,36.28691],[59.59913,36.28668]]}},{"type":"Feature","properties":{"name":"خیابان شهید نواب صفوی","minzoom":10},"geometry":{"type":"LineString","coordinates":[[59.62135,36.28362],[59.62125,36.28372]]}},{"type":"Feature","properties":{"name":"خیابان شهید نواب صفوی","minzoom":10},"geometry":{"type":"LineString","coordinates":[[59.62129,36.28356],[59.62137,36.28349],[59.62158,36.28329],[59.6219,36.28299],[59.62302,36.28192],[59.62327,36.28168],[59.62338,36.28156],[59.62339,36.2815],[59.62342,36.2814]]}},{"type":"Feature","properties":{"name":"خیابان شهید نواب صفوی","minzoom":10},"geometry":{"type":"LineString","coordinates":[[59.62119,36.28366],[59.62129,36.28356]]}},{"type":"Feature","properties":{"name":"خیابان شهید نواب صفوی","minzoom":10},"geometry":{"type":"LineString","coordinates":[[59.62125,36.28372],[59.62119,36.28378],[59.62098,36.28398],[59.62076,36.28418],[59.62037,36.28456],[59.62031,36.28461],[59.61969,36.28519],[59.61936,36.28548],[59.61926,36.28557],[59.61876,36.28607],[59.61854,36.28626],[59.61831,36.2865]]}},{"type":"Feature","properties":{"name":"بزرگراه چناران - مشهد","minzoom":9},"geometry":{"type":"LineString","coordinates":[[59.21372,36.58483],[59.21421,36.58451],[59.21898,36.58106],[59.22057,36.57993],[59.22541,36.57647],[59.22573,36.57625],[59.22729,36.57513],[59.22792,36.57469],[59.22836,36.57437],[59.23085,36.5726],[59.2312,36.57235],[59.23739,36.5679]]}},{"type":"Feature","properties":{"name":"بزرگراه مشهد - چناران","minzoom":9},"geometry":{"type":"LineString","coordinates":[[59.21383,36.58493],[59.21368,36.58502],[59.20885,36.58846],[59.20841,36.58877],[59.20563,36.59076],[59.20227,36.59314],[59.20164,36.59359],[59.19793,36.59623],[59.19769,36.59641],[59.19707,36.59686],[59.19534,36.59809],[59.19386,36.59914],[59.1931,36.59965],[59.19266,36.59994],[59.19234,36.60014],[59.19155,36.60063],[59.19075,36.60109],[59.18911,36.60199],[59.17558,36.60941],[59.17507,36.60969],[59.16251,36.61656]]}},{"type":"Feature","properties":{"name":"بلوار حر","minzoom":10},"geometry":{"type":"LineString","coordinates":[[59.72239,36.24337],[59.72208,36.2438],[59.72187,36.24399],[59.72165,36.24409],[59.7215,36.24414],[59.72126,36.24419]]}},{"type":"Feature","properties":{"name":"بلوار حر","minzoom":10},"geometry":{"type":"LineString","coordinates":[[59.72126,36.24419],[59.7208,36.24438]]}},{"type":"Feature","properties":{"name":"بلوار حر","minzoom":10},"geometry":{"type":"LineString","coordinates":[[59.72117,36.24409],[59.72134,36.24397],[59.72154,36.24384],[59.72187,36.24366],[59.72192,36.24363],[59.72239,36.24337]]}},{"type":"Feature","properties":{"name":"بلوار حر","minzoom":10},"geometry":{"type":"LineString","coordinates":[[59.72074,36.24428],[59.72117,36.24409]]}},{"type":"Feature","properties":{"name":"خیابان آیت الله شیرازی","minzoom":10},"geometry":{"type":"LineString","coordinates":[[59.61029,36.294],[59.61022,36.29405]]}},{"type":"Feature","properties":{"name":"خیابان آیت الله شیرازی","minzoom":10},"geometry":{"type":"LineString","coordinates":[[59.6101,36.29396],[59.61016,36.2939]]}},{"type":"Feature","properties":{"name":"بولوار فردوسی","minzoom":10},"geometry":{"type":"LineString","coordinates":[[59.5481,36.32555],[59.54795,36.32557]]}},{"type":"Feature","properties":{"name":"بولوار امام خمینی","minzoom":10},"geometry":{"type":"LineString","coordinates":[[59.58511,36.26405],[59.58522,36.26415]]}},{"type":"Feature","properties":{"name":"بولوار امام خمینی","minzoom":10},"geometry":{"type":"LineString","coordinates":[[59.5851,36.26421],[59.58498,36.26413]]}},{"type":"Feature","properties":{"name":"آیت الله عبادی","minzoom":10},"geometry":{"type":"LineString","coordinates":[[59.62304,36.32565],[59.62221,36.32436],[59.62199,36.32401]]}},{"type":"Feature","properties":{"name":"خیابان شهید هاشمی نژاد","minzoom":10},"geometry":{"type":"LineString","coordinates":[[59.61473,36.3011],[59.61471,36.30101]]}},{"type":"Feature","properties":{"name":"بزرگراه شهید چراغچی","minzoom":9},"geometry":{"type":"LineString","coordinates":[[59.55497,36.34652],[59.5542,36.34641]]}},{"type":"Feature","properties":{"name":"بولوار پیروزی","minzoom":10},"geometry":{"type":"LineString","coordinates":[[59.54083,36.28911],[59.5409,36.28907],[59.54361,36.28744],[59.54364,36.28742],[59.54372,36.28738]]}},{"type":"Feature","properties":{"name":"بولوار پیروزی","minzoom":10},"geometry":{"type":"LineString","coordinates":[[59.54372,36.28738],[59.54376,36.28735],[59.54379,36.28734]]}},{"type":"Feature","properties":{"name":"بولوار پیروزی","minzoom":10},"geometry":{"type":"LineString","coordinates":[[59.5453,36.28643],[59.5468,36.28552],[59.5479,36.28484],[59.54817,36.28468],[59.54842,36.28452],[59.54853,36.28445],[59.54868,36.28436],[59.54876,36.28431]]}},{"type":"Feature","properties":{"name":"کنارگذر بزرگراه شهید قاسم سلیمانی","minzoom":10},"geometry":{"type":"LineString","coordinates":[[59.55496,36.27986],[59.55464,36.27873],[59.55454,36.27835],[59.55445,36.27785],[59.55443,36.27778],[59.55442,36.27767],[59.55444,36.2773]]}},{"type":"Feature","properties":{"name":"کنارگذر بزرگراه شهید قاسم سلیمانی","minzoom":10},"geometry":{"type":"LineString","coordinates":[[59.55444,36.2773],[59.55444,36.2768],[59.55446,36.27666],[59.55455,36.27616]]}},{"type":"Feature","properties":{"name":"کنارگذر آزادراه شهید شوشتری","minzoom":9},"geometry":{"type":"LineString","coordinates":[[59.62872,36.21386],[59.62884,36.21379],[59.62893,36.21374],[59.63025,36.213],[59.63296,36.21148],[59.6362,36.20967],[59.63896,36.2081],[59.64237,36.20621],[59.64333,36.20567],[59.64401,36.20528],[59.64434,36.20506],[59.64464,36.20484],[59.64494,36.20457],[59.64517,36.20431],[59.64538,36.204],[59.64551,36.20378],[59.6456,36.20357],[59.64571,36.20326],[59.64581,36.2029],[59.64584,36.20254],[59.64583,36.20203],[59.64581,36.20126],[59.64582,36.20074],[59.64584,36.20045],[59.64585,36.20014],[59.64587,36.19956]]}},{"type":"Feature","properties":{"name":"نیشابور - ملک آباد - مشهد","minzoom":9},"geometry":{"type":"LineString","coordinates":[[59.62541,36.21188],[59.62541,36.21224],[59.62541,36.21237],[59.62541,36.2125],[59.62543,36.21302],[59.6255,36.21331]]}},{"type":"Feature","properties":{"name":"بزرگراه چناران - مشهد","minzoom":9},"geometry":{"type":"LineString","coordinates":[[59.4498,36.43241],[59.45045,36.4319],[59.4519,36.43068],[59.45319,36.42947]]}},{"type":"Feature","properties":{"name":"بزرگراه مشهد - چناران","minzoom":9},"geometry":{"type":"LineString","coordinates":[[59.44149,36.43953],[59.44056,36.44028],[59.43811,36.44232],[59.43774,36.44264]]}},{"type":"Feature","properties":{"minzoom":9},"geometry":{"type":"LineString","coordinates":[[59.77296,36.19929],[59.77216,36.20004],[59.77138,36.20075],[59.77082,36.2013]]}},{"type":"Feature","properties":{"name":"آزادراه مشهد - چناران","minzoom":9},"geometry":{"type":"LineString","coordinates":[[59.46005,36.36104],[59.45924,36.36281],[59.45861,36.36397],[59.45778,36.36535],[59.45694,36.3665],[59.45592,36.36781]]}},{"type":"Feature","properties":{"name":"آزادراه مشهد - چناران","minzoom":9},"geometry":{"type":"LineString","coordinates":[[59.46114,36.3588],[59.46005,36.36104]]}},{"type":"Feature","properties":{"name":"آزادراه مشهد - چناران","minzoom":10},"geometry":{"type":"LineString","coordinates":[[59.45934,36.37057],[59.45944,36.37066],[59.45957,36.37071],[59.45973,36.37074],[59.45997,36.37071]]}}]}