{"type":"FeatureCollection","features":[{"type":"Feature","properties":{"minzoom":12},"geometry":{"type":"LineString","coordinates":[[59.57785,36.33107],[59.57857,36.33175]]}},{"type":"Feature","properties":{"minzoom":12},"geometry":{"type":"LineString","coordinates":[[59.57857,36.33175],[59.57981,36.333],[59.58128,36.33432]]}},{"type":"Feature","properties":{"name":"طرق","minzoom":12},"geometry":{"type":"LineString","coordinates":[[59.34483,36.1719],[59.34643,36.17172],[59.3477,36.17149],[59.34837,36.17173],[59.35092,36.17143],[59.3518,36.17142],[59.35208,36.1721],[59.35248,36.17229],[59.35263,36.17298],[59.35318,36.17383],[59.35475,36.17469],[59.35514,36.17497],[59.35626,36.17541],[59.35759,36.17607],[59.35884,36.17627],[59.35993,36.17608],[59.36177,36.17532],[59.36351,36.17426],[59.36469,36.17333],[59.36489,36.17332],[59.36514,36.17328],[59.36588,36.17318],[59.36617,36.173],[59.36637,36.1728],[59.36675,36.17259],[59.36722,36.17226],[59.36744,36.17198],[59.36757,36.17184],[59.36784,36.17182],[59.36826,36.17179],[59.36936,36.17167],[59.36981,36.17173],[59.37043,36.17185],[59.37074,36.17189],[59.37133,36.17208],[59.37171,36.1723],[59.37194,36.17238],[59.37246,36.17257],[59.37272,36.17255],[59.37309,36.1723],[59.37341,36.17213],[59.37379,36.17207],[59.37414,36.17218],[59.37443,36.17234],[59.37473,36.17239],[59.37498,36.17239],[59.37503,36.17218],[59.37512,36.17188],[59.37532,36.17178],[59.37559,36.17179],[59.37572,36.17186],[59.37593,36.17198],[59.37664,36.17209],[59.37695,36.17215],[59.37741,36.17218],[59.37775,36.17213],[59.37788,36.17217],[59.37814,36.17221],[59.37861,36.17213],[59.37904,36.1722],[59.37922,36.17234],[59.37942,36.17253],[59.37974,36.17263],[59.37996,36.17263],[59.3803,36.17247],[59.38042,36.17233],[59.38056,36.1723],[59.38076,36.17243],[59.38101,36.17255],[59.3815,36.1726],[59.38204,36.17253],[59.38278,36.17234],[59.38328,36.17224],[59.38366,36.17224],[59.38413,36.17214],[59.38455,36.17204],[59.38486,36.17224],[59.38516,36.17237],[59.3855,36.17225],[59.38564,36.17224],[59.38579,36.17238],[59.38619,36.17243],[59.38688,36.17269],[59.38713,36.17289],[59.38731,36.17293],[59.38748,36.17287],[59.38794,36.17278],[59.38843,36.17284],[59.38902,36.17282],[59.38933,36.1727],[59.38955,36.17251],[59.3897,36.17242],[59.39029,36.17254],[59.39083,36.1726],[59.39146,36.17256],[59.39199,36.17247],[59.39253,36.17233],[59.39282,36.17225],[59.39333,36.17231],[59.39357,36.17236],[59.3938,36.17248],[59.39413,36.17245],[59.39422,36.1723],[59.39446,36.17218],[59.39463,36.17226],[59.39487,36.17254],[59.39516,36.17269],[59.39556,36.17299],[59.39575,36.17312],[59.39611,36.17311],[59.39647,36.17306],[59.3967,36.17302],[59.39709,36.17304],[59.39738,36.17319],[59.39751,36.1734],[59.39762,36.17349],[59.39787,36.1734],[59.398,36.17331],[59.39802,36.17323],[59.3982,36.17303],[59.39861,36.17297],[59.39917,36.17308],[59.39944,36.17322],[59.39981,36.17322],[59.40014,36.17311],[59.40097,36.17323],[59.40135,36.17321],[59.40185,36.17306],[59.40218,36.17288],[59.40245,36.17285],[59.40257,36.1729],[59.40292,36.17318],[59.40324,36.17336],[59.40346,36.17328],[59.40383,36.17308],[59.4043,36.17303],[59.40501,36.17312],[59.40567,36.17311],[59.40619,36.17314],[59.4067,36.17332],[59.40709,36.17333],[59.40747,36.17334],[59.40773,36.17326],[59.4081,36.17303],[59.40856,36.17298],[59.40902,36.17299],[59.40948,36.17306],[59.40977,36.173],[59.41002,36.17281],[59.41023,36.17262],[59.4107,36.17249],[59.41126,36.17247],[59.41168,36.17255],[59.41212,36.17281],[59.41245,36.17292],[59.41283,36.17291],[59.41331,36.17296],[59.41364,36.17314],[59.41401,36.17313],[59.4142,36.17324],[59.41443,36.17351],[59.41478,36.1737],[59.41503,36.17372],[59.41512,36.17361],[59.4152,36.17344],[59.41534,36.17344],[59.41567,36.17354],[59.4159,36.17358],[59.41633,36.17357],[59.41703,36.17366],[59.41745,36.17353],[59.41779,36.17347],[59.41799,36.1736],[59.41802,36.17385],[59.4182,36.17411],[59.41843,36.17452],[59.4185,36.17471],[59.41884,36.17489],[59.41929,36.17484],[59.41973,36.17469],[59.4201,36.17481],[59.4206,36.17521],[59.42083,36.17531],[59.42108,36.1751],[59.42164,36.17471],[59.42222,36.17444],[59.4226,36.17423],[59.42283,36.1738],[59.42286,36.17342],[59.42301,36.17285],[59.42325,36.17264],[59.42353,36.17236],[59.4239,36.17225],[59.42437,36.17224],[59.42458,36.17243],[59.42461,36.17272],[59.42458,36.17301],[59.42469,36.17328],[59.42495,36.17343],[59.42552,36.17356],[59.42611,36.17368],[59.427,36.17388],[59.42735,36.17402],[59.42765,36.17411],[59.42822,36.17408],[59.4289,36.17418],[59.42929,36.17431],[59.42987,36.17446],[59.43021,36.17439],[59.43055,36.1742],[59.43123,36.17363],[59.43234,36.17297],[59.43307,36.17257],[59.43342,36.17245],[59.43377,36.17236],[59.43407,36.17235],[59.4344,36.17239],[59.43469,36.17246],[59.43497,36.17263],[59.43558,36.17309],[59.43607,36.17349],[59.43649,36.17384],[59.4369,36.1741],[59.43734,36.17434],[59.43803,36.17446],[59.43858,36.17443],[59.43897,36.17429],[59.43937,36.17418],[59.43985,36.17415],[59.44029,36.1742],[59.44062,36.17435],[59.44106,36.17447],[59.44137,36.17447],[59.44184,36.1744],[59.44224,36.17429],[59.44261,36.17415],[59.44283,36.17417],[59.44303,36.17422],[59.4436,36.17444],[59.44386,36.17467],[59.44397,36.17486],[59.44411,36.17512],[59.44427,36.17551],[59.44429,36.17572],[59.44428,36.1761],[59.4444,36.17657],[59.44464,36.17685],[59.44492,36.17706],[59.44546,36.17734],[59.44627,36.17745],[59.44723,36.1773],[59.44801,36.17714],[59.44881,36.17711],[59.44901,36.17718],[59.44936,36.17749],[59.44957,36.17778],[59.44986,36.17803],[59.45019,36.17821],[59.45055,36.17833],[59.45098,36.17835],[59.4516,36.17819],[59.45211,36.17814],[59.45262,36.17803],[59.45302,36.17796],[59.45325,36.17799],[59.45342,36.17815],[59.45389,36.17835],[59.45414,36.17842],[59.45467,36.17846],[59.45491,36.17848],[59.45506,36.17868],[59.45515,36.17912],[59.45535,36.17933],[59.45558,36.17958],[59.45579,36.17969],[59.45591,36.17971],[59.4563,36.17944],[59.45666,36.17912],[59.45698,36.1789],[59.45741,36.17867],[59.45808,36.17865],[59.45876,36.17876],[59.45916,36.17886],[59.45962,36.17897],[59.46005,36.17896],[59.46044,36.1787],[59.46083,36.17826],[59.46114,36.1777],[59.46152,36.17697],[59.4618,36.17652],[59.46209,36.17631],[59.46302,36.17622],[59.46392,36.17628],[59.46467,36.17655],[59.46528,36.1768],[59.46586,36.17701],[59.46631,36.17696],[59.46676,36.17683],[59.46708,36.17655],[59.46743,36.1763],[59.46828,36.17583],[59.46897,36.17545],[59.46919,36.17537],[59.46952,36.17532],[59.4699,36.1754],[59.47027,36.17558],[59.4706,36.17576],[59.47081,36.17571],[59.47106,36.17542],[59.47132,36.17516],[59.47157,36.17496],[59.4718,36.17493],[59.47219,36.17499],[59.47263,36.17517],[59.4728,36.1752],[59.47299,36.17512],[59.47316,36.17496],[59.47353,36.17481],[59.47425,36.17482],[59.47439,36.1748],[59.47465,36.17463],[59.47477,36.17456],[59.47499,36.17433],[59.47552,36.17381],[59.47569,36.17371],[59.47646,36.17373],[59.47732,36.17379],[59.47772,36.17385],[59.47791,36.17404],[59.47816,36.17424],[59.47832,36.17432],[59.47854,36.17432],[59.47897,36.17425],[59.47973,36.17415],[59.48053,36.17398],[59.48119,36.17365],[59.48148,36.17331],[59.48201,36.17285],[59.48284,36.17276],[59.4835,36.17295],[59.4842,36.17312],[59.48489,36.17315],[59.48599,36.17319],[59.48658,36.17314],[59.48707,36.17323],[59.48741,36.17332],[59.48838,36.17355],[59.48877,36.17347],[59.48921,36.17375],[59.48943,36.17412],[59.49008,36.17476],[59.49084,36.1753],[59.49162,36.17568],[59.49221,36.17599],[59.49296,36.17594],[59.49331,36.17592],[59.49424,36.17606],[59.49481,36.17605],[59.4955,36.17617],[59.49599,36.17624],[59.49646,36.17628],[59.49725,36.17641],[59.49746,36.17647],[59.49769,36.17651],[59.4979,36.17643],[59.49809,36.17635],[59.49824,36.17621],[59.49843,36.17598],[59.49847,36.17575],[59.49854,36.17553],[59.49863,36.17528],[59.49869,36.17508],[59.49883,36.17486],[59.49916,36.17475],[59.49936,36.17472],[59.49949,36.17445],[59.49956,36.17416],[59.49978,36.17398],[59.50001,36.17386],[59.50021,36.17381],[59.50081,36.17369],[59.50114,36.17381],[59.50164,36.17383],[59.50218,36.1741],[59.5027,36.17432],[59.50313,36.17437],[59.50389,36.17424],[59.50461,36.17411],[59.50488,36.17395],[59.50519,36.17363],[59.5055,36.17341],[59.50585,36.17326],[59.50642,36.17323],[59.50716,36.1734],[59.50774,36.17344],[59.50822,36.17342],[59.50871,36.17329],[59.50896,36.17301],[59.50933,36.17244],[59.50975,36.17208],[59.51018,36.1719],[59.51087,36.17163],[59.5131,36.17043],[59.51346,36.17035],[59.51386,36.17025],[59.51427,36.17019],[59.51483,36.17017],[59.51544,36.17026],[59.51596,36.17043],[59.51649,36.17078],[59.51674,36.17104],[59.51694,36.1713],[59.51709,36.1717],[59.5172,36.17208],[59.51736,36.17276],[59.51749,36.17316],[59.51906,36.17444],[59.52073,36.1749],[59.5225,36.17489],[59.52484,36.17414],[59.52754,36.17447],[59.52931,36.17337],[59.53011,36.17306],[59.53068,36.17333],[59.53187,36.17304],[59.53331,36.17257],[59.53588,36.17265],[59.53812,36.17314],[59.54401,36.17283],[59.54652,36.17324],[59.54781,36.17404],[59.54932,36.1749],[59.55108,36.17547],[59.55221,36.17564],[59.55296,36.1757],[59.55326,36.17573],[59.55361,36.17585],[59.55377,36.1759],[59.55427,36.17601],[59.55469,36.17604],[59.55519,36.176],[59.55548,36.17592],[59.55564,36.1759],[59.55577,36.17569],[59.55596,36.17545],[59.55618,36.17532],[59.55635,36.17523],[59.55647,36.17507],[59.55715,36.17472],[59.55737,36.1747],[59.55757,36.17479],[59.55791,36.17508],[59.55805,36.17512],[59.55816,36.17516],[59.55845,36.17513],[59.55869,36.17515],[59.55885,36.17524],[59.55898,36.17528],[59.55904,36.17534],[59.55943,36.17573],[59.55956,36.17597],[59.55963,36.17612],[59.55975,36.17626],[59.55989,36.17638],[59.56002,36.17643],[59.56015,36.17644],[59.56027,36.17641],[59.56036,36.17633],[59.5604,36.17621],[59.56038,36.1761],[59.56041,36.176],[59.56048,36.17593],[59.56057,36.1759],[59.56094,36.17584],[59.56104,36.17588],[59.56117,36.17598],[59.5614,36.1763],[59.56141,36.17638],[59.56141,36.17659],[59.56145,36.17686],[59.56145,36.17695],[59.5615,36.17708],[59.5617,36.17723],[59.56187,36.17728],[59.56202,36.17729],[59.56219,36.17728],[59.56232,36.17725],[59.56249,36.17712],[59.56257,36.17708],[59.56274,36.17706],[59.56292,36.1771],[59.56305,36.17718],[59.56326,36.17745],[59.56357,36.17778],[59.56383,36.1781],[59.56416,36.17841],[59.56441,36.17859],[59.56455,36.17867],[59.56466,36.17867],[59.56475,36.17865],[59.56517,36.17844],[59.56526,36.17838],[59.56559,36.17827],[59.56568,36.17828],[59.56578,36.17813],[59.56586,36.17807],[59.56593,36.17804],[59.56605,36.17804],[59.56625,36.17811],[59.56687,36.17838],[59.56729,36.17857],[59.56751,36.17865],[59.56777,36.17871],[59.56804,36.17878],[59.5683,36.1789],[59.56857,36.17905],[59.56882,36.17925],[59.56896,36.17939],[59.56911,36.17951],[59.56927,36.1796],[59.5693,36.17969],[59.56941,36.17979],[59.56953,36.17978],[59.56965,36.17978],[59.56978,36.17975],[59.57009,36.17966],[59.57023,36.17965],[59.57041,36.17958],[59.57054,36.17951],[59.57064,36.17943],[59.57078,36.17938],[59.57094,36.17935],[59.57108,36.17938],[59.57117,36.17944],[59.57125,36.17951],[59.57139,36.17968],[59.57148,36.17986],[59.57153,36.17996],[59.57157,36.18002],[59.57152,36.18012],[59.57151,36.18035],[59.57154,36.18054],[59.57159,36.1806],[59.57166,36.18064],[59.57179,36.18066],[59.57187,36.18067],[59.57207,36.18064],[59.5721,36.18066],[59.57227,36.18066],[59.5724,36.18065],[59.57248,36.18067],[59.5726,36.18074],[59.57282,36.18077],[59.57294,36.18077],[59.57303,36.18075],[59.57309,36.18067],[59.57312,36.18058],[59.57315,36.18042],[59.57321,36.18036],[59.57329,36.18032],[59.57345,36.18037],[59.57362,36.18032],[59.57425,36.18014],[59.57491,36.17997],[59.57514,36.17994],[59.57542,36.17999],[59.57562,36.18005],[59.57576,36.18013],[59.57606,36.18044],[59.57633,36.18065],[59.57654,36.18093],[59.57669,36.18124],[59.57678,36.18134],[59.57689,36.1814],[59.57699,36.1814],[59.57704,36.18135],[59.57706,36.18125],[59.57711,36.18116],[59.57718,36.1811],[59.57727,36.18108],[59.5774,36.18109],[59.57751,36.18105],[59.57759,36.18097],[59.57767,36.18087],[59.57839,36.18046],[59.57857,36.18036],[59.57873,36.18033],[59.5789,36.18035],[59.57905,36.18035],[59.57922,36.18031],[59.57941,36.18033],[59.57952,36.1804],[59.57968,36.18041],[59.57984,36.18044],[59.57995,36.18051],[59.58004,36.18054],[59.58014,36.1806],[59.58032,36.18065],[59.58045,36.18067],[59.58063,36.18066],[59.58073,36.18059],[59.58081,36.18053],[59.58095,36.18034],[59.58118,36.18012],[59.58153,36.17992],[59.58189,36.17959],[59.58228,36.17945],[59.58243,36.17941],[59.58263,36.1793],[59.58298,36.1792],[59.58321,36.17912],[59.58333,36.1791],[59.58342,36.1792],[59.58356,36.1794],[59.58376,36.1796],[59.58401,36.17979],[59.58424,36.17987],[59.58443,36.17985],[59.58455,36.1798],[59.58466,36.17984],[59.58474,36.17983],[59.58495,36.17986],[59.58518,36.17991],[59.58546,36.17996],[59.58575,36.18],[59.58592,36.18007],[59.5861,36.18008],[59.58632,36.18004],[59.58656,36.17998],[59.5868,36.17989],[59.58703,36.1798],[59.58716,36.17984],[59.58729,36.17981],[59.5875,36.17983],[59.58778,36.17984],[59.58822,36.17986],[59.58848,36.17984],[59.5887,36.17976],[59.58878,36.17968],[59.58893,36.17945],[59.58914,36.1793],[59.58958,36.17913],[59.58979,36.1791],[59.59,36.17911],[59.59029,36.17901],[59.59084,36.17882],[59.59104,36.17881],[59.59133,36.17885],[59.59172,36.17882],[59.59205,36.17874],[59.59241,36.17873],[59.59302,36.17883],[59.59333,36.17902],[59.59356,36.17923],[59.59364,36.17939],[59.5937,36.17959],[59.59396,36.17996],[59.5943,36.18033],[59.59449,36.18054],[59.59464,36.18063],[59.59469,36.18069],[59.59509,36.18084],[59.5954,36.18086],[59.59558,36.1809],[59.59575,36.18109]]}},{"type":"Feature","properties":{"minzoom":12},"geometry":{"type":"LineString","coordinates":[[59.54617,36.33535],[59.5466,36.33542],[59.55018,36.3348]]}},{"type":"Feature","properties":{"minzoom":12},"geometry":{"type":"LineString","coordinates":[[59.52209,36.31738],[59.52344,36.3165],[59.5239,36.31627],[59.52497,36.3158],[59.52556,36.31548]]}},{"type":"Feature","properties":{"minzoom":12},"geometry":{"type":"LineString","coordinates":[[59.52185,36.31759],[59.52209,36.31738]]}},{"type":"Feature","properties":{"minzoom":12},"geometry":{"type":"LineString","coordinates":[[59.52556,36.31548],[59.52584,36.3152],[59.52616,36.31501]]}},{"type":"Feature","properties":{"minzoom":12},"geometry":{"type":"LineString","coordinates":[[59.51475,36.32256],[59.51529,36.32243]]}},{"type":"Feature","properties":{"minzoom":12},"geometry":{"type":"LineString","coordinates":[[59.51529,36.32243],[59.51562,36.3224],[59.51631,36.32214],[59.51644,36.32204],[59.51705,36.32117],[59.51774,36.32039],[59.51831,36.31981],[59.51878,36.31935]]}},{"type":"Feature","properties":{"minzoom":12},"geometry":{"type":"LineString","coordinates":[[59.49842,36.34478],[59.49955,36.34468],[59.49966,36.34467],[59.50207,36.34453],[59.50388,36.34442],[59.50525,36.34433],[59.50679,36.34423],[59.50795,36.34436]]}},{"type":"Feature","properties":{"name":"کشف رود","minzoom":12},"geometry":{"type":"LineString","coordinates":[[59.51097,36.46525],[59.51124,36.46552],[59.51145,36.46583],[59.51155,36.466],[59.51187,36.46622],[59.51207,36.46637],[59.51221,36.46634],[59.51236,36.46625],[59.51249,36.46614],[59.51273,36.466],[59.51308,36.46585],[59.51335,36.4657],[59.51363,36.46552],[59.51407,36.46516],[59.51428,36.465],[59.5146,36.46487],[59.51496,36.46458],[59.51521,36.46441],[59.5156,36.46424],[59.51581,36.46415],[59.516,36.464],[59.51621,36.4638],[59.51631,36.46358],[59.51628,36.46345],[59.51629,36.46323],[59.51638,36.46309],[59.51635,36.46283],[59.51626,36.46243],[59.51623,36.46207],[59.51613,36.46182],[59.51604,36.46178],[59.51588,36.46176],[59.51571,36.46167],[59.51551,36.46137],[59.51539,36.46109],[59.51533,36.46055],[59.51539,36.46031],[59.51555,36.46013],[59.51569,36.46007],[59.516,36.46004],[59.51621,36.46],[59.51651,36.4599],[59.5168,36.45979],[59.5173,36.45969],[59.51747,36.45963],[59.51773,36.45955],[59.51823,36.45953],[59.5184,36.45957],[59.51862,36.45967],[59.51883,36.45974],[59.51973,36.45989],[59.52084,36.46026],[59.52114,36.46049],[59.52155,36.46068],[59.52205,36.46093],[59.52258,36.46113],[59.5231,36.4612],[59.52375,36.46095],[59.52404,36.46069],[59.52423,36.46028],[59.52423,36.45987],[59.52412,36.45952],[59.52379,36.45839],[59.52371,36.45771],[59.52375,36.45723],[59.52398,36.45664],[59.52438,36.45617],[59.52485,36.45578],[59.52577,36.45538],[59.52647,36.455],[59.52695,36.45467],[59.52721,36.45442],[59.52726,36.4542],[59.52724,36.4539],[59.52712,36.45359],[59.52679,36.45329],[59.52614,36.45311],[59.52558,36.45291],[59.52512,36.45258],[59.52477,36.45221],[59.52448,36.45183],[59.52448,36.45159],[59.52457,36.45144],[59.52481,36.45136],[59.52569,36.45101],[59.52703,36.45082],[59.52792,36.45072],[59.52852,36.45047],[59.52905,36.45019],[59.52913,36.45002],[59.5291,36.44981],[59.52883,36.44952],[59.52859,36.4492],[59.52794,36.44827],[59.52784,36.448],[59.52789,36.44769],[59.52808,36.4474],[59.52835,36.44706],[59.52866,36.44683],[59.52896,36.44667],[59.52937,36.44665],[59.52988,36.44683],[59.53066,36.44723],[59.53111,36.44743],[59.53158,36.44755],[59.53191,36.44757],[59.53232,36.4475],[59.53285,36.44734],[59.53321,36.44715],[59.53352,36.44678],[59.53365,36.44639],[59.53369,36.44584],[59.53388,36.44483],[59.53399,36.44431],[59.5342,36.4438],[59.53435,36.44333],[59.5344,36.44283],[59.53438,36.44251],[59.53398,36.44204],[59.53384,36.44176],[59.53379,36.44146],[59.53384,36.44117],[59.53372,36.44073],[59.53372,36.44043],[59.53381,36.44011],[59.53396,36.43988],[59.53429,36.43969],[59.53458,36.43953],[59.53493,36.43927],[59.53528,36.43907],[59.53582,36.43876],[59.53688,36.43832],[59.53713,36.43818],[59.53725,36.43811],[59.53761,36.43784],[59.53792,36.43764],[59.53844,36.43748],[59.53921,36.43742],[59.53993,36.43739],[59.54055,36.43726],[59.54114,36.43699],[59.54156,36.43682],[59.5417,36.43669],[59.54178,36.43643],[59.54193,36.43616],[59.54223,36.43591],[59.54246,36.43565],[59.54255,36.43521],[59.5425,36.4348],[59.54242,36.43444],[59.5423,36.43425],[59.54198,36.43403],[59.54152,36.43385],[59.54085,36.43364],[59.54006,36.43327],[59.53977,36.43307],[59.5395,36.43282],[59.53935,36.43245],[59.53922,36.4321],[59.53924,36.43191],[59.53945,36.43176],[59.53963,36.43173],[59.54,36.4318],[59.54035,36.43181],[59.54096,36.43194],[59.54163,36.43205],[59.54221,36.43216],[59.54266,36.43216],[59.54324,36.43212],[59.5437,36.43201],[59.54424,36.4318],[59.54453,36.4316],[59.5448,36.43128],[59.54493,36.43105],[59.5449,36.43092],[59.54475,36.4307],[59.54468,36.43042],[59.54471,36.43007],[59.54465,36.42979],[59.54461,36.42955],[59.54446,36.42908],[59.54441,36.42883],[59.54423,36.42851],[59.54419,36.4282],[59.54417,36.42763],[59.54428,36.42723],[59.54467,36.42663],[59.54499,36.42602],[59.54513,36.42565],[59.54511,36.42529],[59.54486,36.42461],[59.54469,36.42409],[59.54466,36.42384],[59.54481,36.42356],[59.54501,36.4233],[59.5452,36.42316],[59.54537,36.42315],[59.5457,36.42327],[59.54593,36.42336],[59.54623,36.42344],[59.54652,36.42344],[59.54675,36.4233],[59.54696,36.42311],[59.54712,36.42283],[59.54718,36.42245],[59.54696,36.42218],[59.54666,36.42198],[59.54653,36.42174],[59.54635,36.42134],[59.54627,36.42108],[59.54626,36.42105],[59.54622,36.42077],[59.54629,36.42046],[59.54646,36.42007],[59.54661,36.41981],[59.54691,36.41956],[59.54718,36.4194],[59.54751,36.41931],[59.54773,36.41934],[59.54796,36.41943],[59.54836,36.41974],[59.54852,36.42001],[59.54861,36.42034],[59.54872,36.42053],[59.54897,36.42072],[59.54927,36.42081],[59.54952,36.42087],[59.5497,36.42078],[59.54983,36.42059],[59.54986,36.42041],[59.5498,36.42005],[59.54962,36.4198],[59.54942,36.41953],[59.54871,36.41893],[59.54831,36.41866],[59.54805,36.41839],[59.54792,36.41803],[59.5479,36.41775],[59.54809,36.41753],[59.5484,36.41742],[59.54875,36.41735],[59.54913,36.41741],[59.54968,36.41759],[59.55019,36.41783],[59.55051,36.41803],[59.55083,36.41815],[59.55112,36.41815],[59.55146,36.41804],[59.55174,36.41778],[59.55256,36.41716],[59.55326,36.41651],[59.55372,36.41595],[59.55398,36.41557],[59.55402,36.41525],[59.55395,36.41491],[59.55372,36.41457],[59.5534,36.4142],[59.55319,36.41393],[59.55309,36.41379],[59.55313,36.41362],[59.55324,36.41328],[59.55339,36.41284],[59.55348,36.41243],[59.55371,36.412],[59.55398,36.4117],[59.55433,36.41132],[59.5547,36.411],[59.55509,36.4107],[59.55545,36.41049],[59.55579,36.4104],[59.55638,36.4103],[59.55689,36.41031],[59.55724,36.41032],[59.55762,36.4103],[59.55813,36.41032],[59.55878,36.41048],[59.55945,36.41075],[59.55985,36.41097],[59.56009,36.41118],[59.56054,36.41132],[59.56099,36.41135],[59.56129,36.41126],[59.56165,36.41124],[59.56187,36.41132],[59.56204,36.41149],[59.56209,36.41169],[59.56194,36.41192],[59.56191,36.41215],[59.56194,36.41239],[59.56206,36.41267],[59.56229,36.41291],[59.5625,36.41304],[59.56274,36.41316],[59.56307,36.4132],[59.56334,36.4133],[59.56347,36.41342],[59.56351,36.41364],[59.56361,36.41384],[59.56373,36.41432],[59.5638,36.4146],[59.56402,36.41497],[59.56426,36.41528],[59.56467,36.4155],[59.56514,36.41567],[59.56557,36.41578],[59.56593,36.41581],[59.56641,36.41577],[59.56678,36.41567],[59.56705,36.41555],[59.56721,36.4154],[59.56734,36.41513],[59.56739,36.41483],[59.56737,36.41464],[59.56724,36.41425],[59.56702,36.41377],[59.56685,36.41349],[59.56671,36.41319],[59.5664,36.41301],[59.56604,36.41292],[59.56575,36.41272],[59.56552,36.41238],[59.56526,36.4121],[59.56483,36.41176],[59.56417,36.41111],[59.56401,36.41089],[59.56381,36.4106],[59.56386,36.41036],[59.56398,36.41021],[59.56416,36.41007],[59.5644,36.41001],[59.56471,36.40999],[59.56493,36.40988],[59.5652,36.40957],[59.56564,36.40936],[59.56609,36.4092],[59.56648,36.40912],[59.56685,36.40908],[59.56719,36.40895],[59.56756,36.40872],[59.56798,36.40832],[59.5685,36.40789],[59.56874,36.40758],[59.56881,36.40727],[59.56887,36.40694],[59.56885,36.40674],[59.56854,36.40613],[59.56826,36.40573],[59.56798,36.40544],[59.56776,36.40513],[59.56756,36.40481],[59.56759,36.4046],[59.56755,36.40435],[59.56748,36.40412],[59.56743,36.40386],[59.56749,36.40367],[59.56776,36.4033],[59.56788,36.40311],[59.56811,36.40289],[59.56836,36.40273],[59.56855,36.40261],[59.56878,36.40254],[59.5691,36.40254],[59.56927,36.40253],[59.56957,36.40254],[59.57011,36.40258],[59.5708,36.40263],[59.57113,36.40271],[59.57131,36.40271],[59.57153,36.40265],[59.5718,36.40266],[59.57202,36.40264],[59.57216,36.40254],[59.57271,36.40228],[59.57295,36.4022],[59.57308,36.40206],[59.57312,36.40183],[59.57313,36.40149],[59.57315,36.40119],[59.57325,36.40081],[59.57328,36.40055],[59.57338,36.40035],[59.57345,36.40003],[59.57356,36.39965],[59.57366,36.3995],[59.57378,36.39942],[59.57381,36.39911],[59.57388,36.39896],[59.57389,36.39885],[59.57395,36.39859],[59.57401,36.39827],[59.57399,36.39798],[59.57409,36.39782],[59.57432,36.39758],[59.57467,36.39745],[59.57526,36.39729],[59.57557,36.39726],[59.5759,36.39725],[59.5762,36.39734],[59.57641,36.39748],[59.57662,36.3977],[59.57673,36.39793],[59.5769,36.39825],[59.57705,36.3986],[59.57727,36.39888],[59.57747,36.39908],[59.57764,36.39922],[59.57781,36.39929],[59.57824,36.39936],[59.57878,36.39944],[59.579,36.39945],[59.5792,36.39934],[59.57939,36.39915],[59.57958,36.39888],[59.57982,36.39847],[59.57993,36.39829],[59.58009,36.39809],[59.58024,36.39784],[59.58036,36.39755],[59.58054,36.39725],[59.5808,36.39714],[59.581,36.39702],[59.58138,36.39679],[59.58163,36.39669],[59.58194,36.39667],[59.58272,36.3967],[59.58344,36.39668],[59.58376,36.39667],[59.58423,36.39672],[59.58459,36.39674],[59.58495,36.39673],[59.58527,36.39669],[59.58547,36.39662],[59.58573,36.39647],[59.58589,36.3963],[59.58604,36.39595],[59.58618,36.39581],[59.58632,36.39565],[59.58645,36.39544],[59.58667,36.39529],[59.58684,36.39517],[59.58714,36.39489],[59.58731,36.39471],[59.58747,36.39454],[59.58767,36.39436],[59.58783,36.39401],[59.58799,36.3937],[59.58807,36.39322],[59.58797,36.39241],[59.5878,36.39184],[59.58768,36.39158],[59.58758,36.39159],[59.58748,36.39154],[59.5873,36.39144],[59.58715,36.39148],[59.58703,36.39146],[59.58694,36.39148],[59.58682,36.39147],[59.58667,36.39157],[59.58646,36.39171],[59.5862,36.39175],[59.58596,36.39181],[59.58567,36.39183],[59.58539,36.39179],[59.58518,36.39167],[59.58488,36.39157],[59.58463,36.39141],[59.58429,36.39117],[59.5842,36.39094],[59.58423,36.3908],[59.58463,36.39037],[59.5852,36.38984],[59.58557,36.38951],[59.58597,36.38926],[59.58626,36.38917],[59.58655,36.38913],[59.58686,36.38908],[59.58703,36.38915],[59.58714,36.38925],[59.58729,36.38934],[59.58746,36.3895],[59.58756,36.38969],[59.58772,36.38984],[59.58809,36.38991],[59.58843,36.38993],[59.58871,36.38989],[59.589,36.38982],[59.58926,36.38968],[59.58946,36.38941],[59.5896,36.38915],[59.58968,36.38886],[59.58961,36.38859],[59.58968,36.3883],[59.5898,36.38792],[59.58984,36.38771],[59.5898,36.38731],[59.5898,36.38682],[59.58985,36.38628],[59.58995,36.38595],[59.59014,36.38565],[59.59043,36.38549],[59.59089,36.38531],[59.59129,36.38512],[59.59162,36.38477],[59.59187,36.38442],[59.59211,36.38421],[59.59246,36.38396],[59.59276,36.38386],[59.59323,36.38369],[59.59357,36.38356],[59.59374,36.38349],[59.59394,36.38342],[59.59414,36.38331],[59.59427,36.38312],[59.59452,36.383],[59.59465,36.3829],[59.59479,36.38271],[59.59503,36.38249],[59.59519,36.38233],[59.59532,36.38218],[59.59545,36.38203],[59.59563,36.38188],[59.59592,36.38179],[59.59622,36.3817],[59.59657,36.38159],[59.59692,36.38152],[59.59717,36.3815],[59.59733,36.38151],[59.59751,36.38157],[59.5977,36.38166],[59.59787,36.38182],[59.59811,36.38202],[59.59843,36.38216],[59.59898,36.38231],[59.59992,36.38248],[59.60083,36.38264],[59.60118,36.38265],[59.60157,36.38265],[59.60194,36.38257],[59.60251,36.3824],[59.60283,36.38228],[59.60299,36.38213],[59.60306,36.38191],[59.60306,36.38163],[59.60306,36.38121],[59.60311,36.38083],[59.60325,36.38051],[59.60344,36.38031],[59.6037,36.3802],[59.60411,36.38008],[59.60454,36.38008],[59.60485,36.38006],[59.60523,36.37999],[59.60545,36.37999],[59.60566,36.37992],[59.6058,36.37989],[59.60599,36.38009],[59.60622,36.38023],[59.60651,36.38035],[59.60678,36.38049],[59.60713,36.38051],[59.60742,36.38047],[59.6078,36.38045],[59.6081,36.38041],[59.60815,36.38023],[59.60832,36.38014],[59.60845,36.38001],[59.60879,36.37985],[59.60918,36.37976],[59.60954,36.37977],[59.60996,36.37976],[59.61041,36.37978],[59.61087,36.37989],[59.61137,36.37998],[59.61184,36.37999],[59.6123,36.37992],[59.61285,36.37975],[59.61351,36.37951],[59.61382,36.37938],[59.61416,36.37913],[59.61461,36.37891],[59.61488,36.37882],[59.61518,36.37877],[59.61574,36.37874],[59.61614,36.3787],[59.61651,36.37868],[59.61694,36.37866],[59.61726,36.37861],[59.61756,36.37857],[59.61788,36.37854],[59.61815,36.37846],[59.61842,36.37835],[59.61863,36.37821],[59.61876,36.37797],[59.61894,36.3777],[59.61915,36.37743],[59.61945,36.37725],[59.61974,36.37721],[59.62023,36.37723],[59.62054,36.37732],[59.62088,36.37739],[59.62116,36.37746],[59.62145,36.3775],[59.62167,36.37744],[59.62189,36.37731],[59.62197,36.37712],[59.62203,36.37689],[59.62218,36.37662],[59.62238,36.37639],[59.62256,36.37621],[59.6227,36.37607],[59.62278,36.37582],[59.62298,36.37557],[59.62328,36.37526],[59.62362,36.37495],[59.62391,36.37474],[59.62434,36.37453],[59.62463,36.37437],[59.62495,36.37427],[59.62544,36.37407],[59.62575,36.37399],[59.62594,36.37393],[59.62625,36.3739],[59.62649,36.3739],[59.62671,36.37383],[59.62687,36.37372],[59.627,36.37358],[59.62706,36.37342],[59.62698,36.37322],[59.62681,36.37298],[59.62659,36.3727],[59.62641,36.37246],[59.62626,36.37222],[59.62621,36.3719],[59.62621,36.37158],[59.62629,36.37126],[59.62639,36.37105],[59.62655,36.37097],[59.62675,36.37096],[59.62687,36.371],[59.62701,36.37114],[59.62714,36.37128],[59.62736,36.37144],[59.62762,36.37158],[59.62789,36.37166],[59.62818,36.37167],[59.62839,36.37173],[59.62869,36.37176],[59.629,36.37177],[59.62927,36.37174],[59.62942,36.37167],[59.62961,36.37145],[59.62977,36.37121],[59.62993,36.37098],[59.62999,36.37076],[59.63008,36.37052],[59.6303,36.37035],[59.63045,36.37017],[59.63072,36.36994],[59.63105,36.36978],[59.63121,36.36966],[59.6313,36.36943],[59.6313,36.36912],[59.63121,36.36884],[59.63104,36.36862],[59.63077,36.36837],[59.63062,36.36818],[59.63039,36.36764],[59.63039,36.36742],[59.63043,36.36706],[59.63051,36.36682],[59.63078,36.36656],[59.63124,36.36641],[59.63156,36.36637],[59.63184,36.3664],[59.63239,36.36656],[59.63286,36.36671],[59.6333,36.36685],[59.63409,36.36693],[59.63465,36.36645],[59.63509,36.36592],[59.6354,36.36561],[59.63582,36.36537],[59.63612,36.36521],[59.63642,36.36506]]}},{"type":"Feature","properties":{"minzoom":12},"geometry":{"type":"LineString","coordinates":[[59.6918,36.29152],[59.69193,36.29158],[59.69207,36.29157],[59.69231,36.29153],[59.69249,36.29156],[59.69273,36.29167],[59.69302,36.2919],[59.69319,36.29201],[59.69322,36.29212],[59.69316,36.29225],[59.69322,36.29232],[59.69405,36.2929],[59.69437,36.29307],[59.69468,36.29313],[59.69479,36.2932],[59.69492,36.29325],[59.69505,36.29336],[59.69516,36.29338],[59.69568,36.29345],[59.6958,36.29351],[59.69588,36.29368],[59.69603,36.29387],[59.69617,36.29394],[59.69643,36.29399],[59.69673,36.29398],[59.69707,36.29394],[59.69728,36.29392],[59.6974,36.29397],[59.69748,36.2941],[59.69763,36.29433],[59.69772,36.29451],[59.69788,36.29461],[59.69832,36.29469],[59.69859,36.29471],[59.69874,36.29477],[59.69879,36.29484],[59.69882,36.29498],[59.69898,36.29509],[59.69928,36.2952],[59.69959,36.29527],[59.69984,36.29529],[59.70001,36.29523],[59.70009,36.29527],[59.70019,36.29524],[59.70026,36.29527],[59.70081,36.29513],[59.70157,36.29541],[59.70174,36.29543],[59.70188,36.29538],[59.70216,36.29545],[59.70234,36.29559],[59.70277,36.29569],[59.70297,36.29565],[59.70315,36.29579],[59.70331,36.29576],[59.70351,36.29566],[59.70364,36.29554],[59.7038,36.29559],[59.70394,36.29576],[59.70402,36.2959],[59.70425,36.29594],[59.70448,36.2959],[59.70467,36.29575],[59.70492,36.29556],[59.70512,36.29533],[59.7053,36.29513],[59.70567,36.29493],[59.70577,36.29485],[59.70584,36.29475],[59.70619,36.29466],[59.70665,36.29436],[59.70735,36.29408],[59.7079,36.29392],[59.70822,36.29385],[59.70832,36.29384],[59.70868,36.2937],[59.70909,36.29361],[59.70939,36.2935],[59.70971,36.29333],[59.71005,36.29307],[59.71028,36.29284],[59.71042,36.29264],[59.71073,36.29246],[59.71085,36.29244]]}},{"type":"Feature","properties":{"minzoom":12},"geometry":{"type":"LineString","coordinates":[[59.71338,36.28981],[59.71329,36.28999],[59.71322,36.29011],[59.71322,36.29026],[59.71305,36.29047],[59.71301,36.2907],[59.71292,36.29101],[59.71263,36.29112],[59.71231,36.29126],[59.71215,36.29131],[59.71172,36.29121],[59.71151,36.29118],[59.71143,36.29128],[59.71138,36.29146],[59.71135,36.2916],[59.71118,36.29177],[59.71118,36.29192],[59.71121,36.29205]]}},{"type":"Feature","properties":{"name":"کال اقبال شرقی","minzoom":12},"geometry":{"type":"LineString","coordinates":[[59.67259,36.28303],[59.67335,36.28377],[59.67357,36.28417],[59.67366,36.28444],[59.67361,36.28467],[59.67372,36.28501],[59.6741,36.28526],[59.67441,36.28539],[59.67467,36.28548],[59.67483,36.28546],[59.67499,36.28543],[59.67521,36.28533],[59.67541,36.28529],[59.67565,36.28519],[59.67578,36.2852],[59.67594,36.28526],[59.67612,36.28539],[59.67623,36.28542],[59.67646,36.28554],[59.67658,36.28566],[59.67668,36.2857],[59.67677,36.28577],[59.67687,36.28578],[59.67693,36.28587],[59.677,36.28592],[59.67716,36.28598],[59.67725,36.28609],[59.67735,36.28617],[59.67739,36.28624],[59.67776,36.28652],[59.67787,36.28651],[59.678,36.28671],[59.67818,36.28693],[59.67839,36.28728],[59.67856,36.28755],[59.67871,36.28776],[59.67921,36.28858],[59.67936,36.2887],[59.67968,36.28891],[59.67992,36.28896],[59.68019,36.28898],[59.68098,36.28893],[59.68167,36.2889],[59.68305,36.2896],[59.68396,36.28977],[59.68475,36.29038],[59.68517,36.29134],[59.68521,36.29149],[59.68535,36.29161],[59.68564,36.2918],[59.68597,36.29202],[59.68616,36.29214],[59.68651,36.29225],[59.68685,36.2924],[59.68722,36.29249],[59.68754,36.29266],[59.68769,36.2928],[59.68791,36.29294],[59.68826,36.29319],[59.68853,36.29334],[59.6888,36.29343],[59.68892,36.29351],[59.6893,36.29375],[59.68939,36.29392],[59.68952,36.29396],[59.68965,36.29406],[59.69001,36.2943],[59.69027,36.29462],[59.69044,36.2948],[59.69056,36.29489],[59.69085,36.29508],[59.6911,36.29521],[59.69135,36.29528],[59.69156,36.29536],[59.6917,36.29549],[59.69183,36.29559],[59.69201,36.29571],[59.69226,36.29576],[59.69259,36.29583],[59.69284,36.29592],[59.69299,36.2961],[59.69317,36.29642],[59.6934,36.29678],[59.69372,36.29709],[59.69405,36.29731],[59.69422,36.2975],[59.69475,36.29797],[59.6949,36.29803],[59.69541,36.29852]]}},{"type":"Feature","properties":{"name":"کانال دروی","minzoom":12},"geometry":{"type":"LineString","coordinates":[[59.65718,36.33301],[59.65732,36.3333],[59.65744,36.33344],[59.6577,36.33363],[59.6578,36.33381],[59.65791,36.334],[59.65801,36.3341],[59.65819,36.33412],[59.65849,36.33403],[59.65884,36.33393],[59.65903,36.33385],[59.6593,36.33384],[59.65948,36.33374],[59.65958,36.33367],[59.65971,36.33367],[59.65989,36.3337],[59.66001,36.3338],[59.66002,36.3339],[59.66019,36.33393],[59.66044,36.33391],[59.66069,36.33381],[59.66101,36.33373],[59.66139,36.33368],[59.66184,36.33352],[59.66212,36.33349],[59.66235,36.33352],[59.66247,36.33357],[59.66268,36.33357],[59.66298,36.33356],[59.66319,36.33363],[59.66332,36.33364],[59.66351,36.33355],[59.66363,36.33352],[59.66382,36.33356],[59.66415,36.33376],[59.66431,36.3339],[59.66437,36.33407],[59.66435,36.33414],[59.66433,36.33422],[59.66438,36.33433],[59.66458,36.33441],[59.66476,36.33446],[59.66484,36.33465],[59.66494,36.33492],[59.66499,36.33504],[59.66492,36.33515],[59.66495,36.33525],[59.66507,36.33529],[59.66516,36.33532],[59.66535,36.33544],[59.66558,36.33557],[59.66568,36.33567],[59.66582,36.33571],[59.666,36.33566],[59.66617,36.33572],[59.66638,36.33575],[59.66651,36.33571],[59.66674,36.33562],[59.66694,36.33559],[59.66731,36.33563],[59.66757,36.33564],[59.66781,36.33563],[59.66802,36.33565],[59.6681,36.3357],[59.66809,36.33579],[59.66813,36.33588],[59.66843,36.33596],[59.66881,36.33603],[59.66905,36.33611],[59.66949,36.33637],[59.66974,36.33654],[59.66988,36.33662],[59.66999,36.33678],[59.67012,36.337],[59.67023,36.33729],[59.67022,36.33739],[59.67016,36.33748],[59.67007,36.33772],[59.67003,36.33796],[59.67005,36.33822],[59.67002,36.33847],[59.67004,36.3386],[59.67011,36.33872],[59.67025,36.33882],[59.6704,36.33888],[59.67069,36.33892],[59.67084,36.33899],[59.6709,36.33908],[59.67092,36.33916],[59.67124,36.33934],[59.67145,36.33946],[59.67167,36.33947],[59.6719,36.33943],[59.67199,36.3394],[59.67211,36.33933],[59.67228,36.33934],[59.67248,36.33941],[59.67261,36.33954],[59.67272,36.33971],[59.67306,36.33995],[59.67345,36.34022],[59.67362,36.34034],[59.67385,36.34042],[59.67403,36.34049],[59.67425,36.34039],[59.67449,36.34028],[59.67469,36.34026],[59.6749,36.34024]]}},{"type":"Feature","properties":{"minzoom":12},"geometry":{"type":"LineString","coordinates":[[59.58172,36.33475],[59.5853,36.33816]]}},{"type":"Feature","properties":{"minzoom":12},"geometry":{"type":"LineString","coordinates":[[59.58128,36.33432],[59.58172,36.33475]]}},{"type":"Feature","properties":{"minzoom":12},"geometry":{"type":"LineString","coordinates":[[59.63803,36.24621],[59.63806,36.24633],[59.63816,36.24669],[59.6385,36.24728],[59.63903,36.24807],[59.64117,36.25055],[59.64189,36.25138],[59.64466,36.25445],[59.64489,36.2547]]}},{"type":"Feature","properties":{"name":"کشف رود","minzoom":12},"geometry":{"type":"LineString","coordinates":[[59.29579,36.61227],[59.29617,36.61153],[59.2972,36.61065],[59.29724,36.61047],[59.29738,36.61035],[59.2981,36.60973],[59.29854,36.60885],[59.29902,36.60812],[59.29953,36.60818],[59.29979,36.60804],[59.30004,36.60804],[59.29997,36.60824],[59.30002,36.60834],[59.3001,36.60841],[59.30043,36.60841],[59.30074,36.60839],[59.30095,36.60819],[59.30136,36.60829],[59.30171,36.60823],[59.30218,36.60822],[59.30239,36.60792],[59.30249,36.60749],[59.3026,36.60713],[59.30253,36.60673],[59.30226,36.60645],[59.30236,36.60624],[59.30258,36.60617],[59.30282,36.60589],[59.30293,36.60559],[59.30314,36.60546],[59.30337,36.6053],[59.30356,36.60533],[59.30371,36.60553],[59.30397,36.60542],[59.30416,36.60531],[59.3045,36.60518],[59.30467,36.60496],[59.30491,36.60463],[59.30519,36.60441],[59.30535,36.60405],[59.30526,36.60379],[59.30502,36.60361],[59.30469,36.6035],[59.30455,36.60335],[59.30456,36.60307],[59.30474,36.60287],[59.30505,36.60279],[59.30544,36.6027],[59.30567,36.60244],[59.30599,36.60234],[59.30633,36.60228],[59.30655,36.6022],[59.30664,36.60206],[59.30671,36.60168],[59.30681,36.60152],[59.30696,36.60141],[59.30724,36.60121],[59.30751,36.601],[59.30754,36.60066],[59.30757,36.6004],[59.30777,36.60028],[59.30805,36.60002],[59.30838,36.59996],[59.3087,36.60002],[59.30909,36.60007],[59.30921,36.59992],[59.30928,36.59978],[59.30927,36.59941],[59.30934,36.59915],[59.30948,36.59893],[59.30968,36.59874],[59.3098,36.5987],[59.30995,36.59873],[59.31005,36.59886],[59.31011,36.59901],[59.31027,36.5991],[59.31051,36.59909],[59.31066,36.59909],[59.31091,36.59914],[59.31112,36.59922],[59.31133,36.59917],[59.31144,36.59898],[59.31127,36.59872],[59.31124,36.59858],[59.31139,36.59843],[59.31159,36.59833],[59.31166,36.5981],[59.3118,36.59796],[59.31183,36.59774],[59.31175,36.59762],[59.31166,36.59739],[59.31172,36.59716],[59.31184,36.59694],[59.3121,36.5967],[59.31227,36.59641],[59.31253,36.59622],[59.31293,36.59633],[59.31327,36.59604],[59.31359,36.59601],[59.31403,36.59603],[59.31435,36.59612],[59.31452,36.596],[59.31488,36.59563],[59.31499,36.59546],[59.31522,36.59534],[59.31562,36.59514],[59.31555,36.59485],[59.31542,36.59468],[59.31549,36.59446],[59.31537,36.59406],[59.31529,36.59389],[59.31526,36.59374],[59.3154,36.59358],[59.31562,36.59353],[59.3158,36.59337],[59.31593,36.59316],[59.31596,36.59279],[59.31597,36.59262],[59.31607,36.59246],[59.31635,36.59226],[59.31663,36.59215],[59.31708,36.59194],[59.31715,36.59182],[59.31732,36.59171],[59.31777,36.5916],[59.31785,36.59156],[59.31827,36.59036],[59.3191,36.59024],[59.31936,36.58957],[59.31998,36.58903],[59.32045,36.58832],[59.32133,36.58782],[59.32294,36.58774],[59.32465,36.58736],[59.32595,36.58749],[59.32628,36.58747],[59.3266,36.58737],[59.32674,36.58718],[59.32677,36.58693],[59.32662,36.58667],[59.32662,36.58642],[59.32696,36.58626],[59.32745,36.58623],[59.32802,36.5863],[59.32826,36.58604],[59.32835,36.58567],[59.32821,36.58534],[59.32797,36.5852],[59.32793,36.58503],[59.32811,36.5849],[59.3285,36.58472],[59.32865,36.58436],[59.32833,36.58411],[59.32792,36.58403],[59.32782,36.58379],[59.328,36.58363],[59.32849,36.58345],[59.32828,36.58296],[59.32805,36.58265],[59.32813,36.58236],[59.3286,36.58174],[59.32847,36.58143],[59.32813,36.58119],[59.32823,36.58093],[59.32828,36.58056],[59.32819,36.5803],[59.32825,36.58007],[59.32858,36.58001],[59.32876,36.58009],[59.32904,36.58004],[59.32948,36.57969],[59.33014,36.57925],[59.33011,36.57898],[59.33024,36.5788],[59.33086,36.57879],[59.33142,36.57856],[59.33172,36.57848],[59.33194,36.57823],[59.33184,36.57799],[59.33155,36.57761],[59.33146,36.57706],[59.33131,36.57653],[59.33108,36.57609],[59.33108,36.57544],[59.33136,36.57499],[59.3317,36.57461],[59.33214,36.57401],[59.33253,36.57361],[59.33259,36.57315],[59.33281,36.57274],[59.3332,36.57251],[59.33316,36.57215],[59.33279,36.57192],[59.33233,36.57187],[59.33201,36.57179],[59.3319,36.57157],[59.33213,36.57129],[59.33238,36.57115],[59.33271,36.57064],[59.33347,36.57045],[59.33369,36.57006],[59.33401,36.56978],[59.33528,36.56936],[59.33592,36.56833],[59.33597,36.56758],[59.33629,36.56699],[59.33693,36.56611],[59.33847,36.56575],[59.33935,36.56487],[59.33903,36.56364],[59.33913,36.5624],[59.33927,36.5615],[59.34054,36.56031],[59.3416,36.55935],[59.34275,36.55866],[59.34376,36.55819],[59.3445,36.55811],[59.34503,36.55858],[59.34591,36.55856],[59.34662,36.55845],[59.34678,36.55781],[59.34678,36.55708],[59.34718,36.55662],[59.34785,36.55647],[59.34787,36.55553],[59.34886,36.55525],[59.34997,36.5548],[59.35034,36.55399],[59.3508,36.55335],[59.35175,36.55267],[59.35284,36.55252],[59.35398,36.55213],[59.35566,36.55122],[59.3568,36.55036],[59.35689,36.55013],[59.35683,36.54987],[59.35648,36.54944],[59.35589,36.5489],[59.35561,36.54834],[59.35568,36.54803],[59.35599,36.54788],[59.3573,36.54792],[59.35832,36.54777],[59.35919,36.54722],[59.36012,36.54689],[59.36136,36.54671],[59.36267,36.54648],[59.36386,36.54585],[59.36435,36.54522],[59.36457,36.54495],[59.36534,36.54421],[59.36638,36.544],[59.36736,36.5437],[59.3684,36.54336],[59.36913,36.5431],[59.37046,36.5426],[59.37137,36.5421],[59.37204,36.54153],[59.37239,36.54097],[59.37273,36.54031],[59.37331,36.53989],[59.37438,36.53965],[59.37566,36.53918],[59.37622,36.53891],[59.37727,36.53832],[59.37777,36.53816],[59.37853,36.53803],[59.37933,36.53788],[59.38008,36.53739],[59.38056,36.53638],[59.38107,36.53622],[59.38173,36.53553],[59.3821,36.53564],[59.38278,36.53597],[59.38389,36.53613],[59.38443,36.53641],[59.38465,36.53667],[59.38506,36.53682],[59.38562,36.53654],[59.38608,36.53607],[59.3868,36.53548],[59.38746,36.53518],[59.38848,36.53548],[59.38914,36.53567],[59.3901,36.53603],[59.39118,36.53665],[59.39197,36.53687],[59.39256,36.53649],[59.393,36.53626],[59.39389,36.5362],[59.39431,36.5365],[59.39438,36.5372],[59.39498,36.53773],[59.39637,36.53777],[59.3972,36.53765],[59.39844,36.53736],[59.39933,36.53657],[59.40006,36.53568],[59.40042,36.53504],[59.40096,36.53466],[59.40222,36.53501],[59.40285,36.53518],[59.40341,36.53551],[59.40395,36.53657],[59.40485,36.53695],[59.40596,36.53654],[59.40744,36.53563],[59.40863,36.53519],[59.40922,36.53432],[59.40992,36.53374],[59.41058,36.53417],[59.41113,36.53467],[59.41176,36.53459],[59.41259,36.53452],[59.41303,36.53436],[59.41351,36.53434],[59.41407,36.5346],[59.41416,36.53504],[59.41392,36.53583],[59.4141,36.53626],[59.4145,36.53641],[59.41499,36.53633],[59.41533,36.53582],[59.41569,36.53522],[59.41616,36.53477],[59.41669,36.53459],[59.41749,36.53415],[59.41795,36.53414],[59.41823,36.53466],[59.41895,36.53487],[59.4198,36.53441],[59.42025,36.5347],[59.42068,36.53559],[59.42156,36.53547],[59.42242,36.53502],[59.42305,36.53438],[59.42311,36.53411],[59.42305,36.53381],[59.42322,36.5336],[59.42328,36.53341],[59.42352,36.53323],[59.42393,36.53316],[59.42414,36.53317],[59.42449,36.53297],[59.42461,36.53269],[59.42472,36.53237],[59.42487,36.53216],[59.42515,36.532],[59.42547,36.53208],[59.42572,36.53221],[59.42609,36.53228],[59.42632,36.53221],[59.42649,36.53213],[59.42682,36.53161],[59.42755,36.53121],[59.42815,36.53077],[59.42839,36.53057],[59.42871,36.53043],[59.42911,36.53045],[59.42922,36.53059],[59.4293,36.53079],[59.42931,36.53155],[59.42932,36.53209],[59.42942,36.53234],[59.42962,36.53256],[59.42989,36.53274],[59.43018,36.53281],[59.43067,36.53287],[59.43093,36.53284],[59.43118,36.53287],[59.43153,36.53296],[59.43175,36.53297],[59.43188,36.53298],[59.43208,36.53292],[59.43221,36.53275],[59.4322,36.5326],[59.43217,36.53249],[59.4321,36.53224],[59.43206,36.53195],[59.43214,36.53172],[59.43226,36.53159],[59.43248,36.53152],[59.43271,36.53152],[59.43295,36.5316],[59.43319,36.53174],[59.43348,36.53181],[59.43404,36.53185],[59.43448,36.53177],[59.4349,36.53163],[59.43518,36.53161],[59.43558,36.53162],[59.43612,36.53153],[59.43695,36.53129],[59.43725,36.53113],[59.43731,36.53089],[59.4372,36.53065],[59.43698,36.53052],[59.43666,36.53044],[59.4365,36.53021],[59.43644,36.52988],[59.43634,36.52964],[59.43617,36.52953],[59.43587,36.52934],[59.43561,36.52919],[59.43546,36.52893],[59.43543,36.5286],[59.43542,36.52828],[59.43554,36.52794],[59.43571,36.52778],[59.436,36.5278],[59.43628,36.52785],[59.43663,36.52777],[59.43688,36.52764],[59.43699,36.52746],[59.43696,36.52719],[59.43705,36.52689],[59.43726,36.52664],[59.43752,36.52654],[59.43783,36.52652],[59.43804,36.52651],[59.43819,36.52644],[59.43842,36.5265],[59.43862,36.52661],[59.43885,36.52677],[59.43907,36.52678],[59.43929,36.52682],[59.43953,36.52695],[59.43978,36.52717],[59.44002,36.52736],[59.4402,36.52754],[59.44053,36.52776],[59.44073,36.52787],[59.441,36.52791],[59.4412,36.52796],[59.44134,36.52801],[59.44148,36.52801],[59.44177,36.52794],[59.44195,36.52786],[59.44205,36.52773],[59.44218,36.52771],[59.44234,36.52775],[59.44252,36.52783],[59.4427,36.52793],[59.44276,36.52804],[59.44275,36.52812],[59.44262,36.52822],[59.44247,36.52842],[59.44241,36.52857],[59.44244,36.52873],[59.44254,36.52884],[59.44278,36.52898],[59.44297,36.52903],[59.44312,36.52908],[59.4433,36.52913],[59.44341,36.52912],[59.44353,36.52907],[59.44366,36.52899],[59.44384,36.52886],[59.44394,36.52875],[59.444,36.5286],[59.44404,36.5284],[59.44405,36.5282],[59.44409,36.52801],[59.44416,36.52785],[59.44429,36.52772],[59.44451,36.5276],[59.44471,36.52756],[59.44492,36.52746],[59.44509,36.5274],[59.44533,36.52733],[59.44552,36.52733],[59.44573,36.52735],[59.44587,36.5273],[59.44613,36.52724],[59.44635,36.52713],[59.44653,36.52693],[59.44656,36.52672],[59.44655,36.52651],[59.44651,36.52632],[59.44654,36.52612],[59.44661,36.52595],[59.44673,36.52581],[59.4469,36.5257],[59.44715,36.52559],[59.44744,36.52547],[59.44774,36.52536],[59.44794,36.52529],[59.44826,36.52511],[59.44839,36.52496],[59.4484,36.52479],[59.44835,36.52448],[59.4483,36.52415],[59.44835,36.52381],[59.44843,36.52353],[59.44857,36.52333],[59.4487,36.52319],[59.4489,36.52309],[59.44909,36.52299],[59.44926,36.52295],[59.4495,36.52292],[59.44968,36.52285],[59.44999,36.5228],[59.45017,36.52277],[59.45029,36.52272],[59.45054,36.52235],[59.45067,36.52198],[59.45075,36.52157],[59.45084,36.5213],[59.45101,36.52112],[59.45132,36.52093],[59.45159,36.52073],[59.4519,36.5204],[59.4522,36.52005],[59.45224,36.51985],[59.45219,36.51966],[59.45181,36.51917],[59.45163,36.5189],[59.4516,36.51873],[59.45163,36.51862],[59.45188,36.51851],[59.45205,36.51844],[59.45221,36.51829],[59.45225,36.51814],[59.4521,36.51791],[59.45191,36.51764],[59.45183,36.51734],[59.45195,36.51713],[59.45219,36.51694],[59.45269,36.5166],[59.453,36.51645],[59.45323,36.51646],[59.45361,36.51651],[59.45395,36.51646],[59.45424,36.51632],[59.45439,36.51609],[59.45433,36.51575],[59.4544,36.51548],[59.45469,36.51512],[59.45497,36.51488],[59.45527,36.5147],[59.4556,36.51467],[59.45587,36.51463],[59.45616,36.51449],[59.45643,36.51448],[59.4567,36.5146],[59.45722,36.5148],[59.45755,36.51481],[59.45781,36.51454],[59.45805,36.51419],[59.45819,36.51399],[59.45824,36.51375],[59.45816,36.51353],[59.45806,36.5133],[59.45789,36.51304],[59.45784,36.51274],[59.45784,36.51248],[59.45794,36.5122],[59.45806,36.51202],[59.45838,36.51185],[59.45846,36.51167],[59.45855,36.51144],[59.45873,36.51122],[59.45907,36.511],[59.45936,36.51086],[59.45967,36.51085],[59.46007,36.51093],[59.46031,36.51109],[59.46046,36.51136],[59.46051,36.51149],[59.46072,36.51164],[59.46117,36.51184],[59.46147,36.51193],[59.46171,36.51209],[59.46188,36.51224],[59.46205,36.51239],[59.46238,36.51254],[59.46269,36.51259],[59.46298,36.51257],[59.46331,36.51253],[59.46356,36.51246],[59.46389,36.51229],[59.46417,36.5121],[59.4643,36.5119],[59.46432,36.51174],[59.46424,36.51156],[59.46413,36.51147],[59.46389,36.5114],[59.46378,36.5113],[59.46376,36.51113],[59.46378,36.51093],[59.46396,36.51066],[59.46411,36.51056],[59.46435,36.5105],[59.4646,36.51039],[59.46479,36.51021],[59.46509,36.50968],[59.46532,36.50946],[59.46567,36.50896],[59.46597,36.50867],[59.46622,36.50851],[59.46664,36.5083],[59.46698,36.50803],[59.46717,36.50792],[59.4674,36.50779],[59.46764,36.50775],[59.46791,36.50774],[59.46812,36.50778],[59.46831,36.50787],[59.46848,36.50795],[59.4687,36.50799],[59.46886,36.50798],[59.46899,36.5079],[59.46917,36.5077],[59.46928,36.50745],[59.46936,36.5071],[59.46943,36.50649],[59.46953,36.50621],[59.46973,36.50605],[59.46994,36.50598],[59.47022,36.50587],[59.47092,36.50549],[59.4712,36.50531],[59.47132,36.50509],[59.4714,36.50486],[59.47154,36.5047],[59.47168,36.5046],[59.47195,36.50456],[59.47214,36.50463],[59.47221,36.50473],[59.47223,36.50491],[59.47223,36.50514],[59.47237,36.50534],[59.47259,36.50547],[59.47294,36.50552],[59.4734,36.50554],[59.47379,36.5057],[59.47418,36.50601],[59.47454,36.5063],[59.47479,36.50642],[59.47509,36.50644],[59.47535,36.50643],[59.47564,36.50636],[59.47595,36.50629],[59.4762,36.50628],[59.47646,36.50638],[59.47663,36.50646],[59.4769,36.50647],[59.47719,36.5064],[59.47762,36.50637],[59.47798,36.50636],[59.47826,36.5064],[59.47847,36.50649],[59.47858,36.50662],[59.47872,36.50687],[59.47883,36.50696],[59.479,36.50699],[59.47909,36.50691],[59.47913,36.5067],[59.47912,36.50642],[59.47921,36.50611],[59.47933,36.50589],[59.47967,36.5057],[59.48007,36.50556],[59.48029,36.50546],[59.48039,36.50535],[59.48036,36.50523],[59.48037,36.50513],[59.48053,36.50497],[59.48077,36.50479],[59.48102,36.50457],[59.48147,36.5045],[59.48174,36.50457],[59.48196,36.50471],[59.48209,36.50488],[59.48209,36.50504],[59.48206,36.50522],[59.4819,36.50543],[59.48182,36.5057],[59.48179,36.506],[59.48186,36.50626],[59.48199,36.50651],[59.48219,36.50678],[59.48238,36.50702],[59.48262,36.5072],[59.48292,36.50722],[59.48311,36.50702],[59.48327,36.50673],[59.48347,36.50646],[59.4837,36.50631],[59.48396,36.50625],[59.48416,36.50632],[59.48427,36.5065],[59.48443,36.50677],[59.48464,36.50704],[59.48485,36.50722],[59.48513,36.50731],[59.48549,36.50732],[59.4857,36.50725],[59.48594,36.50715],[59.48661,36.50714],[59.48696,36.50722],[59.48716,36.50733],[59.48749,36.50748],[59.48776,36.50756],[59.48806,36.50765],[59.4883,36.50768],[59.48854,36.50768],[59.48872,36.50759],[59.4889,36.5074],[59.48911,36.50728],[59.48934,36.50712],[59.48951,36.50687],[59.48969,36.50671],[59.49009,36.50656],[59.49055,36.50646],[59.49076,36.50638],[59.49095,36.50621],[59.49118,36.5058],[59.49134,36.50559],[59.49153,36.50549],[59.49188,36.50548],[59.49251,36.50552],[59.49294,36.50555],[59.49351,36.50547],[59.49401,36.50536],[59.49418,36.50517],[59.49434,36.50496],[59.4944,36.50469],[59.49437,36.50448],[59.49441,36.50422],[59.49448,36.50406],[59.49467,36.50396],[59.495,36.50388],[59.49542,36.50376],[59.49572,36.50359],[59.49585,36.50339],[59.4959,36.5031],[59.49591,36.50266],[59.49587,36.50231],[59.49576,36.50209],[59.49556,36.50187],[59.49534,36.50171],[59.49507,36.50164],[59.49479,36.50167],[59.49449,36.50177],[59.49416,36.50171],[59.49388,36.50156],[59.49363,36.5013],[59.49341,36.501],[59.49336,36.50077],[59.49339,36.50063],[59.49356,36.5005],[59.4939,36.50037],[59.49431,36.50029],[59.49463,36.50028],[59.495,36.50027],[59.49522,36.50018],[59.49535,36.50004],[59.49549,36.49978],[59.49558,36.49928],[59.49556,36.49893],[59.49544,36.49859],[59.4954,36.49832],[59.4955,36.49778],[59.4956,36.49731],[59.49566,36.49686],[59.4956,36.49649],[59.49549,36.49614],[59.49547,36.49578],[59.49539,36.49534],[59.49551,36.49511],[59.49594,36.49499],[59.49685,36.49473],[59.49716,36.49452],[59.49726,36.49435],[59.49721,36.4942],[59.49707,36.49397],[59.49706,36.49376],[59.49695,36.49347],[59.49688,36.49312],[59.49671,36.49284],[59.49662,36.4925],[59.49664,36.49228],[59.49674,36.49211],[59.49696,36.49206],[59.49718,36.49207],[59.49736,36.4922],[59.49749,36.49239],[59.4977,36.49259],[59.49794,36.49271],[59.49816,36.49277],[59.4985,36.49277],[59.4988,36.4927],[59.49898,36.4927],[59.49929,36.49274],[59.49949,36.4927],[59.4996,36.49255],[59.49965,36.4923],[59.49965,36.49202],[59.49956,36.49178],[59.49933,36.49159],[59.49915,36.49147],[59.49902,36.49131],[59.49901,36.49117],[59.4991,36.49101],[59.49925,36.49076],[59.49932,36.49042],[59.49929,36.49004],[59.49929,36.4897],[59.49934,36.48931],[59.49943,36.48898],[59.49954,36.48876],[59.49962,36.48848],[59.49963,36.48789],[59.49965,36.4875],[59.49961,36.48708],[59.49956,36.48682],[59.49943,36.48657],[59.49928,36.48641],[59.49911,36.48626],[59.49893,36.48623],[59.49865,36.48617],[59.49843,36.48617],[59.4983,36.48623],[59.49809,36.48638],[59.49775,36.48657],[59.49741,36.48672],[59.49701,36.48676],[59.4966,36.48676],[59.49635,36.4867],[59.49615,36.48661],[59.49593,36.48636],[59.49585,36.48606],[59.49566,36.48572],[59.49561,36.4855],[59.49565,36.48535],[59.49587,36.48509],[59.496,36.48488],[59.49598,36.48471],[59.49581,36.48449],[59.49524,36.48411],[59.49463,36.4837],[59.49401,36.48342],[59.49337,36.48319],[59.49269,36.48306],[59.49217,36.48292],[59.49194,36.48275],[59.49186,36.48256],[59.49185,36.48235],[59.49197,36.48211],[59.49224,36.48177],[59.49251,36.48162],[59.49277,36.48145],[59.49287,36.48123],[59.49316,36.481],[59.49372,36.48092],[59.49495,36.48058],[59.49547,36.4804],[59.49594,36.4803],[59.49628,36.48022],[59.49657,36.48003],[59.49687,36.47974],[59.49729,36.4792],[59.49756,36.47891],[59.49801,36.47858],[59.49816,36.4783],[59.49822,36.47794],[59.49823,36.47763],[59.49814,36.47744],[59.4978,36.47731],[59.49739,36.47711],[59.49647,36.47651],[59.49637,36.4762],[59.4963,36.47579],[59.49647,36.47547],[59.49672,36.47518],[59.49716,36.47482],[59.4976,36.47467],[59.49838,36.47452],[59.49902,36.47452],[59.50027,36.47451],[59.50118,36.47398],[59.50202,36.47352],[59.50412,36.47262],[59.50448,36.47217],[59.5044,36.4713],[59.50401,36.47039],[59.50375,36.46951],[59.50404,36.46894],[59.50473,36.46864],[59.5064,36.46853],[59.50715,36.46822],[59.50745,36.46775],[59.50747,36.46684],[59.50739,36.46575],[59.50709,36.46472],[59.50705,36.46404],[59.50739,36.4636],[59.50793,36.46336],[59.50972,36.46399],[59.5103,36.46437],[59.51064,36.46483],[59.51097,36.46525]]}},{"type":"Feature","properties":{"minzoom":12},"geometry":{"type":"LineString","coordinates":[[59.52616,36.31501],[59.52633,36.31495],[59.52689,36.31507]]}},{"type":"Feature","properties":{"minzoom":12},"geometry":{"type":"LineString","coordinates":[[59.52689,36.31507],[59.52703,36.31509]]}},{"type":"Feature","properties":{"minzoom":12},"geometry":{"type":"LineString","coordinates":[[59.52703,36.31509],[59.52715,36.3151],[59.52771,36.31505],[59.52851,36.3148],[59.52884,36.31467],[59.529,36.31455],[59.5298,36.31253],[59.53023,36.31179],[59.53023,36.31161]]}},{"type":"Feature","properties":{"minzoom":12},"geometry":{"type":"LineString","coordinates":[[59.5853,36.33816],[59.58566,36.33851]]}},{"type":"Feature","properties":{"minzoom":12},"geometry":{"type":"LineString","coordinates":[[59.43724,36.32878],[59.43749,36.32882],[59.43769,36.32898],[59.43801,36.32911],[59.43834,36.32914],[59.43915,36.32913],[59.43942,36.32915],[59.4399,36.32937],[59.44022,36.32954],[59.44044,36.3298],[59.44059,36.32998],[59.44061,36.33016],[59.44064,36.33047],[59.44064,36.33086],[59.44073,36.33132],[59.44093,36.33157],[59.44139,36.33198],[59.44165,36.33211],[59.44194,36.3323],[59.44229,36.3325],[59.44261,36.33268],[59.44308,36.33301],[59.44334,36.33317],[59.44366,36.33331],[59.44392,36.33338],[59.44389,36.3336],[59.44354,36.33411],[59.44326,36.33459],[59.44315,36.33488],[59.4432,36.33513],[59.44341,36.33524],[59.44366,36.33546],[59.44385,36.3356],[59.44395,36.33586],[59.44404,36.3362],[59.44406,36.33643],[59.444,36.33667],[59.44392,36.3368],[59.44387,36.33718],[59.44392,36.33752],[59.44392,36.3377],[59.44399,36.33796],[59.4441,36.33825],[59.44425,36.33859],[59.44431,36.33876],[59.44425,36.33901],[59.4442,36.33914],[59.44404,36.33922],[59.44382,36.3395],[59.44368,36.33974],[59.44367,36.3399],[59.44363,36.34013],[59.44365,36.34031],[59.44371,36.34045],[59.44386,36.34059],[59.44397,36.34078],[59.44398,36.34095],[59.44401,36.34121],[59.44402,36.34146],[59.44414,36.34169],[59.44424,36.34183],[59.44442,36.34192],[59.44469,36.34197],[59.44494,36.34202],[59.44537,36.34213],[59.44569,36.34227],[59.44595,36.34245],[59.44645,36.34267],[59.44698,36.34303],[59.44748,36.34351],[59.44781,36.34398]]}},{"type":"Feature","properties":{"minzoom":12},"geometry":{"type":"LineString","coordinates":[[59.62289,36.2131],[59.62294,36.21499],[59.62288,36.21537],[59.62259,36.21591],[59.62249,36.21631]]}},{"type":"Feature","properties":{"name":"کال قره خان","minzoom":12},"geometry":{"type":"LineString","coordinates":[[59.67199,36.28249],[59.67259,36.28303]]}},{"type":"Feature","properties":{"minzoom":12},"geometry":{"type":"LineString","coordinates":[[59.65228,36.26132],[59.65267,36.26154]]}},{"type":"Feature","properties":{"name":"کال امیر آباد","minzoom":12},"geometry":{"type":"LineString","coordinates":[[59.65267,36.26154],[59.65307,36.26176],[59.65353,36.26209],[59.65428,36.2627],[59.65722,36.26602]]}},{"type":"Feature","properties":{"minzoom":12},"geometry":{"type":"LineString","coordinates":[[59.10391,36.32803],[59.10424,36.3286],[59.10441,36.32876],[59.1047,36.32926],[59.10484,36.3296],[59.10498,36.32982],[59.10518,36.33009],[59.10539,36.3302],[59.10562,36.33022],[59.10613,36.33039],[59.10639,36.33057],[59.10673,36.33063],[59.10698,36.3308],[59.10704,36.33107],[59.107,36.33142],[59.10705,36.33197],[59.10711,36.33255],[59.10734,36.33313],[59.10767,36.33364],[59.10768,36.33391],[59.10762,36.33402],[59.1077,36.33429],[59.10789,36.33459],[59.10792,36.33489],[59.10784,36.33524],[59.10767,36.33596],[59.10752,36.33633],[59.10733,36.33663],[59.1072,36.33721],[59.10714,36.33762],[59.10728,36.33797],[59.10738,36.33842],[59.10753,36.33885],[59.10767,36.33915],[59.10777,36.33976],[59.10776,36.34007],[59.10752,36.34037],[59.10746,36.34061],[59.10769,36.34111],[59.1077,36.34134],[59.10756,36.34158],[59.10749,36.342],[59.10738,36.34362],[59.10758,36.34392],[59.10774,36.34443],[59.10802,36.34497],[59.10827,36.34534],[59.10851,36.34586],[59.10869,36.34604],[59.10906,36.34603],[59.10953,36.3464],[59.10984,36.34684],[59.11029,36.34735],[59.11093,36.3478],[59.11142,36.3482],[59.11196,36.3486],[59.11291,36.34888],[59.11362,36.34906],[59.11414,36.3493],[59.11426,36.34956],[59.11453,36.35041],[59.11438,36.35087],[59.11421,36.35112],[59.1143,36.35156],[59.11462,36.35209],[59.11473,36.35231],[59.11479,36.35284],[59.11514,36.35349],[59.11544,36.35392],[59.11556,36.3544],[59.11556,36.35488],[59.11565,36.35541],[59.11597,36.35594],[59.11608,36.35642],[59.11616,36.35681],[59.11638,36.35704],[59.11675,36.35725],[59.11724,36.35795],[59.11782,36.3584],[59.11812,36.35866],[59.11822,36.35911],[59.11842,36.3596],[59.11879,36.36005],[59.11887,36.36051],[59.11921,36.36085],[59.11959,36.36116],[59.11977,36.36153],[59.11953,36.36195],[59.11953,36.36246]]}},{"type":"Feature","properties":{"minzoom":12},"geometry":{"type":"LineString","coordinates":[[59.11981,36.36285],[59.11998,36.36312],[59.12022,36.36334],[59.12061,36.36355],[59.12076,36.36379],[59.12082,36.36407],[59.12081,36.36441],[59.12096,36.36495],[59.12113,36.3652],[59.12147,36.3655],[59.12168,36.36583],[59.12195,36.36604],[59.12217,36.36614],[59.1223,36.36621],[59.12236,36.36641],[59.12223,36.36667],[59.12218,36.36689],[59.1222,36.36709],[59.12211,36.36723],[59.12197,36.36733],[59.12193,36.36752],[59.12205,36.3677],[59.12218,36.3679],[59.12216,36.36822],[59.1221,36.3684],[59.12211,36.36866],[59.12226,36.36898],[59.12245,36.36924],[59.1226,36.36945],[59.12262,36.36974],[59.12276,36.36998],[59.12298,36.37009],[59.12306,36.37026],[59.12311,36.37053],[59.12325,36.37091],[59.12329,36.37117],[59.12335,36.37162],[59.12338,36.37191],[59.12333,36.37225],[59.12327,36.37266],[59.12329,36.37305],[59.12336,36.37326],[59.12335,36.37357],[59.1234,36.37399],[59.12333,36.37438],[59.12324,36.37472],[59.12317,36.37513],[59.12316,36.37547],[59.1233,36.37586],[59.12345,36.37628],[59.12374,36.37649],[59.12406,36.37674],[59.12437,36.37717],[59.12458,36.37771],[59.12482,36.37805],[59.12526,36.37834],[59.12576,36.37877],[59.12608,36.37918],[59.12625,36.37961],[59.12648,36.38009],[59.12688,36.38067],[59.12725,36.38172],[59.12745,36.3822],[59.1277,36.38237],[59.12812,36.38298],[59.12821,36.38345],[59.1283,36.38365],[59.12861,36.38387],[59.12886,36.38416],[59.12891,36.38451],[59.12903,36.3849],[59.12938,36.38539],[59.1297,36.3859],[59.12995,36.38633],[59.1301,36.38674],[59.13018,36.38706],[59.13041,36.38756],[59.13079,36.3879],[59.13117,36.38833],[59.13136,36.38891],[59.13143,36.38944],[59.13178,36.39001],[59.13226,36.39046],[59.13271,36.39093],[59.13328,36.39135],[59.13343,36.39166],[59.13356,36.39196],[59.13393,36.3925],[59.13433,36.3929],[59.13471,36.39353],[59.13496,36.39411],[59.13516,36.39466],[59.13524,36.39518],[59.13541,36.39549],[59.13585,36.39586],[59.13613,36.3962],[59.13609,36.39663],[59.13609,36.39706],[59.13634,36.39733],[59.13631,36.39789],[59.1365,36.3985],[59.13695,36.39956],[59.13749,36.40046],[59.13771,36.40079],[59.13791,36.40151],[59.13806,36.4017],[59.13832,36.40185],[59.13833,36.40199],[59.13817,36.40229],[59.13847,36.40287],[59.13894,36.40341],[59.13936,36.4038],[59.13962,36.40422],[59.13991,36.40463],[59.14007,36.40519],[59.14014,36.40549],[59.14032,36.40566],[59.14046,36.4061],[59.1407,36.40642],[59.14094,36.40667],[59.14122,36.40709],[59.14146,36.40754],[59.14163,36.4081],[59.1418,36.40858],[59.14207,36.40904],[59.14227,36.4096],[59.14251,36.41015],[59.14282,36.41072],[59.14308,36.41118],[59.14329,36.41165],[59.14338,36.41209],[59.14361,36.41263],[59.14397,36.4132],[59.14414,36.41361],[59.14432,36.41413],[59.14458,36.41466],[59.14494,36.41518],[59.14528,36.4157],[59.14586,36.41618],[59.14624,36.41669],[59.14662,36.41705],[59.14705,36.41746],[59.14753,36.41789],[59.14813,36.41835]]}},{"type":"Feature","properties":{"minzoom":12},"geometry":{"type":"LineString","coordinates":[[59.47215,36.31781],[59.47232,36.31807]]}},{"type":"Feature","properties":{"minzoom":12},"geometry":{"type":"LineString","coordinates":[[59.4714,36.31536],[59.4712,36.31568],[59.47118,36.31573],[59.4712,36.31581],[59.47124,36.31587],[59.47133,36.31608],[59.47147,36.31643]]}},{"type":"Feature","properties":{"minzoom":12},"geometry":{"type":"LineString","coordinates":[[59.47147,36.31643],[59.47186,36.31732],[59.47215,36.31781]]}},{"type":"Feature","properties":{"minzoom":12},"geometry":{"type":"LineString","coordinates":[[59.47232,36.31807],[59.47235,36.31816],[59.47275,36.31949],[59.47274,36.31955]]}},{"type":"Feature","properties":{"minzoom":12},"geometry":{"type":"LineString","coordinates":[[59.64821,36.25834],[59.64856,36.25871],[59.64886,36.25903],[59.64934,36.25946],[59.6498,36.25984],[59.65045,36.2603],[59.65228,36.26132]]}},{"type":"Feature","properties":{"minzoom":12},"geometry":{"type":"LineString","coordinates":[[59.64489,36.2547],[59.64517,36.25503]]}},{"type":"Feature","properties":{"minzoom":12},"geometry":{"type":"LineString","coordinates":[[59.51999,36.31839],[59.52016,36.31831]]}},{"type":"Feature","properties":{"minzoom":12},"geometry":{"type":"LineString","coordinates":[[59.62225,36.21125],[59.62194,36.21112]]}},{"type":"Feature","properties":{"minzoom":12},"geometry":{"type":"LineString","coordinates":[[59.61828,36.20972],[59.61818,36.20963],[59.61794,36.20956],[59.61704,36.20961],[59.61688,36.20961],[59.61676,36.20957],[59.61664,36.2095],[59.61643,36.20944],[59.61634,36.20927],[59.61628,36.20904],[59.61614,36.20889],[59.61587,36.20868],[59.6155,36.20857],[59.61545,36.20843],[59.6154,36.20839],[59.61515,36.20849],[59.61481,36.20852],[59.61458,36.20849],[59.61428,36.20842],[59.61392,36.20841],[59.61387,36.20841],[59.61343,36.20846],[59.61293,36.20852],[59.61242,36.20848],[59.61109,36.20843]]}},{"type":"Feature","properties":{"minzoom":12},"geometry":{"type":"LineString","coordinates":[[59.52016,36.31831],[59.52185,36.31759]]}},{"type":"Feature","properties":{"name":"کال اقبال شرقی","minzoom":12},"geometry":{"type":"LineString","coordinates":[[59.69862,36.30047],[59.69876,36.30084],[59.69874,36.301],[59.69951,36.30194],[59.69983,36.30222],[59.70022,36.30247],[59.70057,36.30263],[59.70093,36.30275],[59.70162,36.30308],[59.70228,36.30346],[59.70266,36.30376],[59.70274,36.30379],[59.70292,36.30383],[59.70334,36.30391],[59.70403,36.30401],[59.70447,36.30406],[59.70489,36.30411],[59.70507,36.30409],[59.70527,36.30407],[59.70553,36.30412],[59.70577,36.30416],[59.70611,36.30416],[59.70628,36.30418],[59.70646,36.30427],[59.70681,36.30432],[59.70705,36.30437],[59.7075,36.30454],[59.7078,36.30462],[59.70851,36.30475],[59.70882,36.30478],[59.70902,36.30474],[59.70917,36.30464],[59.70942,36.30448],[59.70957,36.30438],[59.70969,36.3043],[59.7098,36.3041],[59.70996,36.30386],[59.71008,36.30373],[59.71025,36.30361],[59.71051,36.30354],[59.71074,36.30353],[59.71099,36.30343],[59.71131,36.30335],[59.71156,36.30336],[59.71188,36.3035],[59.71202,36.30358],[59.71219,36.30368],[59.71244,36.30388],[59.71286,36.30409],[59.71343,36.30434],[59.7139,36.30447],[59.71431,36.30462],[59.7146,36.30466],[59.71497,36.30463],[59.71538,36.30454],[59.71557,36.3045],[59.71586,36.30443],[59.7161,36.3045],[59.71626,36.30454],[59.71648,36.30442],[59.71669,36.30424],[59.71677,36.30403],[59.71698,36.30383],[59.71718,36.30375],[59.71774,36.30361],[59.718,36.30358],[59.71831,36.30348],[59.71894,36.30336],[59.71992,36.3032],[59.72016,36.30314],[59.72055,36.30303],[59.72091,36.30292],[59.72128,36.30286],[59.72147,36.30282],[59.7217,36.30273],[59.72207,36.30261],[59.72233,36.30254],[59.7224,36.30245],[59.72243,36.30235],[59.7226,36.30227],[59.72272,36.30215],[59.72287,36.30203],[59.72302,36.30183],[59.7232,36.30176],[59.72346,36.30176],[59.72368,36.30173],[59.72383,36.30163],[59.72405,36.30143],[59.72423,36.30136],[59.72435,36.30127],[59.72455,36.30121],[59.72474,36.30114],[59.72483,36.30104],[59.72484,36.3009],[59.72495,36.30073]]}},{"type":"Feature","properties":{"name":"کال اقبال شرقی","minzoom":12},"geometry":{"type":"LineString","coordinates":[[59.69856,36.30043],[59.69862,36.30047]]}},{"type":"Feature","properties":{"minzoom":12},"geometry":{"type":"LineString","coordinates":[[59.74732,36.12191],[59.74785,36.12216],[59.7484,36.12258],[59.7488,36.12281],[59.74938,36.12319],[59.74999,36.12344],[59.75067,36.12361],[59.75132,36.12375],[59.75217,36.12386],[59.75329,36.1241],[59.75376,36.12422]]}},{"type":"Feature","properties":{"minzoom":12},"geometry":{"type":"LineString","coordinates":[[59.74702,36.12178],[59.74732,36.12191]]}},{"type":"Feature","properties":{"minzoom":12},"geometry":{"type":"LineString","coordinates":[[59.73772,36.11512],[59.73783,36.11538],[59.73802,36.11561],[59.73817,36.11569],[59.73874,36.1163],[59.73898,36.11655],[59.73936,36.11673],[59.73986,36.11698],[59.74016,36.11718],[59.74037,36.11735],[59.74066,36.11757],[59.7411,36.11777],[59.74152,36.1179],[59.74214,36.11806],[59.74272,36.11827],[59.74336,36.11857],[59.74396,36.11892],[59.74435,36.11919],[59.74464,36.11953],[59.74491,36.11993],[59.74535,36.12052],[59.74579,36.12102],[59.74615,36.12131],[59.74648,36.12152],[59.74691,36.12175],[59.74702,36.12178]]}},{"type":"Feature","properties":{"minzoom":12},"geometry":{"type":"LineString","coordinates":[[59.51199,36.32309],[59.51206,36.32309]]}},{"type":"Feature","properties":{"minzoom":12},"geometry":{"type":"LineString","coordinates":[[59.51878,36.31935],[59.51893,36.31922]]}},{"type":"Feature","properties":{"minzoom":12},"geometry":{"type":"LineString","coordinates":[[59.51893,36.31922],[59.51935,36.31885],[59.51999,36.31839]]}},{"type":"Feature","properties":{"minzoom":12},"geometry":{"type":"LineString","coordinates":[[59.51206,36.32309],[59.51254,36.32301],[59.51391,36.3226],[59.51433,36.3225],[59.51475,36.32256]]}},{"type":"Feature","properties":{"minzoom":12},"geometry":{"type":"LineString","coordinates":[[59.62493,36.23446],[59.62498,36.23463]]}},{"type":"Feature","properties":{"minzoom":12},"geometry":{"type":"LineString","coordinates":[[59.62249,36.21631],[59.62249,36.21644]]}},{"type":"Feature","properties":{"minzoom":12},"geometry":{"type":"LineString","coordinates":[[59.62462,36.23357],[59.62493,36.23446]]}},{"type":"Feature","properties":{"minzoom":12},"geometry":{"type":"LineString","coordinates":[[59.62249,36.21644],[59.6225,36.21659],[59.62289,36.21738],[59.62323,36.21829],[59.6233,36.21876],[59.62341,36.21901],[59.62365,36.21911],[59.62374,36.21921],[59.62374,36.21941],[59.62381,36.21963],[59.62393,36.21983],[59.624,36.22004],[59.62406,36.22021],[59.62476,36.22106],[59.62489,36.22134],[59.6249,36.22148],[59.62501,36.22205],[59.62507,36.22232],[59.62491,36.22301],[59.62487,36.22351],[59.62464,36.22436],[59.62459,36.22485],[59.62433,36.22559],[59.62369,36.22717],[59.62375,36.22795],[59.62421,36.22908],[59.62423,36.22914],[59.62424,36.22933],[59.6239,36.23019],[59.62389,36.23039],[59.62417,36.23098],[59.62424,36.23127],[59.62425,36.23147],[59.6242,36.23164],[59.624,36.23199],[59.62405,36.23236],[59.62403,36.23257],[59.62394,36.23285],[59.62401,36.23293],[59.62413,36.23299],[59.62462,36.23357]]}},{"type":"Feature","properties":{"minzoom":12},"geometry":{"type":"LineString","coordinates":[[59.6338,36.3328],[59.63402,36.33269],[59.63421,36.3325],[59.6343,36.33229],[59.63435,36.33202],[59.63436,36.33175],[59.63443,36.33158],[59.63462,36.33134],[59.63484,36.33121],[59.63511,36.33114],[59.63543,36.33114],[59.63567,36.33118],[59.63589,36.33116],[59.63626,36.33108],[59.63643,36.33095],[59.63668,36.33084],[59.63707,36.33074],[59.63734,36.33074],[59.63759,36.33079],[59.63784,36.33087],[59.638,36.33101],[59.63808,36.33119],[59.6381,36.33139],[59.63803,36.33162],[59.63785,36.33179],[59.63758,36.33192],[59.6373,36.332],[59.63698,36.33206],[59.63658,36.3321],[59.63625,36.33211],[59.636,36.33218],[59.63587,36.33238],[59.63586,36.33267],[59.63586,36.33288],[59.63581,36.33304],[59.63569,36.33318],[59.63545,36.33329],[59.63519,36.33334],[59.63488,36.33327],[59.63449,36.33309],[59.63418,36.33305],[59.63381,36.33311],[59.63356,36.33326],[59.63344,36.33356],[59.63342,36.33384],[59.63337,36.33413],[59.63319,36.3344],[59.63283,36.33458],[59.63249,36.33462],[59.63211,36.33456],[59.63185,36.33444],[59.63171,36.33422],[59.63164,36.33392],[59.63152,36.33366],[59.63129,36.33345],[59.63097,36.33337],[59.63047,36.33335],[59.63026,36.33329],[59.63001,36.33318],[59.62974,36.33298],[59.62965,36.33284],[59.62961,36.33268],[59.6296,36.33251],[59.62962,36.33234],[59.62977,36.33216],[59.63008,36.33198],[59.63044,36.33193],[59.63101,36.33192],[59.63139,36.33198],[59.63168,36.33207],[59.63214,36.33226],[59.63248,36.33257],[59.63284,36.33281],[59.63316,36.33293],[59.63347,36.33293],[59.6338,36.3328]]}},{"type":"Feature","properties":{"minzoom":12},"geometry":{"type":"LineString","coordinates":[[59.40459,36.31513],[59.4059,36.31541],[59.40625,36.31559],[59.40658,36.3158],[59.4071,36.31609],[59.40743,36.31621],[59.40806,36.31633],[59.40917,36.31607],[59.40974,36.31587],[59.41018,36.3158]]}},{"type":"Feature","properties":{"minzoom":12},"geometry":{"type":"LineString","coordinates":[[59.37231,36.29938],[59.3729,36.29971],[59.37372,36.29993],[59.37417,36.30004],[59.37442,36.30021],[59.37478,36.30035],[59.3751,36.30037],[59.37535,36.30031],[59.37566,36.3002],[59.37587,36.30006],[59.37611,36.29991],[59.37624,36.29984],[59.37649,36.29981],[59.3769,36.2998],[59.37717,36.29987],[59.37733,36.30003],[59.37762,36.30045],[59.37773,36.30057],[59.37794,36.30058],[59.37823,36.30048],[59.37856,36.30038],[59.379,36.30039],[59.37941,36.30053],[59.3798,36.30041],[59.38026,36.30032],[59.38066,36.30032],[59.38091,36.30041],[59.38109,36.30057],[59.38119,36.30076],[59.38134,36.30092],[59.38147,36.301],[59.38195,36.30117],[59.38261,36.30137],[59.38301,36.30165],[59.38327,36.30169],[59.38357,36.3017],[59.3838,36.30178],[59.38397,36.30189],[59.38406,36.30207],[59.38415,36.30223],[59.38431,36.30242],[59.38475,36.30271],[59.38538,36.30293],[59.38575,36.303],[59.38623,36.30302],[59.38654,36.30303],[59.38689,36.30303],[59.38717,36.30301],[59.38734,36.30308],[59.38748,36.30323],[59.38768,36.30335],[59.38791,36.30338],[59.38819,36.30339],[59.38851,36.30347],[59.38876,36.30344],[59.38899,36.30325],[59.38939,36.30315],[59.38969,36.30313],[59.38993,36.30316],[59.3904,36.3033],[59.39092,36.30356],[59.39119,36.30359],[59.39137,36.30358],[59.39151,36.30362],[59.39162,36.30373],[59.39176,36.30402],[59.39192,36.30423],[59.3923,36.30443],[59.39276,36.30456],[59.39386,36.30454],[59.39455,36.30447],[59.39485,36.30439],[59.39506,36.30441],[59.39517,36.30444],[59.39527,36.30458],[59.39539,36.30472],[59.39555,36.30483],[59.39628,36.30515],[59.39662,36.30525],[59.39687,36.30525],[59.39706,36.3053],[59.39724,36.30531],[59.39743,36.30526],[59.39763,36.30514],[59.39781,36.305],[59.39801,36.30494],[59.39824,36.30493],[59.39861,36.30501],[59.39914,36.30515],[59.39951,36.30537],[59.39974,36.30558],[59.39984,36.3057],[59.39985,36.30579],[59.39981,36.30587],[59.39974,36.30593],[59.39967,36.30595],[59.39958,36.30599],[59.39956,36.30606],[59.3996,36.30613],[59.39966,36.30625],[59.39987,36.30677],[59.39989,36.30697],[59.39994,36.30744],[59.40001,36.30773],[59.40011,36.3079],[59.40029,36.30806],[59.40048,36.30817],[59.40078,36.30829],[59.40106,36.3083],[59.40127,36.30833],[59.40153,36.3084],[59.40209,36.30878],[59.40266,36.30947],[59.40288,36.30984],[59.40295,36.30995],[59.40303,36.30999],[59.40313,36.30999],[59.40331,36.30996],[59.40351,36.30994],[59.40366,36.30999],[59.40381,36.31004],[59.40385,36.31008],[59.40388,36.31017],[59.40388,36.31028],[59.40388,36.31069],[59.40402,36.31093],[59.40432,36.31119],[59.40466,36.31136],[59.40535,36.31164],[59.40661,36.31249]]}},{"type":"Feature","properties":{"minzoom":12},"geometry":{"type":"LineString","coordinates":[[59.40565,36.2947],[59.40562,36.2951],[59.40567,36.29527],[59.40578,36.29543],[59.40615,36.29569],[59.40643,36.29592],[59.40653,36.29604],[59.40653,36.29615],[59.40649,36.29622],[59.40643,36.29631],[59.40634,36.29641],[59.40628,36.29655],[59.40625,36.29672],[59.4062,36.2969],[59.40611,36.29704],[59.40596,36.29724],[59.40583,36.2975],[59.40567,36.29778],[59.40564,36.29815],[59.40559,36.29875],[59.40555,36.29918],[59.40558,36.29931],[59.40565,36.29938],[59.40578,36.29938],[59.40591,36.29936],[59.40614,36.2993],[59.40639,36.2993],[59.40663,36.29938],[59.40701,36.29953],[59.40723,36.29965],[59.40731,36.29974],[59.40729,36.29987],[59.40716,36.30001],[59.40694,36.30017],[59.40681,36.30036],[59.40666,36.30064],[59.40651,36.30087],[59.40631,36.30101],[59.40609,36.30107],[59.40597,36.30119],[59.40599,36.30132],[59.4061,36.30148],[59.40617,36.30164],[59.40617,36.30185],[59.4061,36.30202],[59.40598,36.30221],[59.40576,36.30243],[59.40569,36.30257],[59.40569,36.30274],[59.40575,36.30303],[59.40585,36.30328],[59.40615,36.30372],[59.40628,36.3041],[59.40638,36.30453],[59.40642,36.30473],[59.4066,36.30504],[59.40752,36.30621],[59.40759,36.30643],[59.40755,36.30663],[59.40744,36.3068],[59.40723,36.30696],[59.40712,36.30716],[59.40713,36.3074],[59.40721,36.30759],[59.4073,36.3079],[59.40738,36.30833],[59.40735,36.30882],[59.40742,36.31029],[59.4074,36.31052],[59.40735,36.31069],[59.40722,36.31089],[59.40701,36.31111],[59.40654,36.3117],[59.40645,36.31189],[59.4065,36.3121],[59.40661,36.31249],[59.40692,36.31277],[59.40736,36.31322],[59.40764,36.31352],[59.4078,36.31407],[59.40801,36.31446],[59.40825,36.31473],[59.40852,36.31486],[59.40885,36.3149],[59.40939,36.31498],[59.40973,36.31521],[59.41002,36.31553],[59.41018,36.3158],[59.41028,36.31597],[59.41048,36.31655],[59.41068,36.31681],[59.41097,36.31705],[59.41185,36.31767],[59.41306,36.31843],[59.41399,36.31902],[59.41533,36.31973],[59.41646,36.32098],[59.41787,36.32228]]}},{"type":"Feature","properties":{"minzoom":12},"geometry":{"type":"LineString","coordinates":[[59.63093,36.23549],[59.63143,36.23556]]}},{"type":"Feature","properties":{"name":"رودخانه ارغوان","minzoom":12},"geometry":{"type":"LineString","coordinates":[[59.31476,36.27712],[59.31513,36.27719],[59.31523,36.27729],[59.31522,36.27742],[59.3152,36.27757],[59.31528,36.27769],[59.31546,36.27774],[59.31553,36.27777],[59.31552,36.27791],[59.31554,36.27799],[59.3155,36.27811],[59.31544,36.27816],[59.31531,36.27818],[59.3152,36.27819],[59.3151,36.27826],[59.31505,36.27838],[59.31504,36.27849],[59.31509,36.2786],[59.31515,36.27871],[59.31513,36.2788],[59.31515,36.27893],[59.31524,36.27903],[59.31524,36.27918],[59.31533,36.27925],[59.3155,36.27929],[59.31565,36.27935],[59.31574,36.27944],[59.31594,36.27959],[59.31616,36.27972],[59.31634,36.27987],[59.3164,36.27995],[59.31646,36.28002],[59.31657,36.2802],[59.31663,36.28036],[59.31673,36.2805],[59.31684,36.28056],[59.31708,36.28062],[59.31725,36.28071],[59.31775,36.28105],[59.3179,36.2812],[59.31803,36.28144],[59.31813,36.28156],[59.31868,36.2821],[59.31886,36.28227],[59.31918,36.28238],[59.31923,36.28253],[59.31947,36.2826],[59.31976,36.28257],[59.32013,36.28251],[59.3204,36.2824],[59.3211,36.28208],[59.32154,36.2819],[59.32199,36.2818],[59.32243,36.28193],[59.3228,36.28214],[59.32321,36.28222],[59.32366,36.28229],[59.32437,36.28226],[59.32507,36.28212],[59.3256,36.28212],[59.32635,36.28204],[59.32773,36.28222],[59.32848,36.28233],[59.32892,36.28246],[59.32918,36.28278],[59.32925,36.28303],[59.32969,36.28378],[59.3299,36.28408],[59.33039,36.28433],[59.33126,36.28475],[59.33207,36.28475],[59.33252,36.28468],[59.33335,36.28447],[59.33342,36.28446],[59.33425,36.28412],[59.33485,36.28387],[59.33572,36.28328],[59.33577,36.28324],[59.3364,36.28288],[59.33732,36.28236],[59.33762,36.28232],[59.33792,36.28234],[59.3381,36.28238],[59.33853,36.28249],[59.33908,36.28251],[59.33972,36.28237],[59.33998,36.2823],[59.34018,36.2822],[59.34099,36.28181],[59.34183,36.2813],[59.34215,36.28128],[59.34248,36.28137],[59.34302,36.28163],[59.34361,36.28179],[59.34393,36.28183],[59.3443,36.28176],[59.34461,36.28174],[59.3449,36.28189],[59.34515,36.28215],[59.34579,36.28275],[59.34662,36.28312],[59.34727,36.28315],[59.34835,36.28317],[59.34907,36.28326],[59.34933,36.28329],[59.34955,36.28374],[59.35012,36.28386],[59.35085,36.28378],[59.3513,36.28388],[59.3514,36.28446],[59.35148,36.28459],[59.35165,36.2847],[59.35171,36.28481],[59.35153,36.28508],[59.35196,36.28528],[59.35238,36.28509],[59.35246,36.28557],[59.35259,36.28577],[59.35352,36.28569],[59.35394,36.28563],[59.35421,36.28598],[59.35424,36.28628],[59.35442,36.28661],[59.3546,36.28682],[59.35486,36.28702],[59.35508,36.28725]]}},{"type":"Feature","properties":{"name":"رودخانه گلستان","minzoom":12},"geometry":{"type":"LineString","coordinates":[[59.35508,36.28725],[59.35523,36.28741],[59.35519,36.28784],[59.35536,36.2881],[59.35553,36.28823],[59.35587,36.28816],[59.35606,36.28823],[59.35604,36.28849],[59.35588,36.28885],[59.35592,36.28899],[59.35617,36.28902],[59.35652,36.28901],[59.35683,36.28915],[59.35696,36.28948],[59.35694,36.28983],[59.3568,36.29006],[59.35689,36.29034],[59.35705,36.2906],[59.35725,36.29075],[59.35769,36.29067],[59.35826,36.29069],[59.35839,36.2908],[59.35859,36.29131],[59.35856,36.29154],[59.35884,36.29175],[59.35889,36.29196],[59.35904,36.2921],[59.35965,36.29242],[59.36027,36.29268],[59.36058,36.29293],[59.36081,36.29325],[59.36091,36.29346],[59.36093,36.29364],[59.361,36.2938],[59.36117,36.29394],[59.36166,36.29416],[59.36225,36.29451],[59.36298,36.29502],[59.36342,36.29532],[59.36351,36.29545],[59.36356,36.29563],[59.3636,36.29581],[59.36368,36.29596],[59.3638,36.29605],[59.36397,36.29614],[59.36432,36.29619],[59.36509,36.29643],[59.36526,36.29645],[59.36545,36.29641],[59.36567,36.29637],[59.36582,36.29644],[59.36595,36.29658],[59.36611,36.29673],[59.36633,36.29678],[59.36665,36.29678],[59.36686,36.29678],[59.36701,36.29685],[59.36711,36.29701],[59.36725,36.29725],[59.36735,36.29743],[59.36752,36.29763],[59.36776,36.29776],[59.36796,36.29787],[59.36813,36.29787],[59.36823,36.29781],[59.36833,36.29784],[59.36844,36.29794],[59.36858,36.29811],[59.36877,36.29827],[59.36901,36.29838],[59.36911,36.29845],[59.36925,36.29848],[59.36948,36.29849],[59.36992,36.29846],[59.37019,36.29843],[59.37049,36.29851],[59.37076,36.29869],[59.3709,36.29886],[59.37104,36.29895],[59.37137,36.29901],[59.37153,36.2991],[59.37175,36.29926],[59.37198,36.29932],[59.37212,36.29932],[59.37231,36.29938]]}},{"type":"Feature","properties":{"name":"رودخانه ارغوان","minzoom":12},"geometry":{"type":"LineString","coordinates":[[59.31169,36.27303],[59.31218,36.27369],[59.3125,36.27385],[59.31238,36.27427],[59.31234,36.27443],[59.31207,36.2747],[59.31214,36.27488],[59.31224,36.27514],[59.31243,36.27534],[59.31269,36.27551],[59.31273,36.27553],[59.31327,36.2758],[59.31365,36.27596],[59.31368,36.27596],[59.31408,36.27599],[59.31419,36.27602],[59.31434,36.27621],[59.31426,36.2764],[59.3145,36.27654],[59.31456,36.27674],[59.31467,36.27693],[59.31475,36.27711],[59.31476,36.27712]]}},{"type":"Feature","properties":{"name":"رودخانه فصلی ارغوتن","minzoom":12},"geometry":{"type":"LineString","coordinates":[[59.29661,36.27023],[59.2968,36.27064],[59.297,36.27076],[59.29697,36.27185],[59.29729,36.27213],[59.2972,36.27246],[59.29716,36.27279],[59.29727,36.273],[59.29744,36.27321],[59.29764,36.27333],[59.29786,36.27342],[59.29814,36.27324],[59.29817,36.27296],[59.29861,36.27274],[59.29879,36.2728],[59.29882,36.273],[59.29895,36.27312],[59.29921,36.27296],[59.29936,36.27275],[59.29949,36.27269],[59.29954,36.27253],[59.30008,36.27262],[59.30055,36.27274],[59.30098,36.27284],[59.30129,36.27309],[59.30168,36.27329],[59.30193,36.27351],[59.30218,36.27359],[59.30231,36.27368],[59.30249,36.27377],[59.30263,36.27383],[59.30274,36.27398],[59.30301,36.27404],[59.30326,36.274],[59.30355,36.27393],[59.30397,36.27387],[59.30419,36.2739],[59.30446,36.27399],[59.30459,36.27388],[59.30462,36.2736],[59.30491,36.27349],[59.30517,36.27336],[59.30507,36.27307],[59.30496,36.27287],[59.30508,36.27272],[59.30523,36.27252],[59.30552,36.27241],[59.30594,36.27226],[59.30622,36.27217],[59.30635,36.27206],[59.30644,36.27178]]}},{"type":"Feature","properties":{"name":"شاخه جانبی رودخانه ارغوان","minzoom":12},"geometry":{"type":"LineString","coordinates":[[59.30008,36.2664],[59.30058,36.26685],[59.30058,36.26704],[59.30096,36.26729],[59.30127,36.26792],[59.3015,36.26832],[59.30172,36.26849],[59.30231,36.26853],[59.30257,36.26878],[59.30265,36.26908],[59.30285,36.26932],[59.30316,36.26934],[59.30342,36.26956],[59.30373,36.26978],[59.30404,36.26986],[59.30437,36.27011],[59.30457,36.27049],[59.30474,36.27083],[59.30483,36.27108],[59.30477,36.27134],[59.30482,36.27161],[59.30496,36.27177],[59.30521,36.27185],[59.30563,36.27195],[59.30595,36.27204],[59.30629,36.27195],[59.30644,36.27178],[59.30666,36.27152],[59.30695,36.27146],[59.3072,36.27148],[59.30735,36.27163],[59.30756,36.27159],[59.30766,36.27143],[59.30778,36.27132],[59.30794,36.27133],[59.30828,36.27132],[59.3084,36.27129],[59.30859,36.27126],[59.3087,36.27124],[59.30895,36.27131]]}},{"type":"Feature","properties":{"minzoom":12},"geometry":{"type":"LineString","coordinates":[[59.30895,36.27131],[59.30914,36.27139],[59.30936,36.27146],[59.30977,36.2714],[59.31021,36.27137],[59.31054,36.27145],[59.31066,36.27155],[59.31081,36.27162],[59.31106,36.27162],[59.31133,36.27177],[59.31138,36.27195],[59.31152,36.27207],[59.31159,36.2722],[59.31175,36.27237],[59.31178,36.27259],[59.31174,36.27275],[59.31171,36.27282],[59.31175,36.27291],[59.31169,36.27303]]}},{"type":"Feature","properties":{"minzoom":12},"geometry":{"type":"LineString","coordinates":[[59.43716,36.32875],[59.43724,36.32878]]}},{"type":"Feature","properties":{"minzoom":12},"geometry":{"type":"LineString","coordinates":[[59.42786,36.32645],[59.42845,36.32728],[59.42871,36.32751],[59.42907,36.32781],[59.42939,36.32803],[59.42991,36.32819],[59.43043,36.32826],[59.43076,36.32828],[59.43095,36.32828],[59.43133,36.32826],[59.43163,36.32814],[59.43198,36.32789],[59.4324,36.32756],[59.43299,36.32722],[59.43331,36.32715],[59.43386,36.32721],[59.43417,36.32722],[59.43448,36.32738],[59.43484,36.32752],[59.43536,36.32771],[59.43575,36.32784],[59.43594,36.32797],[59.43604,36.32813],[59.43628,36.32826],[59.43671,36.32847],[59.43703,36.3287],[59.43716,36.32875]]}},{"type":"Feature","properties":{"name":"کال امیر آباد","minzoom":12},"geometry":{"type":"LineString","coordinates":[[59.66018,36.2694],[59.66082,36.27009],[59.66398,36.27365],[59.66687,36.27677],[59.67016,36.28051],[59.67199,36.28249]]}},{"type":"Feature","properties":{"name":"کال امیر آباد","minzoom":12},"geometry":{"type":"LineString","coordinates":[[59.65966,36.26882],[59.66018,36.2694]]}},{"type":"Feature","properties":{"minzoom":12},"geometry":{"type":"LineString","coordinates":[[59.46996,36.3454],[59.47053,36.34549],[59.47107,36.34553],[59.47157,36.34556],[59.47177,36.34555],[59.47236,36.34544],[59.47271,36.34543],[59.47321,36.34553],[59.4745,36.34596],[59.47491,36.34606],[59.47535,36.34607],[59.47575,36.34605],[59.47615,36.34608],[59.47664,36.34599],[59.47715,36.34605],[59.47769,36.3461],[59.4782,36.34608],[59.47919,36.34591],[59.48059,36.34571],[59.48156,36.3455],[59.48189,36.34553],[59.48239,36.34554],[59.48367,36.34541],[59.4847,36.34529],[59.48536,36.34535],[59.48575,36.34545],[59.48793,36.34544],[59.49063,36.34528],[59.49288,36.34514],[59.49507,36.345],[59.49755,36.34484],[59.49842,36.34478]]}},{"type":"Feature","properties":{"name":"کارده","minzoom":12},"geometry":{"type":"LineString","coordinates":[[59.53968,36.44061],[59.53965,36.44053],[59.53977,36.44018],[59.53969,36.44],[59.53953,36.43977],[59.53947,36.43945],[59.53943,36.43919],[59.5392,36.43903],[59.53876,36.43907],[59.53823,36.43918],[59.538,36.43922],[59.53767,36.43912],[59.53742,36.43898],[59.53737,36.43872],[59.53719,36.43834],[59.53713,36.43818]]}},{"type":"Feature","properties":{"name":"کارده","minzoom":12},"geometry":{"type":"LineString","coordinates":[[59.53972,36.44073],[59.53968,36.44061]]}},{"type":"Feature","properties":{"name":"کارده","minzoom":12},"geometry":{"type":"LineString","coordinates":[[59.64553,36.54959],[59.64522,36.54936],[59.6451,36.54928],[59.64482,36.549],[59.64451,36.5485],[59.6443,36.54806],[59.64405,36.54776],[59.64346,36.54722],[59.64298,36.54683],[59.64257,36.54659],[59.64214,36.54627],[59.64175,36.54585],[59.64145,36.54555],[59.64118,36.54517],[59.64086,36.54454],[59.6407,36.54412],[59.64073,36.54378],[59.64086,36.54348],[59.6408,36.54313],[59.64064,36.54289],[59.64032,36.54273],[59.63963,36.54239],[59.63892,36.54201],[59.63836,36.5418],[59.63788,36.5416],[59.63746,36.54124],[59.63696,36.54078],[59.63674,36.54039],[59.63674,36.54004],[59.63674,36.53964],[59.6365,36.53936],[59.63607,36.53886],[59.63576,36.53823],[59.63539,36.53761],[59.63488,36.537],[59.63462,36.53633],[59.63426,36.53544],[59.63385,36.53486],[59.63324,36.53424],[59.63248,36.53375],[59.63168,36.53323],[59.63138,36.53285],[59.63133,36.53242],[59.63142,36.53203],[59.63165,36.53186],[59.63194,36.53154],[59.63217,36.53109],[59.63222,36.53067],[59.63213,36.53022],[59.63201,36.52978],[59.63199,36.52942],[59.63168,36.5292],[59.63129,36.52906],[59.6309,36.52908],[59.63052,36.52908],[59.63003,36.52896],[59.62973,36.52874],[59.62941,36.52849],[59.62907,36.52831],[59.62885,36.52808],[59.62886,36.52779],[59.62891,36.52741],[59.62879,36.5269],[59.62866,36.52644],[59.62844,36.52611],[59.62802,36.52583],[59.6273,36.52551],[59.62701,36.52526],[59.62683,36.52498],[59.62662,36.52455],[59.6263,36.5243],[59.62573,36.52393],[59.62542,36.52355],[59.62527,36.52309],[59.62528,36.52278],[59.62545,36.52215],[59.62561,36.52167],[59.62554,36.52129],[59.62511,36.52084],[59.62465,36.52048],[59.62439,36.51999],[59.62429,36.5196],[59.62444,36.51922],[59.62466,36.51879],[59.62478,36.51827],[59.62487,36.51777],[59.625,36.51732],[59.62508,36.5167],[59.62493,36.51624],[59.62465,36.51591],[59.62458,36.51564],[59.62488,36.5154],[59.6253,36.51502],[59.62548,36.51483],[59.6255,36.51459],[59.6252,36.51435],[59.62452,36.51411],[59.62404,36.51371],[59.62361,36.51331],[59.62317,36.51293],[59.62257,36.51256],[59.62227,36.51218],[59.62204,36.51157],[59.62193,36.51104],[59.62185,36.51051],[59.62179,36.51004],[59.62145,36.50955],[59.62105,36.5092],[59.62053,36.5089],[59.61997,36.50836],[59.6195,36.50795],[59.61888,36.50761],[59.61821,36.50729],[59.61757,36.50677],[59.61682,36.50606],[59.61645,36.50542],[59.6161,36.50486],[59.61544,36.50463],[59.61476,36.50441],[59.6141,36.50382],[59.61384,36.50338],[59.61408,36.50273],[59.61402,36.50196],[59.61372,36.50145],[59.61323,36.50113],[59.6127,36.50103],[59.61248,36.50066],[59.61244,36.50021],[59.61233,36.4995],[59.61219,36.4989],[59.61225,36.49824],[59.61245,36.49749],[59.61205,36.49671],[59.61134,36.49598],[59.60984,36.49528],[59.6092,36.49508],[59.60835,36.49472],[59.60783,36.49395],[59.60757,36.49289],[59.60757,36.49151],[59.6071,36.49046],[59.60608,36.48983],[59.60457,36.48912],[59.60396,36.48889],[59.6031,36.48817],[59.602,36.4869],[59.60064,36.48588],[59.59992,36.48476],[59.59942,36.48392],[59.59847,36.48312],[59.59807,36.48217],[59.59819,36.48154],[59.59774,36.48071],[59.59714,36.48021],[59.5967,36.47979],[59.59626,36.47879],[59.59588,36.47784],[59.59466,36.47687],[59.59373,36.47559],[59.59275,36.47413],[59.59186,36.47275],[59.59086,36.47148],[59.59047,36.47034],[59.59063,36.46953],[59.58999,36.46835],[59.58932,36.46749],[59.58892,36.46684],[59.58801,36.4664],[59.58724,36.4657],[59.58645,36.46497],[59.58538,36.46437],[59.58497,36.46396],[59.58473,36.46342],[59.58416,36.46318],[59.58349,36.46303],[59.58297,36.46244],[59.58234,36.46155],[59.58167,36.46115],[59.58042,36.46075],[59.57958,36.46034],[59.57859,36.45955],[59.57765,36.45904],[59.57662,36.45867],[59.57579,36.45789],[59.5752,36.45733],[59.57442,36.45666],[59.5742,36.45613],[59.57339,36.45575],[59.57236,36.45527],[59.57119,36.45545],[59.5703,36.45557],[59.56916,36.45542],[59.56769,36.45553],[59.56665,36.45594],[59.56514,36.45666],[59.5643,36.45683],[59.5631,36.45672],[59.56159,36.45658],[59.5604,36.45633],[59.55949,36.45597],[59.5583,36.45607],[59.55708,36.45635],[59.55597,36.45653],[59.55445,36.45639],[59.55252,36.45613],[59.55109,36.45589],[59.54979,36.45545],[59.54875,36.45473],[59.54707,36.45347],[59.54615,36.45286],[59.54592,36.45236],[59.54558,36.45161],[59.54479,36.45094],[59.54382,36.45031],[59.54355,36.44979],[59.5437,36.44943],[59.54369,36.449],[59.54394,36.44846],[59.54405,36.44794],[59.54375,36.44743],[59.54288,36.44718],[59.54253,36.44684],[59.54228,36.44621],[59.54191,36.44593],[59.5417,36.44552],[59.54172,36.44518],[59.54148,36.44494],[59.54101,36.44473],[59.54089,36.44444],[59.54069,36.44411],[59.54007,36.44373],[59.53972,36.44337],[59.53972,36.44302],[59.53982,36.44272],[59.54004,36.44256],[59.54014,36.44212],[59.5402,36.44164],[59.53992,36.44118],[59.53972,36.44073]]}},{"type":"Feature","properties":{"minzoom":12},"geometry":{"type":"LineString","coordinates":[[59.44809,36.34453],[59.44838,36.34477],[59.44857,36.34493],[59.44866,36.34518],[59.44857,36.34542],[59.44847,36.34557],[59.44848,36.34573],[59.44865,36.34616],[59.44888,36.34654],[59.44907,36.34687],[59.44943,36.34723],[59.44975,36.34752],[59.44989,36.34767],[59.44997,36.34783],[59.44997,36.34854],[59.45004,36.34883],[59.4502,36.34906],[59.45038,36.34912],[59.45058,36.34908],[59.4508,36.34897],[59.45097,36.34895],[59.4512,36.34906],[59.45143,36.34914],[59.45163,36.34915],[59.45188,36.3491],[59.45219,36.34897],[59.45239,36.3489],[59.45259,36.3489],[59.45277,36.34893],[59.4529,36.34894],[59.45308,36.34893],[59.45333,36.34882],[59.45366,36.34869],[59.45387,36.34862],[59.45415,36.34848],[59.45447,36.34831],[59.45468,36.34818],[59.45483,36.34807],[59.45492,36.34802],[59.45505,36.34796],[59.45535,36.34783],[59.45733,36.34727],[59.46195,36.34573]]}},{"type":"Feature","properties":{"minzoom":12},"geometry":{"type":"LineString","coordinates":[[59.44781,36.34398],[59.44809,36.34453]]}},{"type":"Feature","properties":{"name":"کال امیر آباد","minzoom":12},"geometry":{"type":"LineString","coordinates":[[59.65749,36.26641],[59.65872,36.26776],[59.65966,36.26882]]}},{"type":"Feature","properties":{"name":"کال امیر آباد","minzoom":12},"geometry":{"type":"LineString","coordinates":[[59.65722,36.26602],[59.65749,36.26641]]}},{"type":"Feature","properties":{"minzoom":12},"geometry":{"type":"LineString","coordinates":[[59.65454,36.33434],[59.65454,36.33423],[59.65455,36.33413],[59.65457,36.33406],[59.6547,36.33401],[59.655,36.33391],[59.65536,36.33376],[59.65557,36.33368],[59.65581,36.33366],[59.65593,36.33358],[59.65607,36.33352],[59.65622,36.33347],[59.65636,36.33341],[59.65649,36.33336],[59.65653,36.33332],[59.65657,36.33325],[59.65662,36.33323],[59.65671,36.33323],[59.65679,36.33327],[59.65684,36.3333],[59.65694,36.33326],[59.65708,36.33316],[59.65707,36.33303],[59.6571,36.3329]]}},{"type":"Feature","properties":{"minzoom":12},"geometry":{"type":"LineString","coordinates":[[59.91265,36.21543],[59.91319,36.2157],[59.91372,36.2158],[59.91426,36.21605],[59.91458,36.21616],[59.91511,36.21633],[59.91522,36.21639],[59.91539,36.2166],[59.91571,36.21678],[59.9159,36.21707],[59.91608,36.21732],[59.91616,36.21767],[59.91622,36.21799],[59.91612,36.21833],[59.91615,36.21846],[59.91627,36.2187],[59.91648,36.21903],[59.91658,36.21939],[59.91661,36.21963],[59.9167,36.21985],[59.91688,36.22004],[59.91691,36.22018],[59.91694,36.22034],[59.91698,36.22059],[59.91702,36.22078],[59.91696,36.22097],[59.91681,36.2211],[59.91659,36.22127],[59.9165,36.22142],[59.91639,36.22158],[59.91627,36.22172],[59.91605,36.22183],[59.91578,36.22187],[59.91534,36.22183],[59.91515,36.22183],[59.9148,36.22185],[59.91451,36.22194],[59.91432,36.22203],[59.91405,36.22211],[59.91391,36.2221],[59.91378,36.22214],[59.91363,36.22224],[59.91343,36.22228],[59.91317,36.22242],[59.91289,36.22256],[59.91276,36.22259],[59.91269,36.22268],[59.91264,36.22278],[59.91252,36.22288],[59.91234,36.22298],[59.91212,36.22313],[59.91193,36.2233],[59.91183,36.22343],[59.91177,36.22357],[59.9117,36.22363],[59.91166,36.22377],[59.91167,36.22381]]}},{"type":"Feature","properties":{"minzoom":12},"geometry":{"type":"LineString","coordinates":[[59.71251,36.2921],[59.71269,36.29213]]}},{"type":"Feature","properties":{"minzoom":12},"geometry":{"type":"LineString","coordinates":[[59.71246,36.2921],[59.71251,36.2921]]}},{"type":"Feature","properties":{"name":"کال اقبال شرقی","minzoom":12},"geometry":{"type":"LineString","coordinates":[[59.6955,36.2986],[59.69572,36.29869],[59.69592,36.2988],[59.69615,36.29886],[59.69626,36.2989],[59.69639,36.299],[59.69658,36.29908],[59.69672,36.29915],[59.69689,36.29931],[59.69708,36.29944],[59.69747,36.29969],[59.69788,36.29989],[59.69809,36.29999],[59.69822,36.3001],[59.69832,36.30028],[59.69841,36.30037],[59.69856,36.30043]]}},{"type":"Feature","properties":{"name":"کال اقبال شرقی","minzoom":12},"geometry":{"type":"LineString","coordinates":[[59.69541,36.29852],[59.6955,36.2986]]}},{"type":"Feature","properties":{"minzoom":12},"geometry":{"type":"LineString","coordinates":[[59.71269,36.29213],[59.7128,36.29219],[59.71289,36.29226],[59.71288,36.29239],[59.71269,36.29258],[59.7124,36.2928],[59.71227,36.29289],[59.71253,36.29316],[59.71308,36.29361],[59.71355,36.29401],[59.71365,36.29404],[59.71376,36.29415],[59.71388,36.29418],[59.71404,36.29421],[59.71416,36.29427],[59.7143,36.29428],[59.71449,36.29422],[59.71465,36.2942],[59.7149,36.29413],[59.71502,36.2941],[59.71515,36.294],[59.71531,36.29392],[59.71548,36.29385],[59.71564,36.29378],[59.71585,36.29372],[59.71617,36.29361],[59.71677,36.29332],[59.71868,36.29463]]}},{"type":"Feature","properties":{"name":"طرق","minzoom":12},"geometry":{"type":"LineString","coordinates":[[59.59575,36.18109],[59.59594,36.18126],[59.59612,36.18129],[59.59636,36.18146],[59.59658,36.18163],[59.59679,36.18177],[59.59706,36.18199],[59.59731,36.18217],[59.59749,36.18226],[59.59786,36.18224],[59.59812,36.18216],[59.59838,36.182],[59.59864,36.18173],[59.59894,36.18154],[59.59924,36.18137],[59.59975,36.18117],[59.60009,36.18106],[59.60061,36.18097],[59.60102,36.18095],[59.60143,36.18085],[59.60194,36.18071],[59.60213,36.18065],[59.60241,36.1806],[59.60272,36.18057],[59.60336,36.18064],[59.60357,36.18068],[59.60385,36.18073],[59.60406,36.18073],[59.60431,36.18073],[59.60454,36.18067],[59.60481,36.18054],[59.60514,36.18038],[59.60539,36.18023],[59.6055,36.18006],[59.60561,36.17993],[59.60582,36.17982],[59.60615,36.17969],[59.60637,36.17956],[59.60653,36.17941],[59.60682,36.17931],[59.60734,36.17921],[59.6081,36.17912],[59.60877,36.17903],[59.60951,36.17878],[59.61,36.17865],[59.61054,36.17852],[59.6115,36.1786],[59.61241,36.17888],[59.61258,36.17918],[59.6131,36.17956],[59.61422,36.17974],[59.61546,36.17981],[59.61649,36.1801],[59.61756,36.18049],[59.61846,36.1806],[59.61929,36.1808],[59.61992,36.18131],[59.6204,36.18194],[59.62084,36.18264],[59.62116,36.18353],[59.62155,36.18454],[59.62193,36.18529],[59.6224,36.18591],[59.62258,36.18642],[59.62271,36.18723],[59.62313,36.1883],[59.62319,36.18936],[59.62311,36.18988],[59.62308,36.19075],[59.62313,36.19157],[59.62323,36.19198],[59.62341,36.19226],[59.62403,36.1925],[59.62472,36.19307],[59.62523,36.19354],[59.62625,36.19389],[59.62734,36.1941],[59.62811,36.19419],[59.62914,36.19414],[59.63055,36.1942],[59.63145,36.19438],[59.63267,36.19493],[59.63356,36.19571],[59.6347,36.1961],[59.63576,36.19662],[59.63665,36.19724],[59.6372,36.19772],[59.63759,36.19825],[59.63784,36.19849],[59.63818,36.1987],[59.63857,36.1988],[59.64173,36.19904],[59.64777,36.19918],[59.65452,36.1993],[59.65619,36.19953],[59.65844,36.19985],[59.65879,36.19982],[59.6601,36.19995],[59.66207,36.20029],[59.66337,36.20041],[59.66416,36.20033],[59.6649,36.20037],[59.6651,36.2004],[59.66526,36.20039],[59.66543,36.2003],[59.66548,36.2002],[59.66553,36.20013],[59.66559,36.20012],[59.66566,36.20012],[59.66578,36.20013],[59.66609,36.20019],[59.66647,36.20019],[59.66691,36.20009],[59.66721,36.20002],[59.66827,36.19994],[59.66918,36.19991],[59.6697,36.19991],[59.67027,36.19996],[59.67077,36.20004],[59.67143,36.20012],[59.67173,36.20017],[59.67289,36.20033],[59.67398,36.20041],[59.67509,36.20069],[59.67613,36.20097],[59.67673,36.20129],[59.67717,36.20169],[59.67752,36.20204],[59.67788,36.20233],[59.67858,36.20261],[59.67885,36.20275],[59.6793,36.20287],[59.67976,36.20292],[59.68036,36.20303],[59.68068,36.20315],[59.68116,36.20346],[59.68174,36.20389],[59.68205,36.2041],[59.68248,36.20438],[59.6832,36.20468],[59.68373,36.20494],[59.68402,36.20519],[59.68425,36.20546],[59.68438,36.20577],[59.68487,36.20631],[59.68534,36.20677],[59.68576,36.20715],[59.68619,36.20749],[59.6866,36.20772],[59.68738,36.20831],[59.68772,36.20856],[59.68858,36.20921],[59.68922,36.20965],[59.69032,36.2103],[59.6913,36.21102],[59.69175,36.21142],[59.69268,36.21213],[59.69331,36.21247],[59.69378,36.21306],[59.69416,36.21399],[59.69447,36.21455],[59.69497,36.21506],[59.69569,36.21571],[59.69619,36.21613],[59.69692,36.2168],[59.69736,36.21737],[59.69788,36.2178],[59.69876,36.21828],[59.69937,36.21886],[59.69963,36.21945],[59.69987,36.22004],[59.70046,36.22073],[59.70134,36.22164],[59.70267,36.22291],[59.70308,36.22326],[59.70329,36.22377],[59.70353,36.22429],[59.70406,36.22471],[59.70478,36.22541],[59.70527,36.22619],[59.70566,36.22659],[59.70657,36.22715],[59.70724,36.22787],[59.70794,36.22842],[59.70859,36.2292],[59.70938,36.22984],[59.71006,36.23062],[59.7104,36.23118],[59.71105,36.23172],[59.71198,36.23231],[59.71245,36.23306],[59.71274,36.23387],[59.71303,36.2346],[59.71337,36.235],[59.71409,36.23562],[59.71467,36.23585],[59.71527,36.23601],[59.71563,36.23626],[59.71567,36.23662],[59.71558,36.23719],[59.71584,36.23765],[59.71654,36.23779],[59.71686,36.23803],[59.71721,36.23858],[59.71785,36.2392],[59.71806,36.23976],[59.71813,36.24023],[59.71847,36.2408],[59.71884,36.24134],[59.71942,36.24211],[59.71991,36.24251],[59.72044,36.24329],[59.72097,36.24416],[59.72152,36.24493],[59.72176,36.24548],[59.72177,36.24605],[59.72173,36.24678],[59.72178,36.24737],[59.72204,36.24791],[59.72325,36.2495],[59.72408,36.25024],[59.72452,36.25051],[59.72486,36.25094],[59.72515,36.25121],[59.72531,36.2517],[59.7258,36.25241],[59.7261,36.25301],[59.72637,36.25397],[59.72634,36.25428],[59.72626,36.25449],[59.72646,36.25476],[59.72652,36.25525],[59.72635,36.25566],[59.72659,36.25619],[59.72718,36.25682],[59.72733,36.25753],[59.72721,36.25819],[59.72748,36.2589],[59.72785,36.25931],[59.72858,36.25971],[59.72909,36.26015],[59.72951,36.26064],[59.73002,36.26114],[59.73055,36.26127],[59.73098,36.26138],[59.73126,36.26167],[59.73112,36.26212],[59.73124,36.26245],[59.73165,36.26271],[59.73222,36.2629],[59.73297,36.26291],[59.7337,36.26289],[59.73429,36.26296],[59.73521,36.26317],[59.73601,36.26324],[59.7365,36.26325],[59.73694,36.26323],[59.73739,36.26333],[59.738,36.26348],[59.73841,36.26363],[59.73865,36.26381],[59.73907,36.26383],[59.73973,36.26378],[59.74033,36.26383],[59.74077,36.26394],[59.74124,36.26416],[59.74175,36.26436],[59.74239,36.26474],[59.74275,36.26514],[59.74316,36.26558],[59.74367,36.26606],[59.7441,36.26654],[59.74417,36.26664],[59.74479,36.26744],[59.74521,36.26802],[59.74557,36.26835],[59.74606,36.26854],[59.74673,36.26879],[59.74733,36.26887],[59.74771,36.26882],[59.7479,36.26865],[59.74799,36.26838],[59.74805,36.26817],[59.74821,36.2681],[59.74866,36.2679],[59.7491,36.2679],[59.74963,36.26803],[59.75007,36.26815],[59.75038,36.26828],[59.75048,36.26856],[59.75063,36.26908],[59.75081,36.26957],[59.75097,36.27001],[59.75113,36.27056],[59.75133,36.27088],[59.75163,36.2711],[59.75202,36.27119],[59.7525,36.27128],[59.7531,36.27132],[59.75347,36.27116],[59.75375,36.27098],[59.75397,36.2708],[59.75419,36.27047],[59.75436,36.27032],[59.75459,36.27022],[59.75485,36.27024],[59.75503,36.27038],[59.75517,36.27064],[59.75532,36.27082],[59.75562,36.27098],[59.756,36.27104],[59.75634,36.27127],[59.75667,36.27172],[59.75692,36.27221],[59.75719,36.27256],[59.75762,36.27288],[59.75798,36.27307],[59.75838,36.27308],[59.75872,36.27297],[59.75914,36.27283],[59.75952,36.27278],[59.76006,36.27273],[59.76076,36.27265],[59.76119,36.27262],[59.76141,36.27274],[59.76153,36.273],[59.7616,36.27325],[59.76185,36.27353],[59.76223,36.27375],[59.76282,36.27407],[59.76336,36.27455],[59.76386,36.2751],[59.7642,36.27532],[59.76447,36.27541],[59.76513,36.27555],[59.7658,36.27559],[59.76662,36.27556],[59.76706,36.27553],[59.76755,36.2755],[59.768,36.2756],[59.76869,36.2758],[59.76903,36.27601],[59.76936,36.27628],[59.76978,36.27644],[59.77029,36.27655],[59.77084,36.27669],[59.77141,36.27677],[59.77183,36.27682],[59.77211,36.27692],[59.77229,36.27718],[59.77257,36.27742],[59.77284,36.27753],[59.77317,36.27777],[59.77349,36.27787],[59.77408,36.27799],[59.77476,36.27807],[59.77584,36.27836],[59.77675,36.27852],[59.77732,36.27867],[59.77766,36.27868],[59.77893,36.27924],[59.77915,36.27936],[59.77932,36.27948],[59.77965,36.27954],[59.77983,36.27968],[59.78007,36.27996],[59.78051,36.28019],[59.78091,36.28027],[59.78126,36.28029],[59.78179,36.28035],[59.78201,36.28043],[59.78238,36.28071],[59.78248,36.28104],[59.78243,36.28163],[59.78225,36.28216],[59.78195,36.28263],[59.7818,36.28327],[59.78168,36.28382],[59.7817,36.28426]]}},{"type":"Feature","properties":{"minzoom":12},"geometry":{"type":"LineString","coordinates":[[59.2924,36.27609],[59.29253,36.27621],[59.29276,36.27626],[59.29296,36.27624],[59.29313,36.27611],[59.29324,36.27593],[59.29334,36.27577],[59.29357,36.27568],[59.29387,36.2757],[59.29407,36.27569],[59.29423,36.2756],[59.29431,36.27543],[59.29442,36.27528],[59.29464,36.27509],[59.29496,36.27489],[59.29497,36.27479],[59.29489,36.27473],[59.29473,36.27466],[59.29465,36.27457],[59.29468,36.27447],[59.29481,36.27441],[59.29497,36.27436],[59.29504,36.27427],[59.29504,36.27414],[59.29495,36.27403],[59.2949,36.27393],[59.29492,36.27386],[59.29505,36.27381],[59.29523,36.27384],[59.29537,36.27393],[59.29546,36.27404],[59.29557,36.27407],[59.29566,36.27405],[59.29572,36.27399],[59.29571,36.27389],[59.29564,36.27379],[59.29561,36.27369],[59.29567,36.27361],[59.29584,36.27359],[59.29603,36.2736],[59.29637,36.27356],[59.29667,36.27345],[59.29673,36.27334],[59.29677,36.27319],[59.29691,36.27306],[59.29712,36.27299],[59.29727,36.273]]}},{"type":"Feature","properties":{"name":"رودخانه فصلی چهل بازه","minzoom":12},"geometry":{"type":"LineString","coordinates":[[59.16241,36.48099],[59.16268,36.48108],[59.16287,36.48115],[59.16288,36.48116],[59.16299,36.48124],[59.16301,36.48125],[59.16316,36.48139],[59.16334,36.4816],[59.16343,36.48169],[59.16365,36.48181],[59.16381,36.48192],[59.16383,36.48193],[59.16392,36.48204],[59.16406,36.48232],[59.16418,36.48257],[59.16439,36.48297],[59.16444,36.48316],[59.16453,36.4833],[59.16468,36.48343],[59.16491,36.48367],[59.16515,36.48392],[59.16533,36.48417],[59.16547,36.48438],[59.16571,36.48463],[59.16597,36.48483],[59.16616,36.48491],[59.16636,36.48502],[59.16656,36.4852],[59.1668,36.48537],[59.16694,36.48548],[59.16714,36.48564],[59.16731,36.4858],[59.16738,36.48597],[59.16766,36.48671],[59.16776,36.48696],[59.16783,36.48723],[59.16796,36.48757],[59.16824,36.48791],[59.16848,36.4882],[59.16876,36.48848],[59.16908,36.48868],[59.16959,36.48896],[59.17028,36.48973],[59.17103,36.49071],[59.17154,36.49165],[59.17182,36.49258],[59.17251,36.49324],[59.17295,36.4938],[59.17347,36.4943],[59.17433,36.4949],[59.17649,36.49592],[59.17738,36.49663],[59.18208,36.50093],[59.18409,36.5025],[59.18609,36.5039],[59.188,36.50551],[59.18909,36.50697],[59.19065,36.50767],[59.19229,36.50877],[59.19332,36.50997],[59.1943,36.5109],[59.19527,36.5115],[59.19571,36.51209],[59.1964,36.51327],[59.19747,36.51401],[59.19828,36.51474],[59.19889,36.51515],[59.19938,36.51566],[59.19964,36.5165],[59.19968,36.51702],[59.19954,36.51734],[59.19964,36.51761],[59.19988,36.51797],[59.20007,36.51835],[59.20048,36.51867],[59.20136,36.51944]]}},{"type":"Feature","properties":{"minzoom":12},"geometry":{"type":"LineString","coordinates":[[59.54664,36.20014],[59.54676,36.19986],[59.54684,36.19959],[59.54691,36.19931],[59.547,36.1992],[59.54699,36.19907],[59.54691,36.19893],[59.54668,36.19867],[59.5465,36.19834],[59.54649,36.19817],[59.54659,36.1981],[59.54683,36.19802],[59.54691,36.19793],[59.5469,36.19778],[59.54678,36.19745],[59.54663,36.19711],[59.54654,36.19684],[59.54642,36.19653],[59.54628,36.19604],[59.54633,36.19589],[59.54639,36.1958],[59.54649,36.19575],[59.54672,36.19565],[59.54686,36.19541],[59.54707,36.19536],[59.54725,36.19536]]}},{"type":"Feature","properties":{"name":"کشف رود","minzoom":12},"geometry":{"type":"LineString","coordinates":[[59.6367,36.36493],[59.63682,36.36491],[59.6371,36.36487],[59.638,36.36476],[59.63849,36.36469],[59.63926,36.36454],[59.63953,36.36442],[59.63995,36.364],[59.64021,36.36386],[59.64051,36.3638],[59.6412,36.3637],[59.64192,36.36351],[59.64276,36.36335],[59.6435,36.36306],[59.64415,36.36254],[59.64472,36.36102],[59.64524,36.36025],[59.64579,36.35978],[59.64632,36.35913],[59.6467,36.35885],[59.64722,36.35859],[59.64768,36.3584],[59.64803,36.35826],[59.64843,36.35806],[59.64878,36.35784],[59.64925,36.35755],[59.6499,36.35708],[59.65009,36.35692],[59.65023,36.35665],[59.65044,36.35596],[59.65061,36.35561],[59.65075,36.35542],[59.65089,36.35501],[59.651,36.35474],[59.65112,36.35459],[59.6513,36.35449],[59.65148,36.35446],[59.65166,36.3545],[59.65235,36.35487],[59.6526,36.35497],[59.65293,36.35504],[59.65337,36.35509],[59.65372,36.35511],[59.65393,36.35509],[59.65405,36.35498],[59.65412,36.35484],[59.65407,36.35456],[59.65418,36.35392],[59.65426,36.35326],[59.65431,36.35301],[59.65442,36.35268],[59.65458,36.35246],[59.65495,36.35226],[59.65559,36.35211],[59.656,36.35199],[59.6564,36.35193],[59.65679,36.35203],[59.65744,36.35222],[59.65845,36.35243],[59.65882,36.35247],[59.65926,36.35242],[59.65969,36.35228],[59.66002,36.35213],[59.66029,36.35184],[59.66046,36.35163],[59.66068,36.35134],[59.66091,36.35118],[59.66123,36.351],[59.6619,36.35065],[59.66236,36.35046],[59.663,36.35033],[59.66349,36.35021],[59.66378,36.35025],[59.66418,36.35034],[59.66462,36.35051],[59.66488,36.35063],[59.66508,36.35068],[59.66543,36.35064],[59.66567,36.3505],[59.66586,36.35042],[59.66601,36.35031],[59.66613,36.35014],[59.66621,36.34999],[59.66624,36.34982],[59.6662,36.34968],[59.66598,36.34938],[59.66568,36.34902],[59.66546,36.34878],[59.66534,36.34859],[59.66539,36.34845],[59.66579,36.34794],[59.66628,36.34736],[59.66639,36.34706],[59.66695,36.34666],[59.66764,36.34628],[59.66795,36.34612],[59.66878,36.34577],[59.66897,36.34565],[59.66908,36.34552],[59.66927,36.34521],[59.66945,36.34474],[59.66963,36.34433],[59.66977,36.34406],[59.66989,36.34388],[59.67012,36.34368],[59.67048,36.34322],[59.67067,36.34304],[59.67092,36.34287],[59.67125,36.34278],[59.67159,36.34267],[59.672,36.34252],[59.67253,36.34232],[59.673,36.34215],[59.67347,36.34196],[59.67373,36.3418],[59.67415,36.34144],[59.67469,36.34083],[59.6749,36.34024],[59.67496,36.33993],[59.67498,36.33965],[59.67499,36.33941],[59.67507,36.3392],[59.67518,36.33902],[59.67536,36.33884],[59.67581,36.33847],[59.67636,36.3381],[59.67661,36.33794],[59.67691,36.33788],[59.67715,36.33784],[59.67749,36.33772],[59.67775,36.3376],[59.67812,36.33753],[59.67832,36.33749],[59.67919,36.33714],[59.67961,36.33702],[59.67996,36.33695],[59.68029,36.33694],[59.68126,36.33693],[59.68184,36.33692],[59.68252,36.33688],[59.68275,36.33684],[59.68301,36.33675],[59.68349,36.33658],[59.68378,36.33643],[59.6842,36.33617],[59.68446,36.33599],[59.68476,36.33591],[59.68495,36.33587],[59.68513,36.3359],[59.6859,36.33614],[59.68607,36.33616],[59.68628,36.33613],[59.68656,36.33606],[59.68673,36.33596],[59.68693,36.33576],[59.68716,36.33561],[59.68728,36.33543],[59.68736,36.33532],[59.68741,36.33527],[59.68755,36.33518],[59.68799,36.33507],[59.68875,36.33485],[59.68913,36.3348],[59.68946,36.33461],[59.69017,36.33411],[59.69088,36.3337],[59.6911,36.33351],[59.69126,36.33332],[59.69134,36.33317],[59.69154,36.33299],[59.69196,36.33272],[59.69215,36.33254],[59.69246,36.33236],[59.69296,36.33199],[59.69334,36.3317],[59.69375,36.33137],[59.69402,36.33102],[59.69441,36.33054],[59.69466,36.33014],[59.695,36.32981],[59.6955,36.32948],[59.69589,36.32914],[59.69628,36.32882],[59.69653,36.32844],[59.69685,36.32813],[59.69722,36.32781],[59.69759,36.3276],[59.69808,36.32739],[59.69857,36.32732],[59.69929,36.32728],[59.69967,36.32727],[59.69993,36.32724],[59.70021,36.32716],[59.70055,36.32703],[59.70096,36.32679],[59.70139,36.3266],[59.70159,36.32644],[59.70176,36.32618],[59.70225,36.32543],[59.7029,36.32473],[59.70324,36.32423],[59.70445,36.32271],[59.70527,36.32159],[59.70537,36.32136],[59.70533,36.32115],[59.70577,36.32057],[59.70612,36.32037],[59.70683,36.31932],[59.7073,36.31899],[59.70752,36.3187],[59.70775,36.31815],[59.70788,36.31794],[59.70903,36.31763],[59.70988,36.31746],[59.7108,36.3173],[59.71138,36.31719],[59.71263,36.31697],[59.71325,36.31655],[59.71331,36.31636],[59.71334,36.31613],[59.71326,36.31573],[59.71335,36.31542],[59.71266,36.31456],[59.71206,36.31379],[59.71162,36.31322],[59.71162,36.31279],[59.71132,36.31219],[59.71102,36.31196],[59.71072,36.31144],[59.71063,36.31088],[59.71091,36.31047],[59.71134,36.3103],[59.71214,36.31021],[59.71303,36.31021],[59.71405,36.31028],[59.71501,36.31038],[59.71569,36.31038],[59.71635,36.3103],[59.71709,36.30995],[59.71781,36.30954],[59.7182,36.30932],[59.7186,36.30907],[59.7189,36.30891],[59.71917,36.30864],[59.7194,36.30827],[59.71967,36.30794],[59.71997,36.30768],[59.72022,36.30756],[59.72049,36.30761],[59.72075,36.30781],[59.72139,36.30811],[59.72155,36.30816],[59.72162,36.3083],[59.72174,36.30835],[59.72207,36.30837],[59.7223,36.30835],[59.72243,36.30821],[59.72248,36.30803],[59.72249,36.30786],[59.72245,36.30764],[59.72243,36.30744],[59.72225,36.3073],[59.72225,36.30709],[59.72217,36.30691],[59.72181,36.30653],[59.72151,36.30622],[59.72121,36.30603],[59.72085,36.30579],[59.72042,36.30557],[59.72011,36.30535],[59.71996,36.30516],[59.71993,36.3049],[59.72008,36.30453],[59.72029,36.30438],[59.72091,36.30414],[59.72143,36.30394],[59.72176,36.30403],[59.72222,36.30419],[59.72261,36.30427],[59.72289,36.3044],[59.7233,36.30449],[59.72365,36.30447],[59.72408,36.30453],[59.72441,36.3045],[59.7247,36.30433],[59.72481,36.3041],[59.72497,36.30367],[59.72504,36.30323],[59.72505,36.30272],[59.72511,36.30215],[59.7252,36.30156],[59.72517,36.30127],[59.72501,36.30087],[59.72495,36.30073],[59.72485,36.30052],[59.72482,36.3002],[59.72497,36.29989],[59.72521,36.29968],[59.72535,36.29948],[59.72537,36.29921],[59.72548,36.29892],[59.72585,36.29859],[59.72615,36.29832],[59.72654,36.29817],[59.7269,36.29805],[59.72729,36.29806],[59.72787,36.29822],[59.72817,36.29841],[59.72848,36.29849],[59.72858,36.29859],[59.72893,36.29864],[59.72927,36.29863],[59.72953,36.29853],[59.72977,36.29836],[59.73007,36.29825],[59.73036,36.29812],[59.73044,36.29798],[59.73048,36.29775],[59.7304,36.2976],[59.73041,36.29742],[59.73048,36.29718],[59.73048,36.29699],[59.73054,36.29679],[59.73046,36.2965],[59.73045,36.29627],[59.73051,36.29608],[59.73068,36.29593],[59.73089,36.2958],[59.73119,36.29566],[59.73149,36.29558],[59.73173,36.29552],[59.7318,36.29535],[59.73176,36.29522],[59.73157,36.29511],[59.73141,36.29498],[59.73136,36.2948],[59.73137,36.29449],[59.73141,36.29432],[59.7316,36.29419],[59.73182,36.29416],[59.73203,36.29423],[59.73249,36.29424],[59.73276,36.29423],[59.73305,36.29416],[59.7335,36.29404],[59.73378,36.29387],[59.73419,36.2938],[59.73449,36.2938],[59.73474,36.29402],[59.7351,36.29433],[59.73548,36.2946],[59.73587,36.29501],[59.73622,36.2951],[59.73655,36.29509],[59.73674,36.295],[59.73694,36.2948],[59.73704,36.29459],[59.73701,36.29434],[59.73703,36.29412],[59.7372,36.29402],[59.73755,36.294],[59.7382,36.29403],[59.7387,36.29409],[59.73911,36.29418],[59.73939,36.29439],[59.7395,36.29462],[59.73962,36.29494],[59.73998,36.29524],[59.74029,36.29542],[59.74062,36.2956],[59.74092,36.29595],[59.74115,36.29622],[59.74149,36.29634],[59.74185,36.29659],[59.7421,36.29686],[59.74233,36.29714],[59.74239,36.29753],[59.74257,36.29801],[59.74269,36.29834],[59.74287,36.29853],[59.74324,36.29877],[59.74354,36.29886],[59.74396,36.29878],[59.74417,36.29864],[59.74454,36.29836],[59.74494,36.29811],[59.74534,36.29778],[59.7458,36.29757],[59.74613,36.29748],[59.74653,36.29741],[59.74709,36.29718],[59.74736,36.29697],[59.74767,36.29688],[59.74798,36.29693],[59.74845,36.29712],[59.74898,36.29745],[59.74963,36.29801],[59.75005,36.2984],[59.75013,36.29859],[59.75005,36.29905],[59.74999,36.29943],[59.75023,36.29994],[59.75047,36.30029],[59.75068,36.30104],[59.75071,36.30158],[59.75078,36.30202],[59.75102,36.3023],[59.75176,36.30251],[59.75215,36.30256],[59.75255,36.30234],[59.75292,36.30233],[59.75323,36.30225],[59.75359,36.30182],[59.75377,36.30135],[59.75389,36.30095],[59.75399,36.30066],[59.75394,36.30032],[59.75401,36.29998],[59.75451,36.29943],[59.75505,36.29892],[59.75551,36.29841],[59.75584,36.29812],[59.75604,36.29779],[59.7562,36.29753],[59.75645,36.29745],[59.7567,36.29745],[59.75758,36.29723],[59.75833,36.29694],[59.75925,36.29656],[59.7596,36.29645],[59.75985,36.2962],[59.76008,36.29601],[59.76038,36.29585],[59.76078,36.29581],[59.76115,36.29578],[59.76147,36.29565],[59.76174,36.29543],[59.76179,36.29516],[59.76188,36.29485],[59.76212,36.29461],[59.76239,36.29434],[59.76248,36.29408],[59.76249,36.29352],[59.76257,36.29292],[59.7627,36.2917],[59.76289,36.2914],[59.76322,36.29118],[59.76354,36.29102],[59.76376,36.2908],[59.76407,36.29063],[59.76425,36.29059],[59.76486,36.29056],[59.76503,36.29058],[59.76516,36.29072],[59.76529,36.29092],[59.76525,36.29105],[59.76514,36.29119],[59.76522,36.29133],[59.76542,36.29146],[59.76567,36.29149],[59.7659,36.29137],[59.76606,36.29119],[59.76628,36.29104],[59.76653,36.29103],[59.76673,36.29095],[59.76695,36.29091],[59.7673,36.29103],[59.76785,36.29108],[59.76823,36.29121],[59.76861,36.29136],[59.76898,36.29137],[59.76937,36.29134],[59.76976,36.29119],[59.7702,36.29088],[59.77096,36.29011],[59.77183,36.28935],[59.77222,36.28898],[59.77277,36.28823],[59.7732,36.28771],[59.77376,36.28725],[59.7743,36.28679],[59.77486,36.28629],[59.7755,36.28558],[59.77588,36.28497],[59.77604,36.28475],[59.77637,36.28453],[59.7768,36.284],[59.77712,36.28351],[59.77723,36.28316],[59.77752,36.28294],[59.77791,36.28278],[59.77844,36.28268],[59.7788,36.28271],[59.77926,36.28292],[59.77956,36.28313],[59.77986,36.28339],[59.78024,36.28342],[59.78065,36.28365],[59.78133,36.28397],[59.7817,36.28426],[59.7819,36.28453],[59.78219,36.28467],[59.78269,36.28461],[59.78319,36.28453],[59.78362,36.28462],[59.78426,36.28471],[59.78476,36.28467],[59.78498,36.28463],[59.78536,36.28446],[59.78583,36.28432],[59.7861,36.28432],[59.78646,36.28429],[59.78695,36.28413],[59.78757,36.28377],[59.78796,36.28349],[59.78818,36.28309],[59.78828,36.28265],[59.78843,36.2821],[59.78856,36.28163],[59.78861,36.28146],[59.78887,36.28112],[59.78924,36.28066],[59.78954,36.28048],[59.78998,36.28034],[59.79034,36.2803],[59.79079,36.28042],[59.79164,36.28082],[59.7925,36.28132],[59.79306,36.28172],[59.79341,36.28204],[59.79361,36.28261],[59.79365,36.28295],[59.79357,36.28324],[59.79356,36.28352],[59.79371,36.28377],[59.79394,36.28399],[59.79416,36.28404],[59.79449,36.28395],[59.79496,36.28367],[59.79532,36.28333],[59.79565,36.28301],[59.79615,36.28263],[59.79638,36.28227],[59.79659,36.28176],[59.79669,36.28121],[59.79677,36.28071],[59.79671,36.28035],[59.79654,36.2798],[59.79629,36.27898],[59.7961,36.27863],[59.79552,36.27761],[59.79517,36.2771],[59.79493,36.27675],[59.79464,36.27638],[59.7943,36.27611],[59.79393,36.27594],[59.79382,36.27564],[59.79381,36.27518],[59.79422,36.27446],[59.79458,36.27407],[59.7951,36.2739],[59.79561,36.27382],[59.79635,36.27366],[59.79691,36.27347],[59.79754,36.27323],[59.79797,36.27295],[59.79885,36.2727],[59.79914,36.27265],[59.79954,36.27238],[59.80008,36.27191],[59.80033,36.27156],[59.80088,36.27133],[59.80137,36.27088],[59.80173,36.27038],[59.80224,36.26995],[59.80282,36.26955],[59.80316,36.26944],[59.80357,36.26944],[59.80389,36.2695],[59.80426,36.26966],[59.80436,36.26982],[59.80434,36.27004],[59.80421,36.27021],[59.80417,36.27039],[59.80433,36.27058],[59.80458,36.27077],[59.80476,36.27088],[59.80494,36.27111],[59.80526,36.2712],[59.80552,36.27133],[59.80583,36.27157],[59.8061,36.27169],[59.80643,36.27177],[59.80668,36.27174],[59.80695,36.27178],[59.80743,36.27204],[59.8077,36.27215],[59.80798,36.27214],[59.80819,36.27201],[59.80837,36.27186],[59.80854,36.27159],[59.80862,36.27127],[59.80865,36.27097],[59.80855,36.27061],[59.8083,36.26992],[59.80802,36.26918],[59.80781,36.26868],[59.80777,36.26832],[59.80782,36.26798],[59.80798,36.26782],[59.80824,36.26769],[59.80915,36.26731],[59.80957,36.26716],[59.80984,36.26714],[59.81002,36.26735],[59.81026,36.26744],[59.81054,36.2674],[59.81063,36.26731],[59.81074,36.26724],[59.81108,36.26735]]}},{"type":"Feature","properties":{"name":"کشف رود","minzoom":12},"geometry":{"type":"LineString","coordinates":[[59.63642,36.36506],[59.6367,36.36493]]}},{"type":"Feature","properties":{"minzoom":12},"geometry":{"type":"LineString","coordinates":[[59.33777,36.26845],[59.33786,36.26892],[59.33803,36.26906],[59.33827,36.26914],[59.33855,36.26928],[59.33871,36.26937],[59.33882,36.26955],[59.33885,36.26979],[59.33886,36.27003],[59.33888,36.27012],[59.33896,36.27021],[59.33904,36.27028],[59.33907,36.27039],[59.33909,36.27051],[59.33909,36.27072],[59.33898,36.27084],[59.33885,36.27106],[59.33873,36.27115],[59.33868,36.27126],[59.33865,36.27141],[59.3386,36.27153],[59.33858,36.27161],[59.33863,36.27182],[59.339,36.27243],[59.3391,36.27268],[59.33916,36.27287],[59.33916,36.27306],[59.33919,36.27338],[59.33922,36.27351],[59.3393,36.27367],[59.33946,36.27384],[59.33995,36.27429],[59.34,36.27436],[59.34,36.27442],[59.33995,36.2746],[59.33977,36.27515],[59.33975,36.27534],[59.33976,36.27546],[59.33983,36.27554],[59.33998,36.27561],[59.34019,36.27568],[59.34031,36.27575],[59.34038,36.27584],[59.3405,36.27645],[59.34059,36.27676],[59.34074,36.27693],[59.34096,36.27706],[59.34109,36.27711],[59.34124,36.27714],[59.34136,36.27717],[59.34143,36.27723],[59.34157,36.27742],[59.34177,36.27768],[59.34206,36.27792],[59.34237,36.27808],[59.34269,36.27821],[59.34296,36.27824],[59.34319,36.27825],[59.3435,36.27834],[59.34404,36.27851],[59.34469,36.27866],[59.34516,36.27885],[59.34534,36.27896],[59.34556,36.27906],[59.34596,36.27939],[59.34637,36.27969],[59.34698,36.28016],[59.34708,36.28043],[59.34703,36.28061],[59.3469,36.28087],[59.34694,36.28107],[59.34728,36.28144],[59.34763,36.28165],[59.34797,36.28178],[59.34842,36.2821],[59.34862,36.28253],[59.34875,36.28294],[59.3489,36.28312],[59.34907,36.28326]]}},{"type":"Feature","properties":{"minzoom":12},"geometry":{"type":"LineString","coordinates":[[59.32955,36.272],[59.32973,36.27209],[59.3299,36.27226],[59.33001,36.27249],[59.33008,36.27285],[59.33013,36.27321],[59.33029,36.27358],[59.33049,36.27413],[59.33074,36.27451],[59.33089,36.27476],[59.3312,36.27503],[59.33152,36.2752],[59.33177,36.27535],[59.33201,36.27544],[59.33222,36.27548],[59.33242,36.27547],[59.33266,36.27549],[59.33285,36.2755],[59.33302,36.27552],[59.33323,36.27547],[59.33348,36.27536],[59.33372,36.27525],[59.33402,36.27508],[59.3343,36.27496],[59.33463,36.27484],[59.33506,36.2748],[59.3353,36.27478],[59.33577,36.27481],[59.33613,36.2748],[59.33643,36.27472],[59.33682,36.27456],[59.33724,36.2743],[59.33755,36.27402],[59.33761,36.27387],[59.33757,36.27374],[59.33756,36.27361],[59.33758,36.27349],[59.33779,36.27341],[59.33818,36.27338],[59.33848,36.27339],[59.33883,36.27337],[59.33919,36.27338]]}},{"type":"Feature","properties":{"minzoom":12},"geometry":{"type":"LineString","coordinates":[[59.54393,36.18365],[59.54387,36.18336],[59.5438,36.18313],[59.54373,36.18291],[59.54368,36.18266],[59.54369,36.18228],[59.54383,36.18194],[59.54388,36.18176],[59.54389,36.18154],[59.54401,36.18109]]}},{"type":"Feature","properties":{"minzoom":12},"geometry":{"type":"LineString","coordinates":[[59.75282,36.38522],[59.75435,36.3846],[59.75459,36.38438],[59.75456,36.38412],[59.75428,36.38335],[59.75452,36.38305],[59.75555,36.38273],[59.75747,36.38187],[59.75822,36.38122],[59.75885,36.3808],[59.75976,36.38051],[59.76078,36.38019],[59.76119,36.37981],[59.76146,36.37929],[59.76181,36.37796],[59.76211,36.37734],[59.76277,36.37609],[59.76305,36.37543],[59.76399,36.37409],[59.76414,36.37358],[59.7641,36.37279],[59.76414,36.3719],[59.76422,36.37029],[59.76456,36.36874],[59.7646,36.36853]]}},{"type":"Feature","properties":{"minzoom":12},"geometry":{"type":"LineString","coordinates":[[59.46285,36.34564],[59.46363,36.34557],[59.46391,36.34562],[59.46438,36.34575]]}},{"type":"Feature","properties":{"name":"رودخانه سرآسیاب شاندیز","minzoom":12},"geometry":{"type":"LineString","coordinates":[[59.34555,36.4031],[59.3464,36.40384],[59.34781,36.40402],[59.34854,36.40372],[59.34931,36.40348],[59.34971,36.4035],[59.3503,36.40387],[59.35144,36.40431],[59.35175,36.40472],[59.35244,36.40525],[59.3541,36.40668],[59.35525,36.40889],[59.35556,36.40993],[59.35555,36.41127],[59.35573,36.41236],[59.35556,36.41259],[59.35531,36.41303],[59.35522,36.41322],[59.35634,36.41453],[59.35915,36.41551],[59.35924,36.41685],[59.35908,36.41778],[59.35913,36.41798],[59.35953,36.41808],[59.36212,36.41873],[59.36383,36.41823],[59.36662,36.42001],[59.36776,36.42041],[59.36858,36.42054],[59.36976,36.4197],[59.37084,36.4195],[59.37142,36.42006],[59.37201,36.42038],[59.37218,36.42065],[59.37214,36.42123],[59.37217,36.42167],[59.37149,36.42236],[59.37153,36.42358],[59.37149,36.42382],[59.37178,36.4241],[59.37235,36.42456],[59.37349,36.42466],[59.37426,36.42431],[59.37448,36.42384],[59.37505,36.42389],[59.37555,36.42414],[59.37597,36.42484],[59.37575,36.42555],[59.37427,36.42806],[59.3744,36.4283],[59.37477,36.42873],[59.375,36.42945],[59.37505,36.43039],[59.37483,36.43091],[59.37464,36.43125]]}},{"type":"Feature","properties":{"minzoom":12},"geometry":{"type":"LineString","coordinates":[[59.30283,36.38997],[59.30354,36.38975],[59.30376,36.38966],[59.30393,36.38958],[59.30401,36.38963],[59.30422,36.38986],[59.30437,36.38993],[59.30453,36.38992],[59.30475,36.38982],[59.30488,36.38981],[59.30505,36.38993],[59.30531,36.39008],[59.30562,36.39018],[59.30575,36.39018],[59.30585,36.39014],[59.30595,36.39003],[59.30606,36.39],[59.30622,36.38998],[59.30633,36.39004],[59.30634,36.39013],[59.30642,36.39023],[59.30662,36.39042],[59.30672,36.39042],[59.30683,36.39038],[59.30696,36.39035],[59.3071,36.39036],[59.30718,36.39039],[59.30734,36.39052],[59.30756,36.39057],[59.30808,36.39071],[59.30827,36.39078],[59.30841,36.39076],[59.30849,36.39073],[59.30862,36.39067],[59.30883,36.39058],[59.30894,36.39057],[59.30909,36.3906],[59.30917,36.3906],[59.30925,36.39056],[59.3093,36.39052],[59.30933,36.39045],[59.30936,36.39033],[59.3094,36.39028],[59.30949,36.39023],[59.30964,36.39018],[59.30998,36.39009],[59.31047,36.38993],[59.31056,36.38995],[59.31063,36.39002],[59.3109,36.39024],[59.31099,36.39028],[59.31108,36.39028],[59.31121,36.39026],[59.31143,36.39018],[59.31166,36.39018],[59.31186,36.39025],[59.31201,36.39036],[59.31208,36.39056],[59.31217,36.39072],[59.31227,36.39079],[59.31249,36.39082],[59.31284,36.3908],[59.31315,36.39083],[59.31347,36.3909],[59.31374,36.39101],[59.31396,36.3912],[59.31411,36.3913],[59.31423,36.39133],[59.31438,36.39133],[59.31448,36.39137],[59.31459,36.39152],[59.31482,36.39173],[59.31492,36.39178],[59.31504,36.39188],[59.31512,36.39188],[59.31521,36.39184],[59.31529,36.3918],[59.31537,36.3918],[59.31546,36.39191],[59.31565,36.39202],[59.31584,36.39209],[59.31596,36.39209],[59.31606,36.39205],[59.31617,36.39198],[59.31628,36.39192],[59.31637,36.39192],[59.31673,36.39209],[59.31688,36.39213],[59.31698,36.39208],[59.31706,36.39201],[59.31715,36.39192],[59.3172,36.39192],[59.31735,36.39198],[59.31744,36.39199],[59.31751,36.39198],[59.31754,36.39194],[59.3175,36.39165],[59.31753,36.39157],[59.31761,36.39154],[59.31772,36.39156],[59.31823,36.39178],[59.31844,36.39181],[59.31852,36.39181],[59.31865,36.39175],[59.31878,36.39158],[59.31894,36.3914],[59.31907,36.39135],[59.31924,36.39135],[59.31935,36.39132],[59.31952,36.39125],[59.31963,36.39119],[59.31979,36.39092],[59.31982,36.3909],[59.31996,36.39089],[59.32033,36.39095],[59.32065,36.39094],[59.32083,36.39094],[59.32095,36.3909],[59.3211,36.39082],[59.32115,36.39075],[59.32126,36.3907]]}},{"type":"Feature","properties":{"minzoom":12},"geometry":{"type":"LineString","coordinates":[[59.54725,36.19536],[59.54743,36.19532],[59.54766,36.19527],[59.54785,36.19543],[59.54823,36.19566],[59.54871,36.19556],[59.5493,36.19557],[59.54981,36.1955],[59.55023,36.1954],[59.5504,36.19534],[59.55051,36.19519],[59.55049,36.19501],[59.55045,36.19478],[59.55053,36.19455],[59.55063,36.19441],[59.55081,36.19438],[59.55123,36.19448],[59.55145,36.19455],[59.55155,36.19459],[59.55198,36.19457],[59.55239,36.19451],[59.5528,36.19438],[59.55315,36.19417],[59.55333,36.19402],[59.55351,36.19382],[59.5538,36.19355],[59.55441,36.19316],[59.55476,36.19274],[59.55492,36.19257],[59.55517,36.19249],[59.55538,36.1925],[59.55558,36.19254],[59.556,36.19262],[59.55624,36.19261],[59.55662,36.19247],[59.55675,36.19239],[59.55684,36.19226],[59.55691,36.19192],[59.55705,36.19169],[59.55714,36.19149],[59.55719,36.19126],[59.55712,36.19101],[59.5569,36.19086],[59.5567,36.19059],[59.55655,36.19028],[59.5563,36.18975],[59.55629,36.18975],[59.55611,36.18953],[59.55605,36.18927],[59.55615,36.18904],[59.55623,36.18893],[59.5563,36.18884],[59.5566,36.18883],[59.5569,36.18869],[59.55705,36.18852],[59.55724,36.18839],[59.55741,36.18845],[59.55761,36.18846],[59.55795,36.18806],[59.5582,36.18752],[59.55827,36.18738],[59.55842,36.18733],[59.55853,36.18738],[59.55863,36.18747],[59.55884,36.18768],[59.55903,36.18762],[59.55913,36.18746],[59.55945,36.18757],[59.55975,36.18761],[59.55991,36.18763],[59.56008,36.18758],[59.56013,36.18747],[59.56013,36.18734],[59.56014,36.18722],[59.5602,36.18712],[59.5604,36.18706],[59.56071,36.18677],[59.56119,36.18622],[59.56169,36.18592],[59.56218,36.1858],[59.56238,36.18561],[59.56254,36.18545],[59.56259,36.18536],[59.56258,36.18525],[59.56245,36.18515],[59.56229,36.1851],[59.56214,36.18499],[59.56204,36.18483],[59.56205,36.18467],[59.5622,36.18444],[59.56247,36.18439],[59.56289,36.1843],[59.56316,36.18412],[59.56332,36.18374],[59.56351,36.18346],[59.56342,36.18319],[59.56331,36.18305],[59.56325,36.18265],[59.5634,36.18234],[59.5637,36.18221],[59.56378,36.18178],[59.5642,36.18164],[59.56464,36.18155],[59.56511,36.18154],[59.56536,36.18174],[59.56548,36.18205],[59.566,36.18236],[59.56653,36.18258],[59.56703,36.18261],[59.56754,36.18271],[59.56768,36.18272],[59.56775,36.18256],[59.56791,36.18237],[59.56812,36.18235],[59.56838,36.18217],[59.56858,36.18186],[59.56856,36.18141],[59.56866,36.18079],[59.56895,36.18031],[59.56926,36.18017],[59.56939,36.18006],[59.56941,36.17979]]}},{"type":"Feature","properties":{"minzoom":12},"geometry":{"type":"LineString","coordinates":[[59.34443,36.0936],[59.34304,36.09141],[59.34239,36.0901],[59.3417,36.08849],[59.34139,36.08799],[59.34051,36.08691],[59.33828,36.08529],[59.33783,36.0846],[59.33674,36.08405],[59.33589,36.08328],[59.33379,36.08252]]}},{"type":"Feature","properties":{"minzoom":12},"geometry":{"type":"LineString","coordinates":[[59.11512,36.28195],[59.11648,36.28168]]}},{"type":"Feature","properties":{"minzoom":12},"geometry":{"type":"LineString","coordinates":[[59.20478,36.17267],[59.20268,36.17096],[59.20169,36.17006],[59.20046,36.16915],[59.19922,36.16864],[59.19811,36.16794],[59.19675,36.16723],[59.19551,36.16632],[59.19428,36.16562],[59.19292,36.16501],[59.19168,36.16441],[59.19032,36.1637],[59.18908,36.16299],[59.18785,36.16239],[59.18649,36.16158],[59.18525,36.16087],[59.18426,36.16007],[59.18204,36.15866],[59.18105,36.15785],[59.18007,36.15684],[59.17957,36.15574],[59.17959,36.15202],[59.17947,36.15082],[59.17923,36.14971],[59.17874,36.14841],[59.17874,36.1472],[59.1785,36.1459],[59.17826,36.14479],[59.17777,36.14359],[59.17715,36.14248],[59.17641,36.14117],[59.17568,36.14007],[59.17506,36.13886],[59.1747,36.13765],[59.1742,36.13655],[59.17409,36.13544],[59.17409,36.13424],[59.17397,36.13304]]}},{"type":"Feature","properties":{"minzoom":12},"geometry":{"type":"LineString","coordinates":[[59.44242,36.08416],[59.44335,36.08485],[59.44483,36.08541],[59.44958,36.08666],[59.4524,36.08726],[59.45742,36.08759],[59.46091,36.08817],[59.46472,36.08873],[59.46862,36.08874],[59.47143,36.08754],[59.47539,36.08692],[59.47745,36.08783],[59.47928,36.08977],[59.48548,36.09164],[59.48918,36.09211],[59.49162,36.09201],[59.49475,36.09233],[59.49735,36.09294],[59.50088,36.09423],[59.50286,36.09568],[59.50349,36.09739],[59.50519,36.0991],[59.50717,36.10158],[59.50933,36.10522],[59.5101,36.11253],[59.51397,36.11624]]}},{"type":"Feature","properties":{"minzoom":12},"geometry":{"type":"LineString","coordinates":[[59.13645,36.44748],[59.13644,36.44752]]}},{"type":"Feature","properties":{"minzoom":12},"geometry":{"type":"LineString","coordinates":[[59.17704,36.31682],[59.17739,36.31719],[59.17796,36.3174],[59.17858,36.31778],[59.18002,36.31909],[59.18004,36.31938],[59.17995,36.32022],[59.18011,36.32037],[59.18019,36.32056],[59.18033,36.32118],[59.18062,36.32136],[59.18082,36.32149],[59.18127,36.32212],[59.18157,36.32251],[59.18179,36.32278],[59.18155,36.32349],[59.18207,36.32389],[59.18233,36.32423],[59.18282,36.32445],[59.18355,36.32509],[59.18462,36.32616],[59.187,36.32684],[59.1876,36.32797],[59.18851,36.32956],[59.18898,36.33087],[59.18879,36.33145],[59.18955,36.33166],[59.19214,36.3315],[59.19392,36.33242],[59.19502,36.33403],[59.19647,36.33446],[59.19811,36.33513],[59.20041,36.33565],[59.20224,36.33604],[59.20312,36.33627],[59.2048,36.33705],[59.20598,36.33754],[59.20636,36.33755],[59.20712,36.33741],[59.20775,36.3374],[59.20952,36.33819],[59.21016,36.33805],[59.21079,36.33855],[59.21203,36.33868],[59.21317,36.33921],[59.21419,36.34049],[59.215,36.34131],[59.21703,36.34246],[59.21785,36.34341],[59.21947,36.34518],[59.21988,36.34688],[59.22097,36.34921],[59.22229,36.34965],[59.22332,36.35065],[59.22475,36.35211],[59.22587,36.35313],[59.2272,36.35321],[59.22931,36.35328],[59.231,36.35355],[59.23306,36.35372],[59.23487,36.35426],[59.23571,36.35465],[59.23738,36.3543],[59.2388,36.35419],[59.24018,36.35439],[59.24157,36.35482],[59.24221,36.35529],[59.24299,36.35575],[59.24409,36.35631],[59.24443,36.35743],[59.24663,36.3585],[59.2482,36.35921],[59.24916,36.36003],[59.2502,36.36056],[59.25054,36.36143],[59.25258,36.36237],[59.2537,36.36487],[59.25435,36.36602],[59.25576,36.36725],[59.25696,36.36855],[59.25763,36.37055],[59.25868,36.37177],[59.25952,36.37321],[59.25991,36.37466],[59.26043,36.37562],[59.2608,36.37671],[59.26199,36.37874],[59.26279,36.37957],[59.26436,36.38036],[59.26582,36.3819],[59.26743,36.38315],[59.26914,36.38468],[59.27057,36.38526],[59.27204,36.38535],[59.27407,36.38599],[59.27552,36.3861],[59.27683,36.38632],[59.27805,36.38689],[59.27938,36.38808],[59.28059,36.38832],[59.28158,36.38934],[59.28237,36.3898],[59.28347,36.39049],[59.28542,36.39017],[59.28711,36.39059],[59.28909,36.39075],[59.29169,36.39101],[59.29411,36.39104],[59.29562,36.39098],[59.29757,36.39065],[59.30013,36.3903],[59.30283,36.38997]]}},{"type":"Feature","properties":{"minzoom":12},"geometry":{"type":"LineString","coordinates":[[59.18045,36.29859],[59.18125,36.30082],[59.18185,36.30174],[59.18178,36.30337],[59.18193,36.30619],[59.18141,36.30743],[59.18087,36.30932],[59.18058,36.31058],[59.18027,36.31287],[59.17936,36.31414],[59.17753,36.31594],[59.177,36.3166],[59.17704,36.31682]]}},{"type":"Feature","properties":{"minzoom":12},"geometry":{"type":"LineString","coordinates":[[59.28604,36.3475],[59.28688,36.34796],[59.28727,36.34807],[59.28742,36.34823]]}},{"type":"Feature","properties":{"minzoom":12},"geometry":{"type":"LineString","coordinates":[[59.44246,36.2125],[59.44313,36.21237],[59.44373,36.2127],[59.44452,36.21297],[59.44503,36.21305],[59.44551,36.21323],[59.44614,36.21324],[59.44658,36.21367],[59.44674,36.21433],[59.44727,36.21454],[59.44797,36.21472],[59.44829,36.2152],[59.4486,36.21558],[59.44905,36.21589],[59.44961,36.21598],[59.45045,36.21628],[59.45069,36.21643],[59.45086,36.21678],[59.45113,36.21697],[59.45163,36.21691],[59.45195,36.21692],[59.45231,36.21708],[59.45279,36.21741],[59.45331,36.21788],[59.45376,36.21807],[59.45455,36.2182],[59.45558,36.21809],[59.45624,36.21794],[59.45705,36.21788],[59.45867,36.21812],[59.45951,36.21827],[59.46054,36.21826],[59.46127,36.21837],[59.46186,36.21867],[59.46246,36.21914],[59.46306,36.21934],[59.46353,36.21932],[59.46392,36.21913],[59.4644,36.21916],[59.46465,36.21941],[59.46506,36.21973],[59.4655,36.21968],[59.46583,36.21948],[59.46639,36.21982],[59.46694,36.21987],[59.46748,36.22021],[59.46802,36.22069],[59.46844,36.22075],[59.46904,36.2209],[59.46999,36.2216],[59.47045,36.22141],[59.47124,36.22098],[59.47202,36.22078],[59.47257,36.22086],[59.47314,36.22075],[59.47358,36.22041],[59.47374,36.2198],[59.47432,36.21942],[59.47485,36.21931],[59.47517,36.21968],[59.47549,36.21989],[59.47592,36.21979],[59.47626,36.21985],[59.47616,36.2204],[59.47639,36.22047],[59.47685,36.22044],[59.4776,36.22066],[59.47829,36.22111],[59.47863,36.2215],[59.4791,36.22153],[59.47985,36.22094],[59.48028,36.22078],[59.48093,36.22094],[59.48189,36.22155],[59.48228,36.22177],[59.48269,36.22193],[59.48309,36.22168],[59.48348,36.22141],[59.484,36.22121],[59.48443,36.22116],[59.48459,36.22155],[59.48469,36.22171],[59.48493,36.22181],[59.4855,36.22192],[59.48616,36.2218],[59.48677,36.22167],[59.48725,36.22156],[59.48761,36.22161],[59.48768,36.22173],[59.48768,36.22189],[59.48758,36.22219],[59.48764,36.2226],[59.48787,36.22284],[59.48819,36.22304],[59.4884,36.2231],[59.48862,36.22311],[59.48901,36.22327],[59.48922,36.22343],[59.4894,36.22377],[59.48962,36.22395],[59.49007,36.22411],[59.49076,36.22427],[59.49129,36.22443],[59.49182,36.22468],[59.49213,36.22491],[59.49223,36.22524],[59.49242,36.22543],[59.49275,36.22548],[59.49334,36.22557],[59.49393,36.22528]]}},{"type":"Feature","properties":{"minzoom":12},"geometry":{"type":"LineString","coordinates":[[59.20907,36.3785],[59.20877,36.37861],[59.20858,36.37891],[59.2086,36.37962],[59.20839,36.38042],[59.20824,36.38095],[59.20835,36.38168],[59.20893,36.38252],[59.20927,36.38319],[59.20969,36.38386],[59.2099,36.38432],[59.20989,36.38467],[59.20981,36.38555],[59.20978,36.38595],[59.2099,36.38633],[59.21027,36.38652],[59.21059,36.38652],[59.2112,36.38652],[59.21149,36.38652],[59.2122,36.38652],[59.2126,36.38661],[59.21285,36.38678],[59.21357,36.3869],[59.21413,36.387],[59.21422,36.38726],[59.21406,36.3876],[59.21438,36.38813],[59.21552,36.38927],[59.21641,36.38949],[59.21813,36.39072],[59.21878,36.39164],[59.21966,36.39189],[59.22051,36.39193],[59.22136,36.39224],[59.22217,36.39241],[59.22295,36.3927],[59.22367,36.39261],[59.22449,36.39286],[59.22499,36.39311],[59.22528,36.3935],[59.22637,36.39462],[59.22773,36.39578],[59.22908,36.39733],[59.23047,36.39811],[59.23243,36.40011],[59.23494,36.40209],[59.23772,36.40242],[59.23866,36.40283],[59.23961,36.40339],[59.2404,36.40425],[59.2423,36.40521],[59.24421,36.40647],[59.2452,36.40762],[59.24656,36.4089],[59.24772,36.40974],[59.24925,36.41072],[59.2501,36.41115],[59.25115,36.41168],[59.25286,36.41265],[59.25435,36.41304],[59.25567,36.41358],[59.25769,36.4135],[59.25936,36.41387],[59.26179,36.41452],[59.26293,36.41507],[59.26443,36.4156],[59.26592,36.41598],[59.26678,36.41628],[59.26935,36.41581],[59.27107,36.41636],[59.27243,36.41697],[59.27405,36.41764],[59.27506,36.4181],[59.27686,36.41902],[59.27935,36.41972],[59.28017,36.42006],[59.28282,36.42183],[59.28455,36.42295],[59.28589,36.42393],[59.28706,36.42493],[59.28836,36.42571],[59.28944,36.42635]]}},{"type":"Feature","properties":{"minzoom":12},"geometry":{"type":"LineString","coordinates":[[59.49195,36.13109],[59.49332,36.13091],[59.49425,36.13059],[59.49467,36.13037],[59.49532,36.1303],[59.49564,36.13007],[59.49626,36.12995],[59.49724,36.12971],[59.49816,36.12971],[59.49918,36.1294],[59.49973,36.12945],[59.50024,36.12955],[59.50053,36.1295],[59.50106,36.1292],[59.50169,36.12902],[59.50222,36.12906],[59.50261,36.12935],[59.50299,36.12973],[59.50318,36.12977],[59.50355,36.12965],[59.5037,36.12978],[59.50374,36.13004],[59.50389,36.1301],[59.50417,36.13001],[59.50431,36.13013],[59.50447,36.13035],[59.50512,36.13025],[59.50553,36.13005],[59.50619,36.13016],[59.50683,36.12999],[59.50734,36.12998],[59.50839,36.13049],[59.50866,36.13088],[59.50944,36.13106],[59.51037,36.13189],[59.51192,36.13242],[59.5124,36.13291],[59.51308,36.13325],[59.51324,36.1337],[59.51375,36.13405],[59.51393,36.13438],[59.51437,36.13455],[59.51473,36.13508],[59.51491,36.13515],[59.51513,36.1351],[59.51526,36.13492],[59.51548,36.1347],[59.51591,36.13453],[59.51678,36.13466],[59.51725,36.13479],[59.5184,36.13483],[59.51887,36.13499],[59.51934,36.13513],[59.51973,36.13508],[59.52002,36.13494],[59.52043,36.13474],[59.52075,36.13477],[59.52097,36.13494],[59.52148,36.13506],[59.52212,36.13532],[59.52285,36.13542],[59.52383,36.13567],[59.5243,36.13563],[59.52501,36.13579],[59.52537,36.13591],[59.52565,36.13606],[59.52592,36.13637],[59.52621,36.13665],[59.52668,36.13686],[59.52688,36.13708],[59.52699,36.13745],[59.52793,36.13815],[59.52824,36.13828],[59.5285,36.1383],[59.529,36.13827],[59.52914,36.13834]]}},{"type":"Feature","properties":{"minzoom":12},"geometry":{"type":"LineString","coordinates":[[59.3501,36.09029],[59.34846,36.08937],[59.3463,36.08837],[59.345,36.08815],[59.34306,36.08798],[59.34139,36.08799]]}},{"type":"Feature","properties":{"minzoom":12},"geometry":{"type":"LineString","coordinates":[[59.15975,36.25593],[59.16046,36.25637],[59.16164,36.25674],[59.16275,36.25735],[59.1639,36.25832],[59.16494,36.2587],[59.16634,36.25995],[59.16735,36.26056],[59.16807,36.26179],[59.16871,36.26276],[59.16947,36.26342],[59.17096,36.26367],[59.17248,36.26414],[59.17354,36.26408],[59.17466,36.2649],[59.17582,36.26541],[59.17721,36.26558],[59.17864,36.26582],[59.18015,36.2667],[59.18161,36.26752],[59.1825,36.2684],[59.1837,36.26992],[59.18462,36.27127],[59.18543,36.27255],[59.18575,36.27391],[59.18649,36.27571],[59.18673,36.27796],[59.18661,36.27906],[59.18598,36.28006],[59.18535,36.28138],[59.18486,36.28215],[59.18486,36.28336],[59.1846,36.28446],[59.18423,36.28556],[59.18415,36.28655],[59.18367,36.28755],[59.18334,36.28839],[59.18346,36.28903],[59.18342,36.29014],[59.1852,36.29034],[59.1865,36.29113],[59.18695,36.29237],[59.18882,36.29375],[59.18942,36.29404],[59.19014,36.29392],[59.19205,36.29426],[59.19296,36.29526]]}},{"type":"Feature","properties":{"minzoom":12},"geometry":{"type":"LineString","coordinates":[[59.17397,36.13304],[59.17398,36.13183],[59.17373,36.13062],[59.17349,36.12932],[59.17337,36.12811],[59.17325,36.12701],[59.17289,36.1256],[59.1724,36.1244],[59.17179,36.12309],[59.17189,36.12151],[59.17165,36.11992],[59.17146,36.11962],[59.17091,36.11877],[59.16964,36.11805],[59.16847,36.11736],[59.16748,36.11635],[59.16662,36.11544],[59.16563,36.11454],[59.16452,36.11373],[59.16329,36.11312],[59.16306,36.11265],[59.1616,36.11137]]}},{"type":"Feature","properties":{"minzoom":12},"geometry":{"type":"LineString","coordinates":[[59.21291,36.22486],[59.21476,36.22734],[59.21614,36.23004],[59.21832,36.23388],[59.22058,36.23517],[59.22194,36.23748],[59.22379,36.23996],[59.22542,36.24285],[59.22675,36.24476],[59.22855,36.24626],[59.22982,36.24719],[59.2311,36.24832],[59.23316,36.25021],[59.23467,36.25113],[59.23592,36.25167],[59.23839,36.25236],[59.23991,36.25328],[59.24165,36.25399]]}},{"type":"Feature","properties":{"minzoom":12},"geometry":{"type":"LineString","coordinates":[[59.40477,36.19591],[59.40494,36.19593],[59.40522,36.19598],[59.40553,36.19619],[59.40553,36.19633],[59.40558,36.19642],[59.40574,36.19649],[59.40582,36.19662],[59.406,36.19672],[59.40627,36.19688],[59.40646,36.19706],[59.40668,36.19729],[59.40699,36.19744],[59.40725,36.19754],[59.40755,36.19763],[59.40782,36.19759],[59.40802,36.19749],[59.40813,36.19728],[59.40809,36.19717],[59.40802,36.19702],[59.40798,36.19691],[59.4081,36.19684],[59.40835,36.19672],[59.40879,36.19661],[59.40931,36.19656],[59.40944,36.19639],[59.40952,36.19624],[59.40984,36.19616],[59.4101,36.19619],[59.4103,36.1963],[59.41056,36.19646],[59.41089,36.1965],[59.41103,36.19659],[59.4112,36.19683],[59.41129,36.19701],[59.41153,36.19711],[59.41176,36.19729],[59.41191,36.19751],[59.41225,36.1977],[59.41278,36.19777],[59.41345,36.19768],[59.41379,36.19759],[59.41426,36.19761],[59.4145,36.19765],[59.41477,36.19774],[59.41501,36.19782],[59.41523,36.19773],[59.41545,36.1977],[59.41551,36.19774],[59.41567,36.19785],[59.4159,36.19788],[59.4161,36.19778],[59.41627,36.19775],[59.41642,36.19783],[59.41672,36.19766],[59.41698,36.19733],[59.41729,36.19714],[59.41746,36.19709],[59.41771,36.19691],[59.41794,36.19675],[59.41809,36.19669],[59.41821,36.19674],[59.41847,36.19706],[59.4188,36.19736],[59.41907,36.19737],[59.41931,36.19718],[59.41943,36.19723],[59.41958,36.19724],[59.41997,36.19719],[59.42026,36.19708],[59.42048,36.1969],[59.42084,36.19686],[59.42149,36.19669],[59.42175,36.19656],[59.42192,36.19661],[59.42204,36.19684],[59.42226,36.19694],[59.42242,36.19703],[59.42272,36.19718],[59.42303,36.19718],[59.42324,36.19717],[59.42351,36.19719],[59.42361,36.19733],[59.42368,36.19741],[59.42382,36.19744],[59.42385,36.19762],[59.42406,36.19764],[59.42421,36.19774],[59.42434,36.19781],[59.4246,36.19774],[59.42475,36.19764],[59.42502,36.19746],[59.42546,36.1973],[59.42585,36.19724],[59.42625,36.19729],[59.42657,36.19744],[59.42685,36.19765],[59.42698,36.19797],[59.42714,36.19848],[59.42728,36.19869],[59.42743,36.19895],[59.42765,36.19911],[59.42786,36.19929],[59.42825,36.19945],[59.42851,36.19948],[59.42872,36.19937],[59.429,36.1994],[59.42913,36.19963],[59.42935,36.19977],[59.42962,36.19991],[59.42998,36.20019],[59.43043,36.20046],[59.43071,36.20052],[59.43114,36.20058],[59.43137,36.20071],[59.43165,36.20078],[59.4318,36.20079],[59.43207,36.20095],[59.43242,36.20097],[59.43292,36.20086],[59.43315,36.20074],[59.43339,36.20055],[59.43365,36.20042],[59.43393,36.20031],[59.43453,36.2003],[59.43481,36.20037],[59.43498,36.20054],[59.43509,36.20085],[59.43517,36.20118],[59.4351,36.20148],[59.43516,36.20168],[59.43543,36.20178],[59.4357,36.202],[59.436,36.20236],[59.43622,36.20249],[59.4367,36.20259],[59.4371,36.2027],[59.43743,36.20275],[59.43769,36.20262],[59.43791,36.2025],[59.43811,36.20238],[59.43848,36.20241],[59.4387,36.20258],[59.43893,36.20261],[59.43937,36.20255],[59.43958,36.20258],[59.4398,36.20277],[59.44017,36.2029],[59.44063,36.20306],[59.44107,36.20364],[59.4414,36.20378],[59.44173,36.20385],[59.44208,36.20376],[59.44262,36.20361],[59.44325,36.20389],[59.44387,36.20398],[59.44443,36.20418],[59.44566,36.20461],[59.44623,36.2048],[59.44678,36.20512],[59.4473,36.20507],[59.44786,36.20522],[59.44865,36.20527],[59.44906,36.20536],[59.44978,36.20572],[59.45047,36.20617],[59.45078,36.20623],[59.45115,36.20625],[59.45187,36.20623],[59.45294,36.20645],[59.45352,36.20674],[59.45409,36.20694],[59.45477,36.20706],[59.45582,36.20717],[59.4564,36.2071],[59.45696,36.20714],[59.4577,36.20732],[59.45845,36.20759],[59.45887,36.20763],[59.45945,36.20771],[59.45958,36.20789],[59.45962,36.20804],[59.45978,36.2084],[59.46004,36.20851],[59.46028,36.20855],[59.461,36.20869],[59.46166,36.20866],[59.46274,36.20888],[59.46319,36.20905],[59.46358,36.20935],[59.46413,36.20988],[59.46482,36.21007],[59.46529,36.21011],[59.46553,36.21005],[59.46578,36.21008],[59.46593,36.21026],[59.46589,36.21049],[59.46618,36.21091],[59.46687,36.21116],[59.46743,36.21138],[59.46778,36.21134],[59.4681,36.21137],[59.46839,36.21178],[59.46867,36.21228],[59.46883,36.21262],[59.46919,36.21283],[59.4697,36.21277],[59.47015,36.21254],[59.47058,36.21267],[59.47105,36.21263],[59.47165,36.21249],[59.47204,36.21254],[59.47238,36.21266],[59.47307,36.21275],[59.4735,36.21287],[59.47413,36.21288],[59.47467,36.21314],[59.47515,36.21324],[59.47585,36.21302],[59.4762,36.21274],[59.4765,36.21268],[59.47732,36.21286],[59.47781,36.21287],[59.47818,36.21267],[59.47856,36.21255],[59.47885,36.21257],[59.47936,36.21263],[59.47986,36.21279],[59.48037,36.21279],[59.48078,36.2126],[59.48131,36.21261],[59.4817,36.21268],[59.48222,36.21251],[59.48268,36.21228],[59.48376,36.21205],[59.48446,36.21208],[59.48499,36.21213],[59.48533,36.21235],[59.48542,36.21279],[59.48564,36.21313],[59.48617,36.21375],[59.48621,36.21415],[59.4865,36.2145],[59.48665,36.21464],[59.48687,36.21468],[59.48765,36.21452],[59.48806,36.21435],[59.48841,36.21407],[59.48876,36.21382],[59.48898,36.21373],[59.48922,36.21371],[59.48986,36.21395],[59.49084,36.21418],[59.49146,36.21418],[59.49209,36.21393],[59.49304,36.21395],[59.49355,36.21416],[59.49405,36.21445],[59.49473,36.21502],[59.49497,36.21534],[59.49532,36.21556],[59.49571,36.21559],[59.49607,36.21571],[59.49647,36.21597],[59.49675,36.21631],[59.49683,36.21664],[59.49672,36.21706],[59.49685,36.21751],[59.49693,36.21779],[59.49725,36.21798],[59.49791,36.21819],[59.49914,36.2186],[59.49952,36.21875],[59.50018,36.2195]]}},{"type":"Feature","properties":{"minzoom":12},"geometry":{"type":"LineString","coordinates":[[59.35755,36.12667],[59.35887,36.12673],[59.36008,36.12697],[59.36106,36.12719],[59.36274,36.12737],[59.36363,36.12725],[59.36447,36.12722],[59.36588,36.12722],[59.36714,36.12671],[59.36886,36.12637],[59.3704,36.12634],[59.3716,36.12657],[59.37222,36.12682],[59.37287,36.12749],[59.37345,36.12813],[59.37388,36.12864],[59.37456,36.12903],[59.37592,36.13056],[59.37663,36.13129],[59.37699,36.13148],[59.37757,36.132],[59.37792,36.13234],[59.37815,36.1324],[59.37832,36.13254],[59.37864,36.13266],[59.37877,36.13284],[59.37881,36.13289],[59.37951,36.13296],[59.37959,36.13304],[59.37964,36.13326],[59.37978,36.1334],[59.37983,36.13358],[59.37975,36.1341],[59.38045,36.13468],[59.38068,36.13484],[59.3809,36.13519],[59.38097,36.13523],[59.3818,36.13544],[59.38271,36.13588],[59.38308,36.13639],[59.38415,36.13673],[59.3849,36.13668],[59.38542,36.13713],[59.38592,36.13725],[59.38643,36.1371],[59.38693,36.13693],[59.38888,36.13661],[59.39141,36.13678],[59.39325,36.13725],[59.39587,36.13659],[59.39756,36.13778],[59.40046,36.13735],[59.40153,36.13786],[59.40357,36.13797],[59.40383,36.13823],[59.40432,36.13819],[59.40473,36.13801],[59.40521,36.13803],[59.40585,36.13811],[59.40691,36.13916],[59.4077,36.13953],[59.40849,36.13939],[59.40894,36.13958],[59.40935,36.13948],[59.41091,36.14041],[59.41191,36.14015],[59.41405,36.14023],[59.41495,36.14058],[59.41724,36.14115],[59.42026,36.14163],[59.42178,36.14153],[59.42227,36.14238],[59.42344,36.14311],[59.42486,36.14302],[59.42617,36.14393],[59.4279,36.14513],[59.43194,36.14448],[59.43344,36.14424],[59.43829,36.1447],[59.44493,36.14551],[59.46155,36.1443],[59.46358,36.14352],[59.46523,36.14382],[59.46705,36.14326],[59.46756,36.14327],[59.4676,36.14343],[59.46759,36.14358],[59.46759,36.14361],[59.46859,36.14391],[59.47219,36.14424],[59.47553,36.1453],[59.48156,36.14848],[59.48416,36.15072],[59.48675,36.15278],[59.4899,36.155],[59.49119,36.15766],[59.4912,36.15863],[59.49026,36.15891],[59.4906,36.16069],[59.4896,36.16123],[59.48895,36.16245],[59.4895,36.16354],[59.49098,36.16646],[59.49203,36.16829],[59.49411,36.16897],[59.4972,36.16953],[59.49924,36.16919],[59.50324,36.17025],[59.50512,36.16956],[59.5065,36.16994],[59.50832,36.16999],[59.50945,36.1705],[59.50976,36.17122],[59.50991,36.17147],[59.51024,36.17154],[59.51087,36.17163]]}},{"type":"Feature","properties":{"minzoom":12},"geometry":{"type":"LineString","coordinates":[[59.1359,36.2891],[59.13602,36.28982],[59.13718,36.29034],[59.13835,36.29153],[59.13923,36.29377],[59.13974,36.29489],[59.14099,36.29593],[59.14334,36.29772],[59.14526,36.29877],[59.14609,36.29971],[59.14651,36.30068],[59.14687,36.30152],[59.14707,36.30237],[59.14758,36.30333],[59.14806,36.30431],[59.14912,36.3067],[59.14916,36.30731],[59.14896,36.30917],[59.14958,36.30953],[59.15148,36.30951],[59.15282,36.30995],[59.15424,36.30977],[59.15542,36.30992],[59.15815,36.31067],[59.15915,36.31139],[59.16059,36.31169],[59.16114,36.31222],[59.16233,36.31272],[59.16327,36.31251],[59.16496,36.31281],[59.1675,36.31337],[59.1681,36.31411],[59.16928,36.31454],[59.17129,36.3149],[59.17276,36.31557],[59.1736,36.31573],[59.17396,36.3159],[59.17446,36.31594],[59.17505,36.31598],[59.17557,36.31626],[59.17652,36.31669],[59.17704,36.31682]]}},{"type":"Feature","properties":{"minzoom":12},"geometry":{"type":"LineString","coordinates":[[59.26142,36.11136],[59.26203,36.11111],[59.26337,36.1104],[59.26479,36.10926],[59.26531,36.10808],[59.26678,36.10688],[59.26757,36.106],[59.26929,36.10528],[59.27034,36.10499],[59.27088,36.10521],[59.27218,36.10464],[59.27223,36.10455],[59.27217,36.10445],[59.27192,36.10411],[59.27193,36.10352],[59.27147,36.10301],[59.27095,36.10242]]}},{"type":"Feature","properties":{"minzoom":12},"geometry":{"type":"LineString","coordinates":[[59.49393,36.22528],[59.4947,36.22519],[59.49527,36.22519],[59.49644,36.22526],[59.49703,36.22526],[59.49767,36.22516],[59.49796,36.22504],[59.4981,36.22493],[59.49809,36.22482],[59.49807,36.22415],[59.49813,36.22382],[59.49822,36.22356],[59.49832,36.22333],[59.49852,36.22326],[59.49869,36.22358],[59.49888,36.22382],[59.49909,36.22401],[59.49923,36.22409],[59.49941,36.22411],[59.49961,36.22395],[59.49975,36.22375],[59.50004,36.22327],[59.50011,36.22291],[59.50011,36.2226],[59.50003,36.22239],[59.49981,36.22224],[59.4996,36.22205],[59.49948,36.22175],[59.4992,36.22123],[59.49881,36.22085],[59.49852,36.22039],[59.49836,36.21994],[59.49841,36.21969],[59.4986,36.21948],[59.49884,36.21945],[59.49903,36.21951],[59.49927,36.21966],[59.49969,36.21963],[59.50018,36.2195]]}},{"type":"Feature","properties":{"minzoom":12},"geometry":{"type":"LineString","coordinates":[[59.22881,36.32184],[59.22937,36.32216],[59.22984,36.32291]]}},{"type":"Feature","properties":{"minzoom":12},"geometry":{"type":"LineString","coordinates":[[59.11872,36.28169],[59.11648,36.28168]]}},{"type":"Feature","properties":{"minzoom":12},"geometry":{"type":"LineString","coordinates":[[59.22111,36.16825],[59.22087,36.16804],[59.22064,36.16768],[59.22052,36.16729],[59.22046,36.16692],[59.22032,36.16645],[59.2201,36.16592],[59.21996,36.16533],[59.21967,36.16477],[59.21928,36.16415],[59.21885,36.16362],[59.21822,36.16312],[59.21772,36.16263],[59.2173,36.16229],[59.21698,36.16184],[59.21693,36.16123],[59.21581,36.1603],[59.21471,36.1593],[59.21417,36.15867],[59.2138,36.15751],[59.21289,36.15675],[59.21192,36.15616],[59.21129,36.15557],[59.21093,36.15473],[59.21094,36.15362],[59.2099,36.15083],[59.2067,36.14594],[59.20013,36.13891],[59.1912,36.13643],[59.18503,36.13596],[59.17856,36.13409],[59.17397,36.13304]]}},{"type":"Feature","properties":{"minzoom":12},"geometry":{"type":"LineString","coordinates":[[59.35959,36.06392],[59.35905,36.0624],[59.35817,36.06017],[59.35757,36.05938],[59.35642,36.05936],[59.35512,36.05924],[59.35322,36.05938],[59.3524,36.05891],[59.3514,36.05794],[59.35121,36.05744],[59.35088,36.05673],[59.3503,36.05604],[59.34882,36.05587]]}},{"type":"Feature","properties":{"minzoom":12},"geometry":{"type":"LineString","coordinates":[[59.14813,36.41835],[59.14937,36.4197],[59.15063,36.42092],[59.15211,36.42261],[59.1548,36.42489],[59.15806,36.42667],[59.16057,36.42912],[59.16145,36.43052],[59.16253,36.43222],[59.16457,36.43326],[59.1656,36.43401],[59.16662,36.43461],[59.16898,36.43585],[59.17047,36.43652],[59.17295,36.43833],[59.17437,36.43907],[59.1754,36.43982],[59.17702,36.44056],[59.17866,36.4416],[59.18029,36.44249],[59.18228,36.44289],[59.18648,36.44384],[59.18826,36.44409],[59.19045,36.44448],[59.19183,36.44442],[59.19477,36.44414],[59.19753,36.44435],[59.1995,36.44427],[59.20305,36.44445],[59.2046,36.44445]]}},{"type":"Feature","properties":{"minzoom":12},"geometry":{"type":"LineString","coordinates":[[59.24188,36.25379],[59.24552,36.25496],[59.249,36.25699],[59.25012,36.25884],[59.25159,36.26095],[59.25243,36.26363],[59.25291,36.26606],[59.25408,36.26872],[59.2546,36.27169],[59.2544,36.27387],[59.25622,36.27624],[59.2587,36.27831],[59.26079,36.27958],[59.26338,36.28355],[59.26711,36.28421],[59.27152,36.28512],[59.27495,36.28634],[59.27836,36.28728],[59.28213,36.28849],[59.2852,36.28945],[59.28902,36.29146],[59.29109,36.29246],[59.29594,36.29498],[59.29759,36.29566]]}},{"type":"Feature","properties":{"minzoom":12},"geometry":{"type":"LineString","coordinates":[[59.17249,36.24593],[59.17298,36.24663],[59.17372,36.24764],[59.17471,36.24865],[59.17545,36.24965],[59.17631,36.25066],[59.17755,36.25146],[59.17879,36.25217],[59.18015,36.25268],[59.18163,36.25298],[59.18436,36.25339],[59.18845,36.25431],[59.18981,36.25481],[59.19118,36.25512],[59.19266,36.25552],[59.19415,36.25603],[59.19551,36.25654],[59.19799,36.25755],[59.19923,36.25815],[59.20034,36.25896],[59.20145,36.25986],[59.20232,36.26087],[59.20331,36.26188],[59.20504,36.26389],[59.20578,36.265],[59.20639,36.2661],[59.20676,36.26721],[59.20688,36.26841],[59.20694,36.2696],[59.20667,36.27109],[59.20685,36.27224],[59.20748,36.27343],[59.20784,36.2741],[59.20877,36.27469],[59.20945,36.27642],[59.20958,36.27727],[59.20996,36.27756],[59.21073,36.27775],[59.21106,36.278],[59.2113,36.2786],[59.21189,36.28],[59.21288,36.28118],[59.2131,36.28212],[59.21374,36.28331],[59.21426,36.28519],[59.21548,36.28611],[59.21663,36.28697],[59.21755,36.28823],[59.21781,36.289],[59.21836,36.28941],[59.2187,36.29069],[59.21887,36.29121],[59.2199,36.29193],[59.2206,36.29296],[59.22062,36.29355],[59.22055,36.29389],[59.22049,36.29477],[59.22036,36.29567],[59.22045,36.29669],[59.22069,36.29791],[59.22009,36.29908],[59.21914,36.3001],[59.2188,36.30117],[59.21748,36.30301],[59.21687,36.30399],[59.21745,36.30499],[59.21901,36.30502],[59.21842,36.3063],[59.21829,36.30677],[59.219,36.30718],[59.22024,36.30747],[59.22071,36.30821],[59.22065,36.30925],[59.22123,36.31061],[59.22134,36.31168],[59.22198,36.31202],[59.22294,36.31254],[59.22397,36.31344],[59.22537,36.31463],[59.22638,36.3163],[59.22668,36.3181],[59.22762,36.31918],[59.22816,36.31979],[59.22868,36.32054],[59.22886,36.32119],[59.22881,36.32184]]}},{"type":"Feature","properties":{"minzoom":12},"geometry":{"type":"LineString","coordinates":[[59.14926,36.25751],[59.14992,36.25913],[59.15029,36.26022],[59.15086,36.26096],[59.15119,36.26258],[59.15219,36.26459],[59.15402,36.26765],[59.15626,36.26985],[59.15811,36.272],[59.16005,36.27427],[59.16039,36.27575],[59.16159,36.27756],[59.1633,36.27918],[59.16544,36.28085],[59.16796,36.28252],[59.17085,36.28556],[59.17191,36.28727],[59.17379,36.28949],[59.17484,36.29065],[59.1753,36.29171],[59.17769,36.29336],[59.17794,36.29367],[59.17807,36.29458],[59.18,36.29547],[59.18019,36.29611],[59.17992,36.29702],[59.18045,36.29859]]}},{"type":"Feature","properties":{"minzoom":12},"geometry":{"type":"LineString","coordinates":[[59.47057,36.1021],[59.47129,36.10252],[59.4719,36.10328],[59.47238,36.10427],[59.47219,36.10575],[59.47219,36.10824],[59.47259,36.10979],[59.47336,36.11089],[59.47441,36.11208],[59.47531,36.11306],[59.47636,36.11437],[59.47714,36.11558],[59.47751,36.11703],[59.47814,36.11824],[59.47862,36.11924],[59.47952,36.12021],[59.48015,36.12132],[59.48093,36.12275],[59.48168,36.12362],[59.48357,36.12478],[59.48504,36.12607],[59.4868,36.12758],[59.48825,36.12842],[59.48941,36.12916],[59.49013,36.12958],[59.49195,36.13109]]}},{"type":"Feature","properties":{"minzoom":12},"geometry":{"type":"LineString","coordinates":[[59.22984,36.32291],[59.23075,36.32324],[59.23268,36.32434],[59.23387,36.32507],[59.23532,36.32536],[59.2357,36.32591],[59.23756,36.32613],[59.23828,36.32633],[59.23869,36.32629],[59.23973,36.32649],[59.24023,36.32673],[59.24063,36.32758],[59.24113,36.32774],[59.24216,36.32784],[59.24272,36.32812],[59.24338,36.32821],[59.24406,36.3289],[59.24559,36.32954],[59.24602,36.32976],[59.24665,36.33071],[59.24766,36.33107],[59.24809,36.33162],[59.24915,36.33215],[59.25006,36.33256],[59.25034,36.333],[59.25085,36.33325],[59.2516,36.33352],[59.25222,36.33384],[59.25309,36.33396],[59.25347,36.33415],[59.25374,36.33442],[59.25421,36.3348],[59.25467,36.33494],[59.25508,36.33524],[59.25535,36.33557],[59.25576,36.33585],[59.25584,36.33643],[59.2564,36.33666],[59.25664,36.33723],[59.25698,36.33771],[59.25718,36.33799],[59.25777,36.33817],[59.2594,36.33876],[59.2605,36.33918],[59.26096,36.33984],[59.26176,36.34037],[59.26253,36.34144],[59.26329,36.34238],[59.26419,36.34337],[59.26553,36.34388],[59.26677,36.34428],[59.26742,36.34451],[59.26805,36.34457],[59.26909,36.34446],[59.26986,36.34472],[59.27126,36.34509],[59.27149,36.34511],[59.27194,36.34494],[59.2723,36.34501],[59.27265,36.34497],[59.27324,36.3448],[59.27428,36.34475],[59.27489,36.3449],[59.27522,36.34507],[59.27567,36.34513],[59.27603,36.3454],[59.27655,36.34536],[59.2772,36.34526],[59.27769,36.34534],[59.27809,36.34572],[59.27873,36.34588],[59.27974,36.34594],[59.28015,36.34626],[59.28071,36.34647],[59.28143,36.34682],[59.28169,36.34672],[59.28209,36.34655],[59.28256,36.34645],[59.28368,36.34692],[59.28491,36.34699],[59.28524,36.34704],[59.28558,36.3473],[59.28604,36.3475]]}},{"type":"Feature","properties":{"minzoom":12},"geometry":{"type":"LineString","coordinates":[[59.20152,36.38749],[59.2014,36.38876],[59.20146,36.38971],[59.20133,36.39082],[59.20146,36.39304],[59.20173,36.39413],[59.20262,36.39584],[59.20301,36.39694],[59.2047,36.39782],[59.2061,36.39839],[59.20754,36.39944],[59.20896,36.40018],[59.20919,36.40118],[59.2101,36.40162],[59.2107,36.40183],[59.21276,36.40199],[59.21411,36.40229],[59.21532,36.40295],[59.21611,36.40375],[59.21673,36.40432],[59.21737,36.40513],[59.21845,36.40604],[59.21927,36.40743],[59.21989,36.408],[59.22053,36.4088],[59.2213,36.40937],[59.2231,36.41001],[59.22447,36.41078],[59.22538,36.41122],[59.2263,36.41178],[59.22706,36.41222],[59.22828,36.413],[59.22906,36.41369],[59.23168,36.4148],[59.23568,36.41544]]}},{"type":"Feature","properties":{"minzoom":12},"geometry":{"type":"LineString","coordinates":[[59.2318,36.26876],[59.23363,36.26868],[59.23472,36.26848],[59.23619,36.26794],[59.23694,36.26867],[59.23863,36.26982],[59.23971,36.27065],[59.24068,36.27173],[59.24171,36.2723],[59.24259,36.2732],[59.2436,36.27474],[59.24442,36.27587],[59.2451,36.27664],[59.24555,36.27798],[59.24565,36.27871],[59.24545,36.27946],[59.24428,36.28038],[59.24336,36.28092],[59.24321,36.28144],[59.24311,36.28196],[59.24252,36.28241],[59.24263,36.28273],[59.24309,36.28305],[59.24371,36.28312],[59.24478,36.28269],[59.24562,36.28259],[59.24634,36.28262],[59.24663,36.28327],[59.24736,36.2836],[59.24794,36.28397],[59.24841,36.2845],[59.24856,36.28518],[59.24917,36.28546],[59.24969,36.28598],[59.2506,36.28614],[59.25113,36.28659],[59.25175,36.28723],[59.25197,36.28806],[59.2521,36.28846],[59.25187,36.289],[59.25222,36.28968],[59.25264,36.29031],[59.25307,36.29204],[59.25279,36.29332],[59.25308,36.29369],[59.25344,36.29382],[59.25371,36.29416],[59.25392,36.29529],[59.25389,36.29649],[59.25405,36.2972],[59.25465,36.29736],[59.25476,36.29816],[59.25471,36.29876],[59.25541,36.29907],[59.25567,36.29977],[59.25645,36.30009],[59.25708,36.30048],[59.25702,36.30126],[59.25778,36.30211],[59.25868,36.30299],[59.25915,36.30384],[59.25976,36.30461],[59.26042,36.3057],[59.26079,36.30612],[59.26139,36.30669],[59.26134,36.30744],[59.26205,36.30837],[59.26276,36.30955],[59.26306,36.30997],[59.26326,36.31053],[59.26368,36.31113],[59.26369,36.31169],[59.26354,36.31219],[59.26303,36.31283],[59.26297,36.31338],[59.26335,36.31404],[59.26373,36.31466],[59.26433,36.31518],[59.26515,36.31573],[59.26598,36.31589],[59.26656,36.31626],[59.26662,36.31714],[59.26624,36.31824],[59.266,36.31904],[59.26601,36.32032],[59.26639,36.3213],[59.26666,36.32224],[59.26679,36.32303],[59.26706,36.32328],[59.2675,36.32381],[59.26804,36.32413],[59.26856,36.32456],[59.26896,36.32511],[59.26924,36.32566],[59.26908,36.32625],[59.26912,36.32685],[59.26964,36.32732],[59.2703,36.32762],[59.27041,36.32789],[59.27019,36.32837],[59.27015,36.32928],[59.27075,36.3299],[59.27058,36.33037],[59.27047,36.33108],[59.27057,36.33153],[59.27083,36.33196],[59.27114,36.33251],[59.2721,36.33278],[59.2727,36.33264],[59.27343,36.33293],[59.27367,36.33339],[59.27469,36.33417],[59.27553,36.33483],[59.27604,36.33499],[59.27654,36.3349],[59.27729,36.33468],[59.2776,36.3349],[59.27811,36.33495],[59.27925,36.3358],[59.27949,36.33652],[59.28021,36.33675],[59.28051,36.33702],[59.281,36.33687],[59.28144,36.33705],[59.28222,36.33745],[59.28273,36.33788],[59.28345,36.33919],[59.28415,36.34006],[59.2843,36.34106],[59.28433,36.34182],[59.28438,36.34225],[59.28411,36.34259],[59.28426,36.34297],[59.2845,36.34314],[59.28542,36.34384],[59.28614,36.34435],[59.28645,36.34487],[59.28732,36.34521],[59.28775,36.34545],[59.28801,36.34573],[59.28839,36.34632],[59.28851,36.34676],[59.28845,36.34719],[59.28825,36.34751],[59.28801,36.34773],[59.2878,36.34803],[59.28765,36.34813],[59.28742,36.34823]]}},{"type":"Feature","properties":{"minzoom":12},"geometry":{"type":"LineString","coordinates":[[59.26168,36.14027],[59.2619,36.13846],[59.263,36.13699],[59.26379,36.13497],[59.26414,36.13436],[59.26517,36.13404],[59.26605,36.13397],[59.26685,36.1335],[59.26987,36.13259],[59.27108,36.13166],[59.272,36.12995],[59.27209,36.12983],[59.27287,36.12867],[59.27435,36.12762],[59.27536,36.12734],[59.2762,36.12639],[59.27659,36.12528],[59.27758,36.12441],[59.27824,36.12248],[59.27943,36.12153],[59.27957,36.12142],[59.27997,36.1204],[59.28055,36.1194],[59.2809,36.11863],[59.28156,36.11788],[59.28227,36.11726],[59.28265,36.11656],[59.2832,36.1156],[59.28371,36.11509],[59.28491,36.11392],[59.28566,36.11328],[59.28682,36.1115],[59.28714,36.11082],[59.28723,36.11001],[59.28763,36.10929],[59.28852,36.10783],[59.2885,36.10723]]}},{"type":"Feature","properties":{"minzoom":12},"geometry":{"type":"LineString","coordinates":[[59.33054,36.1981],[59.33293,36.19811],[59.33423,36.19807],[59.33565,36.19813],[59.33872,36.19803],[59.3401,36.19841],[59.34249,36.19892],[59.34412,36.19975],[59.34765,36.20045],[59.35041,36.20061],[59.3519,36.20131],[59.35307,36.20229],[59.35448,36.20386],[59.35564,36.20613],[59.35705,36.20801],[59.35839,36.20917],[59.3607,36.2101],[59.36413,36.21093],[59.36818,36.21245],[59.37067,36.21335],[59.37178,36.21399],[59.37359,36.21571],[59.3742,36.21643],[59.37812,36.22099],[59.37991,36.22163],[59.38086,36.22245],[59.38257,36.22269],[59.38483,36.22416],[59.38537,36.22465],[59.38565,36.22566],[59.38587,36.22707],[59.38662,36.22817],[59.39009,36.23174],[59.39135,36.23566],[59.39182,36.23673],[59.39212,36.23766],[59.39295,36.2386],[59.39314,36.23887],[59.39301,36.23985],[59.39287,36.24022],[59.3927,36.24096],[59.39292,36.24208],[59.393,36.24227],[59.39347,36.24243],[59.39412,36.24246],[59.39501,36.24256],[59.39591,36.24327],[59.3962,36.24364],[59.39698,36.24459],[59.39813,36.24542],[59.39875,36.24541],[59.39965,36.24555],[59.39992,36.24579],[59.40022,36.24584],[59.40064,36.24596],[59.401,36.24589],[59.40123,36.24595],[59.40159,36.24616],[59.4016,36.24638],[59.40164,36.2464],[59.4016,36.24642],[59.40141,36.2466],[59.40155,36.24686],[59.40218,36.2473],[59.40344,36.24757],[59.40528,36.24787],[59.40633,36.24813],[59.40672,36.24849],[59.40697,36.24892],[59.40734,36.24924],[59.40773,36.24944],[59.40804,36.24959],[59.40787,36.25006],[59.40791,36.25244],[59.40726,36.25402],[59.40753,36.25547],[59.40718,36.25604],[59.4062,36.25638],[59.40623,36.25681],[59.40619,36.25716],[59.40683,36.25782],[59.4071,36.25808],[59.40692,36.25836],[59.40696,36.25879],[59.40748,36.25947],[59.40784,36.25973],[59.40796,36.26005],[59.40819,36.26026],[59.40841,36.26033],[59.40837,36.26094],[59.40849,36.2611],[59.4091,36.2614],[59.40944,36.26181],[59.40958,36.26204],[59.40953,36.26303],[59.40924,36.26358],[59.40882,36.26433],[59.40891,36.26471],[59.40938,36.26491],[59.40999,36.26569],[59.41058,36.26642],[59.41172,36.26696],[59.41185,36.26713],[59.41168,36.2674],[59.41118,36.26754],[59.41103,36.26781],[59.41143,36.26825],[59.41149,36.26888],[59.41143,36.26925],[59.41068,36.27021],[59.41089,36.27087],[59.41131,36.2716],[59.41132,36.27193],[59.4109,36.27295],[59.41056,36.27338],[59.41108,36.27453],[59.41108,36.27483],[59.41079,36.27543],[59.41054,36.27634],[59.41056,36.27688],[59.41064,36.27728],[59.41066,36.27766],[59.41048,36.27831],[59.41017,36.27891],[59.41002,36.2801],[59.40984,36.28062],[59.40836,36.28147],[59.40823,36.28178],[59.40858,36.28249],[59.40884,36.2831],[59.40893,36.28452],[59.409,36.28524],[59.4092,36.28559],[59.40895,36.2866],[59.40833,36.2877],[59.40818,36.28819],[59.40827,36.28859],[59.40822,36.28896],[59.40753,36.28965],[59.40702,36.29055],[59.40595,36.29106],[59.40524,36.29183],[59.40565,36.2947]]}},{"type":"Feature","properties":{"minzoom":12},"geometry":{"type":"LineString","coordinates":[[59.13353,36.23287],[59.13192,36.23187],[59.13126,36.23139],[59.13073,36.23109],[59.12972,36.23062],[59.1294,36.23057],[59.12909,36.23044],[59.12883,36.23026],[59.12811,36.22931],[59.12713,36.22837],[59.12623,36.22788],[59.12529,36.22713],[59.12497,36.22661],[59.12457,36.22652],[59.12394,36.22586],[59.12339,36.22557],[59.12314,36.22534],[59.12284,36.2248],[59.12265,36.22473],[59.12203,36.22429],[59.1213,36.22349],[59.12106,36.22293],[59.11981,36.22224],[59.11898,36.22167],[59.11877,36.22145],[59.11857,36.22114],[59.11855,36.22089],[59.11839,36.22074],[59.11821,36.22019],[59.11799,36.22013],[59.11756,36.21988],[59.11712,36.21946],[59.11708,36.21929],[59.11691,36.21897],[59.11552,36.21793],[59.11478,36.21781],[59.11417,36.21765],[59.11283,36.21665]]}},{"type":"Feature","properties":{"minzoom":12},"geometry":{"type":"LineString","coordinates":[[59.28742,36.34823],[59.28811,36.34911],[59.28853,36.34998],[59.2894,36.35026],[59.28998,36.35063],[59.2915,36.35149],[59.29206,36.3522],[59.29271,36.35293],[59.29314,36.35385],[59.29343,36.35405],[59.29453,36.35456],[59.29516,36.35468],[59.29576,36.35504],[59.29704,36.35502],[59.29739,36.35536],[59.29747,36.35551],[59.29768,36.35587],[59.29815,36.35624],[59.29901,36.35684],[59.29983,36.35709],[59.30032,36.35752],[59.3008,36.35757],[59.30143,36.35765],[59.30205,36.35807],[59.3031,36.359],[59.30394,36.35964],[59.30404,36.36017],[59.30399,36.36049],[59.30408,36.36082],[59.30445,36.36091],[59.3047,36.36079],[59.30495,36.36103],[59.30526,36.36113],[59.3056,36.36142],[59.30606,36.36142],[59.30645,36.36156],[59.30685,36.36208],[59.30723,36.36263],[59.30788,36.36343],[59.30874,36.36409],[59.30912,36.36435],[59.30951,36.36427],[59.30987,36.36468],[59.31011,36.36512],[59.31061,36.36609],[59.31049,36.36631],[59.31045,36.36661],[59.31058,36.36686],[59.31096,36.36687],[59.31156,36.36688],[59.31217,36.36754],[59.31249,36.36854],[59.31272,36.36864],[59.31307,36.36855],[59.31367,36.36898],[59.31358,36.37038],[59.31386,36.37115],[59.31434,36.37174],[59.31492,36.37233],[59.31536,36.37294],[59.3155,36.37328],[59.31627,36.37364],[59.31665,36.37439],[59.31685,36.37457],[59.31696,36.37462],[59.31706,36.37462],[59.31716,36.37461],[59.31725,36.3746],[59.31737,36.3746],[59.31744,36.37464],[59.31747,36.37472],[59.31747,36.37481],[59.31745,36.37493],[59.31747,36.37505],[59.31757,36.37515],[59.31778,36.37528],[59.31795,36.37539],[59.31803,36.37555],[59.31813,36.3758],[59.31815,36.37594],[59.31814,36.37609],[59.31796,36.37633],[59.31791,36.37649],[59.3179,36.37671],[59.3179,36.37683],[59.31795,36.37693],[59.31804,36.377],[59.3182,36.37711],[59.31845,36.37721],[59.31856,36.3773],[59.31869,36.37745],[59.31872,36.37754],[59.31876,36.37771],[59.31874,36.37788],[59.31873,36.378],[59.31878,36.37811],[59.31889,36.3782],[59.31898,36.37831],[59.31898,36.3784],[59.3189,36.37849],[59.31882,36.37857],[59.31878,36.37865],[59.3188,36.37874],[59.31889,36.37883],[59.31902,36.37894],[59.31908,36.37905],[59.31903,36.37916],[59.31888,36.37929],[59.31884,36.37937],[59.31886,36.37949],[59.31898,36.37969],[59.31899,36.37984],[59.31894,36.37999],[59.31884,36.38014],[59.31878,36.38028],[59.31881,36.38039],[59.31909,36.38077],[59.31912,36.38087],[59.31915,36.38103],[59.31921,36.38129],[59.31918,36.38144],[59.31901,36.38153],[59.31873,36.38158],[59.31854,36.38165],[59.31846,36.38177],[59.3184,36.38194],[59.31843,36.38208],[59.31853,36.3822],[59.31863,36.38229],[59.31867,36.38239],[59.31876,36.38253],[59.31889,36.38265],[59.31905,36.38279],[59.31919,36.38283],[59.31936,36.38283],[59.31952,36.38286],[59.31965,36.38293],[59.31966,36.38305],[59.31962,36.38327],[59.31945,36.38348],[59.31929,36.38363],[59.31913,36.38384],[59.31903,36.38402],[59.31899,36.3842],[59.31898,36.38434],[59.31903,36.38452],[59.31913,36.38478],[59.31922,36.38505],[59.31933,36.38524],[59.31957,36.38549],[59.3196,36.38561],[59.31966,36.38578],[59.31972,36.38594],[59.31972,36.38621],[59.31967,36.38639],[59.31961,36.38666],[59.31968,36.38688],[59.3198,36.38713],[59.31993,36.38736],[59.32001,36.38757],[59.32003,36.38803],[59.32008,36.3886],[59.31999,36.38888],[59.32001,36.38914],[59.3201,36.38938],[59.32022,36.38949],[59.32049,36.3897],[59.32086,36.39006],[59.32108,36.39039],[59.3212,36.39064],[59.32126,36.3907],[59.32131,36.39074],[59.32249,36.3913],[59.323,36.3913],[59.32324,36.39132],[59.32362,36.39136],[59.32374,36.39135],[59.32409,36.39117],[59.32431,36.39107],[59.3245,36.39106],[59.32496,36.39105],[59.32531,36.39097],[59.3255,36.39098],[59.32705,36.39166],[59.32728,36.39166],[59.32775,36.39163],[59.32798,36.39166],[59.32817,36.39174],[59.32833,36.39172],[59.32844,36.39158],[59.32866,36.39148],[59.32881,36.39146],[59.32906,36.39144],[59.3293,36.3916],[59.32944,36.3918],[59.32951,36.39194],[59.32949,36.39213],[59.32947,36.39227],[59.32953,36.39248],[59.32975,36.39269],[59.33014,36.39275],[59.33051,36.39275],[59.33074,36.39279],[59.33084,36.39296],[59.331,36.39307],[59.33134,36.39323],[59.3315,36.39336],[59.33168,36.39356],[59.33184,36.39363],[59.33202,36.39362],[59.33226,36.39356],[59.33291,36.39357],[59.33322,36.39363],[59.33343,36.39364],[59.33354,36.39361],[59.33376,36.39346],[59.33405,36.39326],[59.33424,36.39318],[59.33489,36.39308],[59.33506,36.39305],[59.33522,36.39308],[59.33547,36.39322],[59.33583,36.39344],[59.33625,36.39367],[59.33672,36.39383],[59.33712,36.39397],[59.33766,36.39435],[59.33821,36.39489],[59.33858,36.39532],[59.33868,36.39559],[59.3387,36.39572],[59.33877,36.39579],[59.3389,36.39581],[59.33927,36.39581],[59.33955,36.39581],[59.33979,36.39588],[59.34003,36.39595],[59.34027,36.39594],[59.34044,36.39589],[59.34064,36.39585],[59.34073,36.39587],[59.34075,36.39592],[59.34075,36.39599],[59.34073,36.39635],[59.34077,36.39659],[59.34093,36.39692],[59.34098,36.39718],[59.34098,36.39752],[59.34094,36.39778],[59.34088,36.39793],[59.34088,36.39806],[59.34091,36.39821],[59.34098,36.39825],[59.34114,36.39826],[59.34129,36.39826],[59.3414,36.39834],[59.34163,36.39849],[59.34176,36.39852],[59.34189,36.39851],[59.34202,36.39845],[59.34217,36.39841],[59.34231,36.39841],[59.34249,36.39857],[59.34282,36.39871],[59.34312,36.39881],[59.34331,36.39903],[59.34332,36.39928],[59.34331,36.39949],[59.34324,36.39968],[59.34308,36.39974],[59.34294,36.39982],[59.34273,36.40003],[59.34266,36.40017],[59.34269,36.40026],[59.34284,36.40032],[59.34334,36.40045],[59.34399,36.40048],[59.34433,36.40045],[59.34456,36.40045],[59.34478,36.40051],[59.34489,36.40063],[59.34506,36.40094],[59.34529,36.40155],[59.34536,36.40197],[59.34539,36.40214],[59.34532,36.40259],[59.34531,36.40281],[59.34538,36.40297],[59.34555,36.4031]]}},{"type":"Feature","properties":{"minzoom":12},"geometry":{"type":"LineString","coordinates":[[59.24051,36.1486],[59.23325,36.14462],[59.2243,36.13823],[59.21961,36.13326],[59.209,36.12835],[59.20534,36.12731],[59.20186,36.12632],[59.19624,36.12405],[59.18933,36.1222],[59.18565,36.12288],[59.18144,36.12139],[59.17658,36.12164],[59.17334,36.11964],[59.17146,36.11962]]}},{"type":"Feature","properties":{"minzoom":12},"geometry":{"type":"LineString","coordinates":[[59.50018,36.2195],[59.50065,36.21949],[59.50112,36.21958],[59.5014,36.21973],[59.50162,36.21995],[59.50195,36.22033],[59.50224,36.22075],[59.50244,36.22119],[59.50259,36.22139],[59.50277,36.22158],[59.50355,36.22157],[59.50404,36.22148],[59.50449,36.22132],[59.50477,36.2212],[59.50504,36.221],[59.50526,36.22078],[59.5056,36.22033],[59.50585,36.2201],[59.50611,36.22006],[59.5064,36.22012],[59.50666,36.22023],[59.50699,36.22029],[59.50739,36.22024],[59.5081,36.21997],[59.50912,36.21966],[59.50961,36.21938],[59.51,36.21902],[59.51038,36.21844],[59.51089,36.21798],[59.51174,36.21669],[59.51195,36.21661],[59.51219,36.21658],[59.51259,36.21648],[59.51284,36.21639],[59.51302,36.21624],[59.51319,36.21603],[59.5133,36.21577],[59.51358,36.21533],[59.51437,36.21476],[59.51466,36.21447],[59.51494,36.21412],[59.51548,36.21338],[59.51579,36.21314],[59.51634,36.21297],[59.5169,36.21295],[59.51772,36.21306],[59.51854,36.21332],[59.51908,36.21363],[59.51943,36.21381],[59.51974,36.21387],[59.52015,36.21386],[59.52066,36.21382],[59.52126,36.21382],[59.52172,36.21393],[59.52223,36.21422],[59.52264,36.21431],[59.52308,36.2143],[59.52347,36.21424],[59.52386,36.21425],[59.5241,36.21437],[59.52435,36.21448],[59.52461,36.21447],[59.52485,36.21441],[59.52515,36.21436],[59.52547,36.21426],[59.52555,36.21419],[59.52556,36.21409],[59.52553,36.214],[59.52541,36.2139],[59.52522,36.21371],[59.52508,36.21353],[59.5249,36.21329],[59.52473,36.21305],[59.52452,36.21287],[59.5244,36.21278],[59.52432,36.21266],[59.52435,36.21241],[59.52448,36.2121],[59.52452,36.21192],[59.5246,36.21174],[59.52473,36.21157],[59.52489,36.21148],[59.52505,36.21136],[59.52523,36.21113],[59.52532,36.21102],[59.52538,36.21096],[59.52548,36.21094],[59.52556,36.21096],[59.52568,36.21104],[59.52586,36.21114],[59.52603,36.2113],[59.52624,36.2114],[59.52647,36.21146],[59.52665,36.21151],[59.52686,36.21152],[59.52698,36.2115],[59.52709,36.2115],[59.52736,36.21155],[59.52765,36.21165],[59.52813,36.21186],[59.52839,36.21196],[59.5287,36.21198],[59.52919,36.21196],[59.52943,36.21192],[59.52967,36.21184],[59.53034,36.21155],[59.53047,36.21137],[59.53058,36.21125],[59.5307,36.2111],[59.53079,36.21094],[59.53089,36.21059],[59.53103,36.21027],[59.53118,36.21],[59.53129,36.20989],[59.53144,36.20981],[59.53164,36.20978],[59.53177,36.2098],[59.53201,36.20984],[59.5322,36.20991],[59.53237,36.20994],[59.53255,36.20992],[59.53303,36.2096],[59.53361,36.20928],[59.53396,36.20918],[59.53432,36.20905],[59.53461,36.20891],[59.53485,36.20884],[59.53518,36.20876],[59.53551,36.20871],[59.53572,36.20872],[59.5359,36.20881],[59.53626,36.20901],[59.53657,36.20893],[59.5368,36.20892],[59.53702,36.20898],[59.53735,36.20913],[59.53759,36.20941],[59.53771,36.20963],[59.53796,36.20972],[59.53823,36.20975],[59.53877,36.20952],[59.53912,36.20912],[59.53955,36.20885],[59.54001,36.20852],[59.54026,36.20814],[59.5405,36.20784],[59.54075,36.2077],[59.54094,36.20768],[59.54114,36.20771],[59.54159,36.20785],[59.54202,36.20793],[59.54241,36.20792],[59.54257,36.20755],[59.54274,36.20597],[59.54281,36.20581],[59.54296,36.20568],[59.54323,36.20549],[59.54352,36.20543],[59.54377,36.20545],[59.54399,36.20555],[59.54417,36.20568],[59.54433,36.20579],[59.54452,36.20585],[59.54469,36.20588],[59.54481,36.20583],[59.54501,36.20568],[59.5453,36.20559],[59.54542,36.20536],[59.54525,36.20517],[59.54464,36.20493],[59.54413,36.20441],[59.54392,36.20398],[59.54392,36.20357],[59.5442,36.20328],[59.54496,36.20284],[59.54522,36.2027],[59.54537,36.20246],[59.54538,36.20208],[59.54542,36.2013],[59.54551,36.2007],[59.54568,36.20044],[59.5459,36.20039],[59.54619,36.20035],[59.54647,36.20032],[59.54664,36.20014]]}},{"type":"Feature","properties":{"minzoom":12},"geometry":{"type":"LineString","coordinates":[[59.19296,36.29526],[59.19588,36.29599],[59.19772,36.29701],[59.19869,36.29763],[59.19995,36.29809],[59.20121,36.29915],[59.2025,36.30035],[59.20358,36.30204],[59.20419,36.30315],[59.20491,36.30338],[59.2063,36.30344],[59.20744,36.30357],[59.20805,36.30364],[59.20835,36.30385],[59.20859,36.30449],[59.20856,36.30524],[59.20852,36.30577],[59.20852,36.30641],[59.20881,36.30713],[59.20858,36.30771],[59.2087,36.30834],[59.20871,36.3094],[59.20912,36.30955],[59.20954,36.3095],[59.20992,36.30958],[59.2102,36.30975],[59.21015,36.31004],[59.20984,36.31034],[59.20942,36.31098],[59.20922,36.31178],[59.20927,36.3121],[59.20919,36.31254],[59.20928,36.31276],[59.20951,36.3129],[59.20993,36.31283],[59.21041,36.31292],[59.21149,36.3135],[59.21214,36.31388],[59.21273,36.31431],[59.21387,36.31469],[59.21482,36.31506],[59.21577,36.31528],[59.216,36.31575],[59.21612,36.31629],[59.21654,36.31647],[59.21708,36.31666],[59.21838,36.31727],[59.21938,36.31763],[59.22075,36.31799],[59.22173,36.31781],[59.223,36.31776],[59.22386,36.31832],[59.2242,36.31871],[59.22476,36.31883],[59.22516,36.319],[59.22554,36.31891],[59.22762,36.31918]]}},{"type":"Feature","properties":{"minzoom":12},"geometry":{"type":"LineString","coordinates":[[59.23568,36.41544],[59.24068,36.41449],[59.24776,36.4157],[59.25332,36.41624],[59.25809,36.41861],[59.26108,36.41885],[59.26735,36.42197],[59.27144,36.42189],[59.2779,36.42263],[59.27902,36.42316],[59.28301,36.42504],[59.28448,36.42642],[59.28457,36.42655]]}},{"type":"Feature","properties":{"minzoom":12},"geometry":{"type":"LineString","coordinates":[[59.42435,36.12051],[59.42604,36.12089],[59.42747,36.1215],[59.42931,36.1221],[59.4306,36.12273],[59.43135,36.12349],[59.43235,36.12401],[59.43339,36.12498],[59.43456,36.12583],[59.436,36.12667],[59.437,36.12708],[59.43842,36.12759],[59.4397,36.12798],[59.44097,36.12827],[59.44247,36.12787],[59.44492,36.12698],[59.447,36.127],[59.44894,36.12681],[59.45184,36.12646],[59.45472,36.12589],[59.45667,36.12592],[59.45888,36.12722],[59.46233,36.12883],[59.46385,36.129],[59.46575,36.1288],[59.46799,36.12905],[59.46856,36.12923],[59.46927,36.12945],[59.47085,36.13028],[59.472,36.1308],[59.4735,36.13265],[59.47466,36.13339],[59.4761,36.13412],[59.47793,36.13449],[59.4796,36.13454],[59.48086,36.1346],[59.48333,36.13415],[59.48526,36.13385],[59.48758,36.13307],[59.48837,36.13247],[59.48999,36.13173],[59.49195,36.13109]]}},{"type":"Feature","properties":{"minzoom":12},"geometry":{"type":"LineString","coordinates":[[59.52924,36.13839],[59.52962,36.1388],[59.52991,36.1389],[59.5304,36.13892],[59.53087,36.13901],[59.53097,36.13919],[59.53142,36.13938],[59.53197,36.13959],[59.53232,36.13967],[59.53252,36.13975],[59.53264,36.13987],[59.53274,36.14004],[59.53268,36.1403],[59.53251,36.14068],[59.53248,36.14082],[59.53251,36.14092],[59.5326,36.14098],[59.53288,36.14103],[59.53313,36.14115],[59.53354,36.14146],[59.53439,36.14178],[59.53502,36.14211],[59.53539,36.14216],[59.53572,36.14214],[59.53647,36.14198],[59.53667,36.14198],[59.53702,36.14219],[59.53765,36.14218],[59.53804,36.14218],[59.53848,36.14224],[59.53897,36.14208],[59.53917,36.14206],[59.53945,36.14209],[59.53997,36.14221],[59.54109,36.14229],[59.54149,36.14237],[59.54191,36.14247],[59.54225,36.14247],[59.54258,36.1424],[59.54286,36.14229],[59.54338,36.14192],[59.54361,36.14182],[59.54394,36.14177],[59.54445,36.14173],[59.54491,36.14176],[59.54538,36.14186],[59.5457,36.14186],[59.54589,36.14182],[59.54621,36.14166],[59.54679,36.14142],[59.5478,36.14118],[59.54897,36.14071]]}},{"type":"Feature","properties":{"minzoom":12},"geometry":{"type":"LineString","coordinates":[[59.52914,36.13834],[59.52924,36.13839]]}},{"type":"Feature","properties":{"minzoom":12},"geometry":{"type":"LineString","coordinates":[[59.18556,36.06133],[59.1844,36.0613],[59.18236,36.061],[59.18098,36.06068],[59.17957,36.0607],[59.17831,36.0612],[59.17783,36.0616],[59.17694,36.06208],[59.17657,36.06205],[59.1763,36.06219],[59.17586,36.06211],[59.17508,36.06202],[59.17478,36.06178],[59.17461,36.06151],[59.17423,36.06137],[59.17384,36.0613],[59.17358,36.06155],[59.17309,36.06145],[59.16986,36.06154],[59.16907,36.06181],[59.16855,36.06173],[59.16778,36.062],[59.1672,36.06168],[59.16671,36.06178],[59.1663,36.0617],[59.16591,36.06179],[59.1658,36.06197],[59.16575,36.0621],[59.16551,36.06209],[59.16536,36.06218],[59.1652,36.06229],[59.16484,36.06235],[59.16465,36.06235]]}},{"type":"Feature","properties":{"minzoom":12},"geometry":{"type":"LineString","coordinates":[[59.37477,36.42873],[59.37624,36.42848],[59.37748,36.42835],[59.3783,36.4282],[59.37863,36.42821]]}},{"type":"Feature","properties":{"minzoom":12},"geometry":{"type":"LineString","coordinates":[[59.39392,36.45037],[59.39567,36.4518],[59.39741,36.45316],[59.39763,36.45358],[59.39804,36.45413],[59.40035,36.45633],[59.40174,36.45777],[59.40228,36.4587],[59.40326,36.46072],[59.40388,36.46154],[59.40437,36.46281],[59.40497,36.46396],[59.40586,36.46504],[59.40602,36.46542],[59.40612,36.46562]]}},{"type":"Feature","properties":{"minzoom":12},"geometry":{"type":"LineString","coordinates":[[59.59982,36.48894],[59.60061,36.48897],[59.60059,36.48922],[59.60062,36.48948],[59.60069,36.48961],[59.60092,36.48961],[59.60117,36.48945],[59.60155,36.48921],[59.60188,36.48919],[59.60219,36.48953],[59.60263,36.49026],[59.60293,36.49043],[59.6033,36.49048],[59.60343,36.49066],[59.6034,36.49087],[59.60338,36.49106],[59.60355,36.49122],[59.60383,36.49125],[59.60403,36.49141],[59.60423,36.49172],[59.60432,36.49179],[59.60445,36.49202],[59.60452,36.49234],[59.60464,36.49257],[59.60494,36.49278],[59.60494,36.49306],[59.60479,36.49332],[59.60491,36.49349],[59.60532,36.49361],[59.60587,36.49355],[59.60636,36.49356],[59.60683,36.49373],[59.60687,36.49396],[59.60661,36.49408],[59.60604,36.49414],[59.60588,36.49436],[59.60582,36.49468],[59.60594,36.49485],[59.60646,36.49487],[59.60686,36.49484],[59.60701,36.49493],[59.60735,36.49548],[59.60735,36.49572],[59.60766,36.4963],[59.60752,36.49678],[59.6074,36.49706],[59.60769,36.49735],[59.60829,36.49758],[59.6089,36.49781],[59.60915,36.49806],[59.60939,36.49844],[59.61005,36.49895],[59.6106,36.49925],[59.61108,36.49942],[59.61144,36.49938],[59.61163,36.49917],[59.61181,36.49911],[59.6121,36.49926],[59.61233,36.4995]]}},{"type":"Feature","properties":{"minzoom":12},"geometry":{"type":"LineString","coordinates":[[59.4201,36.36211],[59.42057,36.36282],[59.42184,36.36431],[59.42341,36.36608],[59.42356,36.36642],[59.42429,36.36851],[59.4245,36.36925],[59.42474,36.36957],[59.42634,36.37175],[59.42655,36.37235],[59.42665,36.37342],[59.42682,36.37493],[59.42709,36.37553],[59.42827,36.37725]]}},{"type":"Feature","properties":{"minzoom":12},"geometry":{"type":"LineString","coordinates":[[59.42871,36.37817],[59.42884,36.37841],[59.42914,36.37865],[59.4297,36.37895],[59.42992,36.37908],[59.4302,36.37934],[59.4305,36.37967],[59.4308,36.37993],[59.43133,36.38035],[59.43315,36.38152],[59.43362,36.38182],[59.43367,36.38186]]}},{"type":"Feature","properties":{"minzoom":12},"geometry":{"type":"LineString","coordinates":[[59.44064,36.38665],[59.4418,36.38756],[59.44357,36.38856],[59.44545,36.3895],[59.44627,36.39018],[59.44641,36.39037],[59.44701,36.39117],[59.44766,36.39185],[59.44895,36.39314],[59.45042,36.39399],[59.45143,36.39434],[59.45281,36.39463],[59.45433,36.39506],[59.45475,36.39519],[59.45595,36.39554],[59.45719,36.39678],[59.45759,36.39739],[59.4579,36.39766]]}},{"type":"Feature","properties":{"minzoom":12},"geometry":{"type":"LineString","coordinates":[[59.43367,36.38186],[59.43376,36.38191]]}},{"type":"Feature","properties":{"minzoom":12},"geometry":{"type":"LineString","coordinates":[[59.41708,36.35661],[59.4181,36.358],[59.41878,36.3594],[59.41927,36.36051],[59.41987,36.36157],[59.41988,36.36182]]}},{"type":"Feature","properties":{"minzoom":12},"geometry":{"type":"LineString","coordinates":[[59.44211,36.37532],[59.4425,36.37557],[59.44291,36.37599],[59.44322,36.37658],[59.44358,36.37724],[59.4438,36.3776],[59.44389,36.37773],[59.44409,36.37799],[59.4444,36.37816],[59.44491,36.37833],[59.44519,36.37851],[59.44542,36.37874],[59.44573,36.37884],[59.446,36.37896],[59.44612,36.37926],[59.44632,36.37975],[59.44653,36.37983],[59.44673,36.38039]]}},{"type":"Feature","properties":{"minzoom":12},"geometry":{"type":"LineString","coordinates":[[59.40316,36.33258],[59.40392,36.3331],[59.40462,36.33358],[59.40504,36.33399],[59.40519,36.33434],[59.40568,36.33498],[59.40614,36.33567],[59.40632,36.33613],[59.40653,36.33667],[59.40696,36.33742],[59.40731,36.33815],[59.40765,36.33843],[59.40825,36.33884],[59.40843,36.33908],[59.4088,36.33933],[59.40896,36.33954],[59.40932,36.33989],[59.40962,36.34028],[59.40994,36.34058],[59.41017,36.34091],[59.41042,36.34125],[59.41051,36.34135]]}},{"type":"Feature","properties":{"minzoom":12},"geometry":{"type":"LineString","coordinates":[[59.41082,36.34153],[59.41103,36.34165],[59.41126,36.34174],[59.41161,36.34195],[59.41321,36.34409],[59.41346,36.3446]]}},{"type":"Feature","properties":{"minzoom":12},"geometry":{"type":"LineString","coordinates":[[59.41051,36.34135],[59.41068,36.34145]]}},{"type":"Feature","properties":{"minzoom":12},"geometry":{"type":"LineString","coordinates":[[59.41068,36.34145],[59.41082,36.34153]]}},{"type":"Feature","properties":{"minzoom":12},"geometry":{"type":"LineString","coordinates":[[59.41245,36.34579],[59.41225,36.34648],[59.41205,36.34726],[59.41202,36.34759],[59.41229,36.34806],[59.41256,36.34829],[59.4128,36.34843],[59.413,36.34865],[59.41307,36.34887],[59.41334,36.34905],[59.41378,36.3492],[59.41556,36.34969],[59.41582,36.34986],[59.41616,36.3502],[59.4168,36.35082],[59.41736,36.3514],[59.41823,36.35238],[59.4185,36.35276],[59.41876,36.35306],[59.41904,36.35332],[59.41923,36.35344],[59.41953,36.35403],[59.41959,36.35465],[59.41957,36.35523],[59.41943,36.35583],[59.41917,36.3562]]}},{"type":"Feature","properties":{"minzoom":12},"geometry":{"type":"LineString","coordinates":[[59.41917,36.3562],[59.41864,36.35633],[59.41799,36.35638],[59.41738,36.35639],[59.41708,36.35661]]}},{"type":"Feature","properties":{"minzoom":12},"geometry":{"type":"LineString","coordinates":[[59.41346,36.3446],[59.41344,36.34486],[59.41287,36.34527],[59.41254,36.34558],[59.41245,36.34579]]}},{"type":"Feature","properties":{"minzoom":12},"geometry":{"type":"LineString","coordinates":[[59.41178,36.35063],[59.4122,36.35068],[59.41267,36.35054],[59.41307,36.35053],[59.41338,36.35061],[59.41363,36.35096],[59.41453,36.35263],[59.41541,36.35423],[59.41644,36.35579],[59.41708,36.35661]]}},{"type":"Feature","properties":{"minzoom":12},"geometry":{"type":"LineString","coordinates":[[59.41988,36.36182],[59.4201,36.36211]]}},{"type":"Feature","properties":{"minzoom":12},"geometry":{"type":"LineString","coordinates":[[59.89477,36.26262],[59.89497,36.26201],[59.89556,36.26096],[59.89588,36.26076],[59.8969,36.25922],[59.89696,36.25854],[59.89684,36.25834],[59.89721,36.25749],[59.89717,36.25701],[59.89705,36.25673],[59.89706,36.25642],[59.89715,36.25585],[59.89758,36.25568],[59.89771,36.25537],[59.89816,36.25514],[59.89825,36.25494],[59.89915,36.25403],[59.90007,36.25256],[59.90049,36.25222],[59.90074,36.25206],[59.90084,36.25197],[59.90101,36.25188],[59.90137,36.2517],[59.90174,36.25122],[59.90193,36.25105],[59.90237,36.25032],[59.90261,36.25017],[59.9029,36.24979],[59.903,36.24949],[59.90348,36.24869],[59.90384,36.24864],[59.90387,36.24852],[59.90395,36.24824],[59.90392,36.24805],[59.90429,36.2476],[59.90435,36.24734],[59.90434,36.24728],[59.9043,36.24722],[59.90421,36.24712],[59.90406,36.24656],[59.90387,36.24573],[59.90383,36.24545],[59.9041,36.24527],[59.9045,36.24443],[59.90456,36.24385],[59.90464,36.24312],[59.90471,36.24301],[59.90479,36.24294],[59.90486,36.24288],[59.90488,36.2428],[59.90481,36.24261],[59.90448,36.24241],[59.90439,36.24218],[59.90425,36.24191],[59.90416,36.2418],[59.90402,36.24169],[59.90386,36.2416],[59.90357,36.24155],[59.90344,36.24145],[59.90338,36.24104],[59.90309,36.24044],[59.90316,36.24025],[59.90307,36.23959],[59.9031,36.23907],[59.90307,36.2387],[59.90297,36.23827],[59.90293,36.23799],[59.90289,36.2378],[59.90284,36.23756],[59.90285,36.23741],[59.9029,36.23722],[59.90295,36.23709],[59.90307,36.23697],[59.90325,36.23684],[59.90363,36.23665],[59.90485,36.23623],[59.9051,36.23619],[59.90547,36.23598],[59.90567,36.23585],[59.9059,36.23575],[59.90623,36.23555],[59.90647,36.23547],[59.90662,36.23535],[59.90673,36.23522],[59.90701,36.23447],[59.90702,36.23435],[59.90705,36.23423],[59.90716,36.23404],[59.90724,36.23389],[59.90734,36.23376],[59.90748,36.23371],[59.90769,36.23364],[59.90808,36.23327],[59.9083,36.2331],[59.9083,36.233],[59.90819,36.23291],[59.90806,36.23284],[59.90808,36.2327],[59.90819,36.23253],[59.90826,36.23244],[59.9083,36.23235],[59.90823,36.23218],[59.90815,36.23203],[59.90822,36.23183],[59.90822,36.2316],[59.90828,36.23152],[59.90835,36.23145],[59.90836,36.23133],[59.90836,36.23123],[59.90834,36.23113],[59.90835,36.23104],[59.90836,36.23092],[59.90831,36.23078],[59.90825,36.2307],[59.90822,36.23063],[59.90827,36.2305],[59.90822,36.2304],[59.90806,36.23026],[59.9081,36.2302],[59.90824,36.23005],[59.90821,36.22999],[59.90812,36.22996],[59.908,36.22987],[59.90806,36.22973],[59.90784,36.22928],[59.90772,36.22915],[59.90759,36.22904],[59.90744,36.2289],[59.90742,36.22876],[59.90746,36.2286],[59.90754,36.22852],[59.90776,36.22853],[59.90791,36.22843],[59.90817,36.22831],[59.90834,36.22828],[59.90854,36.22829],[59.90882,36.22836],[59.90904,36.22835],[59.90938,36.22829],[59.90956,36.22836],[59.90959,36.22848],[59.9097,36.22853],[59.90992,36.22859],[59.91002,36.22873],[59.91016,36.22872],[59.91034,36.22868],[59.91044,36.22863],[59.91042,36.22853],[59.91047,36.22847],[59.91067,36.22843],[59.91098,36.2284],[59.91116,36.22847],[59.91143,36.22845],[59.91155,36.22843],[59.91168,36.22847],[59.91184,36.22855],[59.91198,36.22857],[59.91208,36.22854],[59.91212,36.22849],[59.91219,36.22824]]}},{"type":"Feature","properties":{"minzoom":12},"geometry":{"type":"LineString","coordinates":[[59.91221,36.22813],[59.91225,36.22797],[59.9123,36.22791],[59.91241,36.22778],[59.91253,36.22766],[59.91257,36.22756],[59.91257,36.22747],[59.91255,36.22738],[59.91252,36.2273],[59.91251,36.22713],[59.91253,36.22704],[59.91262,36.22701],[59.91278,36.22698],[59.91287,36.22694],[59.91291,36.22688],[59.91298,36.22684],[59.91308,36.22681],[59.91312,36.22673],[59.9132,36.22665],[59.91327,36.22664],[59.91337,36.22672],[59.91345,36.22679],[59.9135,36.22676],[59.91356,36.2267],[59.91365,36.22637],[59.9136,36.22632],[59.91348,36.22625],[59.91345,36.2262],[59.91347,36.22613],[59.91371,36.22601],[59.91365,36.2259],[59.91369,36.22578],[59.9137,36.22574],[59.91373,36.22564],[59.91381,36.22563],[59.91391,36.22561],[59.91395,36.22552],[59.91402,36.22545],[59.9141,36.2254],[59.91421,36.22536],[59.9143,36.22536],[59.91442,36.22538],[59.91451,36.22536],[59.91463,36.2253],[59.91475,36.22508],[59.91478,36.22479],[59.91496,36.22459],[59.91522,36.22428]]}},{"type":"Feature","properties":{"minzoom":12},"geometry":{"type":"LineString","coordinates":[[59.91219,36.22824],[59.91221,36.22813]]}},{"type":"Feature","properties":{"minzoom":12},"geometry":{"type":"LineString","coordinates":[[59.66182,36.40413],[59.66209,36.4038],[59.66229,36.40353],[59.66247,36.40318],[59.66267,36.40287],[59.66282,36.40268],[59.66294,36.4025],[59.66301,36.40234],[59.66319,36.40218],[59.6634,36.40203],[59.66358,36.40186],[59.66371,36.40179],[59.66386,36.40162],[59.66395,36.40153],[59.66408,36.40157],[59.66414,36.40162],[59.66419,36.40163],[59.66428,36.40161],[59.66428,36.40156],[59.66424,36.40151],[59.66422,36.40144],[59.66428,36.40136],[59.66434,36.40131],[59.66435,36.40123],[59.66438,36.40114],[59.6646,36.40108],[59.66476,36.40106],[59.66481,36.40104],[59.66482,36.40097],[59.6648,36.4009],[59.66473,36.40084],[59.66474,36.40073],[59.66479,36.40061],[59.66477,36.40046],[59.66482,36.40033],[59.66496,36.40023],[59.66507,36.40016],[59.66512,36.40005],[59.66503,36.39995],[59.66501,36.39984],[59.66512,36.39943],[59.66515,36.39917],[59.66518,36.39896],[59.66528,36.39879],[59.66536,36.39864],[59.6653,36.39849],[59.66526,36.39839],[59.66527,36.39819],[59.66534,36.398],[59.66544,36.39778],[59.66544,36.39759],[59.66541,36.39731],[59.66538,36.39708],[59.66528,36.39686],[59.66526,36.39656],[59.66531,36.39636],[59.66532,36.39632],[59.6654,36.39602],[59.6654,36.39582],[59.6654,36.39551],[59.66531,36.39528],[59.66514,36.39494],[59.66502,36.39474],[59.66496,36.39459],[59.66495,36.39441],[59.66499,36.39424],[59.66512,36.39402],[59.66528,36.39386],[59.66545,36.39377],[59.66559,36.3937],[59.6658,36.39355],[59.66624,36.39321],[59.66635,36.39307],[59.66638,36.393],[59.6664,36.39287],[59.66648,36.39277],[59.66663,36.39271],[59.66671,36.3926],[59.66676,36.39246],[59.66688,36.39234],[59.66701,36.3922],[59.66705,36.39208],[59.667,36.39201],[59.66698,36.39187],[59.66705,36.39176],[59.66713,36.39162],[59.66713,36.39136],[59.66718,36.39116],[59.66729,36.39101],[59.66732,36.39089],[59.66736,36.39076],[59.66734,36.39048],[59.66736,36.39033],[59.66748,36.39013],[59.66765,36.38953],[59.66765,36.38923],[59.66774,36.38895],[59.66798,36.38875],[59.66834,36.38816],[59.6685,36.38747],[59.6687,36.38688],[59.66898,36.38643],[59.66908,36.38601],[59.66908,36.3857],[59.66905,36.38542],[59.66919,36.38518],[59.66919,36.38472],[59.66901,36.38427],[59.6691,36.38387],[59.66917,36.38336],[59.66931,36.383],[59.66933,36.38208],[59.66931,36.38177],[59.6694,36.38139],[59.66953,36.38101],[59.6696,36.38071],[59.66951,36.38037]]}},{"type":"Feature","properties":{"minzoom":12},"geometry":{"type":"LineString","coordinates":[[59.68775,36.40287],[59.68806,36.40239],[59.68818,36.40205],[59.68818,36.40159],[59.68838,36.40094],[59.68835,36.40074],[59.68805,36.40034],[59.68784,36.39996],[59.68784,36.39972],[59.68797,36.39955],[59.68843,36.39927],[59.68893,36.39905],[59.68909,36.39885],[59.68906,36.3986],[59.68861,36.39831],[59.68814,36.39805],[59.68787,36.39792],[59.68787,36.3978],[59.68786,36.39754],[59.68833,36.397],[59.68883,36.39664],[59.68914,36.39645],[59.68921,36.39626],[59.68913,36.39603],[59.689,36.39581],[59.6886,36.39555],[59.68837,36.39537],[59.6883,36.39516],[59.68836,36.39496],[59.68855,36.39475],[59.68881,36.39454],[59.68907,36.39432],[59.68912,36.39414],[59.689,36.394],[59.68878,36.39387],[59.68863,36.3936],[59.68858,36.39332],[59.68841,36.39296],[59.68833,36.39275],[59.68835,36.3925],[59.68841,36.39217],[59.68836,36.39185],[59.68797,36.39134],[59.68765,36.3909],[59.68736,36.39031],[59.6874,36.38982],[59.68764,36.38913],[59.68787,36.38889],[59.68792,36.38861],[59.68789,36.38837],[59.68774,36.38815],[59.68742,36.38789],[59.68736,36.38761],[59.68748,36.38726],[59.68768,36.3867],[59.68781,36.3865],[59.68784,36.38619],[59.68771,36.38574],[59.68763,36.38538],[59.68769,36.38506],[59.68758,36.38466],[59.68722,36.38399],[59.68699,36.38361],[59.687,36.38337],[59.68704,36.38249],[59.68717,36.38201],[59.68717,36.38137],[59.68708,36.38079],[59.68692,36.38024],[59.68723,36.37923],[59.68732,36.37889],[59.68732,36.37871],[59.68731,36.37832],[59.68741,36.37801],[59.68736,36.37782],[59.68712,36.37766],[59.68678,36.37777],[59.68653,36.37776],[59.68608,36.37727],[59.68582,36.37686],[59.68565,36.37672],[59.68565,36.3765],[59.68589,36.3763],[59.6862,36.37623],[59.6867,36.37598],[59.68689,36.37575],[59.68707,36.37543],[59.68729,36.37485],[59.68719,36.37463],[59.68703,36.37446],[59.6868,36.37439],[59.68667,36.37414],[59.68676,36.37385],[59.68694,36.37368],[59.68716,36.37345],[59.68727,36.3731],[59.68722,36.37268],[59.68734,36.37252],[59.68734,36.37225],[59.68719,36.37192],[59.68711,36.37156],[59.68716,36.37126],[59.68727,36.37101],[59.6873,36.37083],[59.68711,36.37071],[59.68679,36.37037],[59.68671,36.37013],[59.6867,36.36985],[59.6867,36.3695],[59.68681,36.36925],[59.687,36.36909],[59.68717,36.369],[59.68742,36.36892],[59.68767,36.36883],[59.68805,36.36867],[59.68815,36.36842],[59.68801,36.36817],[59.68776,36.36799],[59.68744,36.36785],[59.68725,36.36776],[59.68699,36.36737],[59.68688,36.36673],[59.68674,36.36604],[59.68662,36.36554],[59.68641,36.36529],[59.68587,36.36499],[59.68522,36.36436],[59.68496,36.36407],[59.68507,36.36382],[59.68526,36.36347],[59.68544,36.36331],[59.68547,36.36328],[59.68567,36.36309],[59.68568,36.36278],[59.68532,36.36263],[59.68474,36.36263],[59.6842,36.36251],[59.68382,36.36239],[59.68356,36.36206],[59.68325,36.36166],[59.68285,36.36125],[59.68261,36.36074],[59.68238,36.36047],[59.68214,36.36017],[59.68217,36.35967],[59.68224,36.35932],[59.68224,36.35872],[59.68207,36.35837],[59.68171,36.35791],[59.68128,36.35739],[59.68088,36.35708],[59.68061,36.35689],[59.68024,36.35657],[59.68003,36.35628],[59.67982,36.35587],[59.67974,36.35541],[59.67977,36.35508],[59.67997,36.35495],[59.68024,36.35483],[59.68061,36.35463],[59.68075,36.35445],[59.68083,36.35409],[59.68069,36.35382],[59.68029,36.35362],[59.67933,36.35324],[59.67843,36.35272],[59.67785,36.35243],[59.6777,36.3521],[59.67767,36.35177],[59.67754,36.35148],[59.67768,36.35113],[59.67773,36.35077],[59.67803,36.35044],[59.67816,36.35015],[59.678,36.34967],[59.67771,36.34947],[59.67748,36.34903],[59.67735,36.3481],[59.67732,36.34787],[59.67721,36.34718],[59.6772,36.34659],[59.67724,36.34619],[59.67731,36.34564],[59.67705,36.3453],[59.67686,36.34488],[59.67638,36.34459],[59.67545,36.34424],[59.67451,36.34396],[59.67416,36.34396],[59.67377,36.34384],[59.67359,36.34355],[59.67294,36.34304],[59.67256,36.34264],[59.67253,36.34232]]}},{"type":"Feature","properties":{"minzoom":12},"geometry":{"type":"LineString","coordinates":[[59.59826,36.34933],[59.60135,36.34905],[59.60152,36.34902],[59.60168,36.34903],[59.60193,36.34907],[59.60209,36.34905],[59.60222,36.34901],[59.60241,36.34886],[59.60255,36.34879],[59.60271,36.34877],[59.60285,36.34879],[59.603,36.34877],[59.6033,36.34865],[59.60348,36.34862],[59.60365,36.34865],[59.60406,36.34883],[59.60431,36.34892],[59.60453,36.34897],[59.60471,36.34898],[59.60504,36.34892],[59.60526,36.34889],[59.60558,36.34894],[59.60581,36.34888],[59.60602,36.34892],[59.60633,36.34888],[59.6065,36.3489],[59.6069,36.34905],[59.60732,36.34908],[59.60767,36.34917],[59.60798,36.34918],[59.60831,36.34926],[59.60849,36.34926],[59.6087,36.3493],[59.60884,36.34935],[59.60901,36.34943],[59.6091,36.34944],[59.60922,36.34942],[59.60957,36.34922],[59.60977,36.34916],[59.60997,36.34914],[59.61016,36.34917],[59.61033,36.34918],[59.61054,36.34913],[59.61074,36.3491],[59.61093,36.34914],[59.61115,36.34919],[59.61128,36.34921],[59.61142,36.34919],[59.61164,36.34911],[59.61181,36.34906],[59.61197,36.34907],[59.61216,36.34912],[59.61238,36.3492],[59.61252,36.34921],[59.61268,36.34918],[59.61281,36.34915],[59.61314,36.34915],[59.61331,36.34912]]}},{"type":"Feature","properties":{"minzoom":12},"geometry":{"type":"LineString","coordinates":[[59.41271,36.15594],[59.41327,36.15657],[59.41358,36.15691],[59.41388,36.15722],[59.41435,36.15754],[59.41481,36.15787],[59.41512,36.15809],[59.41545,36.15815],[59.41577,36.15816],[59.41598,36.15829],[59.4162,36.15841],[59.41636,36.15843],[59.41663,36.1584],[59.41672,36.15825],[59.41689,36.15807],[59.41717,36.15797],[59.41744,36.15798],[59.41774,36.15801],[59.41796,36.15805],[59.41808,36.15815],[59.41807,36.15831],[59.41798,36.15845],[59.41801,36.1587],[59.41809,36.15885],[59.41825,36.15896],[59.41882,36.15929],[59.41914,36.15951],[59.41934,36.15969],[59.41935,36.15985],[59.41952,36.16005],[59.41968,36.16021],[59.41995,36.1603],[59.42008,36.16038],[59.4203,36.16054],[59.42037,36.16067],[59.42044,36.16085],[59.42079,36.16117],[59.42115,36.16151],[59.42134,36.16181],[59.42148,36.16192],[59.42177,36.16197],[59.42197,36.1621],[59.42202,36.16238],[59.42205,36.16261],[59.42222,36.16288],[59.42245,36.16302],[59.42291,36.16318],[59.42331,36.16327],[59.42391,36.16338],[59.42438,36.16344],[59.42458,36.16355],[59.42467,36.16371],[59.42473,36.16384],[59.42495,36.16389],[59.42526,36.16387],[59.42559,36.16382],[59.42585,36.16385],[59.42599,36.164],[59.42601,36.16425],[59.42617,36.1647],[59.42637,36.16491],[59.42638,36.16525],[59.42627,36.16548],[59.4263,36.16565],[59.42652,36.16583],[59.42718,36.16601],[59.42783,36.16623],[59.4281,36.16654],[59.42824,36.1668],[59.42851,36.167],[59.42902,36.16725],[59.42937,36.16737],[59.42991,36.16754],[59.4304,36.16768],[59.43072,36.1679],[59.43099,36.16837],[59.43115,36.16899],[59.43131,36.16937],[59.43174,36.16961],[59.43251,36.16975],[59.43282,36.16973],[59.433,36.16991],[59.43306,36.17023],[59.43322,36.17057],[59.43334,36.1708],[59.4337,36.17148],[59.43374,36.17182],[59.43369,36.1721],[59.43377,36.17236]]}},{"type":"Feature","properties":{"minzoom":12},"geometry":{"type":"LineString","coordinates":[[59.34643,36.32086],[59.3464,36.32094]]}},{"type":"Feature","properties":{"minzoom":12},"geometry":{"type":"LineString","coordinates":[[59.67892,36.42314],[59.67921,36.42263],[59.67926,36.42245],[59.67926,36.42232],[59.67921,36.42219],[59.67908,36.42207],[59.67896,36.42198],[59.67882,36.42191],[59.6785,36.42183],[59.67827,36.42172],[59.67796,36.42151],[59.67762,36.42133],[59.67735,36.42124],[59.67692,36.42119],[59.6766,36.42112],[59.67638,36.42107],[59.67624,36.42095],[59.67616,36.4208],[59.67619,36.42065],[59.67635,36.42044],[59.67662,36.42021],[59.67671,36.41998],[59.67671,36.41972],[59.67659,36.41943],[59.67632,36.41896],[59.6761,36.41869],[59.67601,36.4184],[59.67603,36.41815],[59.67615,36.41799],[59.67627,36.41763],[59.67622,36.41746],[59.67625,36.41733],[59.67665,36.41647],[59.67704,36.41608],[59.67758,36.4155],[59.67791,36.41509],[59.67805,36.41466],[59.67847,36.41405],[59.67868,36.41387],[59.67897,36.41355],[59.67935,36.41295],[59.67953,36.41243],[59.6797,36.41199],[59.68,36.41134],[59.68054,36.41053],[59.68078,36.41003],[59.68176,36.40868],[59.68243,36.40833],[59.68327,36.40808],[59.68401,36.4082]]}},{"type":"Feature","properties":{"name":"آب چشمه گیلاس","minzoom":12},"geometry":{"type":"LineString","coordinates":[[59.33863,36.6143],[59.33851,36.6143],[59.33842,36.61433],[59.3383,36.61431],[59.3382,36.61426],[59.33817,36.61418],[59.33815,36.61406],[59.33824,36.61392],[59.33832,36.61379],[59.33834,36.61355],[59.33831,36.61341],[59.33827,36.61333],[59.33826,36.61317],[59.33826,36.61298],[59.33831,36.61275],[59.3383,36.61256],[59.33822,36.6124],[59.33804,36.61221],[59.33766,36.61201],[59.33692,36.61162],[59.33559,36.61106],[59.33405,36.61125],[59.33379,36.61122],[59.33297,36.61108],[59.33223,36.61069],[59.33179,36.61052],[59.33086,36.60999],[59.33014,36.60967],[59.32972,36.60948],[59.32859,36.60875],[59.32824,36.60852],[59.32795,36.60835],[59.32753,36.608],[59.32726,36.60771],[59.32655,36.60711],[59.32594,36.60647],[59.32545,36.60585],[59.32478,36.60497],[59.32451,36.60468],[59.32413,36.60417],[59.32379,36.60352],[59.32354,36.60295],[59.32325,36.60248],[59.32294,36.60204],[59.32248,36.60161],[59.32181,36.60109],[59.32109,36.60045],[59.32083,36.60019],[59.32048,36.59973],[59.31995,36.59881],[59.31939,36.59796],[59.31906,36.5975],[59.31868,36.59664],[59.31867,36.5965],[59.31887,36.59634],[59.31954,36.59585],[59.31885,36.59435],[59.31871,36.59395],[59.31858,36.59364],[59.31855,36.59346],[59.31862,36.59325],[59.31855,36.59311],[59.31844,36.59304],[59.31839,36.59293],[59.31824,36.59282],[59.3182,36.59276],[59.31816,36.59266],[59.31817,36.59255],[59.31819,36.59249],[59.31818,36.59237],[59.3181,36.59223],[59.31799,36.59212],[59.31797,36.59203],[59.31788,36.59195],[59.31789,36.5919],[59.31785,36.59184],[59.31779,36.59174],[59.31777,36.5916]]}},{"type":"Feature","properties":{"minzoom":12},"geometry":{"type":"LineString","coordinates":[[59.69068,36.61441],[59.69034,36.61428]]}},{"type":"Feature","properties":{"minzoom":12},"geometry":{"type":"LineString","coordinates":[[59.69034,36.61428],[59.69013,36.6143],[59.68974,36.61434],[59.68934,36.61443],[59.68909,36.61453],[59.6888,36.61448],[59.68852,36.61433],[59.68791,36.61402],[59.68725,36.6138],[59.68678,36.61379],[59.68643,36.61388],[59.68587,36.61401],[59.68564,36.614],[59.68509,36.61377],[59.68452,36.6136],[59.68425,36.61367],[59.6841,36.61392],[59.68402,36.61413],[59.68376,36.61436],[59.68318,36.61446],[59.68288,36.6145],[59.68241,36.61443],[59.68191,36.61424],[59.68152,36.61416],[59.68129,36.61416],[59.68095,36.61419],[59.68071,36.61431],[59.68045,36.61452],[59.6801,36.61475],[59.67934,36.61489],[59.67898,36.61487],[59.6783,36.61476],[59.67785,36.61442],[59.67761,36.61395],[59.67747,36.61328],[59.67727,36.61296],[59.67701,36.61296],[59.67663,36.61309],[59.67624,36.61316],[59.67606,36.61299],[59.67579,36.61228],[59.6757,36.61174],[59.67584,36.61148],[59.67615,36.61114],[59.67603,36.61076],[59.67569,36.61055],[59.67551,36.61024]]}},{"type":"Feature","properties":{"minzoom":12},"geometry":{"type":"LineString","coordinates":[[59.77453,36.4783],[59.77423,36.47854],[59.77198,36.47997],[59.77094,36.48069],[59.76956,36.48176],[59.76869,36.48259],[59.76737,36.4835],[59.76546,36.48481],[59.76385,36.48578],[59.76331,36.48598],[59.76273,36.486],[59.76154,36.48582],[59.7598,36.48578],[59.75935,36.48599],[59.75873,36.4864],[59.75781,36.48651],[59.75621,36.4865],[59.75566,36.48628],[59.75515,36.48583],[59.75458,36.48556],[59.75349,36.48534],[59.75221,36.48497],[59.75125,36.48475],[59.75104,36.48477],[59.75069,36.48488],[59.75031,36.48477],[59.74989,36.48455],[59.74961,36.48456],[59.74894,36.48475],[59.74826,36.4848],[59.74764,36.48466],[59.74606,36.48397],[59.74571,36.48339],[59.74458,36.4812],[59.74409,36.48022],[59.74394,36.47912],[59.74352,36.47743],[59.74304,36.4765],[59.74252,36.47601],[59.74199,36.47578],[59.74122,36.47566],[59.74023,36.4757],[59.73877,36.47565],[59.73787,36.47543],[59.73676,36.47483],[59.7363,36.47445],[59.73611,36.47419],[59.73544,36.47327],[59.73505,36.47238],[59.73491,36.47185],[59.73465,36.47119],[59.73427,36.47063],[59.7336,36.46949],[59.7333,36.46873],[59.73285,36.46736],[59.73233,36.46594],[59.73211,36.46547],[59.732,36.46517],[59.73109,36.46344],[59.73095,36.46275],[59.73114,36.4616],[59.73129,36.46073],[59.73131,36.4601],[59.73098,36.45945],[59.7306,36.45888],[59.73046,36.45832],[59.73046,36.45775],[59.73031,36.45718],[59.73001,36.4567],[59.72949,36.45629],[59.72896,36.45609],[59.7286,36.45594],[59.72755,36.45556],[59.7265,36.45522],[59.72605,36.45522],[59.72567,36.45517],[59.72532,36.45489],[59.72501,36.45469],[59.72494,36.45445],[59.72514,36.45416],[59.72516,36.45394],[59.72504,36.4536],[59.72498,36.45337],[59.72516,36.4526],[59.72535,36.45237],[59.72535,36.45183],[59.72514,36.45115],[59.72471,36.44974],[59.72461,36.44904],[59.72456,36.44873]]}},{"type":"Feature","properties":{"minzoom":12},"geometry":{"type":"LineString","coordinates":[[59.7466,36.55837],[59.74621,36.55816],[59.74586,36.55781],[59.74553,36.55748],[59.74537,36.55723],[59.74534,36.55687],[59.74543,36.55632],[59.74552,36.55592],[59.74562,36.55561],[59.74565,36.55543],[59.74549,36.55518],[59.74529,36.55495],[59.74495,36.55489],[59.74424,36.55476],[59.744,36.55464],[59.74375,36.55404],[59.74374,36.55376],[59.74391,36.5535],[59.74419,36.55314],[59.74425,36.55296],[59.74411,36.55287],[59.7436,36.55266],[59.74316,36.55238],[59.74209,36.55148],[59.74185,36.55108],[59.74168,36.55088],[59.74146,36.5506],[59.74128,36.55054],[59.7408,36.55046],[59.74057,36.55039],[59.74042,36.55018],[59.74022,36.54983],[59.74011,36.54967],[59.73989,36.54961],[59.73947,36.54965],[59.73905,36.54962],[59.73868,36.54948],[59.73833,36.54923],[59.73803,36.54899],[59.73748,36.54889],[59.7372,36.54877],[59.73693,36.54857],[59.73679,36.54833],[59.73674,36.54802],[59.73658,36.54775],[59.73639,36.54748],[59.7359,36.54721],[59.73563,36.54692],[59.73543,36.54671],[59.73505,36.54654],[59.73432,36.54627],[59.73381,36.54627],[59.73314,36.54636],[59.73241,36.54654],[59.73203,36.54658],[59.73136,36.54663],[59.73098,36.54658],[59.73082,36.54649],[59.73062,36.54624],[59.73044,36.54613],[59.72995,36.54588],[59.72889,36.54501],[59.72873,36.54466],[59.72876,36.54434],[59.72899,36.54421],[59.72934,36.54417],[59.72967,36.54406],[59.72995,36.54386],[59.73006,36.54369],[59.73,36.54342],[59.72957,36.54284],[59.72931,36.5423],[59.72915,36.54194],[59.72915,36.54153],[59.7291,36.54128],[59.72893,36.54117],[59.72802,36.54108],[59.72729,36.54092],[59.7271,36.54079],[59.72641,36.54057],[59.72552,36.53994],[59.72468,36.53937],[59.72409,36.53907],[59.72272,36.53878],[59.72206,36.53845],[59.72156,36.53811],[59.72113,36.53785],[59.72076,36.53772],[59.72055,36.53776],[59.72028,36.53801],[59.71987,36.53822],[59.71875,36.5386],[59.7182,36.53893],[59.71772,36.53914],[59.71723,36.53918],[59.71667,36.53914],[59.71603,36.53907],[59.7154,36.53869],[59.7152,36.53851],[59.71436,36.53824],[59.71403,36.53787],[59.71384,36.53734],[59.71362,36.53716],[59.71255,36.53676],[59.71097,36.53548],[59.71067,36.53513],[59.71011,36.535],[59.70847,36.5346]]}},{"type":"Feature","properties":{"minzoom":12},"geometry":{"type":"LineString","coordinates":[[59.49124,36.60443],[59.49158,36.604],[59.49201,36.60298],[59.49235,36.60247],[59.49272,36.6023],[59.49311,36.60226],[59.49424,36.60206],[59.49487,36.60202],[59.49532,36.60177],[59.49565,36.60137],[59.49625,36.60105],[59.49665,36.60071],[59.497,36.60039],[59.4975,36.60015],[59.49779,36.59982],[59.49818,36.59962],[59.49837,36.59943],[59.49839,36.5992],[59.49822,36.59888],[59.49806,36.59856],[59.49801,36.59828],[59.49822,36.59805],[59.49872,36.59783],[59.49905,36.5974],[59.49938,36.59685],[59.4995,36.59638],[59.49943,36.59548],[59.49927,36.59491],[59.49932,36.59432],[59.49953,36.59405],[59.49971,36.59394]]}},{"type":"Feature","properties":{"minzoom":12},"geometry":{"type":"LineString","coordinates":[[59.2111,36.56919],[59.21172,36.56946],[59.21194,36.56956],[59.21563,36.57117],[59.21804,36.57222],[59.21891,36.57269],[59.22007,36.57333],[59.2211,36.57353],[59.22223,36.57404],[59.22289,36.57424],[59.22337,36.57439],[59.22395,36.57457],[59.2245,36.57469],[59.22581,36.5748],[59.22665,36.57491],[59.22702,36.57492],[59.22733,36.5749]]}},{"type":"Feature","properties":{"minzoom":12},"geometry":{"type":"LineString","coordinates":[[59.22849,36.57494],[59.22917,36.57506],[59.22973,36.57506],[59.2301,36.57503],[59.23057,36.57481],[59.23075,36.57473],[59.23092,36.5747],[59.23134,36.57473],[59.2322,36.5749],[59.23257,36.57503]]}},{"type":"Feature","properties":{"minzoom":12},"geometry":{"type":"LineString","coordinates":[[59.22733,36.5749],[59.22751,36.57489],[59.22849,36.57494]]}},{"type":"Feature","properties":{"minzoom":12},"geometry":{"type":"LineString","coordinates":[[59.39741,36.48856],[59.39766,36.48867],[59.39776,36.48871],[59.39879,36.48911],[59.39919,36.48921],[59.39979,36.48969],[59.40008,36.49007],[59.40066,36.49033],[59.40128,36.49035],[59.40206,36.49017],[59.40276,36.49022],[59.40354,36.49035],[59.40385,36.49053],[59.40431,36.49085],[59.40471,36.49098],[59.40532,36.49098],[59.4058,36.49113],[59.40627,36.49144],[59.40674,36.49167],[59.40744,36.49171],[59.40816,36.49172],[59.40863,36.49188],[59.4093,36.49199],[59.40994,36.49195],[59.41035,36.49191],[59.41129,36.49195],[59.41287,36.49194],[59.41374,36.49208],[59.41413,36.49214],[59.41488,36.49247],[59.41538,36.49263],[59.416,36.49282],[59.4163,36.49308],[59.41645,36.49327],[59.41641,36.49349],[59.41631,36.49358],[59.41628,36.49376],[59.41636,36.49401],[59.41662,36.49439],[59.41743,36.49494],[59.41767,36.49518],[59.41791,36.49543],[59.41812,36.49554],[59.41835,36.49556],[59.4187,36.49549],[59.41903,36.49551],[59.41923,36.49565],[59.4193,36.49593],[59.41933,36.49615],[59.41939,36.4963],[59.4196,36.49645],[59.41989,36.4965],[59.42026,36.49648],[59.42063,36.49664],[59.42095,36.49687],[59.42112,36.49709],[59.42154,36.49749],[59.42226,36.49782],[59.42323,36.49846],[59.4237,36.4987],[59.42421,36.49885],[59.42465,36.49911],[59.42526,36.49941],[59.4257,36.4996],[59.42585,36.49978],[59.42616,36.50004],[59.42638,36.50023],[59.42707,36.50045],[59.42751,36.50054],[59.42822,36.50088],[59.42901,36.50105],[59.42942,36.50107],[59.42999,36.50132],[59.43034,36.50159],[59.43088,36.5018],[59.43157,36.50196],[59.43199,36.50201],[59.43228,36.50211],[59.43243,36.50234],[59.43252,36.50256],[59.43275,36.50273],[59.43353,36.50282],[59.43427,36.50306],[59.43482,36.50339],[59.43522,36.50362],[59.43591,36.50391],[59.43635,36.50422],[59.43671,36.50447],[59.43733,36.50462],[59.43799,36.50474],[59.43838,36.50481],[59.43849,36.50497],[59.4386,36.50521],[59.43896,36.50557],[59.43958,36.506],[59.43991,36.50632],[59.44033,36.50654],[59.44051,36.50709],[59.4408,36.50744],[59.44136,36.50754],[59.44189,36.50772],[59.44256,36.50819],[59.44291,36.50843],[59.44405,36.50899],[59.44455,36.50935],[59.44484,36.50968],[59.44514,36.50985],[59.44556,36.50998],[59.44664,36.51076],[59.44677,36.51101],[59.44738,36.51153],[59.4477,36.51169],[59.44807,36.51178],[59.44833,36.51206],[59.44833,36.51265],[59.44854,36.5129],[59.44886,36.51298],[59.4492,36.51308],[59.44952,36.51343],[59.45055,36.51381],[59.45136,36.51416],[59.45218,36.51479],[59.45279,36.51507],[59.45347,36.5154],[59.4541,36.5156],[59.4544,36.51548]]}},{"type":"Feature","properties":{"minzoom":12},"geometry":{"type":"LineString","coordinates":[[59.38434,36.47734],[59.38471,36.47777],[59.38576,36.47895],[59.38637,36.47949],[59.38673,36.47993],[59.38743,36.48084],[59.38948,36.48219],[59.38981,36.4823],[59.39137,36.48304]]}},{"type":"Feature","properties":{"minzoom":12},"geometry":{"type":"LineString","coordinates":[[59.39137,36.48304],[59.3915,36.4831]]}},{"type":"Feature","properties":{"minzoom":12},"geometry":{"type":"LineString","coordinates":[[59.37749,36.47156],[59.37801,36.47191],[59.3785,36.47217],[59.37967,36.4727],[59.38109,36.47381],[59.38215,36.47484],[59.38229,36.47498],[59.38348,36.47634],[59.38427,36.47725]]}},{"type":"Feature","properties":{"minzoom":12},"geometry":{"type":"LineString","coordinates":[[59.38427,36.47725],[59.38434,36.47734]]}},{"type":"Feature","properties":{"minzoom":12},"geometry":{"type":"LineString","coordinates":[[59.3915,36.4831],[59.39159,36.48315],[59.39185,36.48338],[59.39245,36.48369],[59.39283,36.48388],[59.39351,36.48471],[59.39418,36.48527],[59.39498,36.4856],[59.39555,36.48602],[59.39562,36.48628],[59.39559,36.48647],[59.39559,36.48675],[59.39579,36.48706],[59.396,36.48733],[59.3965,36.48805],[59.39685,36.48831],[59.39728,36.4885]]}},{"type":"Feature","properties":{"minzoom":12},"geometry":{"type":"LineString","coordinates":[[59.39728,36.4885],[59.39741,36.48856]]}},{"type":"Feature","properties":{"minzoom":12},"geometry":{"type":"LineString","coordinates":[[59.50037,36.59349],[59.50044,36.59346],[59.5008,36.59319],[59.50137,36.59285],[59.50153,36.59238],[59.50155,36.59202],[59.5019,36.59142],[59.50201,36.59082],[59.50182,36.59062],[59.50121,36.59029],[59.50065,36.58901],[59.50046,36.58813],[59.50089,36.5877],[59.50188,36.58729],[59.5024,36.58672],[59.5025,36.58601],[59.50218,36.58565],[59.50204,36.58525],[59.50147,36.58396],[59.50138,36.58356],[59.50155,36.58322],[59.50217,36.58269],[59.50275,36.58205],[59.50297,36.58154],[59.50266,36.58129],[59.50226,36.58084],[59.50226,36.58034],[59.50324,36.57986],[59.50389,36.5797],[59.50452,36.57924],[59.50476,36.57881],[59.50519,36.57736],[59.50584,36.57632],[59.50621,36.57556],[59.50703,36.57464],[59.50805,36.57386],[59.50958,36.57267],[59.51015,36.57191],[59.51032,36.57146],[59.51039,36.57093],[59.51029,36.57033],[59.51041,36.56986],[59.51056,36.56922],[59.51086,36.56885],[59.51134,36.56862],[59.51179,36.56824],[59.51199,36.56761],[59.5122,36.56691],[59.51265,36.56639],[59.51329,36.56595],[59.51391,36.56561],[59.51448,36.56497],[59.5154,36.56384],[59.51596,36.56352],[59.51632,36.56344],[59.51667,36.56354],[59.51707,36.56338],[59.51749,36.56293],[59.51766,36.56259],[59.51876,36.56084],[59.51907,36.56032],[59.51911,36.55994],[59.51988,36.55914],[59.5206,36.55824],[59.52065,36.5578],[59.52067,36.55741],[59.52132,36.55648],[59.52135,36.55592],[59.52124,36.55549],[59.52109,36.5549],[59.52111,36.55448],[59.5214,36.55389],[59.52135,36.55349],[59.52104,36.55277],[59.52088,36.55225],[59.52059,36.55199],[59.52043,36.55185],[59.52043,36.55154],[59.52076,36.55125],[59.52094,36.55086],[59.52105,36.55063],[59.52093,36.55043],[59.52075,36.55031],[59.52066,36.55005],[59.52038,36.54968],[59.52022,36.54956],[59.52013,36.54924],[59.52013,36.54891],[59.52003,36.54858],[59.51993,36.54781],[59.51931,36.54742],[59.51879,36.54709],[59.51847,36.54672],[59.51818,36.54655],[59.51793,36.54624],[59.5178,36.54582],[59.51782,36.54526],[59.51809,36.54456],[59.51775,36.54409],[59.51757,36.5439],[59.51763,36.54368],[59.51786,36.54338],[59.5181,36.54299],[59.51814,36.54247],[59.5182,36.54204],[59.51778,36.54152],[59.51743,36.54076],[59.51728,36.54044],[59.5171,36.54004],[59.51728,36.53959],[59.51706,36.53905],[59.51694,36.53857],[59.51714,36.53819],[59.51761,36.53779],[59.51795,36.53758],[59.51807,36.53728],[59.51809,36.53711],[59.51784,36.53699],[59.51748,36.53663],[59.51708,36.53636],[59.51709,36.53615],[59.51721,36.53592],[59.51728,36.53566],[59.51708,36.53535],[59.51665,36.5353],[59.516,36.53515],[59.51544,36.53479],[59.51527,36.53427],[59.51506,36.53384],[59.51498,36.5333],[59.51507,36.53271],[59.51534,36.53216],[59.51572,36.53133],[59.51618,36.53059],[59.51637,36.53018],[59.51643,36.52966],[59.51633,36.52935],[59.51505,36.52706],[59.51516,36.52607],[59.5148,36.52513],[59.51354,36.52337],[59.51274,36.52225],[59.51114,36.52131],[59.50992,36.52071],[59.50928,36.5203],[59.50827,36.52016],[59.50746,36.52022],[59.50696,36.52042],[59.50644,36.52054],[59.50601,36.52053],[59.50552,36.52016],[59.50516,36.51991],[59.50456,36.51972],[59.50352,36.51964],[59.50281,36.51962],[59.50217,36.51958],[59.50176,36.51945],[59.50155,36.51928],[59.5014,36.519],[59.50114,36.51817],[59.50063,36.51749],[59.50047,36.51688],[59.50011,36.51624],[59.4997,36.51563],[59.49958,36.51508],[59.49961,36.51443],[59.49963,36.51401],[59.4995,36.51352],[59.49923,36.51299],[59.49862,36.51221],[59.49838,36.51153],[59.49821,36.51053],[59.49816,36.50978],[59.49804,36.50945],[59.4978,36.50917],[59.49745,36.50859],[59.49645,36.50792],[59.49571,36.50743],[59.4954,36.50709],[59.4947,36.50632],[59.49422,36.50579],[59.49401,36.50536]]}},{"type":"Feature","properties":{"minzoom":12},"geometry":{"type":"LineString","coordinates":[[59.44527,36.22603],[59.44657,36.22603],[59.44749,36.22625],[59.4481,36.22631],[59.44879,36.22666],[59.44937,36.22692],[59.45008,36.22753],[59.45043,36.22805],[59.45107,36.22839],[59.45149,36.22798],[59.45162,36.2275],[59.45222,36.22779],[59.45246,36.22812],[59.45343,36.22801],[59.45373,36.22799],[59.45424,36.22806],[59.45477,36.22802],[59.45499,36.22804],[59.45522,36.22844],[59.45554,36.22874],[59.45656,36.22907],[59.45681,36.22939],[59.45692,36.22961],[59.45713,36.22963],[59.45748,36.22957],[59.45771,36.22964],[59.45819,36.22954],[59.45854,36.22946],[59.45897,36.22979],[59.45939,36.23007],[59.45968,36.23019],[59.46006,36.2304],[59.46037,36.23073],[59.46069,36.23093],[59.46103,36.23096],[59.46108,36.23067],[59.46127,36.23003],[59.46144,36.22993],[59.46229,36.22986],[59.46274,36.2297],[59.46319,36.22966],[59.46382,36.22924],[59.46443,36.22918],[59.46503,36.22944],[59.46514,36.22969],[59.46544,36.23007],[59.46602,36.23036],[59.46629,36.23053],[59.46662,36.23081],[59.46684,36.23089],[59.46697,36.23077],[59.46705,36.23048],[59.46724,36.2303],[59.46778,36.23024],[59.46797,36.23009],[59.46864,36.23004],[59.46912,36.23021],[59.46933,36.23044],[59.46949,36.23084],[59.46967,36.23107],[59.4699,36.23115],[59.47019,36.23103],[59.47027,36.23079],[59.47022,36.23049],[59.47034,36.2302],[59.47085,36.23021],[59.47106,36.23044],[59.47139,36.23086],[59.47152,36.23096],[59.4717,36.23089],[59.47182,36.23053],[59.47212,36.23039],[59.47216,36.23024],[59.47211,36.23001],[59.47208,36.22981],[59.47253,36.22978],[59.47284,36.22995],[59.47326,36.23004],[59.47417,36.22994],[59.47419,36.23007],[59.47394,36.23049],[59.47388,36.23076],[59.47404,36.23097],[59.47436,36.23112],[59.47496,36.23089],[59.47528,36.23102],[59.47539,36.23117],[59.47577,36.23073],[59.47596,36.23055],[59.47639,36.23085],[59.47669,36.23097],[59.47677,36.23123],[59.47663,36.2316],[59.47686,36.23181],[59.47726,36.23152],[59.47761,36.23117],[59.478,36.23107],[59.47833,36.23109],[59.47882,36.23096],[59.47932,36.23074],[59.4799,36.23005],[59.48015,36.22993],[59.48039,36.23019],[59.4808,36.23046],[59.48111,36.23052],[59.48149,36.23037],[59.4816,36.23009],[59.48154,36.22973],[59.48203,36.2296],[59.48261,36.22948],[59.483,36.22951],[59.4834,36.22959],[59.48371,36.22991],[59.48431,36.22991],[59.48451,36.23],[59.48476,36.22964],[59.48476,36.22951],[59.48454,36.22925],[59.48417,36.22892],[59.48392,36.22857],[59.48368,36.22822],[59.48344,36.22793],[59.48338,36.22755],[59.48312,36.22699],[59.48405,36.22681],[59.4851,36.22678],[59.4857,36.22659],[59.48619,36.2267],[59.48608,36.22751],[59.48638,36.22777],[59.48718,36.22772],[59.48754,36.22671],[59.48758,36.22607],[59.48771,36.22565],[59.48823,36.22581],[59.48857,36.22603],[59.48966,36.22674],[59.48913,36.22717],[59.48885,36.22766],[59.48949,36.22797],[59.4896,36.2283],[59.48984,36.22852],[59.49057,36.2287],[59.49192,36.22861],[59.49239,36.22847],[59.49439,36.22788],[59.4949,36.22776],[59.49567,36.22816],[59.49608,36.22776],[59.49627,36.2274],[59.49587,36.22698],[59.49488,36.2269],[59.49398,36.2269],[59.49346,36.22657],[59.49331,36.2261],[59.49334,36.22557]]}},{"type":"Feature","properties":{"minzoom":12},"geometry":{"type":"LineString","coordinates":[[59.13644,36.44752],[59.13644,36.44753],[59.13635,36.44785],[59.13644,36.44811],[59.13642,36.4483],[59.13651,36.4484],[59.13702,36.449],[59.13697,36.44947],[59.13705,36.44992],[59.13676,36.45036],[59.13693,36.4509],[59.13716,36.45113],[59.1374,36.45125],[59.13765,36.45148],[59.13783,36.45169],[59.1383,36.4519],[59.13848,36.45208],[59.13871,36.45221],[59.13899,36.45253],[59.13915,36.45272],[59.13933,36.45281],[59.1395,36.453],[59.13963,36.45341],[59.13978,36.45364],[59.13978,36.45376],[59.1398,36.45387],[59.14006,36.4542],[59.14024,36.45452],[59.14025,36.45464],[59.14035,36.45471],[59.14039,36.45477],[59.14028,36.45499],[59.14036,36.45507],[59.14047,36.45561],[59.1407,36.4559],[59.14101,36.45628],[59.14114,36.45637],[59.14127,36.45656],[59.14172,36.45682],[59.14183,36.457],[59.14198,36.45707],[59.14231,36.45753],[59.1423,36.45769],[59.14243,36.45774],[59.14252,36.45789],[59.14271,36.45836],[59.14316,36.45893],[59.14358,36.45965],[59.14374,36.45987],[59.14377,36.46016],[59.14378,36.46041],[59.14449,36.46155],[59.14526,36.46252],[59.146,36.46291],[59.14709,36.46555],[59.14731,36.46661],[59.14705,36.46762],[59.14715,36.46946],[59.14794,36.47086],[59.14842,36.47118],[59.14919,36.47125],[59.15039,36.4716],[59.15121,36.47217],[59.15147,36.47269],[59.15235,36.47344],[59.15384,36.47359],[59.15522,36.47432],[59.1565,36.47525],[59.1573,36.47728],[59.15834,36.4782],[59.15977,36.47925],[59.16121,36.48071],[59.16241,36.48099]]}},{"type":"Feature","properties":{"minzoom":12},"geometry":{"type":"LineString","coordinates":[[59.44284,36.39731],[59.4429,36.3975],[59.44289,36.39793],[59.4431,36.39819],[59.44319,36.39835],[59.44307,36.39861],[59.44312,36.39877],[59.44331,36.39901],[59.44335,36.39936],[59.44353,36.39968],[59.44375,36.39989],[59.44389,36.40013],[59.44404,36.40036],[59.44427,36.40037],[59.44431,36.40053],[59.4445,36.40095],[59.4449,36.40157],[59.44514,36.402],[59.44557,36.40297],[59.44574,36.40317],[59.44592,36.40337],[59.4462,36.40349],[59.44642,36.40361],[59.44656,36.40376],[59.44657,36.40393],[59.44657,36.40414],[59.44647,36.40426],[59.44644,36.4044],[59.44656,36.40448],[59.44674,36.40468],[59.44655,36.40495],[59.44648,36.40535],[59.44674,36.40592],[59.44691,36.40623],[59.4469,36.40654],[59.44696,36.40703],[59.44723,36.40788],[59.44736,36.40838],[59.44765,36.40906],[59.4477,36.4093],[59.44772,36.40943],[59.44793,36.40974],[59.44843,36.41011],[59.44861,36.4104],[59.44878,36.41052],[59.44893,36.41074],[59.44897,36.41092],[59.44901,36.4111],[59.44899,36.41132],[59.44896,36.4117],[59.44889,36.41226],[59.44887,36.41254],[59.44891,36.41279],[59.44916,36.41312],[59.44942,36.41341],[59.44946,36.41359],[59.44948,36.41403],[59.44942,36.41441],[59.44945,36.41474],[59.44964,36.41529],[59.45002,36.41599],[59.45049,36.4169],[59.45065,36.41744],[59.45104,36.41853],[59.45125,36.41929],[59.45121,36.41965],[59.45103,36.41998],[59.45112,36.42058],[59.45114,36.42082],[59.45107,36.42105],[59.45108,36.4212],[59.45141,36.42151],[59.45258,36.42196],[59.45328,36.42224],[59.45364,36.42225],[59.45413,36.42221],[59.45444,36.42225],[59.45483,36.42229],[59.45586,36.42257],[59.45735,36.42404]]}},{"type":"Feature","properties":{"minzoom":12},"geometry":{"type":"LineString","coordinates":[[59.41951,36.39147],[59.41958,36.39152],[59.4205,36.39152],[59.42114,36.39197],[59.42166,36.39202],[59.42299,36.3919],[59.42432,36.39233],[59.42503,36.39265],[59.42563,36.39261],[59.4266,36.39257],[59.43074,36.3938],[59.43252,36.39456],[59.43321,36.39454],[59.43512,36.39402],[59.43628,36.39405],[59.43794,36.39531],[59.43864,36.39588],[59.43989,36.39666],[59.44071,36.39677],[59.44099,36.39681],[59.44169,36.39671],[59.44221,36.3971],[59.44284,36.39731],[59.44357,36.39751],[59.44482,36.39744],[59.4456,36.39709],[59.44594,36.39694],[59.44704,36.39664],[59.4481,36.39656],[59.44926,36.39677],[59.45016,36.3974],[59.45131,36.39782],[59.45163,36.39794],[59.45235,36.39823],[59.45318,36.39846],[59.45516,36.39807],[59.45587,36.39812],[59.45759,36.39765],[59.4579,36.39766],[59.45918,36.39769],[59.46144,36.39794],[59.46283,36.39776],[59.46341,36.39769],[59.46437,36.39758],[59.46562,36.39783],[59.4671,36.3977],[59.46837,36.39769],[59.46878,36.39769],[59.47017,36.39769],[59.47163,36.39761],[59.4722,36.39762],[59.47267,36.39769]]}},{"type":"Feature","properties":{"minzoom":12},"geometry":{"type":"LineString","coordinates":[[59.33784,36.29115],[59.33784,36.29109],[59.33782,36.29053],[59.33747,36.29006],[59.33689,36.2893],[59.33639,36.28891],[59.33557,36.28807],[59.33539,36.28769],[59.33502,36.28745],[59.33466,36.28731],[59.33422,36.28672],[59.33416,36.2863],[59.33428,36.2852],[59.33426,36.28445],[59.33425,36.28412]]}},{"type":"Feature","properties":{"minzoom":12},"geometry":{"type":"LineString","coordinates":[[59.33861,36.28813],[59.33837,36.28782],[59.33804,36.28751],[59.33796,36.28728],[59.33772,36.28712],[59.33689,36.28622],[59.33654,36.28608],[59.33631,36.28587],[59.33607,36.28583],[59.33588,36.28567],[59.33579,36.28529],[59.33564,36.2851],[59.33579,36.28489],[59.33611,36.28448],[59.33607,36.28417],[59.33583,36.28367],[59.33576,36.28343],[59.33572,36.28328]]}},{"type":"Feature","properties":{"minzoom":12},"geometry":{"type":"LineString","coordinates":[[59.34005,36.28673],[59.33979,36.28619],[59.33989,36.28547],[59.34007,36.28505],[59.3401,36.28486],[59.34012,36.28478],[59.34004,36.28442],[59.34029,36.28418],[59.34036,36.28393],[59.34043,36.28362],[59.34049,36.2834],[59.34053,36.28314],[59.34052,36.28296],[59.34027,36.28258],[59.34018,36.2824],[59.34018,36.2822]]}},{"type":"Feature","properties":{"minzoom":12},"geometry":{"type":"LineString","coordinates":[[59.34098,36.28621],[59.34106,36.28582],[59.34106,36.28554],[59.34071,36.28529],[59.34038,36.28512],[59.3401,36.28486]]}},{"type":"Feature","properties":{"minzoom":12},"geometry":{"type":"LineString","coordinates":[[59.34366,36.28629],[59.34361,36.286],[59.34362,36.28586],[59.3437,36.28572],[59.34365,36.2856],[59.34341,36.28548],[59.34327,36.28526],[59.34326,36.28467],[59.34331,36.2845],[59.34341,36.2843],[59.3434,36.2842],[59.3433,36.28405],[59.34319,36.2839],[59.34312,36.28375],[59.34305,36.28355],[59.34305,36.2833],[59.34288,36.28305],[59.34278,36.28287],[59.34265,36.28277],[59.34256,36.28268],[59.34248,36.28258],[59.34242,36.28243],[59.34239,36.28212],[59.34226,36.28199],[59.34227,36.28181],[59.34223,36.28165],[59.34226,36.28152],[59.34248,36.28137]]}},{"type":"Feature","properties":{"minzoom":12},"geometry":{"type":"LineString","coordinates":[[59.33904,36.28694],[59.33876,36.28683],[59.33858,36.28658],[59.3388,36.28633],[59.339,36.28603],[59.33899,36.2858],[59.33869,36.28544],[59.3384,36.28505],[59.33827,36.28477],[59.33812,36.28425],[59.33812,36.28422],[59.33807,36.28392],[59.33806,36.2837],[59.33796,36.28363],[59.33799,36.28348],[59.33804,36.28338],[59.33795,36.28316],[59.33788,36.28303],[59.3378,36.28284],[59.3378,36.28275],[59.33789,36.28263],[59.33803,36.28246],[59.3381,36.28238]]}},{"type":"Feature","properties":{"minzoom":12},"geometry":{"type":"LineString","coordinates":[[59.32522,36.2923],[59.3257,36.29222],[59.32604,36.29192],[59.32662,36.29159],[59.32701,36.29144],[59.3273,36.29138],[59.32783,36.29142],[59.32838,36.29154],[59.32884,36.2915],[59.3291,36.29134],[59.32923,36.2911],[59.32912,36.2907],[59.32926,36.29036],[59.32994,36.29036],[59.33041,36.2903],[59.33113,36.29019],[59.33165,36.2901],[59.3322,36.28985],[59.33274,36.28938],[59.33297,36.28898],[59.33302,36.28874],[59.33311,36.28827],[59.33336,36.28749],[59.33374,36.28696],[59.33416,36.2863]]}},{"type":"Feature","properties":{"minzoom":12},"geometry":{"type":"LineString","coordinates":[[59.32597,36.29699],[59.32598,36.29685],[59.32621,36.29658],[59.32638,36.29624],[59.3266,36.2959],[59.32693,36.29552],[59.32729,36.29508],[59.3277,36.29465],[59.32829,36.2945],[59.32916,36.29459],[59.32976,36.29448],[59.33007,36.2942],[59.33019,36.29409],[59.33063,36.29339],[59.33109,36.29305],[59.33123,36.29294],[59.33161,36.29251],[59.33191,36.29191],[59.33206,36.29123],[59.33209,36.29069],[59.3322,36.28985]]}},{"type":"Feature","properties":{"minzoom":12},"geometry":{"type":"LineString","coordinates":[[59.32924,36.29624],[59.32954,36.29587],[59.32978,36.2954],[59.32989,36.29513],[59.32994,36.29465],[59.33007,36.2942]]}},{"type":"Feature","properties":{"minzoom":12},"geometry":{"type":"LineString","coordinates":[[59.33251,36.2951],[59.33228,36.29427],[59.33184,36.29396],[59.33132,36.29374],[59.33107,36.29333],[59.33109,36.29305]]}},{"type":"Feature","properties":{"minzoom":12},"geometry":{"type":"LineString","coordinates":[[59.32367,36.29427],[59.32454,36.29455],[59.32465,36.29468],[59.32503,36.29488],[59.32535,36.29512],[59.32592,36.29537],[59.32639,36.29552],[59.32693,36.29552]]}},{"type":"Feature","properties":{"minzoom":12},"geometry":{"type":"LineString","coordinates":[[59.75376,36.12422],[59.75483,36.12462],[59.75531,36.12498],[59.75546,36.12516],[59.75553,36.12526],[59.7556,36.12537],[59.75568,36.12548],[59.75577,36.12561],[59.7559,36.12573],[59.75603,36.12577],[59.75639,36.12578],[59.75659,36.12578],[59.75678,36.12578],[59.75693,36.12578],[59.75708,36.12578],[59.75726,36.12578],[59.75761,36.12577],[59.75804,36.12584],[59.75869,36.12616],[59.75884,36.12625],[59.7591,36.12639],[59.75928,36.12651],[59.7594,36.12661],[59.75951,36.12671],[59.75962,36.12684],[59.75979,36.12701],[59.75993,36.12711],[59.76004,36.12719],[59.76017,36.12727],[59.76034,36.12736],[59.76054,36.12741],[59.76075,36.12751],[59.76094,36.12763],[59.76118,36.12773],[59.76137,36.12776],[59.76168,36.12778],[59.76182,36.12779],[59.76233,36.12784],[59.76246,36.12786],[59.76296,36.12782],[59.76307,36.12782],[59.76351,36.12781],[59.7644,36.12799],[59.76456,36.12807],[59.76474,36.12816],[59.76482,36.12821],[59.76494,36.12829],[59.76515,36.12864],[59.76524,36.12881],[59.7653,36.12891],[59.76542,36.12912],[59.76552,36.12922],[59.76569,36.12941],[59.7659,36.12954],[59.76611,36.12963],[59.76629,36.12965],[59.76656,36.12964],[59.76676,36.12968],[59.76703,36.12986],[59.7671,36.12993],[59.76727,36.13004],[59.76736,36.13009],[59.76756,36.13019],[59.7677,36.13025],[59.76788,36.13039]]}},{"type":"Feature","properties":{"minzoom":12},"geometry":{"type":"LineString","coordinates":[[59.76926,36.13173],[59.76947,36.13188]]}},{"type":"Feature","properties":{"minzoom":12},"geometry":{"type":"LineString","coordinates":[[59.77068,36.13333],[59.77079,36.13346]]}},{"type":"Feature","properties":{"minzoom":12},"geometry":{"type":"LineString","coordinates":[[59.77079,36.13346],[59.77107,36.13379],[59.77141,36.1341],[59.77186,36.13454],[59.77194,36.13463],[59.772,36.13468],[59.77214,36.13477],[59.7722,36.13482],[59.77225,36.1349],[59.77232,36.13504],[59.77237,36.13518],[59.77245,36.13535],[59.77252,36.13549],[59.77272,36.13571],[59.77289,36.13608],[59.77338,36.13656],[59.77348,36.13663],[59.77363,36.13671],[59.77382,36.13683],[59.77399,36.13696],[59.77415,36.13707],[59.77433,36.13723],[59.77443,36.13733],[59.77448,36.13738],[59.77458,36.1375],[59.77465,36.1376],[59.77479,36.13777],[59.77489,36.13791],[59.77494,36.13797],[59.77503,36.13806],[59.77514,36.13817],[59.77527,36.13828],[59.77539,36.13834],[59.77544,36.13839],[59.77554,36.13845],[59.77568,36.13852],[59.77576,36.13855],[59.77586,36.13858],[59.776,36.13862],[59.77608,36.13864],[59.77676,36.13881],[59.77707,36.13899],[59.77719,36.13907],[59.77725,36.13913],[59.77734,36.13924],[59.77739,36.13931],[59.77749,36.13943],[59.7775,36.13953],[59.7775,36.13972],[59.7775,36.13983],[59.7775,36.13992],[59.77756,36.1401],[59.77759,36.14021],[59.77768,36.14042],[59.77778,36.14066],[59.77783,36.14082],[59.77785,36.14106],[59.77785,36.14115],[59.77787,36.14121],[59.7779,36.14146],[59.77793,36.14193],[59.77816,36.14253],[59.77828,36.14276],[59.77836,36.14298],[59.77841,36.14315],[59.7785,36.14335],[59.77855,36.14347],[59.77865,36.14373],[59.7787,36.14384],[59.77891,36.14457],[59.77908,36.14525],[59.77914,36.14539],[59.77921,36.14568],[59.77927,36.14592],[59.7793,36.14599],[59.77939,36.14629],[59.77943,36.14639],[59.77955,36.1466],[59.77957,36.14669],[59.7796,36.14675],[59.77961,36.14684],[59.77962,36.14695],[59.77976,36.14747],[59.77983,36.14788],[59.78005,36.14846],[59.7801,36.14861],[59.78012,36.14867],[59.78022,36.14895],[59.78024,36.14932],[59.78024,36.1494],[59.78027,36.1495],[59.78031,36.14944],[59.78042,36.14988],[59.78054,36.15031],[59.78056,36.1504],[59.78061,36.15052],[59.78068,36.15066],[59.78075,36.15085],[59.7808,36.15095],[59.78083,36.15107],[59.78086,36.15124],[59.78086,36.15137],[59.78088,36.15153],[59.78093,36.15169],[59.78098,36.15187],[59.781,36.15194],[59.78102,36.15201],[59.78108,36.15217],[59.78116,36.15235],[59.7813,36.15255],[59.78133,36.1526],[59.78142,36.15277],[59.7816,36.15337],[59.78171,36.15382],[59.78173,36.15392],[59.78177,36.15409],[59.78179,36.15417],[59.78182,36.15426],[59.78188,36.15438],[59.78191,36.15444],[59.78194,36.1545],[59.78198,36.15464],[59.78198,36.15473],[59.78199,36.1549],[59.78202,36.15508],[59.78206,36.15522],[59.78206,36.15533],[59.78209,36.15551],[59.78209,36.15565],[59.78208,36.15572],[59.78204,36.15586],[59.78203,36.15592],[59.78218,36.15639],[59.78225,36.157],[59.78225,36.15709],[59.78225,36.15727],[59.78225,36.15743],[59.78225,36.15753],[59.78233,36.15773],[59.78239,36.15789],[59.78242,36.15799],[59.78245,36.15805],[59.78265,36.1583],[59.78268,36.15837],[59.78277,36.15846],[59.78294,36.15865],[59.78334,36.15882],[59.78345,36.15885],[59.78361,36.15889],[59.78374,36.15892],[59.78396,36.159],[59.78415,36.1591],[59.78422,36.15914],[59.78442,36.15923],[59.78453,36.15929],[59.78478,36.15943],[59.78491,36.15951],[59.785,36.15958],[59.78514,36.15966],[59.78524,36.15971],[59.78546,36.15981],[59.78562,36.15988],[59.78593,36.15999],[59.78621,36.16016],[59.78644,36.16025],[59.78671,36.16039],[59.78685,36.16052],[59.78697,36.16059],[59.78715,36.16069],[59.78736,36.16079],[59.78753,36.16088],[59.78763,36.16097],[59.78783,36.16102],[59.78837,36.1613],[59.78868,36.16144],[59.78904,36.16154],[59.78933,36.16166],[59.78951,36.16177],[59.7896,36.16185],[59.78977,36.16198],[59.78994,36.16206],[59.79022,36.16223],[59.7903,36.16227],[59.79054,36.16244],[59.79082,36.16252],[59.79092,36.16254],[59.79111,36.16258],[59.79157,36.16273],[59.79164,36.16276],[59.79191,36.16285],[59.79271,36.16305],[59.79363,36.16338],[59.79374,36.1634],[59.79382,36.16341],[59.79422,36.16357],[59.79453,36.16364],[59.79483,36.16372],[59.79505,36.16381],[59.79521,36.16388],[59.79543,36.16402],[59.79566,36.16412],[59.79602,36.16426],[59.79618,36.16433],[59.79639,36.16443],[59.79656,36.16451],[59.79674,36.16457],[59.79686,36.16464],[59.79733,36.16483],[59.79745,36.16494],[59.79753,36.16495],[59.79769,36.16494],[59.79787,36.16492],[59.79796,36.16486],[59.79806,36.16477],[59.79827,36.16467],[59.79841,36.16462],[59.79865,36.16452],[59.79885,36.16445],[59.79891,36.16443],[59.79917,36.16428],[59.80004,36.1639],[59.80012,36.16387],[59.80029,36.16385],[59.80041,36.16385],[59.80062,36.16376],[59.80086,36.16366],[59.80117,36.16356],[59.80124,36.16353],[59.80173,36.16334],[59.80202,36.16318],[59.80218,36.16309],[59.80239,36.16295],[59.80264,36.16278],[59.80277,36.16268],[59.80298,36.16245],[59.80316,36.16228],[59.80343,36.16211],[59.80411,36.16177],[59.80431,36.16168],[59.80451,36.1616],[59.80495,36.16149],[59.80513,36.16143],[59.80561,36.16131],[59.80637,36.16116],[59.80715,36.16108],[59.80736,36.16108],[59.8076,36.16113],[59.80776,36.16113],[59.80795,36.16109],[59.80833,36.16095],[59.80854,36.16085],[59.80879,36.16073],[59.80901,36.16062],[59.80923,36.16048],[59.80946,36.16039],[59.80973,36.16034],[59.8099,36.16033],[59.81025,36.16032],[59.81039,36.16032],[59.81073,36.16032],[59.81086,36.16032],[59.81111,36.16033],[59.81139,36.16045],[59.81234,36.1604],[59.81269,36.16039],[59.81292,36.16035],[59.81337,36.16018],[59.81357,36.16014],[59.81385,36.16011],[59.81409,36.16009],[59.81437,36.16009],[59.81445,36.16009],[59.81499,36.1601],[59.8152,36.16012],[59.81547,36.16012],[59.81583,36.16005],[59.81607,36.15999],[59.81628,36.15994],[59.81662,36.15984],[59.81771,36.15961],[59.81865,36.15936],[59.81889,36.1593],[59.8192,36.15921],[59.81959,36.15907],[59.81967,36.15905],[59.8198,36.159],[59.81995,36.15898],[59.82021,36.15898],[59.82038,36.15898],[59.82046,36.15898]]}},{"type":"Feature","properties":{"minzoom":12},"geometry":{"type":"LineString","coordinates":[[59.82093,36.15905],[59.82147,36.15905],[59.82175,36.15898],[59.82237,36.15864],[59.8228,36.1583],[59.82315,36.15822],[59.82365,36.15815],[59.82429,36.15792],[59.82489,36.15772],[59.825,36.15772],[59.82511,36.15772],[59.82522,36.15774],[59.82529,36.15774],[59.82545,36.15775],[59.82568,36.15777],[59.82577,36.15781],[59.82592,36.15785],[59.82609,36.15788],[59.82623,36.15788],[59.82645,36.15789],[59.82652,36.1579],[59.82667,36.1579],[59.82677,36.1579],[59.82711,36.15796],[59.82722,36.15799],[59.82739,36.15806],[59.82763,36.15808],[59.82851,36.15831],[59.82984,36.15858],[59.82994,36.15859],[59.8304,36.15866],[59.83091,36.15875],[59.83109,36.15879],[59.83143,36.15892],[59.83163,36.15897],[59.83183,36.15904],[59.832,36.15909],[59.83228,36.15923],[59.83242,36.15931],[59.83248,36.15935],[59.83348,36.16005],[59.83377,36.16059],[59.83395,36.16078],[59.83401,36.16091],[59.83403,36.16097],[59.8341,36.16128],[59.83413,36.16137],[59.83451,36.16185],[59.83455,36.16239],[59.83458,36.16245],[59.83462,36.16249],[59.83468,36.16257],[59.83472,36.16269],[59.83474,36.16286],[59.83474,36.16293],[59.83475,36.16306],[59.83483,36.1632],[59.83488,36.16331],[59.83488,36.16339],[59.83488,36.16352],[59.83493,36.16363],[59.83497,36.16379],[59.83498,36.16392],[59.83497,36.16404],[59.83497,36.16414],[59.83497,36.16423],[59.83497,36.16434],[59.83511,36.16476],[59.83529,36.16506],[59.83533,36.16515],[59.83537,36.16524],[59.83542,36.16537],[59.83551,36.16546],[59.8356,36.16554],[59.83569,36.16565],[59.83575,36.16573],[59.83582,36.16577],[59.83592,36.16583],[59.83605,36.16591],[59.83615,36.16598],[59.83622,36.16603],[59.83633,36.16613],[59.8364,36.16619],[59.83658,36.1663],[59.83666,36.16636],[59.83677,36.16646],[59.83687,36.16654],[59.83756,36.16726],[59.83786,36.16756],[59.83793,36.16762],[59.83803,36.16773],[59.83811,36.16782],[59.83818,36.16792],[59.83828,36.168],[59.83832,36.16807],[59.83839,36.16815],[59.83847,36.16825],[59.83852,36.16832],[59.83859,36.16843],[59.83866,36.16856],[59.83873,36.16864],[59.8388,36.16875],[59.83883,36.16885],[59.83886,36.16893],[59.83893,36.16911],[59.83898,36.1692],[59.83901,36.16927],[59.83906,36.16933],[59.83912,36.16938],[59.83923,36.16944],[59.83933,36.16946],[59.83941,36.16947],[59.83958,36.16947],[59.83971,36.16941],[59.83985,36.16938],[59.83998,36.16935],[59.84011,36.16933],[59.84022,36.16931],[59.84035,36.16929],[59.84049,36.16929],[59.84062,36.16929],[59.84082,36.16929],[59.84125,36.16935],[59.84147,36.16936],[59.84155,36.16935],[59.84168,36.16934],[59.84178,36.16934],[59.84188,36.16934],[59.842,36.16937],[59.84212,36.1694],[59.84237,36.16946],[59.84251,36.16952],[59.84268,36.16957],[59.84283,36.1696],[59.84311,36.16963],[59.84325,36.16968],[59.84338,36.16972],[59.84366,36.16976],[59.84374,36.16979],[59.84391,36.16984],[59.84406,36.16991],[59.84412,36.16995],[59.84422,36.17001],[59.84429,36.17008],[59.8444,36.1702],[59.84449,36.17029],[59.84463,36.17042],[59.84477,36.17049],[59.84495,36.17063],[59.84507,36.17073],[59.84523,36.17088],[59.84535,36.17097],[59.84549,36.1711],[59.846,36.17148],[59.84642,36.17179],[59.84649,36.17183],[59.84661,36.17188],[59.84675,36.17195],[59.84694,36.17208],[59.84708,36.17216],[59.84724,36.17222],[59.84747,36.17232],[59.84771,36.17243],[59.84794,36.17253],[59.84821,36.17262],[59.84832,36.17266],[59.84851,36.1727],[59.84865,36.17274],[59.84887,36.17285],[59.84914,36.17297],[59.84932,36.17302],[59.84961,36.1731],[59.84989,36.17315],[59.85005,36.17318],[59.85029,36.17324],[59.85063,36.17333],[59.85123,36.17381],[59.8516,36.17411],[59.85166,36.17417],[59.85187,36.17437],[59.85209,36.17463],[59.85214,36.1748],[59.85215,36.17488],[59.85215,36.17499],[59.85213,36.17506],[59.85209,36.17521],[59.85209,36.1753],[59.85226,36.1754],[59.85235,36.17548],[59.85245,36.17562],[59.85255,36.17572],[59.85264,36.17579],[59.85283,36.176],[59.8532,36.17625],[59.85355,36.17653],[59.85365,36.17656],[59.85385,36.17662],[59.85412,36.17665],[59.85434,36.17668],[59.85472,36.17672],[59.85495,36.17679],[59.85505,36.17684],[59.85515,36.17692],[59.85526,36.17694],[59.8555,36.17694],[59.85561,36.17691],[59.85612,36.17682],[59.85628,36.17672],[59.85635,36.17667],[59.85646,36.17656],[59.85652,36.17651],[59.85664,36.17639],[59.85667,36.17632],[59.85671,36.17612],[59.85674,36.17594],[59.8568,36.17577],[59.85681,36.17566],[59.85695,36.17517],[59.85695,36.17482],[59.85695,36.17467],[59.85695,36.17454],[59.85692,36.17436],[59.85686,36.1742],[59.85681,36.17404],[59.85684,36.17392],[59.85692,36.17378],[59.85704,36.17363],[59.85717,36.1735],[59.85733,36.17339],[59.85758,36.17344],[59.85773,36.17357],[59.85812,36.17359],[59.85834,36.1736],[59.85858,36.17364],[59.85869,36.17365],[59.85899,36.17365],[59.85918,36.17365],[59.85943,36.17365],[59.85974,36.17362],[59.86003,36.17351],[59.86023,36.17349],[59.8604,36.17349],[59.86106,36.17338],[59.8616,36.17347],[59.86187,36.17352],[59.86204,36.1736],[59.86239,36.17379],[59.86261,36.17392],[59.8627,36.17399],[59.86283,36.17409],[59.86297,36.17424],[59.86312,36.17436],[59.86325,36.17451],[59.86332,36.17463],[59.86347,36.17492],[59.8635,36.17497],[59.86352,36.17516],[59.86349,36.17536],[59.86349,36.1755],[59.86329,36.17593],[59.86295,36.17655],[59.86293,36.17662],[59.86282,36.17682],[59.86273,36.17692],[59.86269,36.17698],[59.86265,36.17713],[59.86265,36.17721],[59.86265,36.17734],[59.86262,36.17745],[59.86258,36.17754],[59.86256,36.17762],[59.86254,36.17771],[59.86249,36.17777],[59.86232,36.17785],[59.86228,36.17791],[59.86234,36.17805],[59.86237,36.17813],[59.8624,36.17835],[59.86245,36.17872],[59.86256,36.17883],[59.86261,36.17891],[59.86262,36.17902],[59.86262,36.17908],[59.86262,36.17922],[59.86267,36.17935],[59.86272,36.17963],[59.86273,36.17971],[59.86283,36.17987],[59.86291,36.17999],[59.863,36.18016],[59.86308,36.18028],[59.86321,36.18033],[59.86336,36.18039],[59.86347,36.18044],[59.86361,36.18052],[59.86369,36.18063],[59.86372,36.18079],[59.86378,36.18092],[59.8639,36.18108],[59.864,36.1812],[59.8641,36.18133],[59.8642,36.18145],[59.86431,36.18176],[59.86456,36.182],[59.86476,36.18211],[59.86488,36.1822],[59.86506,36.18226],[59.86517,36.18226],[59.86534,36.18224],[59.86566,36.18218],[59.86577,36.18216],[59.86597,36.1822],[59.86613,36.18236],[59.86628,36.18246],[59.86659,36.18262],[59.86678,36.18274],[59.86712,36.18281],[59.86749,36.1829],[59.86777,36.1831],[59.86789,36.1832],[59.86882,36.1837],[59.86931,36.18401],[59.86944,36.18405],[59.86979,36.18406],[59.87008,36.18398],[59.87023,36.18407],[59.87038,36.18418],[59.87055,36.18427],[59.87081,36.18441],[59.87097,36.18456],[59.87124,36.18481],[59.87141,36.18491],[59.87172,36.18511],[59.87197,36.18524],[59.87214,36.18534]]}},{"type":"Feature","properties":{"minzoom":12},"geometry":{"type":"LineString","coordinates":[[59.82046,36.15898],[59.82093,36.15905]]}},{"type":"Feature","properties":{"minzoom":12},"geometry":{"type":"LineString","coordinates":[[59.86749,36.1829],[59.86792,36.18298],[59.86803,36.18303],[59.86818,36.18307],[59.86823,36.1831],[59.86832,36.18313],[59.86841,36.18314],[59.86847,36.18311],[59.86853,36.18305],[59.86865,36.18302],[59.8687,36.18302],[59.86886,36.18301],[59.86894,36.183],[59.86902,36.18298],[59.86919,36.18296],[59.86932,36.18297],[59.86955,36.18304],[59.8696,36.18306],[59.86978,36.18312],[59.86997,36.18315],[59.8701,36.18315],[59.87032,36.18314],[59.87038,36.18312],[59.87054,36.18309],[59.87069,36.18309],[59.87092,36.18318],[59.87106,36.18328],[59.87116,36.1833],[59.87166,36.18357],[59.87235,36.18381],[59.87244,36.18384],[59.87267,36.18399],[59.87277,36.18405],[59.87292,36.18415],[59.87309,36.18425],[59.87325,36.18436],[59.87331,36.1844],[59.87343,36.18447],[59.87354,36.18455],[59.87376,36.18462],[59.87395,36.18462],[59.87404,36.18464],[59.87416,36.18472],[59.87429,36.18479],[59.87436,36.18485],[59.87447,36.18501],[59.8747,36.18552],[59.87459,36.18579],[59.87455,36.18586],[59.87452,36.18602],[59.87451,36.18628],[59.87457,36.18643],[59.87465,36.18659],[59.87506,36.18683],[59.87517,36.18706],[59.87553,36.18792],[59.8758,36.18828],[59.87589,36.1884],[59.87593,36.18847],[59.87598,36.18862],[59.87596,36.18885],[59.87596,36.18904],[59.87602,36.18913],[59.87619,36.18933],[59.87628,36.18942],[59.87644,36.18958],[59.87653,36.1897],[59.87664,36.18984],[59.87672,36.18987],[59.8768,36.18991]]}},{"type":"Feature","properties":{"minzoom":12},"geometry":{"type":"LineString","coordinates":[[59.8768,36.18991],[59.87701,36.19]]}},{"type":"Feature","properties":{"minzoom":12},"geometry":{"type":"LineString","coordinates":[[59.87701,36.19],[59.87764,36.19016],[59.87773,36.19018],[59.87799,36.19024],[59.8782,36.19026],[59.87857,36.19031],[59.87888,36.19035],[59.87921,36.19037],[59.87937,36.1904],[59.87968,36.19043],[59.87984,36.19046],[59.88102,36.19066],[59.88196,36.1908],[59.8822,36.1909],[59.88233,36.19097],[59.88246,36.19102],[59.88264,36.19111],[59.88274,36.19117],[59.88289,36.19126],[59.88297,36.19132],[59.88307,36.19138],[59.88314,36.19144],[59.88322,36.19155],[59.88326,36.19167],[59.8833,36.19183],[59.88332,36.19194],[59.88336,36.19214],[59.88336,36.19223],[59.88336,36.19248],[59.88341,36.19261],[59.88349,36.19278],[59.88383,36.19353],[59.8841,36.19391],[59.88422,36.19407],[59.88439,36.19435],[59.88456,36.19463],[59.88462,36.19471],[59.88474,36.19485],[59.88487,36.19499],[59.88493,36.19507],[59.88499,36.19514],[59.88499,36.19523],[59.88501,36.19531],[59.88505,36.19538],[59.88509,36.19545],[59.88545,36.19568],[59.88588,36.19574],[59.8862,36.19603],[59.88668,36.19676],[59.8868,36.19699],[59.88694,36.19711],[59.88701,36.19717],[59.88712,36.19724],[59.88733,36.19733],[59.88746,36.19742],[59.88766,36.19757],[59.88781,36.19769],[59.88817,36.19799],[59.88831,36.19812],[59.88841,36.1982],[59.88864,36.19834],[59.8888,36.19844],[59.88904,36.19863],[59.8893,36.19881],[59.88941,36.19892],[59.88956,36.19907],[59.88989,36.19939],[59.89037,36.1999],[59.89045,36.19999],[59.89059,36.20018],[59.89069,36.20032],[59.89085,36.20061],[59.89105,36.20087],[59.89138,36.20108],[59.89166,36.20126],[59.89181,36.20134],[59.89206,36.20151],[59.89221,36.20159],[59.89234,36.20166],[59.89252,36.20176],[59.89283,36.20189],[59.89306,36.20196],[59.89318,36.20198],[59.89372,36.20216],[59.8939,36.20224],[59.8941,36.20231],[59.89483,36.20297],[59.89533,36.20361],[59.89545,36.20379],[59.89571,36.20414],[59.89577,36.20423],[59.89583,36.20429],[59.8963,36.20472],[59.8964,36.2048],[59.89649,36.20488],[59.89675,36.20504],[59.89709,36.20518],[59.89764,36.20532],[59.89778,36.20534],[59.89844,36.20555],[59.89971,36.2057],[59.8998,36.2057],[59.8999,36.20572],[59.89998,36.20573],[59.90021,36.20583],[59.90029,36.20591],[59.90039,36.2061],[59.90046,36.20617],[59.90053,36.20623],[59.90064,36.20629],[59.90088,36.20641],[59.90097,36.20643],[59.90131,36.20657],[59.90153,36.20673],[59.90163,36.20683],[59.90177,36.20705],[59.90188,36.20722],[59.90205,36.20742],[59.90229,36.20765],[59.90243,36.20783],[59.90261,36.20801],[59.90283,36.20822],[59.90306,36.20842],[59.90418,36.20935],[59.90456,36.20985],[59.90464,36.20992],[59.90486,36.21016],[59.90497,36.21027],[59.90517,36.21046],[59.9053,36.21056],[59.90572,36.21087],[59.90584,36.21094]]}},{"type":"Feature","properties":{"minzoom":12},"geometry":{"type":"LineString","coordinates":[[59.90584,36.21094],[59.90609,36.21111],[59.90615,36.21115]]}},{"type":"Feature","properties":{"minzoom":12},"geometry":{"type":"LineString","coordinates":[[59.90615,36.21115],[59.90714,36.21189],[59.9076,36.21249],[59.90786,36.21291],[59.90797,36.21307],[59.90804,36.21315],[59.90815,36.21324],[59.90824,36.21328],[59.90844,36.21336],[59.90852,36.21341],[59.9086,36.21345],[59.90878,36.21357],[59.90906,36.21379],[59.90945,36.21405],[59.90962,36.21414],[59.90981,36.21422],[59.9099,36.21425],[59.91036,36.2145],[59.91072,36.21484],[59.91102,36.21497],[59.91125,36.21509],[59.91134,36.21515],[59.91183,36.21525],[59.912,36.2153],[59.91215,36.21535],[59.91241,36.21538],[59.91265,36.21543]]}},{"type":"Feature","properties":{"minzoom":12},"geometry":{"type":"LineString","coordinates":[[59.43376,36.38191],[59.43383,36.38196],[59.43422,36.3821],[59.43484,36.38227],[59.43539,36.38238],[59.43614,36.38267],[59.4366,36.38297],[59.43709,36.38343],[59.4377,36.38404],[59.43982,36.38601],[59.44056,36.38659]]}},{"type":"Feature","properties":{"minzoom":12},"geometry":{"type":"LineString","coordinates":[[59.44056,36.38659],[59.44064,36.38665]]}},{"type":"Feature","properties":{"minzoom":12},"geometry":{"type":"LineString","coordinates":[[59.63119,36.48801],[59.6309,36.48814],[59.63017,36.48814],[59.62953,36.48808],[59.62923,36.48809],[59.62908,36.48803],[59.62895,36.48787],[59.62878,36.48765],[59.6285,36.48738],[59.62819,36.48721],[59.62793,36.487],[59.62767,36.48674],[59.62723,36.48641],[59.62709,36.48626],[59.62671,36.48605],[59.62658,36.48595],[59.62623,36.48563],[59.62599,36.48544],[59.62583,36.48528],[59.62571,36.4851],[59.62564,36.48494],[59.62547,36.48468],[59.62538,36.48426],[59.62527,36.48404],[59.6253,36.48388],[59.62534,36.48369],[59.62533,36.48355],[59.62518,36.48342],[59.62503,36.48326],[59.62449,36.48269],[59.62435,36.48238],[59.62406,36.48202],[59.62406,36.48187],[59.62363,36.48135],[59.6234,36.48102],[59.62309,36.4804],[59.62285,36.4803],[59.62278,36.47995],[59.62274,36.47955]]}},{"type":"Feature","properties":{"minzoom":12},"geometry":{"type":"LineString","coordinates":[[59.63301,36.50315],[59.63299,36.50283],[59.63288,36.5026],[59.63279,36.50201],[59.63269,36.50165],[59.63254,36.50078],[59.6324,36.50048],[59.6324,36.50029],[59.6323,36.5001],[59.63232,36.49996],[59.63225,36.49975],[59.6323,36.49954],[59.63227,36.49914],[59.63227,36.49893],[59.63218,36.4986],[59.63218,36.49852],[59.63246,36.49833],[59.63245,36.49817],[59.6324,36.49787],[59.63231,36.49759],[59.6323,36.49743],[59.63228,36.49729],[59.63225,36.4971],[59.63214,36.49692],[59.63204,36.49662],[59.63201,36.49636],[59.63195,36.49624],[59.63191,36.49608],[59.63192,36.49594],[59.63191,36.49583],[59.63188,36.49544],[59.63193,36.49518],[59.63194,36.49508],[59.63189,36.49469],[59.63188,36.4944],[59.63189,36.49428],[59.63181,36.49349],[59.6317,36.49301],[59.63171,36.49294],[59.63177,36.49253],[59.63178,36.4924],[59.63182,36.49219],[59.63181,36.49209],[59.63183,36.49188],[59.63187,36.49169],[59.63188,36.49158],[59.63191,36.49141],[59.63189,36.49135],[59.63192,36.49115],[59.63189,36.49108],[59.63191,36.49093],[59.63202,36.49029],[59.63201,36.4902],[59.63202,36.48971],[59.63197,36.48922],[59.63184,36.48915],[59.63181,36.4889],[59.63167,36.48881],[59.63165,36.48871],[59.63165,36.48867]]}},{"type":"Feature","properties":{"minzoom":12},"geometry":{"type":"LineString","coordinates":[[59.63141,36.48799],[59.63138,36.48799],[59.63119,36.48801]]}},{"type":"Feature","properties":{"minzoom":12},"geometry":{"type":"LineString","coordinates":[[59.63154,36.48802],[59.63141,36.48799]]}},{"type":"Feature","properties":{"minzoom":12},"geometry":{"type":"LineString","coordinates":[[59.63165,36.48854],[59.63166,36.48839]]}},{"type":"Feature","properties":{"minzoom":12},"geometry":{"type":"LineString","coordinates":[[59.63165,36.48867],[59.63165,36.48854]]}},{"type":"Feature","properties":{"minzoom":12},"geometry":{"type":"LineString","coordinates":[[59.63166,36.48827],[59.63166,36.48826],[59.63161,36.48812],[59.63156,36.48803],[59.63154,36.48802]]}},{"type":"Feature","properties":{"minzoom":12},"geometry":{"type":"LineString","coordinates":[[59.63166,36.48839],[59.63166,36.48827]]}},{"type":"Feature","properties":{"minzoom":12},"geometry":{"type":"LineString","coordinates":[[59.70847,36.5346],[59.70831,36.53449],[59.70808,36.53431],[59.708,36.5342],[59.70783,36.53399],[59.70774,36.53387],[59.7076,36.53367],[59.70747,36.53357],[59.70738,36.53349],[59.70727,36.53343],[59.70708,36.53337],[59.70687,36.53329],[59.70632,36.53294],[59.70591,36.53266],[59.70581,36.53248],[59.70575,36.53239],[59.70555,36.53226],[59.7055,36.5322],[59.70501,36.5319],[59.7041,36.5319],[59.70374,36.53186],[59.70367,36.53185],[59.70347,36.53183],[59.70329,36.53183],[59.70297,36.53181],[59.70283,36.53176],[59.70258,36.53163],[59.70244,36.53156],[59.7023,36.53145],[59.70221,36.53134],[59.70215,36.53125],[59.70211,36.53113],[59.70209,36.53104],[59.70211,36.53064],[59.70229,36.53041],[59.70234,36.53038],[59.70256,36.53023],[59.70265,36.53012],[59.7027,36.52996],[59.7027,36.52985],[59.70251,36.52938],[59.70211,36.52909],[59.70202,36.52902],[59.70196,36.52896],[59.70188,36.52887],[59.70166,36.52864],[59.70112,36.5281],[59.70058,36.52752],[59.70049,36.52746],[59.7003,36.52727],[59.70022,36.52719],[59.70008,36.52705],[59.7,36.52694],[59.6999,36.52676],[59.69987,36.52665],[59.69964,36.52613],[59.69985,36.52559],[59.69985,36.52551],[59.6998,36.5253],[59.69974,36.52523],[59.69966,36.52515],[59.69935,36.52462],[59.69881,36.52417],[59.69845,36.52358],[59.69832,36.5229],[59.69845,36.52232],[59.69848,36.52225],[59.69858,36.52214],[59.69874,36.52154],[59.69878,36.52097],[59.69878,36.5209],[59.69886,36.52036],[59.69884,36.51957],[59.69863,36.51887],[59.69811,36.51788],[59.69801,36.51775],[59.69788,36.51762],[59.69771,36.51746],[59.69762,36.51733],[59.69752,36.51722],[59.69737,36.51708],[59.69725,36.517],[59.69646,36.51657],[59.69619,36.51631],[59.69613,36.51624],[59.69602,36.51612],[59.69592,36.51601],[59.69583,36.5159],[59.69551,36.51516],[59.69535,36.51435],[59.69528,36.5142],[59.6952,36.51411],[59.69517,36.51408],[59.69456,36.51351],[59.69399,36.51287],[59.69394,36.51283],[59.69383,36.51273],[59.69372,36.51266],[59.69362,36.51257],[59.693,36.51195],[59.69266,36.51143],[59.69263,36.51138],[59.69261,36.51125],[59.69259,36.51119],[59.69255,36.51064],[59.69259,36.5096],[59.69258,36.50956],[59.69251,36.50907],[59.69258,36.50815],[59.69258,36.50801],[59.69254,36.50789],[59.69249,36.50779],[59.69245,36.50773],[59.6924,36.50766],[59.69235,36.50757],[59.6922,36.50746],[59.69214,36.50744],[59.69171,36.5072],[59.69081,36.50705],[59.69066,36.50703],[59.69059,36.50702],[59.69037,36.50696],[59.69028,36.50693],[59.69012,36.50689],[59.68988,36.50684],[59.68958,36.5068],[59.68943,36.50677],[59.68922,36.50671],[59.68916,36.5067],[59.689,36.50665],[59.68889,36.50662],[59.68872,36.50655],[59.68861,36.50649],[59.68857,36.50644],[59.68851,36.50637],[59.68832,36.50598],[59.68823,36.5056],[59.68823,36.50554],[59.68823,36.50548],[59.68823,36.50537],[59.68821,36.50526],[59.68821,36.50508],[59.68815,36.50445],[59.68795,36.50374],[59.68794,36.5037],[59.68759,36.50293],[59.68733,36.50226],[59.68728,36.50211],[59.68724,36.50201],[59.68718,36.50192],[59.68713,36.50184],[59.68705,36.50174],[59.68669,36.50115],[59.68622,36.50058],[59.68615,36.50053],[59.68604,36.50046],[59.68596,36.50039],[59.68583,36.50025],[59.68572,36.50015],[59.68564,36.50007],[59.68559,36.50001],[59.68548,36.49992],[59.68468,36.49929],[59.68424,36.49904],[59.6841,36.49896],[59.68401,36.49891],[59.68382,36.49882],[59.68365,36.49876],[59.68348,36.49867],[59.6834,36.4986],[59.68324,36.49848],[59.68301,36.49835],[59.68296,36.49833],[59.68274,36.49824],[59.68253,36.49814],[59.68238,36.49808],[59.68229,36.49804],[59.68178,36.49785],[59.68151,36.49755],[59.68146,36.49749],[59.68144,36.49745],[59.68144,36.49739],[59.68146,36.4973],[59.68149,36.49725],[59.68154,36.49717],[59.68157,36.49707],[59.68166,36.49667],[59.68164,36.49633],[59.68157,36.49592],[59.68157,36.49587],[59.68157,36.49578],[59.68146,36.49512],[59.68143,36.49441],[59.68145,36.49437],[59.68151,36.49353],[59.68152,36.49331],[59.68153,36.49307],[59.68154,36.49292],[59.68156,36.49284],[59.68157,36.4927],[59.68158,36.49263],[59.6816,36.49258],[59.68161,36.49251],[59.68161,36.49242],[59.6816,36.49235],[59.68155,36.49203],[59.68152,36.49181],[59.6812,36.49148],[59.68113,36.49142],[59.68094,36.49131],[59.68083,36.49123],[59.68066,36.49114],[59.68061,36.49112],[59.68052,36.49109],[59.68034,36.49106],[59.68013,36.49105],[59.67996,36.49103],[59.6799,36.49102],[59.67983,36.49099],[59.67976,36.49097],[59.6797,36.49093],[59.67962,36.49087],[59.67955,36.49077],[59.67947,36.49062],[59.67941,36.49054],[59.67936,36.49045],[59.67932,36.49041],[59.67928,36.49035],[59.67922,36.49027],[59.67919,36.49023],[59.67913,36.49017],[59.67908,36.49012],[59.67874,36.48979],[59.67868,36.48957],[59.67868,36.48942],[59.67867,36.48928],[59.67866,36.48918],[59.67865,36.48911],[59.67863,36.48901],[59.6786,36.48893],[59.67857,36.48886],[59.67853,36.48878],[59.67849,36.48873],[59.67847,36.48869],[59.67843,36.48862],[59.67838,36.48855],[59.67814,36.48816],[59.67805,36.48795],[59.67805,36.4879],[59.67805,36.48784],[59.67804,36.48779],[59.67804,36.48774],[59.67802,36.4877],[59.67802,36.48764],[59.67801,36.48758],[59.67799,36.4875],[59.67798,36.48744],[59.67797,36.48739],[59.67795,36.48731],[59.67794,36.48724],[59.67788,36.48674],[59.67755,36.48606],[59.67738,36.48581],[59.67692,36.48545],[59.67576,36.4843],[59.67523,36.4838],[59.67476,36.48328],[59.67445,36.48265],[59.67431,36.48217],[59.6743,36.48181],[59.67451,36.48093],[59.67473,36.48006],[59.6749,36.47919],[59.67491,36.47882],[59.67482,36.47857],[59.67414,36.47787],[59.67403,36.47775],[59.67403,36.47745],[59.67418,36.47724],[59.67464,36.47689],[59.67516,36.47636],[59.67587,36.47565],[59.67627,36.47521],[59.67638,36.47507],[59.67657,36.47484],[59.67668,36.47466],[59.67675,36.47446],[59.67683,36.47434],[59.67692,36.47421],[59.677,36.47397],[59.67706,36.4738],[59.67712,36.47366],[59.67721,36.47347],[59.67753,36.47298],[59.678,36.47246],[59.67807,36.47232],[59.67813,36.47223],[59.67822,36.47204],[59.67832,36.47179],[59.67838,36.47161],[59.67841,36.47149],[59.67841,36.47123],[59.67842,36.47108],[59.67868,36.47082],[59.67909,36.47038],[59.67923,36.47029],[59.67952,36.47008],[59.67967,36.46998],[59.67986,36.46986],[59.68002,36.46976],[59.6802,36.46966],[59.68043,36.46953],[59.68059,36.46941],[59.68084,36.46925],[59.68108,36.46912],[59.68129,36.46896],[59.68139,36.46879],[59.68179,36.46846],[59.68207,36.46792],[59.68219,36.46778],[59.68225,36.46773],[59.68242,36.46757],[59.68273,36.46733],[59.68294,36.4671],[59.68305,36.46701],[59.68319,36.4668],[59.68341,36.46643],[59.68362,36.46633],[59.6838,36.46625],[59.68393,36.46615],[59.68406,36.46596],[59.68417,36.4658],[59.68428,36.46565],[59.68435,36.46552],[59.68443,36.46531],[59.68444,36.46524],[59.68446,36.46509],[59.68446,36.46487],[59.68446,36.46468],[59.68449,36.46439],[59.68455,36.46384],[59.68465,36.46358],[59.68468,36.46352],[59.68476,36.46334],[59.68479,36.46316],[59.6849,36.46291],[59.68487,36.46257],[59.68492,36.46216],[59.68496,36.46209],[59.68499,36.46195],[59.68506,36.46164],[59.68522,36.46133],[59.68571,36.46098],[59.68596,36.46066],[59.68611,36.46019],[59.68601,36.45992],[59.68589,36.45974],[59.68578,36.4596],[59.68556,36.45942],[59.68534,36.45928],[59.68506,36.45913],[59.68481,36.45896],[59.68472,36.45878],[59.68469,36.45859],[59.68465,36.45821],[59.68456,36.45755],[59.68461,36.45736],[59.68465,36.45698],[59.68475,36.45645],[59.68529,36.4559],[59.68533,36.45575],[59.68506,36.455],[59.68467,36.45423],[59.68446,36.45385],[59.68435,36.45339],[59.68407,36.4529],[59.68405,36.45273],[59.6841,36.45256],[59.68479,36.45115]]}},{"type":"Feature","properties":{"minzoom":12},"geometry":{"type":"LineString","coordinates":[[59.68479,36.45115],[59.68484,36.45096]]}},{"type":"Feature","properties":{"minzoom":12},"geometry":{"type":"LineString","coordinates":[[59.72456,36.44873],[59.72465,36.44829],[59.72485,36.44785],[59.72485,36.44729],[59.72482,36.44703],[59.72464,36.44655],[59.72455,36.44627],[59.72442,36.44513],[59.725,36.4442],[59.72503,36.44409],[59.72506,36.44387],[59.72515,36.44367],[59.72524,36.4435],[59.72542,36.44309],[59.72558,36.44256],[59.72562,36.44242],[59.72577,36.44214],[59.72597,36.44176],[59.72607,36.44152],[59.72614,36.44124],[59.72614,36.44072],[59.72511,36.43989],[59.72465,36.4394],[59.72459,36.43917],[59.72464,36.43889],[59.72475,36.4387],[59.72502,36.43839],[59.72511,36.43825],[59.72515,36.43814],[59.72519,36.43789],[59.72518,36.43736],[59.72515,36.43716],[59.72486,36.43563],[59.72426,36.43465],[59.72414,36.43432],[59.72412,36.43405],[59.72419,36.43372],[59.72434,36.43351],[59.72479,36.43297],[59.72485,36.43278],[59.72481,36.43247],[59.7247,36.43215],[59.72462,36.432],[59.7245,36.43185],[59.72443,36.43174],[59.72374,36.43112],[59.72298,36.43068],[59.72289,36.43059],[59.72277,36.43036],[59.72281,36.43018],[59.72287,36.42999],[59.72302,36.42947],[59.72312,36.42932],[59.72333,36.42908],[59.72346,36.42899],[59.72361,36.42887],[59.72375,36.42877],[59.72408,36.4286],[59.72427,36.42847],[59.72449,36.42845],[59.72466,36.42849],[59.72486,36.42853],[59.725,36.42858],[59.7252,36.4287],[59.72532,36.42879],[59.7255,36.42892],[59.72567,36.42898],[59.72581,36.42898],[59.72601,36.42897],[59.72618,36.42895],[59.72631,36.42892],[59.72664,36.4285],[59.72698,36.42707],[59.72705,36.42695],[59.72725,36.42662],[59.72743,36.42633],[59.72759,36.42615],[59.72793,36.42583],[59.7281,36.42572],[59.72896,36.42461],[59.73017,36.42338],[59.73023,36.42327],[59.73029,36.42313],[59.73038,36.42296],[59.73055,36.42267],[59.73069,36.42246],[59.73078,36.42233],[59.73082,36.42219],[59.73088,36.42205],[59.73096,36.4219],[59.73111,36.42164],[59.73128,36.42075],[59.73127,36.42021],[59.73098,36.41992],[59.73082,36.41979],[59.73054,36.41955],[59.73039,36.41934],[59.73024,36.41915],[59.73011,36.41894],[59.73009,36.41862],[59.73012,36.41843],[59.73018,36.41812],[59.73024,36.41796],[59.73158,36.41697],[59.73229,36.41651],[59.73257,36.41563],[59.73249,36.41528],[59.73236,36.4147],[59.73235,36.41456],[59.73235,36.41441],[59.73237,36.41422],[59.73241,36.41403],[59.73255,36.41382],[59.73352,36.41289],[59.7342,36.41202],[59.73424,36.41191],[59.73434,36.41161],[59.73465,36.41124],[59.73501,36.41095],[59.73516,36.41085],[59.73548,36.41067],[59.73601,36.41029],[59.73613,36.41015],[59.73623,36.40987],[59.73623,36.40968],[59.7361,36.40874],[59.73543,36.40817],[59.73533,36.40799],[59.73514,36.40769],[59.73516,36.40725],[59.73517,36.40714],[59.73522,36.40689],[59.73526,36.40652],[59.73531,36.40636],[59.73541,36.40606],[59.73547,36.40596],[59.73567,36.40564],[59.73577,36.40553],[59.73593,36.40541],[59.73607,36.40534],[59.73626,36.40525],[59.7371,36.40486],[59.73833,36.40439],[59.73892,36.40324],[59.73898,36.40281],[59.73906,36.40239],[59.73915,36.40197],[59.73925,36.4018],[59.73944,36.40163],[59.73968,36.40149],[59.74052,36.40098],[59.74124,36.40017],[59.7414,36.39908],[59.7415,36.39881],[59.74166,36.39853],[59.74178,36.39827],[59.74193,36.39804],[59.74269,36.39768],[59.74326,36.39744],[59.74481,36.3969],[59.7456,36.39625],[59.74565,36.39613],[59.74571,36.39584],[59.74567,36.39569],[59.74541,36.39536],[59.74523,36.39517],[59.74508,36.39501],[59.74494,36.39482],[59.74488,36.39467],[59.74488,36.39442],[59.745,36.39423],[59.74522,36.39403],[59.74561,36.39377],[59.74617,36.39347],[59.74665,36.39332],[59.74679,36.39329],[59.74739,36.39301],[59.74744,36.39289],[59.74757,36.39265],[59.74881,36.39106],[59.75024,36.38982],[59.75061,36.38943],[59.7507,36.38902],[59.75063,36.38828],[59.75053,36.38746],[59.75109,36.38648],[59.7512,36.38637],[59.75159,36.38605],[59.75204,36.38567],[59.75217,36.38554],[59.75273,36.38527],[59.75282,36.38522]]}},{"type":"Feature","properties":{"minzoom":12},"geometry":{"type":"LineString","coordinates":[[59.83036,36.58245],[59.83018,36.58218],[59.82996,36.582]]}},{"type":"Feature","properties":{"minzoom":12},"geometry":{"type":"LineString","coordinates":[[59.83043,36.58257],[59.83036,36.58245]]}},{"type":"Feature","properties":{"minzoom":12},"geometry":{"type":"LineString","coordinates":[[59.57028,36.25308],[59.57031,36.25337],[59.57047,36.25368],[59.57083,36.25399],[59.57145,36.25428],[59.57174,36.25448],[59.57202,36.25456],[59.57206,36.25459]]}},{"type":"Feature","properties":{"minzoom":12},"geometry":{"type":"LineString","coordinates":[[59.57237,36.25473],[59.57264,36.25483],[59.57285,36.25495],[59.57305,36.25508],[59.57329,36.25515],[59.57357,36.25527],[59.5737,36.2553],[59.57392,36.25532],[59.57403,36.25539],[59.57412,36.2555],[59.57421,36.2556],[59.57436,36.2557],[59.57462,36.25582],[59.57502,36.2561]]}},{"type":"Feature","properties":{"minzoom":12},"geometry":{"type":"LineString","coordinates":[[59.46645,36.34575],[59.46703,36.3458],[59.46756,36.3457]]}},{"type":"Feature","properties":{"minzoom":12},"geometry":{"type":"LineString","coordinates":[[59.61852,36.20981],[59.61828,36.20972]]}},{"type":"Feature","properties":{"minzoom":12},"geometry":{"type":"LineString","coordinates":[[59.62194,36.21112],[59.62132,36.21079],[59.6202,36.21066],[59.62001,36.21054],[59.61882,36.21008],[59.61866,36.20987],[59.61852,36.20981]]}},{"type":"Feature","properties":{"minzoom":12},"geometry":{"type":"LineString","coordinates":[[59.62289,36.21289],[59.62283,36.21168],[59.62281,36.21161],[59.62273,36.21151],[59.62225,36.21125]]}},{"type":"Feature","properties":{"minzoom":12},"geometry":{"type":"LineString","coordinates":[[59.62289,36.21289],[59.62289,36.2131]]}},{"type":"Feature","properties":{"minzoom":12},"geometry":{"type":"LineString","coordinates":[[59.54962,36.19681],[59.5496,36.19681],[59.54958,36.19681],[59.54956,36.19681],[59.54949,36.19683],[59.54945,36.19685],[59.54942,36.19688],[59.54938,36.19689],[59.54931,36.19694],[59.54927,36.19698]]}},{"type":"Feature","properties":{"minzoom":12},"geometry":{"type":"LineString","coordinates":[[59.10684,36.20905],[59.10685,36.209],[59.10671,36.20871],[59.10648,36.20859],[59.10626,36.20821],[59.10598,36.20803],[59.10557,36.20799],[59.10471,36.20819],[59.1042,36.20824],[59.10377,36.20813],[59.10314,36.20777],[59.10217,36.20716],[59.10165,36.20678],[59.10133,36.20644],[59.10127,36.20619],[59.10139,36.20586]]}},{"type":"Feature","properties":{"minzoom":12},"geometry":{"type":"LineString","coordinates":[[59.10681,36.20908],[59.10684,36.20905]]}},{"type":"Feature","properties":{"minzoom":12},"geometry":{"type":"LineString","coordinates":[[59.11278,36.21663],[59.11253,36.21651],[59.11218,36.21545],[59.11161,36.21458],[59.11145,36.21412],[59.1109,36.21347],[59.11059,36.21319],[59.1105,36.21252],[59.1104,36.21235],[59.11047,36.21195],[59.11019,36.21137],[59.10818,36.21074],[59.10782,36.2105],[59.10763,36.21023],[59.1076,36.20992],[59.10741,36.20973],[59.10722,36.20953],[59.10705,36.20944],[59.10678,36.20916],[59.10681,36.20908]]}},{"type":"Feature","properties":{"minzoom":12},"geometry":{"type":"LineString","coordinates":[[59.11283,36.21665],[59.11278,36.21663]]}},{"type":"Feature","properties":{"minzoom":12},"geometry":{"type":"LineString","coordinates":[[59.113,36.24988],[59.11101,36.2474],[59.10912,36.24636]]}},{"type":"Feature","properties":{"minzoom":12},"geometry":{"type":"LineString","coordinates":[[59.10272,36.26522],[59.10377,36.26383],[59.10367,36.26242],[59.10421,36.26129],[59.10422,36.26],[59.10475,36.25879],[59.10475,36.25832],[59.10426,36.25723],[59.10337,36.2554]]}},{"type":"Feature","properties":{"minzoom":12},"geometry":{"type":"LineString","coordinates":[[59.37099,36.30919],[59.37465,36.30939],[59.37893,36.30813],[59.38234,36.30907],[59.38454,36.31197],[59.38735,36.31402],[59.3918,36.31546],[59.39885,36.31453],[59.40459,36.31513]]}},{"type":"Feature","properties":{"minzoom":12},"geometry":{"type":"LineString","coordinates":[[59.36272,36.30961],[59.36296,36.3096]]}},{"type":"Feature","properties":{"minzoom":12},"geometry":{"type":"LineString","coordinates":[[59.36296,36.3096],[59.36493,36.30952],[59.36786,36.3092]]}},{"type":"Feature","properties":{"minzoom":12},"geometry":{"type":"LineString","coordinates":[[59.36786,36.3092],[59.36821,36.30916]]}},{"type":"Feature","properties":{"minzoom":12},"geometry":{"type":"LineString","coordinates":[[59.36821,36.30916],[59.36893,36.30908],[59.36953,36.30912]]}},{"type":"Feature","properties":{"minzoom":12},"geometry":{"type":"LineString","coordinates":[[59.36953,36.30912],[59.36965,36.30912]]}},{"type":"Feature","properties":{"minzoom":12},"geometry":{"type":"LineString","coordinates":[[59.36965,36.30912],[59.37036,36.30916]]}},{"type":"Feature","properties":{"minzoom":12},"geometry":{"type":"LineString","coordinates":[[59.37036,36.30916],[59.37048,36.30917]]}},{"type":"Feature","properties":{"minzoom":12},"geometry":{"type":"LineString","coordinates":[[59.37048,36.30917],[59.37088,36.30919]]}},{"type":"Feature","properties":{"minzoom":12},"geometry":{"type":"LineString","coordinates":[[59.37088,36.30919],[59.37099,36.30919]]}},{"type":"Feature","properties":{"minzoom":12},"geometry":{"type":"LineString","coordinates":[[59.32602,36.31332],[59.32966,36.31396],[59.3327,36.31438],[59.33705,36.3142],[59.33897,36.31276],[59.34115,36.31238]]}},{"type":"Feature","properties":{"minzoom":12},"geometry":{"type":"LineString","coordinates":[[59.31654,36.30505],[59.31666,36.30515]]}},{"type":"Feature","properties":{"minzoom":12},"geometry":{"type":"LineString","coordinates":[[59.31666,36.30515],[59.31741,36.30578],[59.31766,36.3063]]}},{"type":"Feature","properties":{"minzoom":12},"geometry":{"type":"LineString","coordinates":[[59.31766,36.3063],[59.31771,36.30641]]}},{"type":"Feature","properties":{"minzoom":12},"geometry":{"type":"LineString","coordinates":[[59.34128,36.31235],[59.34295,36.31206],[59.34625,36.31111],[59.35127,36.3109],[59.35331,36.31136],[59.35561,36.31072],[59.35891,36.30977],[59.36272,36.30961]]}},{"type":"Feature","properties":{"minzoom":12},"geometry":{"type":"LineString","coordinates":[[59.34115,36.31238],[59.34128,36.31235]]}},{"type":"Feature","properties":{"minzoom":12},"geometry":{"type":"LineString","coordinates":[[59.31771,36.30641],[59.31856,36.30817],[59.32069,36.30998],[59.32317,36.31205],[59.32593,36.3133]]}},{"type":"Feature","properties":{"minzoom":12},"geometry":{"type":"LineString","coordinates":[[59.32593,36.3133],[59.32602,36.31332]]}},{"type":"Feature","properties":{"minzoom":12},"geometry":{"type":"LineString","coordinates":[[59.29782,36.29575],[59.30076,36.29696],[59.30514,36.29732],[59.30852,36.29772],[59.31058,36.29846],[59.31203,36.3003],[59.31314,36.30188],[59.31493,36.30371],[59.31654,36.30505]]}},{"type":"Feature","properties":{"minzoom":12},"geometry":{"type":"LineString","coordinates":[[59.29759,36.29566],[59.29782,36.29575]]}},{"type":"Feature","properties":{"minzoom":12},"geometry":{"type":"LineString","coordinates":[[59.46195,36.34573],[59.46285,36.34564]]}},{"type":"Feature","properties":{"minzoom":12},"geometry":{"type":"LineString","coordinates":[[59.64785,36.25794],[59.64821,36.25834]]}},{"type":"Feature","properties":{"minzoom":12},"geometry":{"type":"LineString","coordinates":[[59.64517,36.25503],[59.64734,36.25736],[59.64785,36.25794]]}},{"type":"Feature","properties":{"minzoom":12},"geometry":{"type":"LineString","coordinates":[[59.68484,36.45096],[59.68464,36.45041],[59.68462,36.44964]]}},{"type":"Feature","properties":{"minzoom":12},"geometry":{"type":"LineString","coordinates":[[59.14933,36.36147],[59.14902,36.36155],[59.14888,36.3625],[59.14897,36.36408],[59.14888,36.36583],[59.14903,36.3682],[59.14937,36.37056],[59.15007,36.37244],[59.15011,36.3742]]}},{"type":"Feature","properties":{"minzoom":12},"geometry":{"type":"LineString","coordinates":[[59.15455,36.39791],[59.15545,36.3988]]}},{"type":"Feature","properties":{"name":"طرق","minzoom":12},"geometry":{"type":"LineString","coordinates":[[59.30725,36.16013],[59.30821,36.15981],[59.31051,36.15867],[59.31398,36.1579],[59.31734,36.15727],[59.31913,36.15658],[59.32215,36.15599],[59.32546,36.15512],[59.32589,36.15519],[59.32633,36.15541],[59.32749,36.15528],[59.32787,36.15472],[59.33009,36.15375],[59.33185,36.15319],[59.33234,36.15324],[59.33329,36.15355],[59.33375,36.15361],[59.33441,36.15389],[59.3361,36.15405],[59.33736,36.15403],[59.33899,36.15477],[59.33942,36.15523],[59.34008,36.15619],[59.34116,36.15713],[59.3408,36.1578],[59.341,36.15821],[59.34084,36.15904],[59.34095,36.15995],[59.34072,36.16073],[59.34062,36.16118],[59.34082,36.16208],[59.34089,36.16307],[59.34129,36.16368],[59.34174,36.16432],[59.34235,36.1663],[59.34285,36.16873],[59.34305,36.16986],[59.34413,36.17005],[59.34439,36.17032],[59.34412,36.17116],[59.34401,36.17158],[59.34402,36.17172],[59.34428,36.17181],[59.34483,36.1719]]}},{"type":"Feature","properties":{"minzoom":12},"geometry":{"type":"LineString","coordinates":[[59.45934,36.16146],[59.46243,36.16307],[59.46385,36.16351],[59.46445,36.16382],[59.46582,36.16404],[59.46638,36.16427],[59.46728,36.16484],[59.46745,36.16526],[59.46683,36.1664],[59.4673,36.1668],[59.47067,36.16787],[59.4711,36.16869],[59.47174,36.16881],[59.4723,36.16998],[59.47241,36.17115],[59.47288,36.17224],[59.47243,36.17265],[59.47335,36.17279],[59.47365,36.1734],[59.47389,36.17392],[59.47465,36.17463]]}},{"type":"Feature","properties":{"minzoom":12},"geometry":{"type":"LineString","coordinates":[[59.20474,36.44445],[59.2068,36.44446],[59.20896,36.44437],[59.21054,36.44447],[59.21172,36.44427],[59.21283,36.44409]]}},{"type":"Feature","properties":{"minzoom":12},"geometry":{"type":"LineString","coordinates":[[59.2046,36.44445],[59.20474,36.44445]]}}]}