85	آب معدنی
49	دوغ
49	فانتا
35	زیرو
30	چیکن پستو
26	اسپرایت
25	سیروپ کارامل
24	عسل
24	سپرایت
23	آیس چاکلت
22	دلستر لیمو
22	چوریتسو برگر
21	دلستر استوایی
21	آب معدنی کوچک
21	کوکا
20	سیروپ نارگیل
20	دوغ قوطی
20	آب پرتقال
19	دلستر هلو
19	سیروپ وانیل
19	نوشابه قوطی
18	پاستا چیکن پستو
17	سیر و استیک
17	کوکاکولا
16	سیروپ
16	سیروپ فندق
16	تارت اسنیکرز
16	وانیل
16	شیک انبه
15	دلستر
15	نوتلا
15	کاراملایز برگر
14	آفرینش
14	سس قارچ
13	لوتوس
13	زیتون شور
13	کیک روز
13	صبحانه سرد
13	پیاز سوخاری
13	چای مراکشی
13	وایت چاکلت
12	ماست ساده
12	صبحانه ایرانی
12	اب معدنی
12	شکلات
12	پرتقال
12	شیک اورئو
12	نوشابه خانواده
11	سیروپ دارچین
11	بیکن
11	پپسی
11	نوشابه
11	انرژی زا
11	سالاد کلم
11	سوپ شیر
11	شیر انبه
11	شیک پسته
11	دژاوو
11	هلو
11	آب طالبی
10	کلدبرو
10	ایتالین چاکلت
10	آب
10	ماچا نارگیل
10	چیکن باربیکیو
10	سوسیس تخم مرغ
10	چیکن استراگانف
10	تارت پسته
10	اورنج کافی
10	کارامل
10	هویج گردو
10	شیر نارگیل
10	آدامس دارچین
10	لاو
10	دوغ خانواده
9	پولد بیف
9	چای دارچین
9	فانتا قوطی
9	رویال
9	راز شب
9	پاریس برست
9	سوپ روز
9	چلو گوشت
9	نوشابه زیرو
9	شیک قهوه
9	پیتزا سبزیجات
9	انگلیسی
9	آب گازدار
9	حمص
9	کلد برو
9	تونیک
9	هندوانه
9	فیله استریپس
9	اسنیکرز
9	رول نیویورکی
9	آدامس نعنا
9	بلوبری
9	فیله سوخاری
9	آجیل
8	سوپ
8	پینات
8	پاییز طلایی
8	شیک کره بادام زمینی
8	سالاد یونانی
8	سبزیجات
8	پای سیب
8	ماچا
8	لیمو
8	چیلی برگر
8	میراندا
8	ترامیسو
8	خیارشور
8	دلستر قوطی
8	پیتزا چیکن
8	پپسی مکس
8	ترشی سیر
8	کوکا کولا
8	دارچین
8	پرتقال نعنا
8	شراب هندوانه
8	سیب یخ
8	دوغ آبعلی
8	استیک چیکن
8	پاستیل
8	نارگیل
7	کشک بادمجان
7	فیله استیک
7	استیک مینیون
7	خیار سکنجبین
7	بشقاب انگلیسی
7	خامه
7	پیشنهاد بارتندر
7	کیک اسنیکرز
7	سیروپ فندوق
7	سیروپ آیریش
7	پن سوئیسی
7	زینگر برگر
7	گرین منتا
7	سیر ترشی
7	کوکا زیرو
7	چلو ساده
7	استیک میکس
7	پاستا بیف
7	پیتزا سیر و استیک
7	نوستالژی
7	گوجه کبابی
7	دو سیب
7	انار
7	کوکا قوطی
7	نبات
7	شیرموز
7	فرانسه
7	دوسیب
7	نوشابه فانتا
7	مسکو
7	پینک چاکلت
7	ماچا توت فرنگی
7	آب سیب
6	مارگریتا
6	سپرایت قوطی
6	آرامش
6	لمون میکس
6	بوفالو وینگز
6	رگولار
6	بستنی
6	پن سوئیس
6	یونانی
6	سس اضافه
6	زیتون
6	پیتزا بیکن
6	سس سیر
6	پیتزا مخصوص
6	زینگر
6	ترشی لیته
6	پیتزا گوشت و قارچ
6	شیک موز
6	خاچاپوری
6	آب هویج
6	نعنا مراکشی
6	میکس برگر
6	سون اپ
6	شیر کاکائو
6	شب عاشقی
6	لبخند طلایی
6	بیف استراگانف
6	رویال برگر
6	بادام زمینی
6	اورئو
6	دبل چاکلت
6	شیک تیرامیسو
6	شهنوش
6	آویشن
6	هالوپینو برگر
6	چلو پاچین
6	چلو خورشت قیمه
6	شیرکاکائو
6	آب پرتقال طبیعی
6	دبل برگر
6	ماچا لته
6	آدامس
6	آلو یخ
6	لیدی کیلر
6	نوشابه قوطی پپسی
6	نوشابه قوطی سون آپ
6	ماست خیار
6	آب هندوانه
6	دیس میوه
6	هندوانه یخ
6	پاستا چیکن
6	استانبول
6	شیک بری
6	کروسان شکلاتی
5	فرایز
5	فرزیه
5	شه نوش
5	نوشابه پپسی
5	اورنج ماچا
5	سالاد بیف
5	آیس لته
5	چلو ماهیچه
5	اسپشیال برگر
5	سون آپ
5	چیکن فرایز
5	سیروپ توت فرنگی
5	پرشین
5	کرم کارامل
5	پلیت انگلیسی
5	کباب تابه ای
5	کوکاکولا زیرو
5	چای
5	بلک فارست
5	ایس چاکلت
5	آیس لته نارگیل
5	کیک سیب دارچین
5	بلک بری
5	چیکن گریل
5	وجترین
5	نوشابه قوطی زیرو
5	نوشابه قوطی فانتا
5	آب پرتغال
5	مارگاریتا
5	سالاد میگو
5	پاستا سبزیجات
5	توت فرنگی
5	نسکافه
5	کوفته تبریزی
5	میرزا قاسمی
5	برنج تک
5	دیزاین تولد
5	قهوه
5	زعفران
5	میگو سوخاری
5	آیس تونیک
5	پیتزا چوریتسو
5	بیف استیک
5	آلبالو
5	لیمو نعنا
5	دارچین یخ
5	سیب تنوری
5	دلستر قوطی هلو
5	بندری
5	سالاد سبز
5	آیس اسپرولینا
5	مراکشی
5	آیس امریکن
5	ساندویچ چیکن پستو
5	خاچاپوری بیکن
5	چیکن استراگانوف
5	میکس بری
5	شیر شکلات
5	شیک نسکافه
5	رویال جاسمین
5	بیسکوئیت
5	دوسیب آلبالو
5	پرتقال خامه
5	نعنا
5	بسته بندی
5	آلوچه
5	لمون گرس
5	چری بری
5	شیر موز
5	فندوق
4	اسمش برگر
4	سرویس ویژه
4	یاقوت
4	کریسمس
4	شات شیر
4	نوشابه سون آپ
4	تارت پسته بری
4	آبدوغ خیار
4	شاک شوکا
4	لته
4	بشقاب ایرانی
4	بشقاب سبزیجات
4	شیر بدون لاکتوز
4	ماشروم فرایز
4	فلفل هالوپینو
4	قارچ و پنیر
4	اوشن
4	شیشلیک
4	سس باربیکیو
4	موچی
4	بیف استراگانوف
4	هی جو استوایی
4	هی جو هلو
4	سان ست
4	اگ بندیکت
4	میکس استیک
4	دلستر مالت
4	نان
4	گوشت و قارچ
4	اب گازدار
4	چوریتسو
4	هالومی برگر
4	بختیاری
4	هات ساده
4	هات مغزدار
4	نوشابه کوکا
4	ماچاگاتو
4	پرتغال
4	بیکن خامه
4	هات رویال
4	بشقاب داغ مخلوط
4	بشقاب داغ چیکن
4	سالاد ماکارونی
4	نوشابه قوطی کوکا
4	سرویس چای
4	شیر پسته
4	کلور
4	پنیر برشته
4	نات چاکلت
4	ماست چکیده
4	ورودی
4	چلو خورش قیمه
4	مکزیکی
4	هاوایی
4	کافه گلاسه
4	چای هل
4	چلو شیشلیک
4	سیگنیچر
4	سالاد فتوش
4	شیر نسکافه
4	دو سیب آلبالو
4	دلستر قوطی لیمو
4	نوشابه خانواده پپسی
4	چلو لقمه
4	چیپس
4	موس شکلات
4	آب معدنی بزرگ
4	دوغ قوطی خوشگوار
4	ژامبون گوشت
4	ژامبون مرغ
4	کتلت
4	کوکو سبزی
4	رول بوقلمون اسفناج
4	کوکا زیرو قوطی
4	سالاد الویه
4	پیتزا مخلوط
4	ساندویچ پولد بیف
4	دلستر خانواده
4	ماست بادمجان
4	پک چاقو دستمال vip
4	هات پینات
4	مخصوص
4	شیک موز شکلات
4	شیک پینات
4	چای ساده
4	شیک کوکی
4	آب دوغ خیار
4	پاستا بلونز
4	پن سوییس
4	پیتزا استیک
4	کویین بری
4	پاچین
4	شیخ مانی
4	کیک دبل چاکلت
4	آب معدنی خانواده
4	چای باقلوا
4	انبه
4	قهوه یونانی
4	فلفل کبابی
4	ماچا پسته
4	اوتمیل
4	دل شکاری
4	قلوه شکاری
4	استوایی
4	نوشابه قوطی میرندا
4	چای و باقلوا دو نفره
4	شیک کارامل
4	کره بادام زمینی
4	شیرنارگیل
4	آب انار
4	دتاکس
4	سیب دارچین
4	چیکن
4	آلاچیق
3	بیف تریاکی
3	رول بادمجان
3	فرایز بیکن
3	کته استیک
3	سیر استیک
3	تاکو بیف
3	تاکو چیکن
3	پیتزا چیکن باربیکیو
3	لم چاپس
3	شیشلیک مخصوص
3	نوشابه میراندا
3	سالاد گاردن
3	فونگی برگر
3	آفاگاتو
3	آیس تی
3	کیک تولد
3	پرو شیک
3	اوت میل
3	گرین مثلثی
3	مکزیکی مثلثی
3	سیسیل مثلثی
3	بارتا مثلثی
3	پوتنزا مثلثی
3	بلونیا مثلثی
3	سیگنال مثلثی
3	رم مثلثی
3	پالرمو مثلثی
3	اسمال پک
3	مدیوم پک
3	لارج پک
3	اسپشیال پک
3	سیگنال برگر
3	دیپ چیز فرایز
3	سالاد شف
3	دیپ چیز
3	مکس
3	کلد برو کلاسیک
3	پیتزا سیر استیک
3	سالاد گرین
3	زبان گوساله
3	چیکن وینگز
3	نوشابه میرندا
3	چوریستو برگر
3	هی جو لیمو
3	سالاد کاردینال
3	ژله
3	چیکن کریسپی
3	پیتزا مارگریتا
3	کیک
3	دلستر سیب
3	پاستا گوشت
3	سوپ قارچ
3	چیز فرایز
3	دیپ چدار
3	چای هلو
3	آیس کارامل
3	شیشلیک مخصوص شاندیز
3	هات مخصوص شوگر
3	هات اسنیکرز
3	نیترو کلدبرو
3	اورجینال کلد برو
3	شیر زیرو
3	پیتزا چهار فصل
3	بیسکو کرم
3	سان رایز
3	آناهیتا
3	ارغوان
3	بیکن چوریتسو
3	چای عراقی
3	فوکا بیکن
3	هات بست
3	هات چیلی
3	بشقاب داغ قارچ و پنیر
3	نوشابه سپرایت قوطی
3	کاپ کیک
3	دارک چاکلت
3	پولو
3	انرژی پلاس
3	شیرموز مخصوص
3	بشقاب داغ
3	کیک ترامیسو
3	کوردن بلو
3	توپک پنیری
3	کباب بختیاری
3	گوشت
3	ماهیچه
3	ته دیگ
3	دوغ لیوانی
3	چلو خورش قرمه سبزی
3	نه پا
3	کالیفرنیا
3	میلان
3	ورمانت
3	فیلادلفیا
3	سانفرانسیسکو
3	دالاس
3	روما
3	سوپریم
3	پالرمو
3	دیترویت
3	اریزونا
3	ورمانت پاین اپل
3	شیر توت فرنگی
3	شکلات موز
3	فندق
3	شیک ماچا
3	چلو خورشت قرمه سبزی
3	خوراک پاچین
3	قیمه تک
3	مرغ سرخ شده تک
3	لقمه تک
3	بختیاری تک
3	استیک لم چاپس
3	V 60
3	کیک بلک فارست
3	بال کبابی
3	اعجاز بهار
3	پولدبیف
3	کلاسیک
3	بشقاب داغ مخصوص
3	شراب
3	هندوانه نعنا
3	شیر کاپو
3	پاستا پومودورو
3	اسکندرکباب
3	بشقاب چیکن
3	بشقاب ژامبون
3	نوشابه قوطی میراندا
3	دلستر قوطی استوایی
3	نوشابه خانواده سون آپ
3	ترشی آب گوجه
3	برانی
3	چلو برگ مخصوص
3	جگر مخصوص
3	چنجه مخصوص
3	رولت گوشت مخصوص
3	چلو قرمه سبزی
3	گوجه
3	چای دو نفره
3	نوشابه پت
3	شربت سکنجبین
3	کیک لوتوس
3	شیک شاه توت
3	چاکلت توییست
3	ران بوقلمون
3	لیونر
3	فیله مرغ
3	فانتا خانواده
3	کوکا خانواده
3	میت بال
3	بستنی شکلاتی
3	بستنی میوه ای
3	بلو اسکای
3	جوهرالملوک
3	چوریتسو بیکن
3	گرین پارادایس
3	نوشابه قوطی مشکی
3	دوغ کوچک
3	دستمال VIP
3	لموناد
3	ناتی چاکلت
3	شیک پینات باتر
3	بیکن پیاز
3	موز شکلات
3	بلو اوشن
3	بهارنارنج
3	هالو برگر
3	شوکو پینات
3	کرانچو
3	چیکن پرو
3	رپ پستو
3	بیف پرو
3	رپ میت
3	مرغ و ریحون
3	ساکارو
3	سه تیکه کنتاکی
3	بشقاب میکس یک نفره
3	جوکر
3	ماکارونی
3	کوکو چاکلت
3	شیک نارگیل
3	نوشابه کوکاکولا
3	سیروپ زعفران
3	رد بری
3	خاچاپوری کلاسیک
3	اپل پارادایس
3	انگور
3	بلو هاوایی
3	برنج ساده
3	جویس پرتقال
3	سیروپ عسل
3	گلاب زعفران
3	اسپرولینا نارگیل
3	سون آپ قوطی
3	خوراک مرغ سرخ شده
3	ترنج
3	سیروپ شکلات
3	میلانو
3	پنیر کبابی
3	قارچ کبابی
3	ماست خیار مخصوص
3	ماچا طالبی
3	ایران بانو
3	بال زعفرانی
3	پاچین زعفرانی
3	جگر
3	دنبه
3	آب آشامیدنی
3	پینات چاکلت
3	چای هل و دارچین
3	شیک کلاسیک
3	آیس رومانو
3	هویج
3	چای ایرانی
3	نوشابه اسپرایت
3	شیک پروتئین
3	نوشابه مشکی
3	پرتغال نعنا
3	طالبی
3	دبی چاکلت
3	شیک ارده
3	چای دودی
3	پپسی قوطی
3	کیک خیس شکلاتی
3	بیسکوییت
3	تعویض طعم
3	گادفادر
3	سرویس چای اضافه
3	وزن 12 کیلو گرمی
3	وزن 12.5 کیلو گرمی
3	وزن 13 کیلو گرمی
2	گرین
2	راک شریمپ
2	کورن ریبز
2	چیکن چیلی
2	چیکن تاکو
2	بیف تاکو
2	بری برگر
2	امریکن برگر
2	چیکن اسفناج
2	گرین چیکن
2	پیتزا سوسیس
2	پیتزا پنیر
2	پیتزا فونگی
2	کرم بروله
2	سرویس ویژه با پک
2	تست بریوش
2	خاچاپوری اسفناج
2	خاچاپوری مرغ و اسفناج
2	هلثی
2	خامه بیکن
2	کرم قارچ
2	مارگریتا پستو
2	بوریتو
2	کوکاکولا قوطی
2	زیرو قوطی
2	پلیت فرانسوی
2	هلسی پلیت
2	مرغ ترش شمالی
2	چای اسپشیال
2	فتوچینی چیکن پستو
2	تاپینگ خامه
2	مهر
2	نور
2	ماچا بری
2	چاکلت بادام زمینی
2	شیک بلک بری
2	کوکونات
2	سیندرلا
2	وایکینگ
2	کیک ۳ شیر
2	حُمص
2	بورک اسفناج
2	خوراک زبان
2	سرویس VIP
2	کباب شاه عباسی
2	میگو کبابی
2	شینسل مرغ
2	سیب با سس قارچ
2	بوقلمون
2	چیکن پارمزان
2	ایس لته نارگیل
2	تایگر
2	اب پرتقال
2	نوتلا فندق
2	وانیلا
2	موس کیک
2	اگ تارت
2	دونات شکلاتی
2	فوکاچا چیکن پستو
2	نوتلا تی
2	اوتمیل رژیمی
2	ماچا گاتو
2	کروک مادام
2	اسنک بیکن
2	پیتزا پولدبیف
2	آب معدنی متوسط
2	استویا
2	گرین گاردن
2	سیسیل 35 سانتی
2	بلونیا 35 سانتی
2	سیگنال 35 سانتی
2	پیزا 35 سانتی
2	پیزا مثلثی
2	پالرمو35سانتی
2	لاتینا آمریکایی دو نفره
2	سیگنال آمریکایی دو نفره
2	سیگنال آمریکایی تک نفره
2	لاتینا آمریکایی تک نفره
2	رم آمریکایی دو نفره
2	رم آمریکایی تک نفره
2	پنه سیگنال
2	اسلایدر وجترین
2	اسلایدر مکزیکی
2	اسلایدر سیگنال
2	اسلایدر بیف
2	اسلایدر بیف فرایز
2	اسلایدر بیف بیکن
2	سالاد سیگنال
2	ماالشعیر لیمو
2	ماالشعیر استوایی
2	آیس اورنج کافی
2	هات کوکو ماچا
2	آیس کوکو ماچا
2	آیس پینات چاکلت
2	فارست
2	ساحل
2	انگلیش مافین
2	پلیت هلثی
2	ماست
2	کره حیوانی
2	بیکن بوقلمون
2	فیله گوساله
2	سینه مرغ گریل
2	هالوپینو
2	پیاز کاراملی
2	سیروپ پسته
2	دوغ محلی
2	آمازون
2	درینک 1
2	درینک 2
2	درینک 3
2	بیکن پوتیتو
2	دیپ فرایز
2	گرین سالاد
2	پیتزا چانو
2	پاپ کرن
2	لم استیک
2	هی جو کلاسیک
2	سالاد ماکارانی
2	ترشی گوجه
2	پیتزا پولد بیف
2	نوشابه شیشه ای
2	شیرنسکافه
2	چای هل زعفران
2	وایت کوکو
2	چلو ماهیچه ممتاز
2	چلو گوشت گردن ممتاز
2	بشقاب مزه
2	چیکن تای
2	نودل سبزیجات
2	مینت بری
2	فریزیه
2	هل و دارچین
2	هات وینگز
2	بلال
2	چیکن تندوری
2	فانتا پرتقالی
2	بشقاب میکس
2	مرغ
2	استیک
2	پستو
2	چهار فصل
2	گوشت و پیاز
2	اِگ بندیکت
2	اُپرا
2	بیکن پستو
2	پیتزا میلانو
2	پیتزا کلاسیک
2	پیتزا سیسیلی
2	چیکن رایس
2	شریمپ رایس
2	شیشلیک دو نفره {550 گرم }
2	فیله کباب مخصوص شاندیز
2	ماهیچه مخصوص شاندیز
2	ماء الشعیر طبیعی لیوانی (کلاسیک و لیمو نعناع )
2	پلیت یونانی
2	منگو ماچا
2	کوکو ماچا
2	کلدبرو شیر نارگیل
2	گلدن وانیلا
2	شیر غیر لبنی
2	چاکلت بار
2	دیس مزه
2	پنه چیکن پستو
2	سرویس کیک
2	سالاد میوه
2	پن سویسی
2	پیتزا بیکن چوریتسو
2	پیتزا سیر واستیک
2	اسکرمبل
2	منگو
2	ماچا تروپیکال
2	پینات باتر
2	کارامل کرانچ
2	کیت کت
2	کته کباب دیگی
2	کته استیک چیکن
2	ترشی
2	بیف سالاد
2	چای و باقلوا
2	کته کباب تابه ای
2	کراکف بیکن
2	پاسترامی بیکن
2	چوریزو میت بال
2	پیتزا بیف استیک
2	مکث برگر
2	گرم ویژه آفتابگردان
2	چیکن هالوپینو
2	چیکن اسپشیال
2	وجی لایف
2	سرد ویژه آفتابگردان
2	چیکن اسپشیال پرسی
2	فیله استریپس 5 تکه
2	بشقاب مخصوص
2	سالاد ویژه آفتابگردان
2	سیلور میوه
2	سالیوان
2	پلو
2	فتو چینی بلونز
2	پستو برگر
2	شیر موز توت فرنگی
2	شیر بادام
2	پیاز حلقه ای سوخاری
2	همبرگر گوشت
2	ساندویچ شاورما
2	فیزی لایم
2	آبمیوه روز
2	پیتزا کراکف
2	تارت میوه ای
2	دراگون
2	پلیت رژیمی
2	سبز
2	گوشت گردن ( 600 گرم )
2	عدسی
2	خوراک لوبیا
2	خامه عسل
2	خامه مربا
2	ماست و بادمجان
2	سبزی خوردن
2	اب معدنی کوچک
2	اب معدنی بزرگ
2	نان داغ
2	چیپس و پنیر
2	نوشابه فانتا قوطی
2	نوشابه اسپرایت قوطی
2	نوشابه زیرو قوطی
2	دلستر استوایی قوطی
2	دلستر هلو قوطی
2	دنده برگر
2	پیتزا اسپشیال
2	پیتزا بیکن و پیاز
2	میکس 1
2	میکس 2
2	ورمانت پلاس
2	توکیو
2	مونتانا
2	سیب سبز
2	شاه توت
2	پرتقال توت فرنگی
2	شیر موز عسل
2	شیر نارگیل عسل
2	پسته
2	آیس رگولار
2	تست بیکن
2	سینی ایرانی
2	آش رشته
2	پک افطار
2	باقالی پلو
2	دیزاین سالگرد ازدواج
2	ترس لچس
2	پروجا
2	دوغ بدون گاز
2	فصل عاشقی
2	ماداگاسکار
2	چلو بختیاری
2	چلو سلطانی
2	چلو وزیری
2	خوراک بال کبابی
2	کباب برگ
2	پاچین کبابی
2	ماست موسیر
2	سبزی
2	کلدبرو کوکوآچری
2	کلدبرو کافی کولا
2	کلدبرو گازدار
2	شیر کارامل
2	کارامل فندق
2	کوبالیبره
2	آیریش
2	هویچ گردو
2	چاکلت تویست
2	تارت
2	دالگونا
2	کینگ برگر
2	ترشی مخلوط
2	ساندویچ فیلادلفیا
2	قوطی فانتا
2	قوطی پپسی
2	نان اضافه
2	بیانکا
2	سالاد بوچینی
2	اسپرایت‌
2	اب کوچیک
2	کارنه
2	یولو
2	اوستریا
2	ایس لته ماچا
2	بیکن کابوی
2	دنیش بادام درختی
2	شیر بیسکویت
2	سیب تنوری ویژه
2	سالاد ویژه ( رژیمی )
2	پاستا پومودورو اسپایسی
2	نوشابه قوطی پپسی مکس
2	دلستر قوطی کلاسیک
2	نوشابه خانواده میراندا
2	نوشابه خانواده پپسی مکس
2	دلستر خانواده لیمو
2	دلستر خانواده هلو
2	دلستر خانواده استوایی
2	نوشابه بطری پپسی
2	نوشابه بطری میراندا
2	نوشابه بطری لیمویی
2	استانبولی
2	عدس پلو
2	میکس سبزیجات
2	ترشی بادمجان
2	چلو ماهی کبابی
2	ماهی کبابی
2	دل مخصوص
2	قلوه مخصوص
2	سبزی ریحون
2	اسپرایت قوطی
2	چلو قیمه
2	چلو خورشت کرفس
2	برگ مخصوص تک
2	سس تک نفره
2	تخم مرغ
2	شله زرد
2	شربت زعفران
2	بیکن فرایز
2	پنه پستو
2	بیف برگر
2	کیک بادام لیمو
2	مگنو بروانی
2	شکر
2	سینه بوقلمون با ریحان سورن ۲۰۰ گرمی
2	آسیل گلدن میت پرومیت
2	میکس پارتی لوتینو
2	لیونر کلاسیک
2	ترکی هام
2	سوجوق لوتینو
2	بیکن بره
2	چیاباتا
2	مرغ و شوید
2	الویه
2	کرپ رول سوخاری
2	مرغ پول بیبر
2	کوکا شیشه ای
2	فانتا شیشه ای
2	سپرایت شیشه ای
2	دوغ مخصوص آس
2	آب معدنی ۵۰۰ cc
2	سپرایت خانواده
2	انرژی زا نایت کینگ
2	جنسینگ اورجینال کره ای
2	نان بولکی ۴ عددی
2	نان چیپسی
2	مینی پیتزا
2	چیکن استرگانف
2	سمبوسه اسفناج سوخاری
2	دیپ میکس
2	شنیسل مرغ پخته شده
2	حمص با دورچین سبزیجات
2	سس ساندویچ
2	سس خردل
2	سس خردل دست ساز
2	سالاد مرغ و بادام
2	سالاد پیازچه
2	دوغ خوشگوار
2	پیتزا بوقلمون
2	ساندویچ گوشت
2	شیک میوه ای
2	شیک استوایی
2	میدنایت
2	فیروزه
2	نیویورکی
2	کیک گردو
2	لیلی
2	قیساوا
2	بشقاب زبان
2	تیفانی
2	پاستا پانا
2	استیک فیله گوساله
2	دوغ تکنفره
2	چای دمی
2	آویشن لیمو عسل
2	خوراک
2	نوشابه بطری سپرایت
2	ماست اسفناج
2	دیس میوه فصل
2	بری
2	دنیش بادام
2	گاتا گردویی
2	شربت راز
2	پرشین رد
2	سیب
2	رواندا / گیتوکی
2	فلورانس
2	اردیبهشت
2	نسترن
2	شیک چاکلت بری
2	ماکتیل بلونایت
2	ماکتیل تیارا
2	میوه های قرمز
2	کوکا بطری
2	سس سیر مخصوص
2	چاکلت توئیست
2	لوتو چینو
2	اب
2	ایریش
2	چای زنجبیل
2	خرما تخم مرغ
2	سس چیلی تای
2	پاییز
2	چای دونفره
2	اسپیس
2	بلونایت
2	استراچاکلت
2	لاوندر دریم
2	کوئین بری
2	شوکوبری
2	کته قزل
2	دانژه پیتزا
2	پپر ( تند )
2	بشقاب میکس 🤵🤵
2	چاکلت فندق
2	شنیسل مرغ
2	سالاد يونانی
2	سبزيجات
2	پیتزا مرغ پستو
2	شنيسل مرغ
2	پاستا کاپلینی
2	سوییت رز
2	گرین جینجر
2	شبهای استانبول
2	نعنا یخ
2	شبهای مسکو
2	آیس اورنج ماچا
2	آیس کوکا ماچا
2	آیس استرابری ماچا
2	وایت ماچا
2	پیتزا بلونز
2	کره عسل
2	پنیر
2	چلو خورشت قورمه سبزی
2	استانبولی(غذای روز)
2	تاکو
2	پنینی چیکن
2	نوشابه قوطی کوکاکولا
2	نوشابه قوطی کوکاکولا زیرو
2	نوشابه قوطی سپرایت
2	دلستر قوطی مالت
2	برگر کاراملی
2	ذغالی برگر
2	میوه استوایی
2	کالیتا
2	سایفون
2	میوه فصل
2	ساسیج
2	لمب چاپس
2	شراب یخ
2	استرابری کیس
2	برلین
2	رد دراگون
2	شیک پرشین
2	سرویس کامل
2	گاد فادر
2	سس دیپ چدار
2	گرین35سانتی
2	مکزیکی 35سانتی
2	پوتنزا35سانتی
2	رم 35سانتی
2	چیکن فرایزبرگر
2	ماالشعیر کلاسیک قوطی
2	ماالشعیر لیمو قوطی
2	ماالشعیر هلو قوطی
2	ماالشعیر استوایی قوطی
2	ماالشعیر سیب قوطی
2	نوشابه قوطی کوکا کولا
2	نوشابه قوطی اسپرایت
2	چلو ماهی سرخ شده
2	خوراک گوشت سرخ شده
2	خوراک کباب وزیری
2	ترشی بندری
2	تارت روز
2	سوسیس تخم‌مرغ
2	شیک نوستالژی
2	بستنی اسکوپی
2	پینک رز
2	لمون گرس جینجر
2	بلو مونتین
2	سیب مخصوص
2	چلو برگ ممتاز
2	بال
2	خوراک مرغ
2	جویس آناناس
2	سیروپ لوندر
2	بهار نارنج
2	مارشمالو چاکلت
2	آیس لته کارامل
2	آیس اسپرولینا نارگیل
2	نون سیر
2	تخمه
2	سرویس اضافه
2	سینی اعیونی
2	دوغ سنتی
2	مرغ گریل
2	چیکن پستو چاباتا
2	اب کوچک
2	کیک هویچ گردو
2	آفرينش
2	سالاد چیکن کینوا
2	چیکن پارمژان
2	دیپ پنیر
2	چلو ماهی قزل آلا سرخ شده
2	اسکرامبل
2	اوریگامی
2	پنینی مرغ
2	سس کچاپ
2	بشقاب پروتئین
2	بشقاب هلثی
2	ساندویچ ژامبون
2	گرین وایب
2	شیک بیسکوییت
2	چنجه بره
2	بال مکزیکی
2	پاچین مکزیکی
2	خیار شور
2	ترشی کلم
2	سالاد پروتئین
2	شیک نوتلا
2	فوکاچا
2	لیدی کلیر
2	دلستر شیشه
2	میکس مخصوص
2	میکسولوژی
2	شیرموز بستنی
2	بستنی ساده
2	آب هویچ
2	نسکافه گولد
2	واترملون
2	سالاد حمص
2	سالاد تبوله
2	ماءالشعیر قوطی ساده هی جو
2	شیر نوتلا
2	شیک میکس بری
2	شیک شاتوت
2	بانتی
2	کرم بیسکوئیت
2	پریتزل کارامل
2	شیک زعفران
2	بیسکوچاکلت
2	سورل
2	چاکلت پرو
2	براوونی
2	پینکی
2	آیس چاکلت توت فرنگی
2	کیک سیب
2	شیک کیت کت
2	راما
2	رژیمی
2	هویج بستنی
2	جانان
2	رویا
2	چایکار
2	پینات کارامل
2	کلد برو پرشین
2	هایتی
2	سرویس تولد
2	هزینه استفاده از فضا بدون سفارش برای هر نفر
2	اسپشیال فرایز
2	چیکن گارلیک
2	سس کارامل
2	نعناع مراکشی
2	سن سپاستین
2	خوراک مرغ ربی
2	چای لاهیجان
2	اسپرایت بطری
2	فانتا بطری
2	افرینش
2	اسکارلت
2	داینامایت شریمپ
2	چای تک نفره
2	زرنوش
2	کیک ردولوت
2	چلو خورشت قیمه بادمجان
2	چاکلت پاپس
2	شیک طالبی
2	شات سس
2	عکاسی
2	سینی مزه
2	گل آرایی
2	شمع
2	سینی میوه
2	انواع سیروپ
2	کیک سیب کارامل
2	جار کیک
2	چلو گوشت بوقلمون
2	قهوه فرانسه
2	دوغ بطری
2	نوشابه بطری
2	شیرخرما
2	شیرموز خرما
2	آب اناناس
2	سس شکلات
2	ماءالشعیر قوطی
2	شیر زعفران پسته
2	ویولت
2	سیرو استیک
2	سیب چیکن
2	سیب بیکن
2	تارت تافی قهوه
2	تارت انبه
2	زیر دسری
2	گاتا
2	هلسی
2	خلیج فارس
2	پرتغال خامه
2	تعویض سری
2	سالاد مرغ و گردو
2	اپل ترن اور
2	تارت لیمو
2	رد
2	گریل چیکن
2	شیک اسنیکرز
2	پارادایس
2	متبل
2	چیکن ماشروم
2	هات ماچا
2	پروشیک شاتوت
2	شیک موز و شکلات
2	تارت شکلات
2	پیتزا مخصوص ابرش
2	ساندویچ بندری
2	سبزی پلو
2	لیمو زنجبیل
2	چاکلت فندوق
2	مانگو استایل
2	آب هندوانه طبیعی
2	اسکوپ بستنی
2	بلوفیزی
2	گرین آیلند
2	سرویس چای سه نفره
2	خوراک لقمه
2	بابونه
2	بیف ماشروم
2	تی بن استیک
2	رومئو
2	آیس امریکنو
2	کوکی
2	دل
2	قلوه
2	چلو ایرانی
2	موس قهوه
2	توپک فیتنس
2	ایسلند پارادایس
2	سرویس کامل 2 نفره
2	شیک میوه
2	چیلی
2	سه لیک مخصوص
2	رولت بلغاری مخصوص
2	رولت پنیری
2	خان کباب مخصوص
2	رولت فرانسوی مخصوص
2	موس بری
2	سوپ سبزیجات
2	سالاد زیتون
2	خوراک برگ گوسفندی
2	سالاد روسی
2	چاباتا بیف
2	چاباتا چیکن
2	چلوشیشلیک
2	ریحون دونفره
2	تخمه کلاله و کانادایی
2	دل آرام
2	پاستا کرم چیز
2	ساندویچ مرغ گریل زعفرانی
2	نوشابه کوچک
2	چیکن بیکن
2	فتوچینی پستو
2	میکس
2	بیف
2	مسجد الزهرا
2	مسجد امام حسن
2	مسجد امام علی
2	مسجد المهدی
2	مسجد المنتظر
2	چای تخصصی ۱۰۰۰
2	پنینی گوشت
2	شکلاتی
2	موز نوتلا
2	چیکن کلاسیک
2	چیکن اسپایسی
2	سالامی کلاسیک
2	سالامی اسپایسی
2	وزن 10 کیلوگرمی
2	وزن 10.5 کیلوگرمی
2	وزن 11 کیلوگرمی
2	وزن 11.5 کیلو گرمی
2	شیر بیسکوئیت
2	چای ماچا
2	تونیک عربیکا
2	تونیک ربوستا
2	دیپ فرنچ
2	نودل مرغ
2	بوقلمون اسفناج
2	دابل برگر
2	لیوان خالی
2	کرم کافی
1	سالاد چیکن آووکادو
1	سالاد ساتای
1	سالاد استرابری
1	سالاد تمبرهندی
1	سالاد چیکن فِرش
1	شریمپ وآسابی
1	پلیت مزه
1	اسپایسی چیکن
1	چیکن لالیپاپ
1	بال اسپایسی
1	چیپس و پیازچه
1	حمص بالحم
1	اسپرینگ رول (رول سبزیجات)
1	دیپ وگاس
1	شریمپ تاکو
1	چیکن پارمسان
1	چیکن تورتیلینی (پاستا با مرغ)
1	بیف پیستاچیو (پاستا گوشت)
1	پولد بیف برگر
1	برگر کریسپی
1	برگر مربا بیکن
1	برگر با کولی توت فرنگی
1	انتروکوت
1	اورنج سلمن
1	بیف کرنبری
1	شرت ریبز
1	اسموکد لم
1	چیکن ترخون
1	پیتزا سلمن
1	گارلیک بیف
1	پولد بیف بیکن
1	پیتزا پوتیتو بیکن
1	پیتزا فیلوبیکن
1	پیتزا مرغ و اسفناج
1	کریزی سالمن
1	کرانچی شریمپ
1	شریمپ رول
1	سالمون آووکادو
1	ماکی رول
1	مجنون ماکی
1	داینامیت فلاور
1	هویج عسلی
1	پیتزا پوتیتو
1	چای سماغ آلبالو عسل
1	ترسلچز
1	آنترومه شکلات پرتقال
1	آنترومه آلبالو
1	اسپیناچ ساسیج
1	فلت کریسپی
1	تست چهار پنیر و زعتر
1	اگ دیگت بریوش
1	خاچاپوری چهار پنیر
1	خاچاپوری سالسیجاتا
1	نان پنیر سبزی
1	گواکومولی اسکرامبل
1	منهَتن
1	پاپارتی
1	پولدبیف بیکن
1	بیف ساسیج
1	وِگان
1	پاستا انیولوتی
1	کاپلتی
1	راويولی
1	چیلی مارگریتا
1	راسته گوساله ترش
1	شنیسل مرغ سرخ شده در کره
1	کرم چیکن
1	تاکو میکس
1	تاکو وج
1	طلوع
1	ویشکا
1	رویای شب
1	آفتاب
1	ترکیش پلیت
1	فولد اگ ژامبون
1	تست آووکادو اسکرامبل اگ
1	کباب تابه ای با دمی گوجه
1	پلو تن
1	امبرلیف
1	اسپرینگ
1	نیاگارا
1	چیلی وایب
1	رابی راش
1	ماچا لته گرم
1	آیس منگو ماچا
1	هانی ماچا
1	آیس گرین کول(گیاهی)
1	بلو کوکو
1	بری تلا
1	ماکادو
1	دریم لند
1	وینتر
1	هیزل
1	پرشین کوئین
1	بری بلوم
1	کوکو ناتی
1	جانگل وی
1	سوئیت سان
1	صامر بــییر
1	لمون پاپا
1	پاپیتو
1	آلبالو شکلات
1	آلبالو ماسکارپونه
1	آنترومه شکلات پرتغال
1	لیمو بادام
1	رول کارامل بادام
1	اکلر پسته
1	کیک کارامل بادام
1	پاستا کرم پارمژان با مرغ
1	برگر صامر
1	راک اند رول 🌶
1	برگر ۳ پیازه
1	پیتزا لیگوریا چانو
1	پیتزا دوپیو فیلتو
1	پیتزا چوریتزو بیکن
1	میتبال ساسیج
1	فوکاچیا چیکن و پستو
1	فوکاچیا چیکن و آووکادو
1	فوکاچیا پولد بیف
1	توت فرنگی انار
1	سیب لیمو عسل
1	پرتقال لیمو عسل
1	افزودنی زعفران
1	برگ سوپر ممتاز
1	ماهیچه مخصوص
1	گوشت گردن مخصوص
1	لقمه مخصوص
1	چلو کره با ته تیگ زعفرانی
1	گوشت لذیذ
1	مرغ ناز
1	فیله ترش
1	دسر زعفران
1	چای سماق و آلبالو + عسل
1	ماه
1	سپید
1	چشمه
1	جیم
1	الف
1	نون
1	گوارای زنجبیل و لیمو
1	گوارای لیمو عسل
1	گوارای نعنا و سکنجبین
1	گوارای لیمو و نعنا
1	نوشابه پپسی مکس
1	شیرماچا
1	طالبی ماچا
1	هات زعفران پسته
1	اسپرولینا بری
1	شیک کرم فندقی
1	شیک میراندا
1	نوشیدنی رنگین کمان
1	ولادِمیر
1	بلادی
1	پیشنهاد بارتِندر
1	نوشیدنی Red wine
1	جویس طبیعی پرتقال
1	بلک تاماری
1	گرین مایند
1	Rest on the beach
1	Happy wine
1	کیک لاوا
1	دارک چاکلت فندقی
1	تارت بادام و گلابی
1	تارت بلک بری
1	کیک توت فرنگی
1	Peanute butter (کیک رژیمی)
1	سالاد بیبی اسفناج
1	سوپ قارچ باهارات
1	سوپ زنجبیل و هویج
1	سوپ گوجه
1	نان فرماژیو سیر
1	سوپ لبو
1	تارتار انار گردو
1	پاستا عربی
1	پلیت مرغ و سبزیجات
1	پلیت میکس
1	استیک مینیون با سس شاه توت
1	فیلو بیکن
1	پیتزا ساسج
1	پیتزا گرین
1	قرمه و تخم مرغ
1	پلیت سرد باهارات
1	پلیت انگلیسی باهارات
1	پولدبیف برگر
1	پیتزا مخصوص ۲ نفره
1	پیتزا مخصوص تک نفره
1	پیتزا مرغ و قارچ (2 نفره)
1	پیتزا مرغ و قارچ (تک نفره)
1	پیتزا کراکف دو نفره
1	پیتزا کراکف تک نفره
1	سوخاری ۳ تیکه
1	سوخاری ۵ تیکه
1	دیس کباب سرآشپز
1	دیس کباب رویال(2 نفره )
1	دیس کباب ملل 2 نفره
1	کباب شیشلیک مخصوص
1	کباب شیشلیک
1	کباب طاووسی مخصوص
1	کباب سلطانی مخصوص
1	کباب برگ مخصوص
1	کباب فیله گوسفندی مخصوص
1	چیلی کباب
1	کباب بختیاری مخصوص
1	کباب بلدرچین
1	قزل آلا کبابی
1	کباب درباری
1	کباب صحرایی
1	کباب یونانی با پنیر
1	کباب گلبرگ
1	شاه میگو مخصوص سرآشپز
1	قزل آلا سرخ شده
1	مرغ لبنانی
1	سالاد بار بدون سفارش غذا ( به ازای هر نفر )
1	سالاد بار به همراه سفارش غذا ( به ازای هر نفر )
1	میز اردور رویال بدون غذا
1	میز اردور رویال با غذا
1	سالاد کاهو با پنیر پارمیزان
1	چلو ماهی قزا آلا
1	سبزی پلو با ماهی قزل آلا
1	باقالی پلو با گوشت
1	باقالی پلو با مرغ
1	چلو خورش روز
1	دلستر ایرانی
1	انگلیش بریک
1	چاباتا ترکی
1	چاباتا بیکن
1	چوریستو بیکن
1	رول مکزیکی
1	اگ بندیکت اووکادو
1	سیب با دیپ چدار
1	شریمپ داینامیک
1	فرایز استریپس
1	سالاد استیک
1	سالاد انتراکت
1	سالاد پستو با میگو
1	اسپشیال لیلو
1	پستو استیک
1	پولد بیف کالزونه
1	بیکن گوشت
1	کاپری چوزا
1	بیف کرم پستو
1	چیکن هالوپینو(تند)
1	بیف آرابیاتا (تند)
1	بیف برگر لیلو
1	اسموکی برگر
1	سیگنیچر برگر vip
1	مکزیکن برگر
1	مکزیکن برگر دوبل
1	استیک تاماهاک
1	استیک فیله انتراکت
1	دایان استیک
1	میگو تمپورا
1	سوئیت کولا
1	فانتا سان رایز
1	لته ۱۰۰عربیکا/ تک خاستگاه
1	کوکی لته
1	کاوچینو ۱۰۰عربیکا
1	آفاگاتو ۱۰۰عربیکا/تک خاستگاه
1	آیس لته طالبی
1	آیس لته انبه
1	ایس تونیک
1	ثالیا
1	یاوانا
1	رد لیلو
1	اِستارلایت
1	بٌلواُشِن
1	گِریپ پیچ
1	گرین اسنس
1	ولوت اسپارک
1	کوکی چاکلت
1	مَنگو راش
1	اِسکارلِت فارست
1	چاکلت پاستل
1	کِرَت رول
1	گرانول میوه ای
1	کیک پرتقالی
1	دنیش میوه ای
1	اپل کرامبل
1	دونات کرم کاستارد زعفرانی
1	دونات شکلات شیری شاتوت
1	وسترن🌶️
1	هلثی پلیت
1	چیانگ مای گریل
1	تاکو آسیایی🌶️
1	سالاد چری میت
1	سالاد بیکن
1	آیس تی تروپیکال
1	آیس تی پرون
1	آیس تی چری بری
1	اورنجینا
1	ردینا
1	گرینا
1	یوگو‌موتی
1	فرمو موتی
1	اپل موتی
1	بیسکو پاپ
1	دارک بری
1	باسیلیکو لمون
1	میوه تک پرسی - 2 نوع
1	میوه تک پرسی - 3 نوع
1	میوه تک پرسی - 4 نوع
1	لاندن فاگ
1	شربت سنتی بلو
1	هلس تی
1	پیس تی
1	شربت سنتی رد
1	چاکلت وی
1	وانیل وی
1	وی پلاس
1	گینر چاکلت
1	گینر وانیل
1	رایس کیک وانیل
1	ماچا عربی
1	ماچا راموز
1	ماچا گینر شکلاتی
1	ماچا گینر وانیل
1	ماچا وی شکلاتی
1	ماچا وی وانیل
1	ماچا با پوره توت فرنگی
1	ماچانارگیل با پوره انبه
1	اسپرولینا عربی
1	اسپرولینا راموز
1	اسپرولینا وی وانیل
1	اسپرولینا وی شکلات
1	اسپرولینا گینر وانیل
1	اسپرولینا گینر شکلات
1	اورنج اسپرولینا
1	اسپرولیناتوت فرنگی با پوره توت فرنگی
1	اسپرولینانارگیل با پوره انبه
1	فیتنس پلیت
1	فوکاچیا بیکن آووکادو
1	اسکرمبل راموز
1	اسکرمبل یونانی
1	پیتزا پالرمو
1	پیتزا اسموکدتاکینو
1	پیتزا چیکن تری یاکی
1	پیتزا دوپیوبیکن پستو
1	پولو ویتللو
1	چاباتا/فوکاچیا چوریتسو
1	چاباتا/ فوکاچیا چیکن پستو
1	چاباتا / فوکاچیا بیکن گوشت
1	آب معدنی بلولایت
1	شیر وگان سویا
1	اختلاف تک خاستگاه با کامرشیال
1	کره بادام‌ زمینی
1	شیر لیوانی
1	شیر وگان فندق
1	ماتادور
1	کارامل مورنینگ
1	توسکانا
1	بیکن چدار
1	وایت بیف
1	ترکیب گرم
1	ترکیب سرد
1	انرژی کلاب
1	ردبیف
1	کلاب سبز
1	شاندیز دربار ( شیشلیک )
1	آیریش کولا
1	گرین 35 سانتی
1	مکزیکی 35 سانتی
1	بارتا 35 سانتی
1	پوتنزا 35 سانتی
1	رم ۳۵سانتی
1	پالرمو آمریکایی تک نفره
1	پالرمو آمریکایی دونفره
1	چیکن فرایز برگر
1	بوفالو ‌وینگز
1	سس اضافه سالاد
1	ماالشعیر هلو
1	ماالشعیر سیب
1	ماالشعیر کلاسیک
1	آب گازدار لیمویی آکوافینا
1	لوتوچینو
1	آیس تروپیکانو
1	آیس استرابری کافی
1	آیس رزبری کافی
1	✅سیگنیچر کلد برو اسپشال بلک هورس
1	کلد برو ویولت
1	آیس چاکلت اورجینال
1	آیس چاکلت پسته
1	آیس چاکلت فندقی
1	هات ماچا پستچیو بلک هورس
1	هات میلک ماچا کلاسیک
1	آیس میلک ماچا کلاسیک
1	هات ماچا اسپشیال
1	سیگنیچر آیس اسپرولینا بری بلک هورس
1	هات اسپرولینا کلاسیک
1	آیس اسپرولینا کلاسیک
1	هات کوکو اسپرولینا
1	آیس کوکو اسپرولینا
1	سیگنیچر هات اسپرولینا فندقی بلک هورس
1	✅ هات پسته اسپشیال بلک هورس
1	هات پینات چاکلت
1	هات فرش
1	✅ چای ۱ نفره سیگنیچر ایرانی شاه پسند
1	✅ چای ۲ نفره سیگنیچر ایرانی شاه پسند
1	چای ایرانی ۱ نفره
1	چای ایرانی ۲ نفره
1	چای دارچین ۱ نفره
1	چای دارچین ۲ نفره
1	چای لیمو عسل ۲ نفره
1	چای هندی ۲ نفره
1	بلک هورس
1	✅ 🥂 شراب سیگنیچر بلک هورس
1	سیگنیچر اسپشیال بلک هورس / دیاموند
1	سیگنیچر شامپاین کاد لبنانی / سرو ۲نفره
1	الیزابت 🥂 ۲ نفره
1	دزرت
1	بلادپارتی
1	✅ ویسکای ارمنی سیگنیچر ماکتیل بلک هورس
1	آبجو اسپانیایی بلک هورس با ساید بادام و لیمو
1	ردواین
1	رد اسکای
1	باربری اسپایسی
1	بلوسی
1	یونی کورن
1	رد روبی
1	آب پرتقال طبیعی با ساید پرتقال
1	آب کرفس طبیعی
1	باربری
1	یوربان فیوژن
1	مولتی بری
1	سان راش
1	استرابریس
1	موهیتو
1	موهیتو تروپیکال
1	موهیتو چری
1	موهیتو اسپایسی
1	موهیتو عسل
1	آنجل کولا
1	لمون گامی
1	آب سودا
1	لیموناد
1	لیموناد عسل
1	✅ سیگنیچر شیک گلد چاکلت بلک هورس
1	بناتلا
1	شکلاتی ساگا
1	پورنات پینات
1	اورئو دریم
1	شیک چیز پرسو
1	شیک چیزوود
1	وانیلابری
1	استاربریس
1	مانگو
1	کوکی آیریش
1	کارامل بایس
1	kiss ( آیس کریم
1	✅ کیک سیگنیچر شکلات آلبالو بلک هورس
1	ترامیسو اسپشیال بلک هورس با سس نوتلا
1	چیز استرابری
1	توپک شکلاتی
1	کیک تولد بلک هورس
1	✅ سیگنیچر بلک هورس پلیت انگیلیسی
1	پلیت هاوایی
1	خاچاپوری مرغ
1	خاچاپوری ارمنی
1	خاچاپوری اسپشیال بلک هورس
1	تست فیت
1	اسکرامبل پارما بوقلمون
1	اسکرامبل پولد بیف
1	آدانا کباب بلک هورس
1	کباب برگ گوسفندی
1	برنج ایرانی دوبار کشت
1	زرده تخم مرغ
1	✅پیتزا سیگنیچر بلک هورس
1	پیتزا میکس بیف
1	پیتزا بیکن استیک مراکشی
1	پیتزا چیکن سیر خامه
1	پیتزا بوقلمون قارچ
1	پیتزا میکس بلک هورس
1	پیتزا سیر بلک هورس
1	✅ بلک برگر « برگر سیگنیچر بلک هورس »
1	کینگ رست اسپایسی
1	گرین چیز
1	اونیون برگر
1	هالومی بیکن
1	دبل بلک
1	پولد برگر
1	دیپ برگر
1	برگر چیمی چوری
1	برگر چیکن چیمی چوری
1	گوشت پولد بیف
1	راسته گوساله
1	پنیر گودا ورقه ایی
1	پنیر ورقه ابی پستو
1	پنیر هالومی
1	پنیر کیوبی موزرلا
1	سوسیس ترکی
1	دیپ سیر ژاپنی
1	استیک فیله آنتراکوت به سبک فرانسوی
1	لم چاپس با سس مخصوص شاتوت
1	استیک چیکن چم چوری مکزیکی بلک هورس
1	✅ میکس استیک سوئیسی بلک هورس
1	چیکن سیترو
1	بیف سیترو
1	پاستا اسپشیال چیکن پستو
1	پاستا اسپشیال بیف کرم
1	پاستا اسپشیال بیف پری
1	پاستا اسپشیال چیکن پری
1	پاستا اسپشیال کرم لیمو
1	لودد فرایز
1	حمص پولد بیف
1	سوپ مرغ و قارچ
1	سس گوجه
1	سس گلوریا
1	مایونز اسپایسی
1	کچاپ بلک هورس
1	دیپ سیر و خامه
1	مالت کلاسیک قوطی
1	مالت اکسترا قوطی
1	آب ((معدنی ))
1	سرویس اسپشیال ۲ نفره بلک هورس
1	سرویس اسپشیال ۴ نفره بلک هورس
1	سرویس ۲ نفره
1	سرویس ۴ نفره
1	پلیت میوه ۲ نفره
1	با سرچ بلک هورس در اسنپ فود کنارتونیم
1	غذای پرسنلی
1	میت باکس
1	پریما چیکن
1	ویرجینیا
1	بشقاب پولدبیف
1	چیکن پاستا
1	بیف پاستا
1	صبحانه فیانی
1	بشقاب امریکایی
1	اسپینابیچ
1	خاگینه اسفناج
1	پیتزا فیلادلفیا
1	پیتزا کالزونه
1	پیتزا گوشت و پیاز
1	پیتزا بیف پستو
1	پیتزا چیکن سیسیلی
1	کی اِفسکی
1	فیله استریپس فیانی
1	شنیسل مرغ پنیری
1	وگان پستو
1	سالاد سیزن
1	نوشابه مکس
1	دسر روز
1	پرشین چاکلت
1	ولوت
1	گرین مینت
1	آن شرلی با موهای قرمز
1	کاکو شیرازی
1	چای پاییزی
1	شرم الشیخ(2نفره)
1	دراگون فیزی
1	ردگادز
1	درینک ۴
1	فروت پلیت (2نفره)
1	شاهی سالاد
1	ژولین
1	آیریش برگر
1	پستو چیکن
1	فتوچینی روسا
1	پیتزا بیکن اونیون
1	پیتزا بیف بیستکا
1	فیله استریپس اسپیناس
1	کوردون بلو
1	استیک گریل مستر
1	سیروپ کدو حلوایی
1	سیروپ زعفران هل
1	تست اسپشیال
1	ته دیگ زعفرانی مخصوص رضایی
1	سالاد قارچ و ذرت
1	سالاد فرانسوی ( شیرین )
1	سالاد ریحون ( تابستاني )
1	سالاد مرغ و اسفناج
1	مگنولیا ( توت فرنگی )
1	دسر لوتوس
1	حلوا زعفرانی
1	ماست خیار مخصوص رضایی
1	ماست بورانی
1	ترشی مخلوط سرکه
1	ترشی سیر سفید
1	ترشی سیر سیاه
1	دوغ مخصوص رضایی
1	دوغ خانواده ( بیرون بر )
1	آیس مانکی
1	دلستر خانواده ( بیرون بر )
1	آب معدنی خانواده ( بیرون بر )
1	نوشابه خانواده ( بیرون بر )
1	نوشیدنی گیاهی شیررضا
1	اگ بیکن
1	اگ ساسیج
1	اگ میت بال
1	اگ اسفناج
1	اگ پوتیتو
1	پاستا گوشت قلقلی
1	پاستا چیکن چیلی
1	استیک و کره
1	لمب چابس
1	برگر با پنیر قارچ
1	آنیون برگر
1	پیتزا مرغ وقارچ
1	پیتزا سیر اسفناج
1	پیتزا گوشت وبیکن
1	قهوه فرانسوی
1	قهوه عربی
1	شیرپسته زعفران
1	چای عناب
1	چای نعنا مراکشی
1	ردناک
1	بلک جمان
1	چلو شیشلیک سوپر ممتاز (700 گرم)
1	چلو ماهیچه سوپر ممتاز ( 1 کیلوگرم )
1	چلو گوشت گردن سوپر ممتاز (900 گرم)
1	دلستر انبه طالبی
1	دلستر گریپ فرود
1	کُلد پلیت
1	رول اسفناج چیکن
1	هانی پلیت
1	کریسپی آنچیلادا
1	کاتل شریمپ
1	ویل پلیت
1	دیت استیک
1	فیله مرغ استریپس
1	چیکن پارمیزان
1	بیف لاور
1	چیکن پارما
1	رومانا
1	فیله تو
1	فتوچینی وردورا
1	کاتسو اسپیناچی
1	نودل مرغ و سبزیجات
1	نودل گوشت وسبزیجات
1	پیلاو کباب
1	ماهی سرخ شده
1	میگو دو پیازه
1	ترشین کباب
1	مرغ سرخ شده
1	لاهیجان تی
1	سیلان تی
1	گرین تی
1	بوچر
1	استاروارز
1	فلش
1	اوشِن
1	بلاش
1	رادیانت
1	آواتار
1	چری کیس
1	کوئین میو
1	کیمیکو
1	چاکلت آیس
1	وانیل آیس
1	شیک کوکوکافی
1	اپرا پسته
1	دنیش توت فرنگی
1	رول نیویورکی شکلات فندق
1	آنترومه بلک فارست
1	برونی شکلات آلبالو
1	شات شکلات
1	شات کره بادام زمینی
1	طعم دهنده کارامل
1	طعم دهنده دارچین
1	طعم دهنده عسل
1	طعم دهنده فندق
1	طعم دهنده وانیل
1	طعم دهنده زنجبیل
1	100 عربیکا
1	پستو سوخاری
1	سالاد تندوری
1	حمص پلتر باربیکیو
1	حمص پلتر میت
1	حمص پلتر تندوری
1	حمص پلتر بدون گوشت
1	WTF برگر
1	گسترو برگر
1	اومامی برگر
1	فت بوی
1	LAMB برگر
1	فیلی چی استیک ساندویچ
1	تگزاس رست
1	برگر کودک
1	بایت کومبو
1	چیکن پارمیژان
1	چیکن تیکا ماسالا
1	سس پنیر
1	پنیر اضافه
1	برگر اضافه
1	مرغ اضافه
1	مک اند چیز
1	برنج
1	آرگو IPA درفت
1	آرگو بلک درفت
1	ماالشعیر مالت
1	آرگو بلک
1	واترملوناد
1	ماالشعیر کرونا
1	دسر شکلاتی
1	دسر زعفرانی
1	بادمجان فتا ویژه
1	پوره سوخاری
1	سالاد سبز با مرغ
1	سالاد دیش
1	سالاد مخصوص باغ زیتون
1	پاستا گیاهی
1	بشقاب گیاهی
1	کلاوچیکن گریل
1	شنیتسل
1	استیک نیویورکر
1	استیک چدنی
1	فیله استیک گریل
1	بشقاب ویژه سرآشپز (گوشت)
1	بشقاب ویژه سرآشپز (مرغ)
1	استیک ایتالیایی
1	چدنی مرغ (استیک)
1	پنه با سس بیکن و اسفناج
1	بیف استروگانف
1	چیکن استروگانف
1	کانزاس برگر
1	بیکن و اسفناج
1	مرغ و اسفناج
1	کالزونه
1	ماءالشعیر
1	مخصوص ژامبون
1	دپیتزا
1	پستو مرغ دودی
1	سیب زمین سرخ شده به همراه سس مخصوص
1	سالاد د پیتزا
1	سالاد مرغ دودی
1	پنیرگودا (1ورق)
1	نوتلا میوه
1	پنیر عسل
1	چیز اِسکرمبِل
1	اِگ آواکادو
1	کرپ
1	چوریتسو بین
1	هربال تی
1	کلد برو بیرون بر
1	کراواسان چیکن باربیکیو
1	کراواسان بیکن
1	کراواسان خامه عسل
1	کراواسان
1	ماکارون دونه
1	پری برست فندق
1	کراواسان توت فرنگی نیپر
1	دونات با کرم تافی
1	ملکه بادام
1	سن شکلاتی کلاه بابانویل
1	سن شکلاتی کاج
1	پری پرست پسته
1	کیک انتخابی
1	کیک فریزیه
1	پری برست
1	کیک ایران
1	تورینو
1	برگامو
1	ورونیس
1	وردوره
1	چیکن اسپینیچ
1	پیتزا ساردینی
1	تاکو مرغ
1	تاکو میگو
1	اسلایدر برگر
1	چوریستوبرگر
1	مدالیون
1	شاتو
1	میکس چدنی
1	گلدن استیک
1	درام استیک
1	بوقلمون تمپورا
1	دایت دیش
1	مک چیکن
1	چیکن فلورنتی
1	شریمپ تمپورا
1	رست شریمپ
1	چلو گوشت مخصوص {500 گرم}
1	سرویس آضافه
1	چلو اضافه
1	کباب برگ مخصوص شاندیز
1	گوشت مخصوص {500 گرم} ( Shandiz Special Meat .500g )
1	ماست ویژه
1	هترا چاکلت
1	گورمت پاف
1	نانس چاکلت
1	گورمت چاکلت
1	سانورا
1	زینجی اپل
1	پرشین روبی
1	گلدن تروپیک
1	آبمیوه اورنج بری
1	آبمیوه بری
1	سحر نوش
1	مه نار
1	پلیت انگلیسی به همراه اب پرتقال
1	چیکن پلیت و لیموناد
1	چیکن پلیت
1	چیکن اسکرامبل
1	چاشت ایرانی
1	خاگینه سبزیجات
1	نون و بیکن
1	چیکن پلیت اکسترا
1	پلیت سانی
1	سیمبت برانچ
1	دلستر شیشه ای مالت
1	دلستر شیشه ای استوایی
1	دلستر شیشه ای هلو
1	نوشابه کولا
1	نوشابه پپسی زیرو
1	هات میوه ای
1	پیتزا بيكن
1	پیتزاچوريتسو
1	پیتزاچیکن
1	اب گاز دار
1	چای ماسلا
1	بــری ماچا
1	پسته ماچا
1	هـات پسته مـاچـا
1	شیر چای ماچا
1	شیر ماچا
1	ماچا خالص
1	شیـر چـــای
1	چــای امــاراتی
1	شیر نارگیل زعفرانی
1	هــات فــندق
1	کُـلدبــرو
1	کلدبــرو اسپشیـال
1	رگولار کافی عربیکا
1	آیس رگولار کافی عربیکا
1	گریکانو نرمال
1	گریکانو اسپیشال
1	دمی ۹۰+
1	تورمریک شات
1	انرژی درینک جنسینگ
1	دیتاکس گرین
1	جزمین وربـِـن
1	پرشین پــیس
1	تـایـم لایـم
1	جينجر گـرس
1	تورمریک لایـم
1	کوئین بـری
1	گریـن رزا
1	آفـرینش
1	اسکاچ
1	شات اضافه قهوه عربیکا
1	سیروپ نارگیل عسل
1	صبحانه دونات بیف استوری
1	صبحانه دونات چیکن استوری
1	صبحانه میکس
1	میکس تست فرانسوی
1	صبحانه استوری پلاس
1	صبحانه دونات اسپیناچ استوری
1	خوراک روسی
1	رولت چوریتزو
1	پیتزا نوتلا
1	کانتری استایل
1	ترامیسو قهوه
1	چیکن تراوا
1	پنه چیکن استوری
1	استوری برگر
1	استوری پلاس
1	باکس برگر
1	سالاد کینگ بری
1	تُست نوتلا
1	تُست کره بادام زمینی
1	پودینگ شکلاتی
1	شکلاتی دانتل
1	دسر موس
1	پیتزا مکزیکانو ( تند )
1	پیتزا آفریکانو
1	پیتزا ونیزیا
1	پیتزا وگی تاله
1	پیتزا ویژه ژیوان
1	پیتزا اسپشیال ژیوان
1	پیتزا میگو
1	پیتزا پستو مرغ
1	پیتزا پستو میگو
1	پیتزا پن پن
1	برگر آمریکایی ژیوان
1	برگر فرانسوی
1	چیکن اسپشیال برگر
1	چوریتسو پلیت
1	هات سینامون
1	چاکلت پف
1	فرِش
1	هِـــلثی
1	رد واین
1	پیچ کافی
1	سالتد منگو
1	هرا
1	کندی لایم
1	هات واین
1	سور تامارین
1	تافی مالت
1	مالت فیز
1	آذر
1	کرشمه
1	جینجرلایم
1	بِری فیز
1	فِرِش مینت
1	کٌلدفیز
1	سوئیت هارمونی
1	پینات بری
1	مِلون
1	سوهان
1	پن اینفینیتی
1	اگ پن
1	سیروپ (کارامل،وانیل،فندوق،عسل)
1	ساید قهوه
1	کته چنجه
1	کته چلوگوشت
1	کته چلوماهیچه
1	کلم پلو شیرازی
1	کته کباب گیلانی
1	آووکادو دیپ
1	بروسکتا سالسا گوجه
1	فرایز اسپشیال
1	شیزا پلیت
1	شیزا میکس
1	باربیکیو پولدبیف
1	مکزیکین استیک
1	فتوچینی بیف روسو
1	گارنیش کیک تولد
1	مصری گردویی
1	کارسین
1	به نوش
1	هربال لمون
1	کته قورمه
1	کته دی پولت
1	کیک موس اسنیکرز
1	ایتالین مومنت
1	چاکوتی مومنت
1	سوییت چاکوتی
1	وینتر مود
1	تروپیکال مود
1	آچما مود
1	گرین مود
1	قهوه ی رگولار
1	کلدبرو شیرنارگیل
1	سیلور آجیل و شکلات
1	ورودی تولد در سالن
1	گل آرایی در سالن
1	پیناتی
1	پیستا
1	رد فونیکس
1	فرش نس
1	گوست
1	کلدبرو تجاری
1	کلد برو تخصصی
1	کلد برو شیر نارگیل
1	سیگنیچر کلد برو
1	پاری برست فندق
1	میت لاو
1	مت
1	استرالیایی برگر
1	سرویس ویژه۲نفره مت
1	سرویس ویژه ۴نفره مت
1	سوله میو ۲۵سانتی
1	مخصوص ۲۵سانتی
1	گوشت و قارچ ۲۵سانتی
1	آمریکانو ۲۵سانتی
1	پروجا ۲۵سانتی
1	گورگانزالو ۲۵سانتی
1	پنه پستو با مرغ
1	پنه پستو با فیله گوساله
1	فتوچینی پستو با فیله گوساله
1	فتوچینی توسکانا با مرغ
1	فتوچینی مارینارا
1	برگر لیو
1	معجون مخصوص درویشی
1	شیر موز انبه
1	شیر موز آلوئه ورا
1	شیر موز هویج
1	شیر فندق
1	شیر خرما گردو
1	شاه میگو
1	میگو گریل
1	خوراک میگو
1	استیک ماهی سالمون
1	استیک ماهی خلیج فارس
1	سوپ سرآشپز
1	کینگ سالاد
1	ناچئو
1	ساندویچ میکس ایتالیایی
1	ساندویچ مرغ ایتالیا
1	دابل دان
1	همبرگر ویژه
1	پاستای مخصوص
1	پاستا آلاجنوا
1	وجترین پاستا
1	مرغ کنتاکی
1	استریپس
1	موکتل دوغ
1	موکتل ماءالشعیر
1	موکتل نوشابه
1	چلچله
1	لوتوس کرم
1	کافی بری
1	ایس اورنج کافی
1	شربت جاوی
1	ماکتیل تامارین
1	ماکتیل جاوی
1	رد لیدی
1	گرین فیلد
1	ایس تی استوایی
1	لمون ماچا
1	پانچ خیارسکنجبین
1	پانچ آلووا زعفران
1	ایس چلچله
1	شیک پروتئین جاوی
1	سالاتا
1	سالاد میکس
1	سالاد جاوی
1	سالاد اسفناج
1	پروتئین سالاد
1	سالاد پاستا
1	سالاد مرغ آووکادو
1	پاستا جاوی
1	پاستا وگان
1	پاستا سالسا چیکن
1	پاستا سالسا میگو
1	رول میکس
1	رول مرغ و ریحون
1	پنینی چیکن چیز
1	تاکو مرغ و ساسیج
1	چیکن مکزیکی
1	ژامبون تنوری جاوی
1	برگر جاوی
1	کراکور برگر
1	اگ برگر
1	زینگر جاوی
1	برگر سیگنیچر جاوی
1	اگ راس
1	اسپیناج
1	خاگینه جاوی
1	رول خاگینه بیکن
1	خاگینه ریحان
1	پنینی ساسیج
1	تست جاوی
1	صبحانه رژیمی جاوی
1	چیکن دایت
1	کلاب جاوی
1	ماچا شیرنارگیل
1	ماچا شیر توت فرنگی
1	چای ویژه پردیسان
1	کیک کشمشی
1	مرغ 2تکه
1	مرغ 4 تکه
1	بشقاب دورهمی 2 نفره
1	بشقاب دورهمی 4نفره
1	بشقاب فیله سوخاری
1	بشقاب کودک
1	ساندویچ سوخاری
1	میکس سیب و قارچ
1	کورن داگ
1	ناشتایی(ایرانی)
1	آیس‌تونیک۷۰ربوستا
1	آیس‌تونیک۷۰عربیکا
1	آیس‌تونیک۱۰۰عربیکا
1	کُلد کوکو
1	آرام
1	روبی
1	نعنامراکشی
1	چای هل یا دارچین یا زعفران
1	شیرنسکوئیک
1	شیرزعفران
1	شیرچای
1	چیپوچاکلت
1	آیس‌چاکلت
1	کوکا کولا شیشه
1	فانتا شیشه
1	اسپرایت شیشه
1	مالت ایچ شیشه
1	زیرو شیشه
1	چلو شیشلیک مخصوص با سرويس كامل (400 گرم )
1	چلو برگ مخصوص (300 کرم )
1	چلو ماهیچه مخصوص (600 گرم )
1	چلو میکس ماهان (400 گرم )
1	چلو گوشت شیشلیکی ( 500 گرم )
1	چلو گوشت گردن ( 600 گرم )
1	چلو گوشت کتف ( 400 گرم )
1	دیس دو نفره ( مخصوص شب )
1	شیشلیک مخصوص (400 گرم )
1	برگ مخصوص (300 کرم )
1	ماهیچه مخصوص (600 گرم )
1	میکس ماهان (400 گرم )
1	گوشت شیشلیکی ( 500 گرم )
1	کباب بختیاری ( 300 گرم )
1	گوشت کتف ( 400 گرم )
1	چلو اضافی با تهديگ
1	ترشى سیر
1	آب معدنى
1	برنج و سرويس اضافه
1	دسر تك نفره
1	میکس مخصوص قصر (دو نفره)
1	برگ مخصوص
1	ماهیچه مخصوص ( 600 گرم )
1	گوشت کتف
1	میکس مخصوص قصر
1	چلو اضافی
1	سیر
1	سالن
1	سالن 1
1	سالن 2
1	سالن 3
1	باغ 1
1	باغ 2
1	باغ3
1	آبشار1
1	آبشار 2
1	باغ 4
1	ایوان
1	ماهی قزا آلا کبابی
1	کباب برگ سلطانی
1	کباب برگ ممتاز
1	هشتلیک
1	شوید پلو
1	گوشت مخصوص
1	دیس گرم
1	دیس باغبان ویژه
1	دیس سرد
1	سوسيس و تخم مرغ
1	پنیر،گوجه و خیار
1	خامه،کره و عسل
1	کره و عسل
1	کره و مربا
1	کره محلی اضافه
1	ترشی ساده
1	ماء الشعیر
1	چای ذغالی 2 نفره
1	چای ذغالی 4 نفره
1	چای ذغالی 6 نفره
1	چای ذغالی 8 نفره
1	چای ذغالی ۱۰ نفره
1	چیکن گاتا
1	چیکن پنیری ( سس پنیر )
1	چیکن چیلی ( تند و غیر تند )
1	شنیسل مرغ ( 3 تکه )
1	شنیسل مرغ ( 2 تکه )
1	فریکاسه گوشت
1	فیله سوخاری ( 6 تکه )
1	فیله سوخاری ( 4 تکه )
1	پیکانا
1	باکس آفیس
1	کارپاچو ویژه
1	بشقاب داغ گوشت
1	پلو پاستا
1	می شف باکس
1	هات باکس می شف
1	کریسپی سالاد ( سه رول )
1	کریسپی سالاد ( دو رول )
1	سالاد پوتین ( دو نفره )
1	چیپس مخصوص
1	دلستر انگور لیوان ( 500 cc )
1	دلستر لیمو لیوان ( 500 cc )
1	نوشابه کوکا قوطی
1	دلستر لیمو قوطی
1	دلستر ساده قوطی
1	نوشابه شیشه ای کوکا
1	نوشابه خانواده کوکا
1	نوشابه خانواده فانتا
1	نوشابه خانواده اسپرایت
1	نوشابه خانواده زیرو
1	استیک برگر
1	کلاسیک دابل برگر
1	هاوایی برگر
1	پیتزا کو بی چی
1	پیتزا چهار پنیر
1	پیتزا میت بال
1	میکس سبز
1	میکس سبز ( مرغ )
1	میکس سبز ( استیک )
1	بال و کتف
1	بال و کتف سوئیت چیلی
1	چیکن باربکیو کم کالری
1	فیلادلفیا کم کالری
1	پیتزا توکیو
1	پیتزا مونتانا
1	مینه سوتا
1	اوهایو(دیپ مکزیکی)
1	فلوریدا (دیپ باربکیو)
1	دان برگر
1	دوبل دان برگر
1	داج 35 سانتی
1	کنتاکی 35 سانتی
1	مکس میکس 50 سانتی
1	لاس وگاس(۶ تا ۷ نفر )
1	پیده پلاس
1	شیر داغ
1	پرتقال ، لیمو ترش
1	سیب ، لیمو ترش
1	ساده
1	عربی
1	پرتقال شاه توت
1	شاه توت پرتقال آناناس
1	شاه توت توت فرنگی بالزامیک
1	بنانا کولادا
1	شیر پرتقال
1	شیر سیب
1	شیر ، خرما ، گردو
1	گرین پات
1	اینترلوود
1	رِد آیز
1	وانیل موز
1	کارامل موز
1	شکلات پرتقال
1	پینات چیز
1	بادام هندی
1	موز نارگیل
1	ماچامیلک
1	پاور میکس
1	پرو شییک قهوه
1	باور
1	نایت بری
1	بلو اسنو
1	چیلی چری
1	استراپینک
1	اپل منت
1	چری مانگو
1	استرابری دریم
1	تروپیکال دریم
1	رد رفرش
1	کوکو شیک
1	شیک انرژی پلاس
1	شیک موز . توت فرنگی . شکلات
1	شیر گیاهی ( فندق )
1	برگر مخصوص ویولت
1	برگر کوبایی
1	پنینی چیکن هالوپینو
1	پاستا چیلی
1	سینی مخصوص
1	چلو گوشت بره
1	شوید پلو با ماهی ( 5 شنبه و جمعه )
1	دیری سنگی
1	حلیم بادمجان
1	شله پرسی
1	نبات اضافه
1	کوفته نیم پرسی
1	گوجه تک
1	قورمه تک
1	برگ تک
1	ماهی تک
1	میکس تک
1	پاچین تک
1	نگینی تک
1	گوشت تک
1	شوید پلوتک
1	سلطانی تک
1	کباب وزیری تک
1	شله مخصوص (پرسی)
1	برنج سفید ایرانی
1	سالاد بار بدون غذا
1	چلو ماهی
1	چلو میکس کباب دامون
1	سالاد بار همراه غذا
1	انواع سالاد
1	انواع دسرها
1	انواع زیتون وخیارشور وترشیجات
1	انوع بورانی و ماست و دیپ
1	سنت اونوره
1	اکلر کارامل نمکی
1	دسر فندق
1	شو پسته
1	دسر قهوه
1	کَنُلِه
1	شو فندقrevisited paris brest
1	تارت عروس
1	تارت کدو حلوایی
1	تارت قهوه و شکلات
1	تارت آلبالو بادام
1	اسکرامبل آووکادو
1	تست پنیر برشته و بیکن
1	چیکن کوردن بلو
1	چیکن سوپریم
1	چیکن اسپیناچی
1	پلوفونگی
1	خامه و بیکن
1	آرابیاتا[تند]
1	پستو با شنیسل مرغ
1	لیمویی سپرایت
1	پرتقالی فانتا
1	جوهر الملوک
1	هانی دریم
1	شیک چاکلت بادام
1	شیک پینات چیز
1	جینجر لایم
1	جاناتان
1	اِلاویتا
1	جینجر کوکونات
1	چلو چنجه
1	ته دیگ زعفرانی
1	خوراک کباب برگ
1	خوراک چنجه گوسفندی
1	خوراک پاچین کبابی
1	نان لواش تنوری
1	کباب چنجه
1	گوجه کبابی (4 تیکه)
1	سوپ تک نفره
1	ماست و خیار
1	سالاد
1	سوپ یک کیلویی
1	سوییت کافی
1	سوئیت‌کافی
1	کلدبرو ایریش
1	کلدبرو پرشین
1	کلدبرو کلاسیک
1	کلدبرو نیشکر لیمو
1	کلدبرو بلوط
1	کلدبرو شیراز
1	رگولار ۵۰
1	رگولار ۱۰۰
1	شیر بادام نوتلا
1	شیر کره بیسکوئیت
1	بیس کوتین
1	نوتلا بری
1	دارک کافی
1	موز وانیل
1	بادوم نارگیل
1	پینات بیسکوییت
1	کوکوپاین
1	گرین پاینا
1	گرین تکیلا
1	رد کندی
1	لمون کیوی
1	کوکونات کوکی
1	بنانا باتر
1	مانگو دارک
1	بیسکو بری
1	ملونا ماکتل
1	اسکای ماکتیل
1	پانچ خیار سکنجبین
1	پانچ زعفرون
1	فتوچینه پستو به همراه مرغ
1	فتوچینه آرابیاتا به همراه مرغ گریل
1	تورتلینی گوشت به همراه سس میلانز
1	راویولی اسپیناچه
1	آیسبرگ گرین سالاد
1	چیکن کرمبری
1	سالاد استیک اسفناج
1	پولو پستو
1	ساسچ
1	بیکن و خامه
1	گوشت و اسفناج
1	د میت
1	تاکینو پستو
1	چیکن چیمیچوری
1	فاهیتا میکس
1	تاپینگ موز و توت فرنگی
1	آیس امریکنو 100 عربیکا
1	تونیک ‍‍‍پرتغال 100 % عربیکا
1	تونیک پرتغال 70% روبوستا
1	آب سیب طبیعی
1	کلینر
1	یلو اسکای
1	آب هویج طبیعی
1	آب هویج بستنی
1	فینگر پک (مناسب دورهمی)
1	پارتی پک (4 نفره)
1	پک میکس (2 تا 3 نفره)
1	فمیلی پک (4 نفره)
1	Baby پک
1	صوصیس پک (۴ نفره)
1	میکس داگ
1	بیکن رول
1	هات ماشروم
1	اسموکی کاراملایز
1	برگر مستر چیز
1	هات فرایز
1	سیب شکاری
1	کریسپی فرایز
1	دیپ چیز کوچک
1	دیپ چیز بزرگ
1	دیپ سس قارچ کوچک
1	دیپ سس قارچ بزرگ
1	پت پپسی
1	پت میراندا
1	قوطی پپسی مکس
1	پت سون اپ
1	پپسی خانواده
1	هی جو لیمویی
1	دوغ پت
1	آب گازدار لیمویی
1	کته تمیشون
1	کته قرمه
1	کته تک
1	چیکن فرایز 1نفره
1	چیکن فرایز 2نفره
1	پوتین فرایز 1نفره
1	پوتین فرایز 2نفره
1	کمبو برگر
1	قرمه چدنی
1	استیک تام و جری
1	بابل کلد
1	کلد برو نارگیل
1	سالاد مخصوص کاجینو
1	ماست مخصوص کاجینو
1	ماست و اسفناج
1	ماست محلی
1	زیتون ساده
1	سالاد فیتنس دو نفره
1	سالاد فیتنس تک نفره
1	سالاد گرم با فیله گریل
1	سالاد گرم کاجینو
1	سیب تنوری با سس قارچ
1	سیب تنوری با سس بشامل
1	پیتزا چانو(سیر و استیک)
1	پاستا شریمپ پستو
1	پاستا کلاسیک
1	ساندویچ قرمه گوسفندی
1	ساندویچ فیله گریل
1	ساندویچ هات رویال
1	ساندویچ زینگِر
1	ساندویچ ژامبون تنوری
1	پنینی ناپولی
1	پنینی مرغ و اسفناج
1	قوطی کوکا
1	قوطی کوکا زیرو
1	قوطی میراندا
1	قوطی سون اپ
1	دوغ کفیر محلی
1	آب انگور عالیس
1	سوپ قارچ یک کیلو
1	سوپ قارچ نیم کیلو
1	حلیم نیم کیلویی گوسفندی
1	حلیم یک کیلویی گوسفندی
1	ایس لته ماچا توت فرنگی
1	ایس کوکو ماچا
1	ساندویچ کلاب سوسیس بلغاری
1	ساندویچ کلاب فیله استریپس
1	ساندویچ کلاب چیکن گریل
1	ساندویچ کلاب چوریستو
1	ساندویچ کلاب بیف
1	ساندویچ کلاب بیکن
1	ساندویچ کلاب چیکن پستو انار
1	پیتزا کابوی
1	پیتزا سبزیجات 22
1	پیتزا کابوی 22
1	پیتزا بیکن چوریتسو 22
1	پیتزا بیکن22
1	میرندا
1	مالت بدون الکل هی جو
1	آب جو
1	دیپ لبنه و سیر
1	دیپ پنیر قارچ
1	1 ورق بیکن
1	1 عدد چوریتسو
1	1 عدد برگر
1	واتر
1	مدالیون گوشت
1	فوآ گرا
1	sa
1	محصول تستی
1	تالار یاس
1	تالار آینه
1	فضای جلسات و کلاس های آموزشی
1	تالار صدف
1	سالن جلسه
1	کرایه ون هایس
1	اجاره ون h350
1	اجاره میدل باس
1	اجاره اس ۵۰۰
1	اجاره اپتیما ۲۰۱۶
1	زعفران دو مثقال استوانه
1	زعفران سه مثقال خاتم
1	زعفران دو مثقال طرح شاهنامه
1	زعفران یک مثقال لوکس
1	آناناس خشک بسته ای
1	پک مینی بار
1	پک میان وعده
1	اینترنت پر سرعت هر گیگ
1	نظافت اتاق
1	بل من
1	ماساژ ریلکسیشن
1	ماساژ بامبو
1	ماساژ سنگ داغ
1	ماساژ شاهانه
1	ماساژ شکلات
1	پکیج vip spa
1	کاشت مو در مرکز آبنوس
1	تور یکروزه روستای کنگ طرقبه
1	تور یکروزه روستای دیزباد نیشابور
1	تور یکروزه روستای خرو نیشابور
1	تور یک روزه روستای بوژان
1	تور طبیعت گردی آب گرم کلات
1	تور یکروزه دره فریزی
1	باشگاه یوگا
1	باشگاه ورزشی
1	صبحانه رژیمی
1	بشقاب تست
1	تخم مرغ خرما
1	پرتقال تک
1	شب استانبول
1	شب مسکو
1	نوشابه بطری سون آب
1	آیس لانگو
1	کُلد برو
1	شوکو میکس
1	نوشابه بطری سون آپ
1	قیمه نثار
1	قرمه سبزی
1	فسنجون
1	قیمه بادمجان
1	کباب دیگی با دمی گوجه
1	کباب دیگی
1	دمی گوجه
1	قیمه ته دیگ
1	میرندا پرتقالی
1	زرشک پلو با مرغ ( 2شنبه و 3 شنبه )
1	استانبولی پلو ( چهار شنبه و پنجشنبه )
1	سینی مفرح {دو نفره}
1	پالوده طالبی
1	چلو گوشت مخصوص جگرطوری
1	چلو كاسه كباب مخصوص دونفره
1	چلوشيشليك مخصوص شانديز
1	كته ايراني با روغن كرمانشاهي
1	پلا كباب
1	سه لیک مخصوص شاندیز
1	میکس مخصوص جگر طوری
1	کباب ترش گیلکی
1	پاچین زعفرانی ٦عدد
1	پاچین مکزیکی ( ٦عدد )
1	بال مکزیکی ( ٩عدد )
1	بال زعفرانی ( ٩عدد )
1	دل شکاری مخصوص
1	قلوه شکاری مخصوص
1	جگر ترکی
1	جگر دنبه درباری
1	دنبه ( چربی )
1	خوراک اورفا کباب مخصوص
1	رولت فرانسوي
1	خان کباب
1	رولت بلغاری
1	رولت پنیری مخصوص
1	پنیر هالومی مخصوص
1	بورانی بادمجان مخصوص
1	قارچ وفلفل کبابی
1	ماست خامه ایی مخصوص
1	هی جو قوطی
1	دوغ محلي مخصوص
1	اب معدني
1	بلک تامارین
1	چلو برگ معمولی
1	چلو شش کباب
1	چلو کره
1	چلو خورشت فسنجان
1	چلو گوشت و بادمجان
1	مرغ ربی تک
1	برگ معمولی تک
1	شش کباب تک
1	قرمه سبزی تک
1	فسنجان تک
1	چلو نیم پرسی
1	گوشت و بادنجان تک
1	خورشت کرفس تک
1	سالاد روس
1	لبو
1	بطری سس
1	لیمو یا نارنج
1	سرویس افطار
1	کره 10 گرمی
1	سوپ 1
1	سوپ 2
1	سوپ 3
1	سوپ 4
1	دسر سنتی زعفرانی
1	آبجو بدون الکل
1	شربت سنتی
1	نوشیدنی غیرقابل سفارش تستی
1	رول پنیر پستو
1	نرگسی اسفناج
1	امریکن بیکن
1	پلدبیف
1	چای صبحانه اضافه
1	سالاد دالاهو
1	چیپس برگو
1	کانتون
1	قارچ شکم پر
1	بادمجان شکم پر
1	جگر سرخ شده
1	مینی استیک برگو
1	فیله پارمیسان
1	پیتزا پولد مانزو
1	پیتزا مرغ باربیکیو
1	کالزونه چیکن چیلی
1	پیتزا میتسو
1	میت لاورز
1	رست چیکن
1	دلی میتس
1	پنه تورینو
1	برگو برگر
1	برگو ساندویچ
1	هالونا برگر
1	چیکن تریاکی
1	گریلستو
1	دوبل هالوپینو برگر
1	هیزمیت برگر
1	ساسیج برگر
1	هیزمیت پلاس
1	وج برگر
1	هیزمیت کلاب
1	کلاسیک فرایز
1	هیزمیت فرایز
1	دلستر آرگو لیوانی
1	شامپو بدن دمودکسیلین
1	ژوکا
1	هات مغز
1	ژیکا
1	آرامش ( یک نفره )
1	آرامش ( دو نفره )
1	بهارنارنج ( یک نفره )
1	بهارنارنج ( دو نفره )
1	آفرینش ( یک نفره )
1	آفرینش ( دو نفره )
1	سیب دارچین ( یک نفره )
1	سیب دارچین ( دو نفره )
1	آویشن(۱نفره)
1	آویشن(۲نفره)
1	رویال(۱نفره)
1	رویال(۲نفره)
1	لمون میکس(۱نفره)
1	لمون میکس(۲نفره)
1	کوئین بری (یک نفره)
1	کوئین بری ( دو نفره )
1	گلدن وانیلا ( یک نفره )
1	گلدن وانیلا ( دو نفره )
1	استرابری کیس ( یک نفره )
1	استرابری کیس ( دو نفره )
1	ردولوت
1	کیک بلک بری
1	کیک هویچ بادام
1	شیک کوکوچا
1	شیک موز گلد
1	شیک بیسکوئت
1	رول نارگیلی
1	کیک فرزیه
1	سینه بوقلمون ۲۰۰ گرم
1	ژامبون گوشت ۹۰٪ _۲۰۰ گرم
1	ژامبون مرغ ۹۰٪ _ ۲۰۰ گرم
1	ژامبون گوشت ۹۰ ٪_۲۰۰گرم
1	ژامبون مرغ تنوری ۹۰٪ _۲۰۰گرم
1	قارچ و مرغ ۲۰۰گرم
1	کالباس تنوری گوشت ۲۰۰ گرم
1	لیونر لوتینو ۲۰۰ گرم
1	بیکن گوشت گوساله اصل ۲۰۲
1	بیکن گوشت لوتینو ۲۰۰ گرمی
1	سینه بوقلمون با ریحان
1	ژامبون گوشت و مرغ ۹۰٪ لوتینو
1	چوریزو کلاسیک
1	بیرشینکن
1	اشپیک رول کلاسیک
1	سمبوسه اسفناج
1	ساندویچ ران بوقلمون
1	گوشت پول بیبر
1	پیراشگی مرغ ۲عددی
1	پیراشگی گوشت ۲ عددی
1	کوکا کولا خانواده
1	دلستر لیمویی قوطی
1	دلستر ۱ لیتری
1	هایپ اورجینال
1	ردبول اورجینال
1	هایپ شوگر فری
1	ردبول شوگر فری
1	موگو موگو
1	فینگر فود بزرگ
1	فینگر فود کوچک
1	پوآچا
1	سس فلفل تند
1	سس فلفل دست ساز
1	سس خردل آمریکن گاردن
1	پنیر لوندر
1	پنیر بلک چیز
1	پنیر هاتامن رشته ای
1	پنیر هاتامن فلفلی
1	پنیر کوزه ای هاتامن
1	مارچوبه سبز طبیعت
1	سینه بوقلمون ۲۰۰ گرمی
1	ژامبون گوشت نوروزی آندره ۹۰٪ _۲۰۰گرم
1	ژامبون مرغ ۹۰٪ آندره _۲۰۰گرم
1	ژامبون گوشت ۹۰٪تنوری رباط _۲۰۰گرم
1	ژامبون مرغ۹۰٪ تنوری آندره _۲۰۰گرم
1	قارچ و مرغ _۲۰۰گرم
1	کالباس تنوری ۸۰٪ دارا_۲۰۰گرمی
1	لیونر لوتینو _۲۰۰گرمی
1	بیکن گوشت اصل ۲۰۲
1	گوشت و مرغ ۹۰ ٪ لوتینو ۲۰۰ گرمی
1	چوریزو کلاسیک 200گرم
1	بیرشینکن 200 گرم
1	اشپیک رول کلاسیک 200 گرم
1	کوکتل ۸۰٪ ممتاز کامپوره نیم کیلو
1	سوسیس چوریزو لوتینو
1	کابانوسی لوتینو
1	کوکتل مرغ ۶۰٪ آندره نیم کیلو
1	سمبوسه سوخاری اسفناج
1	پیراشگی گوشت تنوری ۲ عددی
1	پیراشگی مرغ تنوری ۲ عددی
1	چیکن استر گانف
1	نوشیدنی موگو موگو
1	نان چیاباتا
1	سینی بزرگ
1	سینی کوچک
1	راتا
1	سس فلفل
1	سس فلفل مخصوص آس
1	سس کچاپ هنز بزرگ
1	سس کچاپ تند هنز
1	سس چیلی تای هنز
1	سس خردل هنز
1	سس فرانسوی هنز
1	سس کچاپ هنز
1	سس مایونز پرچرب هنز
1	سس هزار جزیره هنز
1	سالاد ماکارونی با مرغ
1	لوندر
1	بلک چیز
1	پنیر رشته ای هاتامن
1	پنیر کوزه هاتامن
1	مارچوبه سبز
1	سوپ کِرم سبزیجات
1	سالاد سبزیجات
1	هات چیز فرایز
1	سس مخصوص رنچ
1	سس مخصوص سیر
1	سس مخصوص باربیکیو
1	سس مخصوص خردل
1	استیک چیکن باربیکیو
1	استراگانف روسی با فیله مرغ
1	استراگانف روسی با فیله گوساله
1	پاستا پنه اربیاتا
1	دیترویت پولد بیف
1	ديترويت کریما میت
1	دیترویت چیکن سالامی
1	دیترویت چیکن باربیکیو
1	هات اسموکی
1	هات اکو
1	هات بازیل
1	هات جالو
1	هات چدار
1	برگر دستی
1	دبل برگر دستی
1	چوریتسو برگر دستی
1	سوسیس باربیکیو
1	کورونا
1	دلستر لیمو مجیدیه
1	دوغ شمرون
1	صبحانه فرانسوی
1	صبحانه اسپانیایی
1	پنیرویچ
1	سالاد دایت
1	میت بال با پنیر
1	چیکن تند و شیرین
1	نودل کربونارا
1	نودل X3
1	نودل جاجانمیونگ
1	خوراک زبان گوساله
1	بادی برگر
1	پاپریک برگر
1	چیکن موستارد
1	پیتزا سیروچیکن
1	سرد مخصوص
1	ساندویچ چیکن استراگانوف
1	مالت ایچ
1	کانادا درای
1	شیک اُورئو
1	بستنی وانیلی
1	شیک مخصوص
1	وِلوِت
1	آیس چیلی
1	بلومون
1	فونیکس
1	داستی رز
1	رد سویل
1	گوهرتاج
1	ماه سلطان
1	خاتون
1	دونات
1	دنیش
1	روسی
1	ماتیلدا
1	ٱپرا
1	ماربل برانی
1	بلوندی سیب
1	چاکلت تویس
1	دنیش شکلات فندق
1	سویس پن
1	آیس کرم کافی
1	آیس چاکلت فندوق
1	کافی لایم
1	کوکو تافی
1	کلد برو‌گاز دار
1	اورنچا
1	بشقاب گرم
1	تست صبحانه
1	شنیسل گریل
1	قارچ و زبان
1	پیتزا فیله بیکن
1	پروفیت
1	پیتزا چیکن اسپایسی
1	پنه آرابیتا🌶️🌶️
1	بیف آرابیتا🌶️
1	پنه وجی
1	ساندویچ چیکن فاهیتا
1	ساندویچ بیکن تنوری
1	کوکا/ فانتا / اسپرایت / زیرو‌
1	بلک ویدو
1	هاوایان
1	ردبار
1	لیدی ملون
1	ترشک
1	آیس برانی (پیشنهاد ویژه)
1	کلاب سرد
1	رولت سوسیس
1	صبحانه امریکایی
1	فیش سالاد
1	دان تان برگر
1	پاستا کاربونارابیف
1	پیتزا بیکن ساسیج
1	پرپل بری
1	رین فارست
1	الفنت
1	منگومدنس
1	چلو بال کبابی
1	برنج ایرانی با کره
1	چلوقیمه مخصوص بهارستان
1	کباب مرغ
1	پاچین (کتف)
1	خوراک ران مرغ
1	کباب نگینی
1	نان سنگک داغ
1	ساندویچ لقمه
1	ساندویچ کباب
1	ساندویچ کباب مرغ
1	شله مخصوص بهارستان ( کیلیویی )
1	حلیم ممتاز بهارستان ( کیلیویی )
1	سوپ جو
1	سالاد شیرازی
1	زیتون پرورده کوزه ای
1	ماست موسیر کوزه ایی
1	ماست و خیار کوزه ایی
1	دوغ خانواده بدون گاز
1	ریحان
1	نوشابه تکنفره
1	دلستر قوطی تکنفره
1	آبمیوه های گازدار فرشی دی
1	دوغ آبعلی شیشه گازدار
1	دمار
1	آیس امریکنو کارامل
1	آیس لاتع ماچا نارگیل
1	چای ساده (لیوانی)
1	چای آویشن
1	چای لیمو
1	چای میوه ای
1	برونی پنیری
1	سالاد اندونزی
1	فرایز و بیکن
1	فرایز قارچ و خامه
1	پک رمضان
1	پاسترونی چیزا مرغ
1	پاسترونی چیزا بیکن
1	مانتن دوو
1	هی جو (مالت)
1	پیتزا مخلوط دو نفره
1	مرغ ويژه پرسي
1	خوراک پرسی ( 2 نفره )
1	خوراک پرسی ویژه ( 2 نفره )
1	خوراک ویژه
1	ساندویچ پیتزا ویژه
1	شنیسل مرغ ویژه
1	گوشت ویژه
1	نیمچه غول
1	چوریتسو برگر ویژه
1	رویال برگر 90% دستی
1	سالاد ویژه آرامش
1	سالاد گرم ویژه آرامش
1	سیب هات آرامش
1	سیب پنیر چدار
1	نوشابه مشکی بطری
1	نوشابه بطری زرد
1	نوشابه بطري زيرو
1	دلستر قوطي استوايي
1	دلستر قوطي هلو
1	دلستر قوطي ليمو
1	دوغ بطری خوشگوار
1	دیس میکس 1
1	دیس میکس 2
1	دیس میکس 3
1	دیس میکس 4
1	سالاد یکنفره
1	رُب اَنار
1	خانواده زرد
1	خانواده مشکی
1	خانواده اسپرایت
1	بطری مشکی
1	بطری زرد
1	نوشابه مشکی قوطی
1	نوشابه زرد قوطی
1	ایستک لیمو
1	ایستک هلو
1	ایستک استوایی
1	بطری سپرایت
1	سرویس‌ 1 نفره
1	سرویس‌2 نفره
1	سرویس‌3 نفره
1	سرویس‌4نفره
1	سرویس‌5 نفره
1	سرویس‌6 نفره
1	سرویس‌7 نفره
1	سرویس‌8 نفره
1	ظرف آجیل
1	ظرف میوه خشک
1	سرویس کیک تولد
1	ظرف پاستیل
1	رزرو میز
1	قوری چای اضافه
1	ظرف آلوچه
1	سرویس کامل vip
1	جا به جایی میز
1	دیس میوه ویژه لاوندر
1	هویج گردو خامه
1	مگنو
1	دانتل
1	سشیر
1	تست اگ اسپیناچه
1	تست چیپوتل
1	تُست آووکادو و اسکرامبل
1	بندیکت
1	تُرکیش پِلیت
1	اسنک چوریتسو
1	اسنک رژیمی
1	اسکرامبل اگز
1	کرو استرا
1	شربت ارم
1	رفرش رز
1	جار کیک رژیمی توت فرنگی
1	جار کیک رژیمی پینابن
1	پرو بری
1	پرو فروت
1	پروتئین شیک آووکادو
1	پاستای دیاوولا
1	پاستا کرانچی پستو
1	پاستا بلوچیز
1	تورتیلیونی اگپلنت
1	پاستا روستیکا
1	پاستا کانتون چینی
1	میدنایت فیلت
1	آبمیوه پاکتی(برند متفرقه)
1	آب میوه پاکتی سانی نس
1	آبمیوه قوطی سانی نس
1	نوشیدنی زعفرانی طبیعی خنک
1	دتاکس هندوانه و لیمو
1	دتاکس توت فرنگی و دانه چیا
1	شربت نوشین
1	شربت لیمو و تخم شربتی
1	شربت خاکشیر لیمو
1	نوشیدنی لیمو سکنجبین
1	نوشیدنی لیمو زعفران
1	آب معدنی 300CC (برند متفرقه)
1	آب معدنی 500CC(برند متفرقه)
1	پک کافی میکس
1	پک چای
1	قند
1	نبات چوبی زعفران
1	عسل قاشقی
1	شکر تک نفره
1	شیرکاکائو (میهن)
1	شیر (میهن)
1	موز بزرگ
1	موز متوسط
1	خیار
1	شلیل
1	نارنگی
1	زردآلو
1	گوجه سبز
1	پک خرما vip 1
1	پک خرما vip 2
1	پک خرما vip 3
1	پک خرما vip 4
1	پک خرما vip 5
1	پک خرما ساده
1	شات حلوا زعفران
1	پک چاقو دستمال ساده
1	قاشق
1	پاپیون قرمز
1	پاپیون مشکی
1	دیس برشتوک
1	دیس 1
1	دیس 2
1	دیس 3
1	دیس 4
1	دیس 5
1	دیس 6
1	دیس 7
1	دیس 8
1	اتیوپی / گوجی هامبلا
1	چای تخصصی 1000
1	لموناد زنجبیل
1	ماهیر
1	آبان
1	لموناد هاوایی
1	مستان
1	لموناد پشن بری
1	لاراها
1	پیچا شیک
1	شیر لوتوس
1	شیر شوکی
1	شیر کوکی
1	چیکورا شیک
1	ابریشم
1	پرانا
1	اورنج کلودی (۵۰/۵۰)
1	اورنج کلودی(۱۰۰عربیکا)
1	کارامیلو
1	چوکو نات
1	سِنامِل
1	سافیرا
1	لوتیسو
1	اُرِلیا
1	چشمهایش
1	سووشون
1	کلیدر
1	سمفونی
1	شیک بیسکوئیت کارامل
1	شیک رد بری
1	شیک کافی کامپلس
1	شیک تیرامیسو بری
1	ماکتیل آیریس
1	ماکتیل لای لو
1	ماکتیل رد هیت
1	ماکتیل اسکارلت ویو
1	اورنج بازیل
1	انبه توت فرنگی
1	سیب کارامل
1	آب پرتقال توت فرنگی (طبیعی)
1	آیلند مود
1	هپی اند د بیچ
1	گرین بادی
1	رد بازیل
1	آیس اسپرولینا کوکو
1	آیس اسپرولینا لوندر
1	شیک پاور پلاس
1	سیروپ شکلات فندق
1	دوغ لیوانی خوشگوار
1	اب معدنی دسانی
1	سس مخصوص نوشین تند
1	نان سبوس دار روگن
1	فوکاچیا egg
1	مارگریتا کلاسیک
1	اسپیشیال
1	چیکن رد
1	دنیش کرم بادام
1	نیویورک رول
1	برگر فوکا
1	برگر سه پیازه
1	چری رد
1	رد پاین
1	بلو فوکا
1	شیک هابلا
1	لوتو کوکو
1	اطلس
1	مدیترانه
1	لی لی رز
1	لته ماچا
1	لته زعفران
1	فوکاچیا چیکن پستو
1	فوکاچیا چیلی بیف
1	فوکاچیا پولدبیف
1	سیکنیچر
1	موز بادام
1	فرایز فوکا
1	فانتا بری
1	اسکای دریم
1	کوکولایم
1	فیله سوخاری لیو
1	برگر ویژه
1	کاپری
1	امریکانو
1	سولومیو
1	گورگانزولا
1	سوجوک
1	وجی چیکن
1	سیسیلی
1	مکزیکانو
1	سالامی
1	سوسیس
1	بیکن-جوریتسو
1	پیتزا پیازچه
1	شیک ماچا وانیل
1	سوپر چاکلت
1	شیک کره
1	شیک رد باد
1	شیک رسپرسو
1	شیک زعفران پسته
1	توت فرنگی نوتلا
1	های وینسنت
1	وایلد بری
1	سوج رز
1	بلو گلکسی
1	سورتیکی
1	پرایس
1	ویگور
1	پاتریک
1	سافت گرین
1	چای سرد
1	Cocacolastic
1	نوشابه لیوانی با یخ
1	Coco spirit
1	وانیلا کوکا
1	چایی سیاه
1	چایی سیاه وهل
1	چایی دارچین
1	چایی سبز و لیمو
1	چایی سبز نعنا
1	چایی دارچین و زنجبیل
1	چیکن گریل(بانان مک)
1	چای بلک ولیمو
1	چای بلک و زعفران
1	ایس امریکن سینگل
1	برگر اسپایسی
1	برگر چیکن
1	بشقاب کوچینی
1	رول مرغ و بیکن
1	پاستا مخلوط
1	کیوسکی
1	سالاد مخصوص کوچینی
1	چیکن پارمیسن
1	بشقاب مخصوص کوچینی
1	تخم مرغ سوسیس
1	پک - دونفره
1	پک - ۳ نفره
1	پک - ۴ نفره
1	پک مزه
1	پک مزه ۲
1	پک مک
1	ران سوخاری
1	بال سوخاری
1	پاچین سوخاری
1	پولن تا
1	کراکت مرغ
1	پیتزا چیکن2 نفره
1	پیتزا چیکن تک نفره
1	چیکن هالومی دو نفره
1	سس تکنفره دست ساز
1	سس قرمز تند رعنا(یک نفره)
1	سس سفیدرعنا(یک نفره)
1	سس تند دست ساز(یک نفره)
1	سس فرانسه دست ساز(یک نفره)
1	دوغ 1.5 خوشگوار
1	نوشابه کوکاکولا قوطی
1	نوشابه کوکاکولا زیرو قوطی
1	نوشابه 1.5 کوکاکولا
1	نوشابه 1.5 فانتا
1	نوشابه 1.5 سپرایت
1	نوشابه بطری کوکاکولا
1	نوشابه بطری فانتا پرتقالی
1	صبحانه سرد ایرانی
1	گاچ آپوری
1	بشقاب انگیلیسی
1	مسکویچ ( دو نفره)
1	صبحانه بارسوک ( دو نفره)
1	ایستر
1	چای بهشت
1	آیسد چاکلت
1	شیک کره بادوم زمینی
1	شیک کره بادوم زمینی و قهوه
1	کره بستنی
1	مستر آکسفورد
1	سالتی پاپی
1	اپل جک
1	جک رز
1	سنت پاتریک
1	امریکن بیوتی
1	مانکی من
1	تکیلا سان رایز
1	استورم
1	دمی رز
1	مرکل
1	لگسی
1	کیک سوئیسی
1	موس شکلات کره بادوم زمینی
1	اکلر شکلاتی
1	تارت تمشک البالو
1	سیروپ تخصصی
1	شیرو زیرو
1	بشقاب استیک میکس
1	پاستا گومینی
1	پاستا مارینارا
1	بارسوک برگر
1	نستور
1	فایتون
1	معجون نس تی مو
1	رول یومورتا
1	خاگینه یونانی
1	مدوسا
1	هزینه رزرو میز
1	هزینه هر پلیت سرو کیک
1	استایل سفر
1	چیلی دیز
1	استایل پاییزه
1	ویکند کژوال
1	ادو پرفیوم
1	کرید اونتوس
1	عطر زنانه ومن سکرت
1	عطر زنانه شنل
1	ژان کلودالنا
1	ساواج دیور
1	عطر مردانه جورجیو آرمانی
1	دولچه گابانا
1	عطر و ادکلن د گیت فرگرنسز
1	ژان پل گوتیه
1	ادو پرفیوم نایاسیا
1	کرید سیلور مانتین
1	کندی شوگر پرادا
1	ساعت امگا مردانه
1	رولکس مردانه
1	Audemars Piguet
1	حلقه الماس
1	دستبند طلا و سواروسکی
1	گردنبند طلا
1	گوشواره
1	لباس عروس کد 01
1	لباس عروس کد 02
1	لباس عروس کد 03
1	لباس عروس کد 04
1	گروه ساختمانی باران
1	گروه ساختمانی لحظه
1	گروه ساختمانی آرمیتاژ
1	گروه ساختمانی الیزه
1	Eco
1	Bathroom Set
1	Rock & Roll
1	Emotion
1	کابین E-711
1	کابین شیشه ای E-570
1	کابین E-280
1	کابین وکیوم V-850
1	هات بری
1	چای سلپ
1	بلک رابی
1	ردبلو
1	گرین اسنو
1	ردروم
1	اپل ویسکای
1	اپل مینت
1	آیس گرین
1	اِسترابری کیس
1	پینک رُز چارنومایل
1	اَُپل پارادایس
1	لِمون گرس جینجر
1	جوهر ملوک**
1	اسپرولینا ملون
1	کوکو اسپرو
1	اسپروگاتو
1	ماچا ملون
1	تونیک پرسو
1	دوغ سنتی دو نفره
1	دوغ سنتی گازدار دو نفره
1	گودمرنینگ پیتزا
1	ریحون سالامی
1	شوکو فروت
1	شوکو بری
1	کلدبرو اسپشیالیتی
1	رگولار 50 درصد عربیکا
1	رگولار 100 درصد عربیکا
1	چاکلت
1	ماچا میلک
1	فرنو
1	کوکو
1	هات فروزن چاکلت
1	وایت جاکلت
1	گوریلکس
1	گوریلا واین
1	سانرایز برو
1	تونکا
1	ماما گوندا
1	فیزی لمون بری
1	پروتئین شیک گوریلا
1	گوریلا پرو
1	میلک شیک کارامل نمکی
1	لمون جینجر
1	سیب وانیل
1	کارامل فو (خارجی)
1	ماچا افوگاتو وانیل
1	ماچا افوگاتو پسته
1	افوگاتو ۵۰ عربیکا
1	افوگاتو پسته 50 عربیکا
1	چاباتا مرغ با سس پستو
1	چاباتا بیکن با سس خردل
1	بلوهاوایی
1	پرپل ایلند
1	بابل گام
1	پینک هاوایی
1	آب هندوانه نعنا
1	دراکولا
1	نوشیدنی گازدار میوه ای
1	نوشیدنی انرژی زا
1	سیروپ بیسکوییت
1	لاین عربیکا 100
1	ساندویچ الویه
1	پلو خورشت قيمه
1	پلو خورشت قرمه سبزي
1	كته گوجه با كباب تابه ای
1	استامبولی
1	باقالی پلو با مرغ زعفرونی
1	پلو مرغ زعفرونی
1	سبزی پلو ماهی
1	ميگو پلو مكزيكی
1	ماكاراني
1	خورشت قيمه بادمجان
1	خورشت گوشت و بادمجان
1	مرغ رژيمی با سبزيجات
1	كتلت
1	خورشت كرفس
1	آش گندم
1	قليه ماهی
1	قليه ميگو
1	خورشت مرغ با زرشك و آلو
1	خورشت قيمه نثار
1	خورشت آلو اسفناج
1	خورشت به آلو
1	پلو مرغ ربی
1	سالاد كينوا
1	ماش پلو با مرغ زعفرونی
1	رشته پلو با مرغ زعفرونی
1	قابلی پلو افغانی
1	هويج پلو با قلقلی
1	آلبالو پلو
1	كلم پلو شيرازی
1	كشك بادمجان
1	ساندويچ لقمه عربي
1	اشكنه كشك
1	خورشت مرغ كاری
1	شوری
1	زيتون
1	بيكن
1	پاسترامی بيكن
1	بيكن اسفناج
1	گوشت و پياز
1	كوكتل پنير
1	سوجوك و چهار پنير
1	پیتزا سنتی
1	بهارنارنج( بیکن و کوکتل پنیر و....)
1	مارگريتا
1	چهار پنير
1	پیتزامرغ باربيكيو
1	خوراك هندي
1	گوشت و مغز
1	مغز سوخاری
1	ساندویچ مرغ با سس پستو
1	مرغ گريل با سبزيجات
1	اسكندر كباب
1	نودل چينی با مرغ
1	نودل چينی با ميگو
1	بيف فاهيتا
1	پنه با سس گوجه و شنيسل مرغ
1	پنه با سس پستو و شنيسل مرغ
1	فتوچینی مرغ سس پستو
1	فتوچینی پولدبیف با سس کاری
1	فتوچینی میگو سس ارابیاتا
1	فصل با گریل
1	فصل با شینسل
1	یونانی با گریل
1	یونانی با شینسل
1	بورک گوشت
1	سیب بهارنارنج
1	كوكا
1	زيرو
1	اسپرايت
1	آب گازدار ليمويی
1	سبز یاس
1	رز شیرین
1	زنجبیل سبز
1	کرم وایت
1	گرین چاکلت
1	استرانگ دارک چاکلت
1	استرانگ فندق شکلات
1	استرانگ گردو کارامل
1	استرانگ نیل مانگو
1	سوییس پن
1	تخم مرغ اضافه
1	فدرال
1	چای اویشن لیمو عسل
1	وایت چاکلت نارگیل
1	بستنی ۳ اسکوپ با گارنیش
1	بستنی ۲ اسکوپ با گارنیش
1	بستنی تک اسکوپ با گارنیش
1	الون
1	ردوما
1	اپ کامبر
1	جینجرفروت
1	کوکوجانگو
1	رد گلگسی
1	جاماییکا
1	سافرون بیر
1	ماربل پنیری
1	اسکرامبل پنیر با خمیر پیتزا
1	پنیر عسل با خمیر پیتزا
1	صبحانه نبات
1	صبحانه پرشین
1	پیتزا فیلتو
1	پیتزا وردوره
1	پیراشکی مرغ و اسفناج
1	استیک چیکن گریل
1	چیکن چاباتا
1	بیف چاباتا
1	وگن چاباتا
1	مک اند چیز چیکن
1	مک اند چیز بیف
1	چکین رول زعفرانی
1	دلستر ساده
1	سینی ویژه ماهور
1	سینی مخصوص ماهور
1	پُرس برنج
1	سینی ویژه با ماهیچه
1	سرویس غذا
1	شب های تهران
1	شراب روسی
1	سرویس ویژه یک نفره
1	سرویس ویژه دو نفره
1	سرویس ویژه سه نفره
1	سرویس ویژه چهار نفره
1	سرویس ویژه پنج نفره
1	سرویس ویژه شش نفره
1	شربت ماهور
1	شربت ساغر
1	شربت گرایلی
1	شربت سکنجبین خیار
1	شربت کرشمه
1	بستنی قهوه و موز
1	بستنی توت فرنگی
1	میلک شیک‌ نارگیل‌‌ وهل
1	میلک شیک‌نسکافه
1	براونی بستنی
1	سرویس میز
1	سرویس تولد ۲ نفره
1	ماء الشعیر (کلاسیک)
1	ماء الشعیر (لیمو)
1	بوفالوو وینگز
1	سوپ کرم قارچ ایتالیایی
1	فیله سوخاری کیلویی
1	بال و پاچین سوخاری
1	برگر ساده
1	سونگ برگر ( قارچ )
1	پولامه برگر
1	خوراک بندری
1	خوراک بندری با قارچ و پنیر
1	پیتزا چی کراست
1	پیتزا کارنی
1	پیتزا سوجوک
1	پیتزا چیکن چیپس
1	پاستا فوتوچینی بلونز
1	سالاد فروتاس
1	سالاد تبوله عربی
1	سس مکزیکی
1	سس پنیر چدار
1	سس بوفالوو
1	سس دودی
1	سس کوکتل
1	خاگینه
1	خوراک لوبیا با قارچ
1	چایی نبات
1	پنیر کره
1	کره مربا
1	پنیر گردو
1	قرمه 200 گرمی
1	گوشت و بادمجون
1	کشک و بادمجون
1	شوری کلم
1	ماست کوزه‌ای
1	چای نبات
1	کوکا پت تک نفره
1	فانتا پت تک نفره
1	اسپرایت پت تک نفره
1	کوکا زیرو پت تک نفره
1	آفگاتو و کرم پسته
1	آفگاتو میوه‌ای
1	قهوه شکوفه‌های گرمسیری
1	چای حیات جان
1	چای هلو و وانیل
1	چای سرد صورتی
1	چای سرد مرکباتی
1	تست هلو خامه
1	تست كواكامولی
1	ساوارین پرشین
1	شوکت بلوبری لیمو
1	ریوله
1	تارت فویته بهار
1	کوین امان
1	چا ی سرد
1	چای داغ
1	braw bar
1	بشقاب داغ پنیری
1	بوستون
1	فلوریدا
1	مالت کلاسیک
1	ایندیانا
1	برگر هگست
1	پیتزا چیکن آمریکایی
1	پیتزا ایتالیایی دجاج
1	پیتزا آمریکایی رومانو
1	قهوه اسپشیال
1	عدس پلو(غذای روز)
1	ماکارونی(غذای روز)
1	چلو قیمه مجلسی
1	چلو قورمه سبزی
1	لقمه (تک سیخ)
1	مرغ(تک)
1	خورشت قیمه
1	خورشت قورمه سبزی
1	برنج ایرونی (چلو)
1	ماست محلی(سالن)
1	کره محلی(سالن)
1	گوجه(یک سیخ)
1	گوجه (تک اضافی)
1	ماست پاستوریزه
1	ته دیگ زعفرونی پرسی
1	سوپ نیم کیلویی
1	سوسیس و تخم مرغ
1	لیمو زعفران
1	سکنجبین خیار
1	دوغ محلی(پارچ)
1	دوغ محلی تک نفره
1	فرش دی
1	سالاد R&R
1	اب گازدار بطری کریستال لیمو
1	اب گازدار بطری کریستال
1	اسلایدر برگر 4 عددی
1	اسلایدر برگر 6 عددی
1	فلیمر
1	هات فلیمر
1	عربیاتا
1	پنینی ژامبون مرغ
1	چیلی فرایز
1	سالاد مکث
1	تروپیکال توئیست
1	دوغ محلی 1/5 لیتری
1	دوغ قوط خوشگوار
1	دوغ شیشه ای آبعلی
1	پک سرویس سه نفره
1	پک سرویس دو نفره
1	ماست بورانی بادمجان
1	نان جزغاله (تنوری)
1	نان کره ای (تنوری)
1	نان تنوری
1	پیتزا کومو ایتالیایی ۳۳cm
1	پیتزا سالامی ایتالیایی ۳۳cm
1	پیتزا کارنه ایتالیایی ۳۳cm
1	پیتزا سیرواستیک ایتالیایی۳۳cm
1	پیتزا پولو ایتالیایی۳۳cm
1	پیتزا پستو ایتالیایی۳۳ m
1	پیتزا بیانکا ایتالیایی۳۳cm
1	پیتزا پستو بوقلمون ایتالیایی۳۳cm
1	پیتزا دالاس 23cm یک نفره
1	پیتزا اسپشیال23 cm یک نفره
1	پیتزا دالاس آمریکایی 33 cm دونفره
1	پیتزا اسپشیال امریکایی 33 cm دونفره
1	گریل‌ برگر
1	بیف برگر (گوشت)
1	برگر خیس
1	سالاد وگن
1	ساندویچ چیکن کاراملایز
1	ساندویج گوشت
1	ساندویچ چیکن چاباتا
1	ساندویچ پیشنهاد بوبان
1	توپک‌ پنیری
1	کسادیا گوشت ۶ تیکه
1	کسادیا چیکن ۶ تیکه
1	پاستا مکنچیز
1	پاستا کربنارا
1	پاستا پومودور رژیمی
1	لیوانی سیب بیکن
1	لیوانی سیب قارچ و پنیر
1	لیوانی سیب پپرونی
1	لیوانی سیب هات داگ
1	سیب ساده ۱۵۰ گرمی
1	سیب سوخاری ۳۰۰ گرمی
1	نوشابه دستگاه
1	سس چدار ۷۰ گرم
1	سس قارچ ۷۰ گرم
1	سس سرد چیلی تای
1	کچاب
1	مایونز چیلی
1	سالسا
1	تارتار
1	سس هالوپینو
1	سس مخصوص بوبان
1	برگر مخصوص
1	تی بون استیک
1	آیس لته توت فرنگی
1	ردبری
1	آنا کرنیا
1	بلو پارادایس
1	اسپارو
1	سری تعویض
1	میوه
1	تخمه تک
1	آجیل تک نفره
1	گلس
1	دله عربی
1	صاعقه
1	کوکو بلک
1	ویکتوریا سکرت
1	سوییت سور
1	پرتغال خونی
1	دریم برر
1	ویکتوریا جهنمی
1	جنگل سبز
1	دریا سیاه
1	داریوش
1	زهل
1	رد ویکتوریا
1	خزان
1	درخت زرد
1	سیب ژاپنی
1	چوکو بری
1	کراسان شکلات توت فرنگی
1	پیتزا گوشت وپیاز
1	لینگوا
1	ویکتوریا برگر
1	کرن داگ
1	شب های ویکتوریا
1	بغدادی
1	هلو کبابی
1	بیسکوئیت لوتوس
1	عشق
1	آدامس یخ
1	نعناع یخ
1	آدامس نعناع
1	پرتغال لیمو
1	پرتقال نعناع
1	دوسیب یخ
1	اسپشیال چاکلت
1	بیسکومیلک
1	چای عراقی (vip)
1	لمون کرس جینجر
1	انجل بری
1	رِد لایم
1	نایت استایل
1	تریپل لمون
1	اورنج جویس vip
1	بلوکوکونات
1	فیت وی
1	شیک پینک بری
1	دیس میوه استوایی میکس
1	دیس میوه ایرانی
1	شهریار
1	انگور هندوانه
1	ایتالیایی سیر و استیک
1	ایتالیایی پولد بیف
1	استیک میکس (شنیسل مرغ + گوشت)
1	فرایز ساده
1	دلستر (لیمو ، هلو ، استوایی)
1	اتاق VIP سیلوزپلازا
1	فضای داخلی سیلوزپلازا
1	دیزاین سالگرد
1	سیسیل 35سانتی
1	بارتا35سانتی
1	بلونیا35سانتی
1	سیگنال35سانتی
1	پیزامثلثی
1	پیزا35سانتی
1	پالرمو امریکایی تک نفره
1	پالرمو امریکایی دونفره
1	سالاد بی بی اسفناج
1	سالاد بیکن و اووکادو
1	مرغ و زرشک نان فوکاچیا
1	مرغ و بیکن نان فوکاچیا
1	اومامی پولدبیف نان فوکاچیا
1	کرتادو لاین ( 100 عربیکا )
1	کندی
1	رد گلکسی
1	کوکو جامبو
1	پایه سر طبیعی
1	پایه تمام میوه ای طبیعی
1	فرانچ فرایز باسس قارچ
1	بشقاب میگو
1	بشقاب مزه ویژه ماهور
1	بشقاب بال و پاچین
1	سالاداستیک
1	پاستا آرابیتا
1	دبل برگر - بیگ بوی
1	تگزاس برگر
1	کرانچی برگر
1	سودا لیمو
1	دلستر قوطی هی‌دی
1	پیتزا بیکن چوریسو
1	چلو ماهیچه مخصوص
1	چلو گوشت سرخ شده
1	برنج اضافه
1	خوراک کباب مخصوص امیرکبیر
1	خوراک ماهیچه مخصوص
1	خوراک کباب سلطانی
1	خورا ک برگ مخصوص
1	خوراک کباب بختیاری
1	خوراک ماهی قزل آلا سرخ شده
1	خوراک ماهی قزل آلا کبابی
1	خوراک مرغ (ران)
1	خوراک کباب مخلوط
1	خوراک کباب مرغ تک سیخ
1	گوجه کبابی (یک سیخ)
1	کافه رومانو
1	آیریش کافی
1	قوری چای مخصوص 2 نفره
1	استیک ویژه هوراز
1	کارامل برگر
1	برگر ویژه هوراز
1	فلافل بندری
1	ناگت مرغ ستاره ای
1	شنسل اسپایسی
1	فیله استریپس 5 تیکه
1	بشقاب داغ اسپیشیال
1	تارت کارامل فندوق
1	کیک تولد سفارشی (1کیلویی)
1	بستنی سنتی مغزدار
1	ماکتل چیلی ماگاتا
1	ماکتل برن گات
1	ماکتل سان
1	ماکتل آباکو
1	ماکتل فرند پینک
1	ماکتل هروما
1	ماکتل رِد برن
1	ماکتل موریس
1	پینک ملون
1	تروفیا
1	زیرو کولا
1	انرژی زا (Big Bear)
1	مولین رژ
1	ویکتریا سانست
1	پشن لِسِنز
1	لوکو کوکو
1	لایم لوندر
1	یلو اوشن
1	تروپی مستر
1	استیک کارنه
1	ریوایو
1	چیکن چیز
1	بیکن لاور
1	اکلر نوتلا
1	اب معدنی کوچیک
1	پک مخلوط تاینی فروت
1	پک میوه پفکی
1	ساندویچ شکلات فندوقی
1	ساندویچ کره بادام زمینی
1	نان و پنیر
1	ساندویچ اسکرمبل اگ
1	ساندویچ تخم مرغ بیکن
1	تخم مرغ آبپز و بیکن
1	تخم مرغ سالامی
1	تخم مرغ آبپز با پنیر
1	ساندویچ پنیر برشته
1	سالاد جزیره
1	بارتا ۳۵سانتی
1	پالرمو35 سانتی
1	لاتینا آمریکایی (یک‌نفره)
1	لاتینا آمریکایی( دو نفره )
1	رم آمریکایی ( یک‌نفره )
1	رم آمریکایی (دو نفره )
1	سیگنال آمریکایی (یک نفره )
1	سیگنال آمریکایی(دو نفره)
1	پالرمو امریکایی(یک نفره)
1	پالرمو امریکایی(دونفره)
1	اسلایدر وجترین(مینی برگر)
1	اسلایدر مکزیکی(مینی برگر)
1	اسلایدر سیگنال(مینی برگر)
1	اسلایدر بیف(مینی‌برگر)
1	اسلایدر بیف فرایز(مینی برگر)
1	اسلایدر بیف بیکن(مینی برگر)
1	کوکاکولا شیشه ای
1	فانتاشیشه ای
1	اسپرایت شیشه ای
1	زیرو شیشه ای
1	چلو شیشلیک اعیانی
1	چلو شیشلیک طلائی
1	چلو گوشت محتشم
1	چلو قورمه مخصوص
1	چلو ماهی سرخ شده / کبابی
1	پهلوان کباب
1	سینی سردست ( 4 نفره )
1	برج 6 سیخ اعیانی ( 4 نفره )
1	برج گوشت ( 3 نفره )
1	برج ماهی ( 3 نفره )
1	برج 6 سیخ طلایی ( 4 نفره )
1	سینی شاهانه ( 2 نفره )
1	سینی همیشگی ( 2 نفره )
1	خوراک گردن
1	خوراک پهلوان کباب
1	خوراک شیشلیک اعیونی
1	خوراک شیشلیک طلایی
1	شیشلیگ تکی
1	ماست و خیار کوزه ای
1	زیتون پرورده
1	دوغ آبعلی شیشه‌ای
1	ماست موسیر کوزه ای
1	پینک بری
1	بول فراگ
1	رِدسوییت ( بِری )
1	فیزی اپل
1	تروپیکال
1	سرویس کامل بولگاری
1	میوه تازه
1	پیشنهاد ویژه بولگاری
1	کیک تولد دونفره
1	نوستالژی سمین رخ
1	عناب
1	بیدمشک
1	نعنا سکنجبین
1	ماکتیل آنمویا
1	ماکتیل امیسی
1	ماکتیل ردنایت
1	چری - بری
1	نوتلا موز
1	توت فرنگی شاتوت
1	پسته زعفران
1	توت فرنگی زرشک
1	سیب زعفران
1	سیب - به
1	چای +کیک
1	تارو
1	آیس لته فندق
1	سالاد ویژه هامون
1	مرغ گریل شده
1	شکر اضافه
1	آب پرتقال اضافه
1	شیرین کننده گیاهی استویا
1	بازی های گروهی رو میزی دونفره نفری
1	بازی های گروهی کمتر از ده نفر نفری
1	بازی های گروهی بالاتر از 10 نفر نفری
1	پخش فیلم (بدون سفارش)
1	پخش فیلم (همراه با سفارش)
1	پخش فیلم زیر 6 نفر
1	پاپکرن
1	آیتم ترکی بر پایه شیر
1	آیتم ترکی
1	ایتم اضافه
1	هزینه میز
1	سرویس ظرف
1	سینی ویژه ( 2 نفره )
1	سینی مهر ( 2 نفره )
1	سینی ویژه معین درباری ( 3نفره )
1	سینی گوشت ویژه ( 3نفره )
1	سینی وزیری ( 3 نفره )
1	سینی شیشلیک ( 3 نفره )
1	سینی ماهیچه ( 3 نفره )
1	سینی ویژه خانواده ( 3 نفره )
1	سینی گوشت طلایی2نفره
1	سینی بهاره ( 3 نفره )
1	سینی شاه لقمه ( 4 نفره )
1	سینی خرم
1	سینی زمستانه
1	سینی کاسه کباب شاه پسند3نفره
1	سینی ماهیچه و شیشلیک درباری
1	خوراک شیشلیک
1	خوراک ماهیچه
1	خوراک برگ مخصوص
1	خوراک قورمه سبزی
1	خوراک برگ ممتاز
1	سالاد تک نفره
1	سوپ شیروقارچ
1	سالاد خانواده
1	آب معدنی بطری
1	سرویس چایی 2 نفره
1	نوشابه قوطی سون
1	دلسترقوطی سیب
1	دلسترلیوانی
1	پلیت سرد LP
1	فرنی
1	پِلیت انگیلیسی Lp
1	تونیک 100 عربیکا
1	ایس تی
1	كره بادوم زميني
1	چی‌ شِیک
1	براوونی پنیر گردو
1	Rouge Lp
1	Gold Lp
1	جویس پرتغال
1	جویس هندوانه
1	wellcome
1	خرما
1	ورودی فوتبال
1	استرالیا برگر
1	شربت گلاب زعفران
1	شربت سكنجبين
1	نسكافه
1	شير بيسكوييت
1	شير نوتلا
1	شير پسته
1	شير بادام نوتلا
1	لاکان
1	لاتانه
1	لوریا
1	لورنتس
1	لویی
1	لوئیس
1	ماچا افاگاتو
1	لئون
1	اورنج
1	واتر آروماتیک‌
1	اسکینر
1	گرين اوشن
1	كيك ردولوت (دو نفره)
1	کیک دابل چاکلت
1	ايران بانو
1	رويال
1	شب عاشقي
1	تناسب
1	جونز
1	جینز
1	جانسون
1	ساید عسل
1	انرژي زا كريستال
1	رست اضافه
1	پیتزا ارمنی دیترویت
1	بيف چيز
1	پيتزا میکس
1	ونیزی
1	ویژه پای
1	پیتزا چیکن خامه
1	چهارفصل
1	گوشت و ژامبون
1	پیتزا نوستالژی ایرانی
1	پیتزا بیکن و خامه
1	پیتزا اسپیشال
1	مرغ ژامبون
1	سوپ قارچ و خامه به همراه مرغ
1	سس دیپ چدار اضافی
1	پنیر بوراتا ایتالیایی
1	پاستا سرآشپز
1	استیک مدیترانه
1	آب پرتغال طبیعی
1	آب‌ معدنی
1	پنیر اضافی
1	sprout cola
1	sprout irish
1	sprout cocoa cherry
1	درامستیک
1	لوکس پک
1	بیکن زینگر
1	کراکت سسب زمینی
1	رول ملانزانه
1	سوییت چیلی وینگز
1	مکچیپس
1	دیپ قارچ
1	مخلل زیتون
1	الزبادی والریحان
1	الزبادی والدبس
1	مخلل خیار
1	مخلل الثوم
1	صینیه السناک
1	الزبادی البسیط
1	الزبادی و خیار
1	السطه شیرازی
1	السلطات
1	حلا الزعفران
1	شوربه البصل الاخضر
1	شوربا حلیب و فطر
1	اللحم الشهی
1	اللحم الناعم
1	فیلیه الحامض
1	شای السماق والکرز مضاف الیه العسل
1	شای الزعفران مع الورد المحمدی
1	عصیر برتقال
1	عصیر بطیخ
1	عصیر شمام
1	عصیر تفاح
1	عصیر اناناس
1	لبن
1	المشروب جیم
1	المشروب الف
1	المشروب نون
1	مشروب غازی النعناع و السکانجبین
1	مشروب غازی مع الشای الاحمر و السماق
1	مشروب غازی الزنجبیل و اللیمون
1	مشروب غازی اللیمون و العسل
1	مشروب غازی النعناع و العسل
1	خدمه خاص نارگیله
1	زیتون مخصوص
1	ماست خامه ای مخصوص
1	خیارشور سوپر ویژه
1	سبزی خوردن و پنیر
1	بهنوش
1	نوشابه شیشه زرد
1	نوشابه شیشه مشکی
1	نوشابه شیشه سون
1	مهندسی پزشکی
1	مهندسی برق
1	مهندسی مکانیک
1	اپتیک و لیزر
1	چلو خورش قورمه سبزی
1	شیشلیک تک
1	سلطانی مخصوص تک
1	ماهی سرخ شده تک
1	قورمه سبزی تک
1	کرپ تخم مرغ
1	کرپ پلد بیف
1	ساندویچ تخم مرغ آووکادو
1	ایس اوبه نارگیل
1	ایس اوبه توت فرنگی
1	ایس اوبه پسته
1	شیک اوبه وانیل
1	شیک اوبه پسته
1	بریوش پین پردو
1	ساندویچ بیکن بوقلمون باسس پستو
1	ساندویچ بیکن گوساله با سس پستو
1	ساندویچ پروتیین
1	چاکلت باند وانیل
1	چاکلت باند بادام زمینی
1	چاکلت باند توت فرنگی
1	کوکو نارگیل
1	چاکلت باند پسته
1	چاکلت باند شکلاتی
1	سویت پالس
1	چاکلت رین
1	شیک شاه توت پسته
1	شیک کارامل پاپ کورن
1	پرو شیک خرما
1	پروشیک رژیمی
1	شیک ماچا پسته
1	کوک وایب
1	ریتمو
1	فارست بریز
1	ویتالیتی
1	بیبی ماکارون
1	ماچاگاتو وانیل
1	ماچاگاتو توت فرنگی
1	ماچاگاتو پسته
1	منتخب یک نفره
1	چیکن بار یک نفره
1	سرآشپز یک نفره
1	منتخب دو نفره
1	چیکن بار دو نفره
1	سر آشپز دو نفره
1	سیب هات ماشروم
1	سیب هات کلاسیک
1	سیب زینگر
1	سس رمولاد
1	سس گاسپاچو
1	سس سبزیجات
1	دیپ قارچ و پنیر
1	بشقاب مخصوص پین
1	سوئیت کرپ
1	چیپس نوستالژی
1	رول پنیر
1	رول پنیر بیکن
1	رول مرغ
1	کشک و بادمجان
1	پاستا وجی
1	ساندویچ مرغ
1	ماهی
1	رگولار (۵۰/۵۰)
1	کلد برو (special)
1	چای هل دارچین
1	آشتی
1	طراوت
1	مالتی بری
1	رِد لاین
1	نئون
1	رِد استورم
1	بلو وایب
1	شیک پین
1	چوریزو
1	اتاق ها
1	اسپا
1	کباب یونانی
1	چنجه رول
1	رولت گوشت
1	دنده کباب
1	فیله بره
1	شیشلیگ
1	بال باربیکیو
1	پاچین باربیکیو
1	قارچ زعفرانی
1	قارچ مکزیکی
1	سوسیس شکاری
1	گوجه فلفل
1	جگر پیچ
1	خوشگوشت
1	ماست بادمجان دودی
1	ماست دلال
1	ماست سیر
1	ریحان بسته بندی
1	زیتون شور بدون هسته
1	دوغ هفت‌گیاه گرینه
1	دلستر لیمویی
1	دلستر هلویی
1	هرب اسمش برگر
1	دیپ اسمش برگر
1	کرمی اسمش برگر
1	فوتوچینی میت بال
1	فوتوچینی بیکن خامه
1	تاپینگ گوشت اسمش
1	امریکن استایل
1	کریزی برگر
1	چارچینگ بول
1	چلنجر برگر
1	آمستردام
1	دوپامین
1	آیلند برگر
1	پاستا مخصوص آبیس
1	پیتزا گوشت و قارچ مخصوص آبیس
1	پیتزا چیکن گریل
1	پیتزا کرموساپولو
1	پیتزا بیکن و سالامی
1	پیتزا چوریتسو و پیاز
1	ساندویچ چیکن چیلی
1	سوپ شیر وقارچ
1	خاچاپوری ساده
1	خاچاپوری چوریتسو
1	خاچاپوری پولد بیف
1	پروتئین پلیت
1	نوآ پستو
1	چای آبیس
1	چای گلی
1	شیک شکلات
1	کافی وانیلا
1	کوکو بیسکو
1	بن چاکلت
1	کارامل پینات
1	کاکتوس پرایم
1	خیار آلبالو
1	بلومارگاریتا
1	بلک رام
1	ماست گرانول
1	لوف ناپلونی
1	سس دیپ دست ساز
1	سس قارچ و خامه
1	سس قارچ و پنیر
1	گوشت ریش
1	فیله مرغ گریل
1	قرص برگر
1	چاباتا
1	Ekmek bread
1	سماور ذغالی
1	قیلون تک
1	سرویس ساده بانوانvip
1	سرویس کامل بانوان vip
1	چای تک نفر بانوانvip
1	قیلون تک بانوان
1	لاو ( LOVE )
1	هلو نعنا
1	هلو آلبالو
1	بلوری بری
1	شبهای ایسلند
1	آیس کریم
1	قیلون طبیعی
1	آبمیوه بزرگ
1	اوراسیا
1	سانگریا
1	آب هویچ بستنی
1	بستنی vip باغ بهشت
1	آب انار طبیعی
1	کاکوتی
1	موزاسو
1	کافی میکس
1	سوئیت سامر
1	گرانیتا فیت آلوئورا
1	چلو لقمه(250 گرم)
1	چلو لقمه (200 گرم)
1	برگر مک‌دونالد
1	بشقاب داغ روست بیف
1	بشقاب داغ ویژه
1	شیر هانی
1	ریلکس
1	کوه شکلاتی
1	اب پرتغال
1	اب هنداونه
1	شیر موز نوتلا
1	رِد پَشِن
1	بلک لیدی
1	اورنج‌ کولادا
1	بلزا
1	هالووینو
1	ردنایت
1	الیزابت
1	بلو اسویت
1	دلمه گوشت
1	دلمه مرغ
1	دلمه خانواده
1	کیک دلمه
1	9 عدد دلمه برگ مو ملس
1	14 عدد دلمه برگ مو ملس
1	24 عدد دلمه برگ مو ملس
1	9عدد دلمه برگ مو فلفل تند هندی
1	14 عدد دلمه برگ مو فلفل تند هندی
1	دلمه 24 تایی فلفل تند هندی
1	9 عدد دلمه برگ مو ترش
1	14 عدد دلمه برگ مو ترش
1	دلمه ترش مخصوص دولمز
1	9 عدد دلمه برگ مو شیرین
1	14 عدد دلمه برگ مو شیرین
1	دلمه برگ مو شیرین 24 تایی
1	9 عدد دلمه برگ مو ملس با یک لیگ شیشلیگ
1	14 عدد دلمه برگ مو ملس با دو لیگ شیشلیگ
1	9 عدد دلمه برگ مو ترش با یک لیگ شیشلیگ
1	9 عدد دلمه برگ مو تند با یک لیگ شیشلیگ
1	14 عدد دلمه برگ مو تند با دو لیگ شیشلیگ
1	14 عدد دلمه برگ مو ترش با دو لیگ شیشلیگ
1	9 عدد دلمه برگ مو شیرین یک شیشلیگ
1	14 عدد دلمه برگ مو شیرین دو لیگ شیشلیگ
1	سالاد مخصوص دولمز
1	سالاد باباغنوچ
1	ماءالشعیر قوطی لیمو هی جو
1	ماءالشعیر قوطی هلو هی جو
1	ماءالشعیر قوطی استوایی هی جو
1	آب معدنی دسرنی
1	سس سوییتی
1	سس مخصوص انار
1	هات رنچ
1	تریپل رد اسپایسی
1	شیرنوتلا
1	شیرکاکائو هلندی
1	شیر نوتلا نارگیل
1	شکلات سفید شیر
1	شکلات سفید نارگیل
1	چای و باقلوا تک نفره
1	آب کوچک
1	آب لیوانی
1	اس.او.اس پارتی
1	تخم اژدها
1	اس او اس پارتی
1	ساسیج‌بیکن
1	چیکن پستو‌
1	چیکن کرم
1	لقمه
1	برنج ایرانی
1	سینی مخصوص ابادگران(۴ الی ۶ نفره)
1	فرنج‌ فرایز‌
1	اسپشیال فرایز‌
1	کره محلی
1	خیارشور‌
1	چای آلبالو
1	وایت لوتوس
1	تریپل کوکی
1	آمارگو
1	رد لایم
1	وینتر هاوایی
1	پانچ شه نوش
1	پانچ سکنجبین
1	پانچ بیدمشک
1	پانچ زعفران
1	کیک خرما
1	پکانتو
1	پیتزا بیکن سوییت چیلی
1	پیتزا پستو بوقلمون
1	کالزونه مرغ
1	کولاژ
1	میتبال مارینارا
1	فیله استریپس سوخاری
1	فوکا چیکن گریل
1	فوکا چیکن سوخاری
1	فوکا بوقلمون
1	فوکاپولدبیف
1	دارک پینات
1	گلدن اپل
1	فرشی
1	رد مارتین
1	پیچ تی
1	ساکورا
1	لالی پاپ
1	جینجر شات
1	جوس پرتقال
1	چاکلت بری
1	شیک مگنولیا
1	شیک سیدز
1	شیک براون
1	اوتمیل موز و کره بادام
1	اوتمیل پسته شاتوت
1	دنیش بری
1	پن شکلاتی
1	کویین امان
1	بروکی
1	گارنت
1	سیمپل پرو
1	گرین لایم
1	موس شاتوت
1	مینی تارت کارامل نمکی
1	مینی تارت شکلات بادام زمینی
1	ماچا لته نارگیل
1	کره بادام
1	شیک چوبی
1	شیک پروتین
1	پیشنهاد الـ سین
1	کیپ کالم
1	کلد استاپ
1	آب هویج(متوسط)
1	سالت بری
1	ولادمیر
1	گرین یامی
1	برگر بیکن
1	نوتلا چاکلت
1	چاکلت چیپس
1	نات ماربل
1	اینترلود
1	لولی پاپ
1	شیک نارگیل پسته
1	شیک کرم بیسکوئیت
1	شیک کارامل - بادام زمینی
1	جامبو
1	رفرشر زرشک
1	رفرشرخیار سکنجبین
1	رفرشر پرتقال
1	رفرشر نارنگی / زرشک
1	ماجیکو
1	دابل چاکلت گرد
1	گتوبسک
1	پن و سوئیس
1	تست مرغ و زرشک
1	تست چیکن پستو
1	هزارلا مرغ گردو
1	هزارلا گوشت و قارچ
1	کرم چاکلت
1	شیک کره بادام
1	شیک آتر
1	شیک اسمارتیز
1	سامرملون
1	سامرپانچ
1	ترش
1	ریزمیوه های قرمز
1	پامکین
1	پانچ لوندر
1	آپامه
1	کیوبین
1	آناهید
1	هیومه
1	لیمون پینو
1	ایندرا
1	باتیس
1	وایو
1	کرفس
1	بلادی بری
1	بتل جویس
1	دریم نایت
1	کاپلا
1	بلو هاوایین
1	شیک تری پل چاکلت
1	شیک کوکونات
1	ژامبون میکس
1	راشن چیکن
1	برگر ویژه این
1	اسپشیال
1	ساندویچ گوشت و قارچ
1	سینه مرغ کبابی
1	مدویک شکلات شاتوت
1	مدویک عسلی
1	دسر شکلات
1	دسر کارامل
1	پاستاویژه این
1	آماتیس
1	چای دستچین لاهیجان - سرچشمه
1	چای دستچین فومن - قلعه رودخان
1	سرویس اضافه چای
1	کلدبرو نیشکر ولیمو
1	کلدبرو (اندونزی کالوسی)
1	گل شاه
1	گیسوم
1	آبسال
1	شهد بهار
1	گلرخ
1	سرخ نوش
1	شیک هور
1	شیک سپیدار
1	رخسار
1	مدوویک عسلی
1	اکلر شکلات فندق
1	شوکت شکلات
1	کوکا کلاسیک
1	پاپارلنا
1	دیپ حمص
1	دیپ بادمجان دودی
1	سالاد میکس گرین
1	فوکاچیا بیکن تخم مرغ
1	فرنچ پلیت
1	پاستا چیکن پستو فتوچینی
1	پاستا چیکن پاپریکا فتوچینی
1	چیلی هالومی برگر
1	سیسیلیانا برگر
1	اودینه
1	راگوسا
1	بیکن کارملایز
1	بوقلمون و شاهتوت
1	منگو شریمپ
1	تاکو مکزیکی
1	طلوع کوهستان
1	فارست ویسپر
1	هارمونی طبیعت
1	شفق سرخ
1	بلور آرامش
1	دانتل شکلاتی
1	کرم فندق
1	شوکت
1	فریکن
1	هالوسیس
1	پاستا
1	چاباتا مرغ و قارچ
1	چاباتا پلدبیف
1	چاباتا فیله بوقلمون
1	پیکولو
1	کوکونات چاکلت
1	امریکن اسپارکلین
1	گلدن وانیل
1	لوندر دریم
1	مولین روج
1	ویکتوریا سانست
1	شیک ایرانی
1	شبک پینات
1	ماکتیل بلادی
1	ماکتیل بلواسکای
1	ماکتیل سانست
1	آیس شکلات
1	آیس شکلات فندق
1	کیک مگنو برانی
1	کشک و بادمجان(350 گرم)
1	میرزا قاسمی(350گرم)
1	کشک بادمجان (200گرم)
1	میرزا قاسمی (200گرم)
1	خوراک کباب تابه ای
1	خوراک مرغ ترش جنگلی
1	چلو + خورش کرفس با گوشت
1	چلو + خورش فسنجان با گوشت قلقلی
1	چلو + خورش قورمه سبزی
1	چلو + خورش قیمه
1	چلو + خورش قیمه بادمجان
1	استانبولی با گوشت قلیه
1	چلو ساده تک پرس
1	چلو نیم پرس
1	چلو+خورشت فسنجان با گوشت مرغ
1	خورش قورمه سبزی
1	خورش کرفس با گوشت
1	خورش قیمه و بادمجان با گوشت
1	خورش فسنجان با گوشت قلقلی
1	خورش فسنجان با گوشت مرغ
1	ماست و اسفناج مخصوص
1	سوسیس وتخم مرغ
1	سوسیس تخم مرغ اقتصادی
1	اسکرامبل اقتصادی
1	ابمعدنی کوچک
1	دوغ پت خوشگوار
1	نوشابه قوطی 330
1	پیتزا دیا ولا
1	پیتزا مکزیکانو
1	پیتزا دیفرنت چیکن
1	اسموک برگر
1	رول ماهی قزل
1	پاستا پنه پستو
1	پاستا پولد بیف
1	پاستا پیرانچیو
1	سالاد رکولا
1	قهوه کلد برو
1	آفاگاتو (بستنی،قهوه )
1	ویولیت
1	چری بری (توت فرنگی،شاه توت ،البالو)
1	Cherry Berry
1	ماکتیل
1	میلک شیک ریو
1	کیک ساچر شکلاتی
1	کانفیت باربری (زرشک)
1	بلک بری کانفیت
1	چری کانفیت
1	کانفیت کرم کافی
1	کانفیت کارامل نمکی
1	گرین دریم
1	آب هویچ و زنجبیل
1	شیک میندلا
1	پیتزا میامی مینی
1	پیتزا میامی یک نفره
1	پیتزا میامی دو نفره
1	پیتزا شیکاگو مینی
1	پیتزا شیکاگو یک نفره
1	پیتزا شیکاگو دو نفره
1	پیتزا چیکن مینی
1	پیتزا چیکن یک نفره
1	پیتزا چین دو نفره
1	پیتزا بمبئی مینی
1	پیتزا بمبئی یک نفره
1	پیتزا بمبئی دو نفره
1	سرد
1	اسموکی برگر ذغالی
1	همبرگرد
1	گلستان برگر
1	پیراشکی گوشت و مرغ
1	پیراشکی پیتزا
1	کوکاکولا بطری
1	دریم کافی
1	بلومان
1	رد سی
1	نبولا
1	شاتوت گلاسه
1	نوتلا گلاسه
1	شکلات گلاسه
1	موز گلاسه
1	بستنی میوه ای گلستان
1	باقلوا بستنی
1	بستنی سنتی
1	قهوه بستنی
1	کیک شٍنی
1	سینی تنقلات
1	نیوان برگر
1	فوکاچیا پولدبیف (دو نفره)
1	فوکاچیا پولدبیف(یک نفره)
1	فوکاچیا مرغ (دو نفره)
1	فوکاچیا مرغ (یک نفره)
1	پاستا نیوان
1	سالاد نیوان
1	بییر
1	افاگاتو
1	نیوان بانو
1	مخصوص نیوان
1	چایی سبز با هل و زعفران
1	گلدن گریپ
1	رابی وود لندز
1	مری جین
1	سیتروس کراش
1	رِد فانتوم
1	ابجو تریپل زست
1	سرشت سوهان
1	چاکلت فیوژن
1	ماواها فیوژن
1	چری فیوژن
1	پینات فیوژن
1	بیسکو فیوژن
1	اورئو فیوژن
1	کافی فیوژن
1	منگو پارادایس
1	بری پارادایس
1	بیکن گوساله
1	سس قارچ دست ساز
1	سس خردل عسل
1	سس بوفالو
1	پرو شکلات
1	کالباس خشک پارسا
1	کالباس لیونر ممتاز قالبی پارسا
1	ژامبون گوشت 90% پارسا
1	کالباس کرات (گوشت ، قارچ، مرغ) پارسا
1	کالباس قارچ و مرغ پارسا
1	کالباس مرغ 70% پارسا
1	ژامبون گوشت 90% نوروزی پارسا
1	ژامبون گوشت تنوری 90% پارسا
1	ژامبون اسموکی 90% پارسا
1	ژامبون تنوری مرغ 90% پارسا
1	بیکن (گوشت ، مرغ) پارسا
1	سوسیس کوکتل (مخصوص 90% گوشت قرمز) پارسا
1	سوسیس کوکتل دودی (80% گوشت) پارسا
1	سوسیس کوکتل پنیری (70% گوشت، پنیر پروسس و گودا) پارسا
1	سوسیس کوکتل انگشتی (90%گوشت) پارسا
1	کالباس مارتادلا مفیدان
1	کالباس لیونر مفیدان
1	کالباس قارچ ، مرغ مفیدان
1	کالباس لیونر پسته دار (رباطی) مفیدان
1	ژامبون فرانسوی مفیدان
1	ژامبون پرسی مرغ90% مفیدان
1	ژامبون پرسی گوشت 90% مفیدان
1	کالباس لیونر ممتاز 70% مفیدان
1	سالامی 90%
1	ژامبون مخلوط گوشت و مرغ90%
1	ژامبون مخلوط گوشت و مرغ90% تنوری
1	فیله گوشت 96%
1	ژامبون گوشت نوروزی تنوری
1	بیکن مخلوط 90%
1	فیله مرغ و بوقلمون
1	هروئیکا (سینه مرغ )
1	خشک ممتاز 70%
1	کالباس خشک بلژیکی
1	بوقلمون (سینه بوقلمون)
1	کالباس خشک 60% پسته ای
1	کالباس مدیترانه (قارچ و زیتون)
1	کالباس خشک ممتاز 80%
1	کالباس قارچ و گوشت
1	کالباس مرغ 60% مفیدان
1	سوسیس آلمانی مفیدان
1	سوسیس کوکتل 60% مفیدان
1	سوسیس کوکتل ویژه 70%گوشت قرمز مفیدان
1	کوکتل پنیر مفیدان
1	چوریتسو 90% مفیدان
1	کوکتل دودی مفیدان 90%
1	کراکف پنیری مفیدان
1	سوسیس بلغاری گوشت مفیدان
1	ژامبون گوشت تنوری فرانسوی
1	سوسیس آلمانی
1	سوسیس کوکتل
1	سوسیس کوکتل ویژه
1	کالباس خشک
1	پنیر پیتزا یک کیلویی
1	پنیر پیتزا 500 گرمی
1	پنیر پیتزا ممتاز یک کیلویی
1	پنیر پیتزا ممتاز 500 گرمی
1	نوشابه های۱/۵لیتری پپسی
1	انواع نوشابه های۳۳۰میلی لیتری پپسی
1	تاکی ماشروم
1	چیکن بری
1	سویت اندساور وینگز
1	داینامایت وینگز
1	شیشلیک Vip تری لانژ
1	برگ Vip تری لانژ
1	فیله Vip تری لانژ
1	گوشت Vip تری لانژ
1	پیتزا ریوولتا
1	پیتزا فیلت اسلایس
1	پیتزا بیکن فرایز
1	پیتزا آکس بایت
1	پیتزا وجترین
1	پیتزا دبل استگ
1	کارملایزر برگر
1	برگر اسپشیال درخت
1	فوربیدن بایت
1	ولوت برگر
1	ساندویچ پولد بیف کراملایز
1	سرویس پلیت تری لانژ
1	سرویس پلیت VIP تری لانژ
1	2 نفره چای ویژه مراکشی
1	3 نفره چای ویژه مراکشی
1	4 نفره چای ویژه مراکشی
1	5 نفره چای ویژه مراکشی
1	6 نفره چای ویژه مراکشی
1	7 نفره چای ویژه مراکشی
1	8 نفره چای ویژه مراکشی
1	9 نفره چای ویژه مراکشی
1	10 نفره چای ویژه مراکشی
1	بادام روکش دار
1	آلو سیاه جنگلی
1	برگه الوسیاه
1	نوشابه قوطی مکس
1	چاکلت فرانسوی
1	یاقوت درخت
1	سنبل
1	آرامبخش
1	گجرات
1	زعفران ویژه
1	اووکادو کریم
1	آفاگاتو نوتلا
1	مانگومیلک
1	ویستریا
1	شرمن
1	پاندا پانچ
1	بوربون
1	میکس پانچ بری
1	مانگو بری
1	کارامل دریم
1	قیصر
1	منگو تانگو
1	چوکولوکس
1	گرین بابل
1	دراگون بابل
1	کیک پسته
1	کیک پاریس برست
1	اپرا
1	کیک نارگیلی
1	تزیین کیک تولد با شمع و موزیک
1	کیک رافائلو
1	پاستا اسپایسی چیکن
1	سوپریم برگر بامبو
1	رویال برگر ویژه
1	پیتزا ایتالیایی بامبو(دونفره)
1	پیتزا چیکن لاورز ایتالیای
1	پیتزا مخلوط ایتالیای
1	پیتزا کالزونه ویژه تك نفره
1	سیبب زمینی پنیر
1	چیپس و پنیر ویژه
1	سیب ساده
1	مخلوط دونفره
1	پيتزا ويژه بامبو ٢نفره
1	پيتزا ويژه بامبو تك نفره
1	چكن لاورز ٢نفره
1	كالزونه 2نفره
1	بریانی مرغ
1	وزیری
1	آمریکایی
1	سوسيس تخم مرغ
1	باتر میکس
1	جوکوموند
1	MINYIX
1	منگو بری
1	كافه گلاسه
1	شيك موز
1	شيك انبه
1	گلاسه نوتلا
1	سینرژی
1	تامارین
1	بلوبیچ
1	شيرموز
1	شير موز ويژه
1	شير موز با بستني
1	شير انبه
1	شير انبه بستني
1	خاکشیر گلاب زعفران
1	لیمو بهار نارنج تخم شربتی
1	شربت گل سرخ
1	پینات جینجر
1	جار كيك
1	هويج گردو
1	كرم پسته
1	ترا میسو
1	سن سپاستين كارامل
1	دنيش توت فرنگي
1	دنیش سیب
1	تویست چاکلت
1	اپل ترنوور
1	اچما
1	سرویس چای ساده
1	سرویس شیر چای
1	سرویس اسپیشیال
1	سرويس چاي طلاي
1	شير چاي طلاي
1	پک یلدا
1	ویژه (لاو)عربی
1	نعناع چوبی
1	مسکو عربی
1	لیمو چوبی
1	انار چوبی
1	سیب یخ چوبی
1	انبه چوبی
1	شیر انبه چوبی
1	آلو یخ عرب
1	زعفران گل چوبی
1	آدامس دارچین چوبی
1	آدامس نعناع چوبی
1	دو سیب آلبالو چوبی
1	هلو لیمو چوبی
1	دوسیب شلیل چوبی
1	پرتقال نعناع چوبی
1	آدامس کوهی چوبی
1	آدامس عسلی چوبی
1	انگور نعنا چوبی
1	لیمو کیوی چوبی
1	شیر بیسکویت عربی
1	پیپ شکلات چوبي
1	شیر زعفران چوبي
1	لیمو نعناع چوبي
1	شیر نارگیل چوبي
1	زعفران انبه چوبي
1	پسته خامه چوبي
1	دارچین یخ چوبي
1	آدامس هندوانه چوبي
1	پرتقال انبه چوبي
1	لیمو ترش چوبی
1	دژاوو عربی
1	بیسکویت عربی
1	بلوبری چوبی
1	دو سیب چوبی
1	شیر طالبی چوبی
1	مادمازل عربی
1	ادامس کوهی عربی
1	شیر بسکویت عربی
1	شب های بامبو
1	سلاد فصل
1	سلاد شيرازي
1	پک میوه
1	پک ترش
1	پک ویژه بامبو
1	مون شاین
1	كوبيد
1	نوشابه قوطي كوكا
1	چلو پاچین کبابی
1	چلو خورشت گوشت و بادمجان
1	چلو خورشت فسنجان (مرغ)
1	استامبولی (گوشت گوساله )
1	شله مخصوص( 1 کیلویی)
1	شله مخصوص ( 1/5 کیلویی)
1	شله مخصوص ( 2 کیلویی)
1	ترشی مخلوط زیتون تند
1	بری چاکلت
1	لوتوس چاکلت
1	هانی مون
1	پرشین گلد پاپیون vip
1	سامر کیس ویژه پاپیلون
1	گلدن ایرلند ویژه پاپیلون
1	رینی فارست ویژه پاپیلون
1	آنامون ویژه پاپیلون
1	دیزرت فروت ویژه پاپیلون
1	بری مون
1	بوساناوا ویژه پاپیلون
1	سامبا ویژه پاپیلون
1	لوتوس ویژه پاییلون
1	ارده کارامل ویژه پاپیلون
1	نوتی کلود ویژه پاپیلون
1	شیک دبل چاکلت ویژه پاپیلون
1	شیک اورئو ویژه پاپیلون
1	سینی انگلیسی
1	سینی پروتئین
1	سینی فرانسوی
1	رول اسفناج
1	اتمیل
1	پنیر گودا
1	سبد نان
1	کیک پاییزه
1	رول نیویورکی شکلاتی
1	کیک شکاتی
1	دوغ شیشه ابعلی
1	ساندویچ اسپشیال میکس
1	ساندویچ گرند پستو
1	Vip
1	رزرو تولد
1	میز آرایی و میوه آرایی
1	میزارایی تولد
1	فوکاچیا بیکن اگ با سس پستو
1	چوریتسو اند مش
1	خوراک لوبیا و زبان
1	زیتون سوخاری همراه با دیپ زیتون
1	سیب ناندوز و دیپ چدار
1	چیکن پاپکرن
1	سالاد ولدروف
1	فرنچ بیکن و چدار
1	فیله استریپس پنج تیکه
1	فیله چهار تیکه گریل با دورچین
1	دراگون سوخاری
1	اسلایدر انیون لاور
1	اسلایدر گوشت
1	اسلایدر ماشروم
1	ساندویچ فوکاچیا پولد بیف با پیازکاراملی
1	تانگ برگر
1	پاستا بیف عربیاتا
1	پاستا چیکن عربیاتا
1	دلسترلیمو
1	آیس امریکنو بلند
1	آیس امریکنو عربیکا
1	پیتزا چیکن(پرومکس ویژه)
1	پیتزا مخلوط(پرومکس ویژه)
1	پیتزا ویژه(گوشت و قارچ و کالباس)
1	کوکوهات
1	بیستلا
1	کوکولایف
1	بلو انجل
1	منگو لایف
1	پینات بانانا
1	نوتلا تایم
1	ملون سوییت
1	پاستا بیکن
1	تاپینگ نوتلا
1	هزینه رزرو سالن ( برای یک ساعت )
1	چای هل زعفران دارچین
1	کوک بری
1	پلنگ صورتی
1	مینیون
1	پنلوپه
1	شیر طالبی
1	رد ولوت
1	ارامش
1	معكروونة بستو بالدجاج
1	معكرونة بستو مع فيليه عجل
1	فتوجینی بستو با فیله گوساله
1	فتوجيني مارينارا
1	فتوجيني توسكانا بالدجاج
1	ميكس معكروونة بستو
1	برغر الكلاسيكي
1	جيز برغر
1	بيستو برغر
1	ليو برغر
1	چلو گوشت مخصوص
1	چلو فسنجان یاسمین
1	چلو قرمه گوسفندی
1	چلو ماهی قزل آلا کبابی
1	سینی دو نفره یاسمین
1	چلو گوشت دو نفره
1	ماهیچه گوسفندی دو نفره
1	سینی سه نفره یاسمین
1	چلو استانبولی مخصوص یاسمین
1	ژیگومخصوص 4نفره یاسمین
1	چلوفسنجان باگوشت قرمه گوسفندی
1	چلو شیشلیک یاسمین
1	چلوپاچین
1	مرغ طلایی یاسمین
1	چلو خورشت سبزی
1	چلو قیمه بادمجان
1	ماست خامه ای سون
1	نوشابه قوطی زرد
1	نوشابه قوطی رژیمی
1	دلستر قوطی استوا
1	چلوساده
1	چلو قیمه و چلو قرمه سبزی
1	بوفه صبحانه
1	بوفه ناهار
1	بوفه شام
1	بوفه سالاد
1	برنج سفيد
1	چلو خورشت قرمه سبزي
1	چلو خورش قيمه
1	چلو شيشليک
1	چلو گوشت / گردن
1	چلو ماهي قزل آلا
1	چلو ماهيچه
1	مخصوص حیات
1	رست ویچ
1	چیکن ویچ
1	چيگن برگر
1	برگر مخصوص حیات
1	ترشی فلفل
1	قهوه رویال
1	دالگونا نارگیل
1	شيک موز و شکلات
1	شيک قهوه
1	لیمو پرتقال
1	چای عربی
1	دارک کیک با کرم موکا
1	پای نارگیل شکلاتی
1	کافی کیک کشمشی
1	ریسترتو Ristretto
1	لانگو
1	لانگ بلک
1	نوتلاچینو
1	کوکوچینو
1	شیرپسته
1	شیرموز پسته
1	شیرموز نارگیل
1	شیرموز طالبی
1	شیرموز خرما بستنی
1	شیک موز نوتلا
1	شیک بیسکوییت نوتلا
1	کیک خیس
1	کیک ساده
1	اقیانوس
1	دریا قرمز
1	باغ قرمز
1	گلکسی
1	رد هاوایی
1	سنوریتا
1	بنزین سوپر (مخصوص آدلی)
1	شیرموز کره بادام زمینی
1	شیرموز خرما کره بادام زمینی
1	نوشیدنی بلوهاوایی
1	نوشیدنی بابل گام
1	نوشیدنی مخلوط توت ها
1	نوشیدنی سیب کیوی
1	مخلوط توت ها
1	انرژی زا (king)
1	انرژی زا بیگ بر
1	آب میوه پرتغال خونی
1	آب میوه هلو
1	آب میوه انار
1	آب میوه گلابی انبه
1	سیروپ گل رز
1	زنجبیل
1	دوبی ویفر( پسته ای)
1	کیک پسته ای
1	کیک رولی نارگیلی
1	کیک رولی شکلاتی
1	کیک رولی پنیری
1	هات پسته زعفران
1	ایس لته
1	سیگنیچر کافی (پیشنهاد بارتندر)
1	سیگنیچر کافی
1	Smooth coffee
1	شیک کارامل نمکی
1	شیک دارکو
1	شیک پارسی
1	تارت لوتوس
1	پلیت میوه
1	ساید سبزیجات
1	نوشابه سون اپ
1	ماشعیر استوایی
1	ماءالشعیر خانواده
1	آب‌معدنی کوچک
1	آب‌معدنی بزرگ
1	دوغ مخصوص امیرکبیر
1	آب گازدار با طعم لیمو
1	کرتادو (30/70) روبوستا
1	کرتادو تک خاستگاه
1	آیس تونیک پشن فروت (30/70) روبوستا
1	آیس تونیک پشن فروت تک خاستگاه
1	آیس پینات
1	شیرشکلات نارگیل
1	باقلوا خامه ای
1	آب طالبی بستنی
1	میلک شیک کارامل
1	میلک شیک طالبی
1	میلک شیک انبه
1	تیرامیسو
1	میلک شیک کوکی
1	جریان سبز
1	جریان قرمز
1	نیلوفر آبی
1	نیلوفر سفید
1	فرشته آبی
1	سلنا
1	نگار
1	مرجان
1	بیکن پیاز ایتالیایی
1	چیکن پستو ایتالیایی
1	سبزیجات ایتالیایی
1	پاستا چیکن مارینارا
1	نوشابه زرد
1	تارت وانیل میکس بری
1	تارت شکلات دبی
1	تارت کارامل گردو
1	تارت رافائلو
1	تارت برتن وانیل با کرم ژاندویا
1	تارت نوتلا
1	تارت موس بری
1	تارت وانیل بری
1	تارت شکلات نوتلا
1	تارت گردو کارامل
1	کیک دارک چاکلت
1	باکس مارشمالو
1	ماکارون
1	باکس ماکارون ۵ عددی
1	گلت آلبالو
1	گیس دونات
1	گیس دونات شکلاتی
1	پودینگ چیا میوه ای
1	سوییس پن منجمد
1	توییست منجمد
1	دنیش منجمد
1	گواوا لسنز
1	آیریش مود
1	تروپیکال سانست
1	یور پشن
1	رد شامپاین
1	شیک‌ کاراملایز
1	ناتی هات
1	هات پیستاچو
1	Ethiopia benti nenka
1	تادی 100 عربیکا
1	رد لاین
1	گرین هاوس
1	پاور جی
1	پیس
1	ماچا تافی
1	سرویس عصرانه VIP باکارا
1	سرویس عصرانه ویژه باکارا
1	ست مزه
1	ست آجیل
1	اسپشیال میوه
1	ال کاپو
1	افزودنی های موجود
1	بلک ولوت
1	هالووین
1	بیسکوتوس
1	بلک بلاد
1	تی ان تی
1	شیک‌انبه
1	آن شرلی
1	شلبی
1	سانی
1	لیلیوم
1	هرمز
1	کهکشان هوپاد (2 نفره)
1	تابالوگا
1	فلوکی
1	ولورین
1	آفوگاتو
1	کیک های روز
1	سرویس کامل هوپاد
1	شارژ میوه
1	شارژ ‌پاستیل
1	شارژ آجیل
1	شارژ بادام‌ طعم‌دار
1	جزیره بهشت
1	لیدی
1	اب هندوانه
1	اب طالبی
1	صبحانه ایرانی مالوا
1	سوسیس تخم مرغ مالوا
1	پیده سوجوک
1	کالزونه چیکن پستو
1	پیده خاچاپوری
1	صبحانه بیگل
1	پیتزا بیکن و چوریتسو
1	پاستا کربونارا
1	پاستا چیکن آلفرادو
1	ماسترد برگر
1	فرایز فور چیز
1	لمون فیز
1	اسکاچ فیز
1	چری فیز
1	سیلکی تیست
1	کوکی کرم
1	سارسا پاریلا
1	زرکو
1	بیسکوچین
1	بلواسکای
1	لیدی مونرو
1	آروما45
1	بلواسموک
1	شربت هلو-گرانادین
1	شارپ ساید
1	هات فاچ سندی
1	سولوتوس
1	استرابری چیز کیک
1	میلک شیک تیرامیسو
1	دویلز چاکلت
1	آچما پنیری
1	موس بلک فارست
1	کیک موکا
1	سینی مخصوص گراندیس
1	سینی ویژه
1	سینی فیروزه ای
1	سینی ترکیبی
1	سینی فست فود
1	سینی ماهی قزل آلا
1	سینی کهبد گراندیس
1	سینی رژیمی
1	سینی شاهپسند
1	سینی سلطانی
1	سینی گوشتی
1	سینی مخصوص عفیف
1	سینی 3 نفره
1	سینی اکونومی
1	سینی لذیذ
1	پایه تک
1	سرویس ویژه گراندیس
1	چای با نبات
1	چای و قند
1	بیلیارد
1	سرویس دورهمی
1	بیلیارد نیم تایم
1	چایی با نبات صبحانه
1	آب بزرگ
1	پارچ دوغ
1	اسکرامبل رنچ
1	اسکرامبل قارچ و بیکن
1	چاباتای گوشت و تخم مرغ
1	اوتمیل بری
1	اسکرامبل پستو
1	مانگو چاکلت
1	رد بلک
1	آفاماچا
1	چوگاتو لادیز
1	ماچا چ چ
1	مانگی
1	راک
1	چای جاسمین
1	بال پاچین سوخاری
1	چیکن دونر
1	جاردینو (گیاهی)
1	لادیز برگر
1	پیاز برگر
1	زینگر (فیله سوخاری)
1	سالاد مخصوص دونفره
1	آب انگور گاز دار 1 لیتری
1	شیک وانیل
1	شیک پای سیب
1	شیک توت فرنگی خامه
1	شیک چی فلکس
1	شیک بوباچینو
1	شیک رافائلو
1	شیک کره بادام‌زمینی
1	شیک دبی چاکلت
1	شیک لوتوس
1	شیک لوتوس نارگیل
1	شیک لوتوس قهوه
1	شیک وایولت
1	شیک ترش
1	شیک چری بری
1	شیک پروتئین وی
1	شیک ماسالا پنیری
1	شیک نوتلا و توت فرنگی
1	شیک موز و نوتلا
1	برگ سبز
1	لباس قرمز
1	نت استوایی
1	توتی فروتی
1	آلبالو وانیلی
1	لیان
1	هری استایلز
1	ملون رز
1	های بوش بلوبری
1	بلانژ
1	جت فایر
1	آیس تی کلاسیک
1	آیس تی هیبیکاس
1	آیس‌تی هلسا
1	آیس‌تی نارنیا
1	آیس تی هیلان
1	آیس‌تی‌ تروپیکال
1	تادی (100 عربیکا)
1	دمی لاین A
1	دمی لاین B
1	موچی نوتلا
1	موچی نوتلا توت فرنگی
1	موچی موز نوتلا
1	موچی کیت کت
1	موچی اورئو
1	موچی لوتوس
1	موچی توت‌فرنگی خامه
1	موچی شاتوت خامه
1	موچی پسته
1	موچی فندق و پسته
1	موچی انبه
1	چیپس و ماهی
1	سوپ روز واریان
1	پوتین
1	استیک نیویورکی
1	استیک ماهی
1	استیک آنتروکوت
1	گوشت و بیکن
1	پسته بوقلمون
1	مرغ و پستو
1	گوشت و گلابی
1	استیک و بوقلمون
1	گوشت و بادمجان
1	فیلتو بیکن
1	دیترویت گوشت و بیکن
1	دیترویت مرغ و پاپریکا
1	دیترویت بیکن بوقلمون
1	دیترویت پولدبیف
1	سالاد مرغ و زیتون
1	سالاد کاهو و کیپرز
1	سالاد ماهی
1	سالاد جورجیو رول
1	کته سولواکی چنچه
1	کته میگو
1	کته سولواکی مرغ
1	کته ماهی
1	رول کرپ
1	هزارلاگوشت
1	اورجینال چاکلت
1	چای ۱۰۰۰
1	چای ۱۰۰۰۰
1	بادینا
1	لمورا
1	بابونلیا
1	رزمینا
1	زرشینا
1	سیبرونا
1	چای واریان
1	سالیا
1	لومئا
1	بریو
1	ساریما
1	فیورا
1	سیتریا
1	آچیدا
1	کالویا
1	بیسکویا
1	گرانوشیا
1	روسیا
1	لوتومالیا
1	لوتره آ
1	بلوآرانچ
1	پپسی شیشه
1	میراندا شیشه
1	سون آپ شیشه
1	پپسی مکس (زیرو)
1	میراندا قوطی
1	ماالشعیر
1	چی لایف لیمویی
1	خوراک آسیایی
1	ساندویچ مرغ پستو
1	ساندویچ مرغ چیلی
1	ساندویچ مرغ زیتون
1	رُست بریوش
1	پینات بریوش
1	مارگاریتو پستو
1	کلاب رژیمی
1	کلاب بوقلمون
1	کلد برو تک خواستگاه
1	کلدبرو گازدار آمبر
1	کلدبرو گازدار روبی
1	آیس/هات ماچا توت فرنگی
1	آیس /هات ماچا نارگیل
1	آیس/هات ماچا پسته
1	تراول کیک بادام و آلبالو
1	پودینگ چیا بری
1	پودینگ چیا انبه
1	پروشیک قهوه
1	فرنی شکلاتی
1	فرنی بادام زمینی
1	فرنی پسته زعفران
1	جینجر بری
1	تارتا
1	خاکشیر آلوئه ورا
1	شیک کوکو کافی
1	شیک انبه و زعفران
1	پونچ زمستانی
1	ژلاتو
1	شیر نسکوئیک
1	عقیق
1	آسمان آبی
1	شراره
1	یشمینه
1	زمرد
1	استون فروت
1	قهوه تخصصی
1	پنینی بیکن
1	بیکن تخم مرغ
1	قورمه تخم مرغ
1	فرایز چیکن
1	فتوچینی کرم قارچ
1	شاتو استیک
1	میت برگر
1	دبل چیز
1	Acid spell
1	Mango lava
1	tamarind pop
1	Anabel
1	Pine rise
1	پروتیین بار بادام
1	پاریس برست فندق
1	پیتزا سالامی
1	ساندویچ فیله مرغ تنوری
1	ساندویچ ژامبون گوشت
1	ساندویچ ژامبون مرغ
1	ساندویچ فلافل
1	کوکوشای
1	ابرش
1	ابرش گلد
1	نسیم دشت
1	چیکن ناپولی
1	چیکن پستو CM32
1	سیر و استیک 32CM
1	استیک بیکن
1	نان و سیر (فرماژیو) 32CM
1	چیکن گریل برگر
1	استاف ویژه
1	استاف کراس
1	فیله سوخاری 2تیکه
1	فیله سوخاری 4تیکه
1	سالاد ژامبون
1	بعلبکی 2 نفره
1	بعلبکی 4 نفره
1	ساندویچ شاورما مخصوص
1	ساندویچ شاورما عربی
1	شاورما پرسی خانواده
1	شاورما پرسی مخصوص خانواده
1	ژل کرم کلاژن مدیکیوب
1	سرم PDRNمدیکیوب
1	کرم مرطوب سیمپل ریچ
1	کرم مرطوب سیمپل لایت
1	ماسک بایودنس
1	اسپری آبرسان سنتلا
1	نیاسینامید اوردینری
1	سرم آبرسان اوردینری
1	کپسول تقویت پوست کوکونات
1	ضدلک اکسس وای
1	سرم روشن کننده و آبرسان سنتلا
1	BBکرم فارماسی
1	CCکرم فارماسی
1	مکمل فیتو سیان
1	چلو برگ نادری
1	چلو لقمه شاهی
1	چلوماهی کبابی سالمون
1	کباب برگ نادری بدون برنج
1	ماهی بدون برنج قزل سالمون سرخ شده
1	مرغ سرخ شده بدون برنج
1	خورشت قرمه سبزی بدون برنج
1	خورشت قیمه بدون برنج
1	کباب سلطانی بدون برنج
1	کباب وزیری بدون برنج
1	ماهی کبابی سالمون
1	کته
1	زرشک پلو
1	چلو شالتو کباب
1	چلو خیش خاش کباب
1	شالتو کباب
1	خیش خاش کباب
1	زیتون میکس
1	ماست پرچرب
1	چلو قرمه سبزی خودمونی
1	ماکارانی خودمونی
1	چابی سبز
1	سبز مراکشی
1	سیب وانیل ( آرام بخش )
1	سیب دارچین ( آرام بخش )
1	سامر بریز
1	پیچ ایس تی
1	ماچا انجوی
1	بری سپرایت
1	افترایت(شکلات نعنا)
1	چوکو بریز
1	ماچا انجوی (ماچا، لیمو ترش، آب سیب)
1	شیک سینامون کوکونات
1	شیک هیزل چاکلت
1	شیک سام انرژی - ویژه
1	شیک دارک مود
1	سایکل سامر
1	مانگوبری
1	پینک مون
1	بلواوشن
1	سان رایس
1	لیدی رد
1	تروپیک رز
1	بیسکوهات
1	چای ویژه سام
1	چای مراکشی ویژه
1	خلوت سبز - آرامش
1	سبز آرام - نوستالژی
1	شفای بهار - کلد استاپ
1	چای انگلیسی - ویژه سام
1	بهار طلایی
1	آرسام (صبحانه سرد)
1	آیسام
1	شهسام
1	مهرسام
1	برسام
1	کیاسام
1	سامیا
1	رامسام
1	لابستر
1	خوراک سبزیجات میگو
1	ماهی روز
1	افزودنی سیروپ
1	چاکلت پینات
1	هزنات چاکلت
1	اورنج تایمز
1	شربت زعفران تخم شربتی
1	شربت خیار سکنجبین
1	سرویس ویژه تک
1	ظرف میوه
1	آجیل تکنفره
1	ظرف لیمو
1	پیلا پیلا
1	کارائیب
1	کوکو دریم
1	پاین بری
1	پیناتو
1	ملونا
1	پاین اپل کول
1	سوییت هارمونی
1	شیک ملون
1	رفرش
1	شربت جان
1	سیتروس
1	کیک و پیستری روز
1	ماست مزه دار شده
1	ترشی انبه چیلی
1	فصل
1	هات پسته زعفرانی مخصوص
1	چوکوپف
1	چوکوپف وایت
1	چوکوپف پینک
1	شیک بیسکوئیت
1	شیک پیناتلا
1	کرن بری
1	پشن فروت
1	میز شماره ۱
1	میز شماره ۲
1	میز شماره ۳
1	میز شماره ۴
1	میز شماره ۵
1	میز شماره ۶
1	پک کربو پروتئین
1	شنیسل مرغ تک
1	نئو جیم
1	جیم پلاس
1	پروتئین کافی
1	شوکوپینات
1	آیس چاکلت نارگیل
1	بیسکو میلک
1	شیر شکلات آیریش
1	کلد برو 120cc
1	کلد برو 180cc
1	کلد برو 2۵0cc
1	شیک کوکی بری
1	شیک نئو
1	شیک موز بری
1	خلال بادام درختی
1	پرک بادام درختی
1	خلال پسته
1	ادوبه قرمه سبزی
1	ادویه قیمه زعفرانی
1	ادویه کاری
1	ادویه مرغ
1	ادویه میگو
1	ادویه خورشتی
1	ادویه شاورما
1	ادویه کباب کتلت
1	ادویه پیتزا
1	ادویه پلویی
1	ادویه ذرت مکزیکی
1	ادویه شله مشهدی
1	ادویه فلافل
1	ادویه چهار زیره
1	پلیت چیکن کاری
1	پلیت مدیترانه ای
1	پلیت وگن
1	چیکن کربو
1	کته مرغ و کدو
1	گرین اسپایسی
1	ملون کولر
1	کاپرینا
1	کوکو بنانا
1	کریزی منگو
1	ساندویچ گوشت و پیازچه
1	ساندویچ مرغ گریل با سس چیلی تای
1	برگر ژامبون با پنیر گودا
1	گل گاو زبون
1	چای استکانی
1	پاستا آلفرودو با گوشت گوساله
1	چیکن پارمسان فتوچینی
1	شیک موز و کره بادوم زمینی
1	منگو هیس
1	چاکلت دریم
1	پروتیکال
1	وینوروسو
1	سی بیس
1	بریتو
1	چری سینامون
1	منگولایم
1	اسکای
1	پشن ایت
1	پکیج شش نفره ساندویچ و برگر
1	پکیج 5نفره پیتزا
1	پکیج 3نفره پیتزا
1	پکیج 5 نفره سالاد
1	پکیج 10 نفره پیتزا
1	نان ناپولیتن
1	سس
1	سن سباسین
1	کیک بری چاکلت
1	پرشین پانچ
1	رد فیزی
1	پشن لمون آیس تی
1	پرپل دریم
1	ماچالته
1	برگر باشی
1	دلستر شیشه ای
1	گلدن تافی
1	کوکاکولا کلاسیک
1	کوکاکولا زیرومکس
1	دوغ نعنا
1	هایپ ۲۵۰ cc
1	انرژی زا (وان دی)
1	انرژی زا (شاتل )
1	انرژی زا ( tnt)
1	چای سفید فرنچ تک
1	چای هل فرنچ تک
1	چای دارچین فرنچ تک
1	چای زنجبیل فرنچ تک
1	بهار نارنج فرنچ تک
1	بابونه فرنچ تک
1	اسطوخودوس فرنچ تک
1	کاکوتی فرنچ تک
1	سیب لیمو فرنچ تک
1	باقلوا تک
1	قوری چای تک
1	ردایلند
1	گلدن نایت
1	آن تایم
1	لست نایت
1	استوری (داستان )
1	شیک آناناس
1	کیک نارگیلی (پنیری )
1	کیک سیب گردو
1	کیک نوتلا
1	اگ پلیت
1	پوتیتو
1	قفقازی مرغ و سبزیجات ساته
1	قرمه تخم مرغ
1	ساق ران سوخاری (یک عدد)
1	فیله سوخاری (یک عدد)
1	بال سوخاری (یک عدد)
1	پایان سوخاری (یک عدد)
1	برگر گوشت صد درصد (دستی)
1	رول سوخاری (ویژه کنگر)
1	چیکن توپک پنیری
1	کوکتل پنیری (90 درصد)
1	سس پنیر دیپ ویژه
1	سس مخصوص کنگر
1	سس سوئیت چیلی
1	سس تک نفره کچاپ
1	سس تک نفره کچاپ تند
1	سس تک نفره مایونز
1	سس تک نفره مایونز تند
1	نان بروتچن
1	نوشابه قوطی زیرو مکس
1	نوشابه پت پپسی
1	نوشابه پت میرندا
1	نوشابه پت سون آپ
1	نوشابه خانواده میرندا
1	دلستر قوطی هی جو لیمو
1	دلستر قوطی هی جو استوایی
1	دلستر خانواده هی جو لیمو
1	دلستر خانواده هی جو استوایی
1	نوشابه انرژی زا استرانگ بر
1	آب گاز دار آکوافینا
1	سيني ويژه 4 نفره (مخصوص تنت)
1	سيني مخصوص 3 نفره
1	چلو شيشليک (دشت)
1	چلو نگيني
1	چلو ميکس
1	خوراک نگيني
1	خوراک میکس
1	خوراک شيشليک
1	خوراک وزيري
1	سینی ۳‌نفره رویال
1	سینی رویال ۳ نفره
1	چلو آدانا کباب
1	چلو بره
1	مندی دجاج
1	چلو آدنا کباب
1	خورشت داوود پاشا
1	خوراك آدنا كباب
1	مرغ زیتونی مراکشی 2 نفره
1	vip beri
1	vip gum
1	royal grape
1	vip dejavo
1	vip lemon
1	vip love
1	vip apples
1	آدامس کوهي
1	آدامس دارچين
1	انگور نعنا
1	دوسيب
1	دو سيب آلبالو
1	ليمو
1	بلوبري
1	شب هاي مسکو
1	بلوناد
1	شربت ختمي
1	خاکشير آلوئه ورا
1	خيار سکنجبين
1	قلب روهنا
1	وال خونی
1	صحرا
1	لته ( عرب )
1	لته (ميکس)
1	لته طعم دار ( عرب )
1	لته طعم دار ( ميکس )
1	هاني لته
1	آيس لته
1	آیس لته طعم دار
1	هات لوتوس
1	هات پينات
1	ايتالين چاکلت
1	شير چاي
1	شیرچای(بلوچی)
1	سرویس چای ۴ نفره
1	شيک پينات
1	شيک فندوق
1	شيک انبه
1	شیک Oreo
1	شیک مارشمالو
1	نوشابه قوطي کوکا کولا
1	نوشابه قوطي فانتا
1	نوشابه قوطي اسپرايت
1	دوغ قوطي
1	دوغ پارچي محلي
1	کوکا بطري
1	دوغ 250 سی سی نعناع
1	نوشابه قوطی خارجی pepsi
1	نوشابه مرکبات خارجی DEW
1	Special Pack
1	چیز لوتوس
1	سالاد آمازون
1	اسپشيال پوتیتو
1	اكونو فرايز
1	ديپليت
1	چيكن اورينتال
1	مجیک استیک
1	Golden vael
1	پيتزا كرم بيف
1	پيتزا بيكن كاراملايز
1	پيتزا پيرونى
1	پيتزا پستو چيکن
1	پيتزا مارگريتا
1	پانچتا
1	میت چوریتسو
1	میت بال عربياتا
1	رولانزا بیف
1	رولانزا چیکن
1	اسپیناچ رول
1	رولانزا ویل
1	لودی برگر
1	یامی برگر
1	سوييت پليت
1	كابانوسى
1	كلديش
1	صبحانه انگليس
1	کرپ موز شکلات
1	پیستاچوگاتو
1	بلوگاتو
1	ساوربری
1	گرین موتی
1	پینکی ملون
1	فرش پینک
1	فرش رد
1	فرش اورنج
1	فرش گرین
1	پاپ کرن لاور
1	پیستاچو لاور
1	بلک چری لاور
1	دارک هارمونی
1	ساور لاور
1	پرو برو
1	گرین پرو
1	کیتی بری
1	چای آمی
1	ریبوش کاسکارا
1	اعجاز
1	ثعلب
1	هات پسته و زعفران
1	بلک مالت
1	ایریش مالت
1	سان ست وایب
1	لوندر وایب
1	ابجو کلاسیک
1	یوگوبری ماچا
1	گوآوا فیزی ماچا
1	چامو
1	گرین پانچ
1	جین ان تونیک
1	ساور وایب
1	آمی رز واین
1	آمی وایت واین
1	می رز واین باتل
1	آمی وایت واین باتل
1	پن سوییسی
1	کیک لیمو بادام
1	فلن زعفرانی
1	برانی پنیری
1	سن پسته
1	تارت توت فرنگی
1	انترومه رزبری
1	سن شاتوت
1	بنتی
1	سن نوتلا
1	کافی لونا
1	پری دریایی
1	اوروئو پلاس
1	چوب شور کارامل
1	گز زعفرانی
1	استرابری
1	مانگو لایم
1	انبه شاتوت
1	سیب دارچین یخی
1	لواشک
1	وایولت وایب
1	نفس آفتاب
1	بلو ملونا
1	بلو سایرن
1	بلادی کارما
1	شفق استوایی
1	ردآنجل
1	نورا
1	سیتروس بری
1	رولت مخصوص
1	پاچین کبابی (400 گرم)
1	بال کبابی (400 گرم)
1	برگ مخصوص (200 گرم)
1	کاسه کباب
1	چربی
1	جگر میکس
1	جگر شکاری
1	چلو برگ
1	گوجه سیخی
1	فلفل کبابی سیخی
1	نوشابه بزرگ
1	دوغ بزرگ
1	دوغ کوچیک
1	دلستر بزرگ
1	آب معدنی کوچیک
1	ماسل بمب
1	فیول نوتریشن
1	مکزیکن پاور
1	میگو و سبزیجات
1	وِگان فیبر
1	هِرب چیکن
1	بیف اسموک
1	توفو تای
1	کرِمی چیکن
1	فیت اسموک
1	رین بو انرژی
1	گریک وایب
1	گلدن کرانچ
1	فیت آسیایی
1	فیت اکسپلوژن
1	بلک ماسل
1	پینک پامپ
1	گرین دِتاکس
1	گرین فیت پلاس
1	اسپایسی دِتاکس
1	رز هارمونی
1	فیول فیت
1	گرین پاور
1	فَست بِرنِر
1	پک دوتایی شات
1	پک سه تایی شات
1	تارت سیب پروتئینی
1	موس شکلاتی پروتئینی
1	روغن زیتون طعم دار
1	روغن زیتون پنیری
1	فیتنس بار
1	شات قهوه
1	OAT CHOCO
1	پرروتین بار کلاگز
1	کرن فلکس مینی NESFIT
1	کرن فلکس NESFIT
1	روح انگیز
1	اپل سینامون
1	افسون
1	بالزامیک اسید
1	اوکتبر
1	سلکت سیگنیچر
1	آیلند
1	اسید پارتی
1	میست فورست
1	اوشن دریم
1	هیون چاکلت
1	دنیش پنیر گردو
1	دنیش کارامل بادام
1	دنیش شکلات گردو
1	طبیعی
1	دژآوو
1	تمام طبیعی
1	شبهای سلکت
1	شیر بیسکوییت
1	آدامس توت فرنگی
1	تونی مانتانا
1	ادامس طالبی
1	ویفر موزی
1	گلادیاتور
1	دوسیب لیمو
1	هلو لیمو
1	ظرف میوه ایرانی
1	سرویس کامل ۴ نفره
1	سرویس VIP دونفره
1	آیتم تولد نفری
1	شلنگ یکبار مصرف
1	موچى نوتلا
1	موچى توت فرنگی
1	موچى انبه
1	Mango matcha
1	Strawberry matcha
1	Coconut matcha
1	Vanilla matcha
1	Almond matcha
1	Crunch
1	White chocolate
1	Milk biscuits
1	Ganmaicha tea
1	Queen berry
1	Lemon grass
1	Sushiya beach
1	Tokyo night
1	Red wine
1	Margarita
1	Spresso Martini
1	Kamikaze
1	Pink berry
1	Paint mango
1	Tropical
1	Cosmopolitan
1	Spinach scrambled egg toast
1	Sushiya toast
1	Bacon toast
1	Persian toast
1	Jam toast
1	Berioche bread
1	Katsu Olive
1	Sea soup
1	Tom yum soup
1	Squid katsu
1	Dynamite shrimp
1	Lemon Edamame
1	Chilies Edamame
1	Spicy chicken wings
1	Special veggies potato
1	Veggies potato
1	Kimchi
1	Potato rolls
1	Sushiya Salad
1	Chicken salad
1	Shrimp salad
1	Thai salad
1	Green salad
1	Signature 1
1	Signature 2
1	Signature 3
1	Crunchy roll
1	Special roll
1	Sushiya roll
1	Sesame salmon
1	Veggie maki
1	Dragon roll
1	Crunchy California
1	Crab roll
1	Smoked roll
1	Torched salmon
1	Subarashi roll
1	Hot maki roll
1	Tango roll
1	Sashimi
1	Tokyo king fish steak
1	Kyoto Sibas steak
1	Minion fillet Steak
1	Fish and chips
1	Japanese Beef Teriyaki
1	Japanese Chicken Teriyaki
1	Chicken curry
1	Beef sandwich
1	Chicken sandwich
1	Shrimp oyster noodle
1	Beef oyster noodle
1	Chicken Oyster noodle
1	Vegetable oyster noodle
1	Shrimp balck pepper noodle
1	Beef black pepper noodle
1	Chicken black pepper noodle
1	Vegetable black pepper noodle
1	Beef fried rice
1	Shrimp fried rice
1	Chicken fried rice
1	Water
1	Coca Cola
1	Zero
1	Sprite
1	Fanta
1	شوگر کین
1	کرم بیسکوییت
1	ماچا پرتقال
1	ماچا فندق
1	موکتل روز
1	شکلات نوتلا
1	کره بادام زمینی امریکن
1	چلو شیشلیک ممتاز
1	بیف دایمند
1	چیکن منگو
1	شریمپ کاتسو
1	چیکن فیت
1	شریمپ چیکن
1	چلو خورش مرغ نعنا دربار
1	چلو قرمه سبزی ZAV ممتاز
1	شیشلیک ممتاز
1	ماهیچه ممتاز
1	گوشت گردن ممتاز
1	کباب فیله ممتاز
1	چلو فسنجون مخصوص
1	خورش فسنجون مخصوص
1	کباب ترش گیلانی
1	جواهر پلو قاجاری
1	قنبر پلو مامانم
1	خورش فصل
1	وجی فرایز
1	بیف تای
1	شریمپ منگو
1	سالاد پارسی
1	سالاد ترش
1	سالاد سنتی
1	بورانی بادمجان ذغالی
1	بورانی اسفناج کلاسیک
1	مسقطی شکلاتی
1	مسقطی زعفرانی
1	باربیکن
1	نوشیدنی مالت Heineken
1	استانبولی با مرغ
1	استانبولی با گوشت
1	چاباتا چکین
1	بيض مع البيكون
1	بيض مع السجق
1	بيض مع كرات اللحم
1	عجة البيض
1	بيض مع السبانخ
1	بيض مع البطاطس
1	بيض مقلي مع التمر
1	الفطور الإنجليزي
1	الفطور الإيراني
1	ألفريدو بالدجاج
1	ألفريدو باللحم
1	باستا كرات اللحم
1	باستا الدجاج الحارّة (تشيلي)
1	کاسادیا
1	كوردون بلو
1	شاورما دجاج مقرمشة
1	كباب هندي
1	کاواج لحم
1	طبق عربي مشكل
1	شاورما مشكلة بالفخار
1	مرق البامية باللحم
1	ستيك اللحم بالزبدة
1	فیله استيك
1	لامب تشابس
1	استيك الدجاج
1	صينية المقبلات
1	علي نازك
1	بطاطا
1	جوانح بوفالو
1	بطاطا مقلية
1	بطاطا مقلية مع الجبن والبيكن
1	جوانح حارة (تشيلي)
1	تشكن تشيلي
1	سيزار سالاد اوريجينال
1	تشكن سالاد بالتوت البري
1	فتوش
1	سالاد جومان
1	تبولة
1	كلاسيك برغر
1	برغر الجبن والفطر
1	اونيون برغر
1	سماش برغر
1	كريسبي تشكن
1	بيتزا مارغريتا
1	بيتزا لحم وفطر
1	بيتزا بيبروني
1	بيتزا بولد بيف (لحم مهروس/مفتت)
1	بيتزا دجاج وفطر
1	بيتزا ثوم وسبانخ
1	بيتزا لحم وبيكن
1	إسبريسو
1	لاتیه
1	بلاك لاتیه
1	كابتشينو
1	قهوة فرنسية
1	ماتشا لاتيه
1	ماتشا جوز الهند
1	آیس لاتیه
1	آیس لاتيه جوز هند
1	آفوغاتو
1	تونيك اسبريسو
1	اورنج اسبريسو
1	آيس ماتشا لاتيه
1	آيس ماتشا جوز هند
1	آيس لاتيه بالتوت
1	هوت شوکلت
1	هوت شوکلت جوز هند
1	نسكافيه بالحليب
1	حليب بالفستق والزعفران
1	شاي اسود
1	شاي عناب
1	شاي اخضر
1	شاي لسان الثور
1	شاي النعناع المغربي
1	شاي الهيل والزعفران
1	رد ناك
1	بلاك جمان
1	شیك الفراولة
1	شيك نوتيلا
1	شیك موز
1	شیك اللوتس
1	سيروب بندق
1	سيروب كراميل
1	سيروب جوز الهند
1	سيروب فانيليا
1	سيروب قرفة
1	رینبوسیکس
1	ردبوند
1	شیرکارامل
1	براونی چاکلت شیک
1	دبل چاکلت شیک
1	بادام زمینی شیک
1	بیسکوییت شیک
1	بری شیک
1	وانیل شیک
1	بلوسیکس(شیرین)
1	ردسیکس(ترش)
1	پینک سیکس (شیرین)
1	چیلی سیکس(تندوترش)
1	فروتی سیکس
1	یلوسیکس(متعادل)
1	گوشت و پنیر شیکاگو
1	مرغ و خامه
1	سوپریم آمریکانو
1	تگزاس اسپایسی
1	مخلوط سیکس
1	پیتزا چیکن باربیکیو امریکایی
1	سالامی ناپل
1	بیف ایتالیانو
1	پاستابلونز
1	گراتن مرغ
1	گراتن گوشت
1	سالاد 6
1	فرانک فورتربیکن
1	اسنک نوستالوژی
1	اکلر
1	هل
1	اگ رول بیکن
1	بولت پروف
1	آیس لمون کافی
1	کافه ژلاتو
1	مارتینی
1	دمی دستگاهی
1	کافه میستو
1	کلدبرو پرتقال
1	چاکلت بوست
1	وانیل بوست
1	چاکلت مکس
1	وانیل مکس
1	پروپلاس
1	پودینگ پرو
1	توییست چاکلت
1	گلدن فاکس
1	بری شاین
1	بری اسپارک
1	گلدن کولادا
1	مینت کولر
1	فروت پارادایس
1	سانی سیپ
1	کوکومی
1	برزیلی
1	ولوت تی
1	سان تی
1	هل زعفران دارچین
1	ویکتوریا سان ست
1	رویال جزمین
1	پیتزا گوشت و پیاز آمریکایی
1	پیتزا پولد بیف کاراملی آمریکایی
1	پیتزا بیکن چوریتسو آمریکایی
1	پیتزا بیکن پیاز آمریکایی
1	پیتزا پولد بیف پستو آمریکایی
1	پیتزا گوشت و بیکن
1	پیتزا چوریتسو آمریکایی
1	پیتزا چیکن مارینارا آمریکایی
1	پیتزا دبل میت پستو آمریکایی
1	پیتزا دبل میت مارینارا آمریکایی
1	پاستا عربیاتا با پولد بیف و پنیر
1	پاستا عربیاتا با فیله مرغ (خیلی تند)
1	سالاد فتوش با فیله مرغ
1	سالاد فتوش با سس سبزیجات
1	پیاز کریسپی پرسی
1	چیکن پاپس فرایز
1	ماءالشعیر قوطی دلستر ساده
1	ماءالشعیر قوطی دلستر لیمو
1	ماءالشعیر قوطی دلستر هلو
1	ماءالشعیر قوطی دلستر استوایی
1	نوشابه قوطی فانتا پرتقالی
1	بندری برگر
1	کوکتل برگر
1	کوکتل برگر با پنیر موزارلا
1	زینگر برگر با پنیر
1	ساندویچ کوکتل
1	ساندویچ کوکتل با پنیر
1	ساندیچ پولد بیف با پنیر موزارلا
1	ساندویچ پولد بیف کاراملی
1	ساندویچ چیکن
1	ساندویچ چیکن با پنیر
1	نیرو بیکن
1	قهوه رگولار
1	فرنچ بری
1	بیف اگ
1	بریت پلیت
1	وسترن
1	بوقلمون پستو
1	فوکاچیا مرغ و پستو
1	فوکاچیا پولد بیف و قارچ
1	فوکاچیا بیکن و قارچ
1	بشقاب مرغ
1	واترملُن | سرد و دلچسب
1	شیک ویش | گرم و خوش‌عطر
1	فِرِدی |
1	هات/آیس چاکلت
1	لنا
1	ماژا
1	نوتیک
1	آیس چاکلت خامه‌ای
1	رگولار پرشین
1	ال ایندیو کلمبیا
1	چاینا
1	مایا
1	کاکووا
1	زنجباد
1	۳. بابورام
1	رُزاچای
1	آویرا
1	تابا رز
1	نارتوت
1	تارت کرم پسته
1	موس پیناکولادا🥥
1	پن شکلات
1	سیروپ وانیل/ کارامل / فندق
1	شیر
1	شیر بادام/ شیر نارگیل
1	چنجه معمولی
1	پاچین تند آتیشی
1	بال تند آتیشی
1	آدنا کباب
1	آجی کباب
1	جگر دنبه
1	جگر پرده پیچ
1	سبزیجات کبابی
1	آناناس کبابی
1	پیاز کبابی
1	حلوا
1	چیل اوت ( وگن )
1	بیگ گنگ
1	ماسانو
1	تای چاکلت
1	گاسپاچو
1	امریس
1	اسکوشا
1	فیزی چری
1	رزله
1	گاماروبی
1	سایدر امبر
1	پرایدوت پارادایس
1	پاپایا فرسکو
1	فیزی فانتوم
1	کیک پسته زعفران
1	بونتی
1	موس توت فرنگی
1	تست اسکرمبل اگ و ساسیج
1	تست بیکن و قارچ
1	خوراک ساسیج و پوره
1	سالاد موزارلا
1	سالاد لیتل جم
1	فرایز با سس چدار
1	سوپ بروکلی و اسفناج
1	پولد بیف و پتیتو پاو
1	پوره و فیله گوساله سووی شده
1	دیپ دبل بین
1	سوپ کرم قارچ
1	گارلیک پارمزان استیک
1	پولدیف پاپریکا
1	بلوتکینو
1	چیکن ویولتا
1	بیف تانگ
1	بیس لاین
1	د دریپ
1	اومامی
1	ویوال سابور
1	رد وِلوِت
1	ورده دریم
1	سیلک نات
1	دارک میتر
1	تاپینگ شیر
1	تاپینگ شیر نارگیل
1	تاپینگ سیروپ ها
1	رست فرنگی
1	رست ایرانی
1	رست کیک
1	تاپینگ نبات
1	تاپینگ خشکبار
1	اکشن برگر
1	چوریتزو برگر
1	برگر سوخاری
1	فینو برگر
1	پاستا رومئو
1	چیکن فینو
1	فیله سوخاری فینو
1	فینو فرایز
1	سالاد فینو
1	قوطی سون آپ
1	قوطی مکس
1	قوطی میرندا
1	شیشه کوکاکولا
1	شیشه فانتا
1	شیشه اسپرایت
1	دلمه 6تکه
1	برک پنیر 3 تکه
1	بادمجانی
1	باباغنوج
1	کبه
1	سوپ مرغ
1	ماست و انار
1	سالاد کریسپی
1	سالاد شاهی
1	قوطی کوکاکولا
1	قوطی سپرایت
1	قوطی دوغ
1	کوکاکولا بت
1	دوغ بت
1	کوکاکولا خوانواده
1	فانتا خوانواده
1	سپرایت خوانواده
1	اب بزرگ
1	قوطی کوکاکولا زیرو
1	ساندویچ شاورما مرغ
1	ساندویچ شاورما گوشت
1	ساندویچ شاورما میکس
1	ساندویچ شاورما اکسترا
1	شاورما عربی مرغ
1	شاورما عربی گوشت
1	شاورما عربی میکس
1	شاورما پرس مرغ
1	شاورما پرس گوشت
1	شاورما پرس میکس
1	ساندویچ کریسپی
1	ساندویچ اسکالوپ
1	ساندویچ فاهيتا
1	ساندویچ مكسيكانو
1	همبرگر مخصوص
1	کریسپی فیله سوخاری (4تکه)
1	کریسپی فیله سوخاری (6تکه)
1	اسکالوپ 4 تکه
1	اسکالوپ 6 تکه
1	زینگر 4 تکه
1	زینگر 6 تکه
1	کنتاکی 4 تکه
1	کنتاکی 8 تکه
1	فاهیتا
1	بریانی نصف مرغ
1	بریانی مرغ کامل
1	کریسپی پلو
1	آویشن سبزی
1	آویشن قشقوان
1	توشکا
1	نان گوشتی
1	سجق
1	شاورما قشقوان
1	پنیر شامی
1	پنیر نعناع
1	کالباس قشقشوان
1	محمره قشقوان
1	نان سبزیجات
1	مندی مرغ
1	کبسه مرغ
1	شاکریه
1	شیخ المحشی
1	اوزی
1	كبه ماستی
1	مقلوبه
1	خورشت باميه
1	خورشت لوبيا
1	بادمجان سرخ شده
1	شیرینی های فرپزی
1	برازق
1	معمول خرما
1	معمول مغز دار پسته ای
1	معمول مغزدار گردویی
1	کلیچه
1	برازق پسته ای
1	پتی فور
1	غریبة پسته ای
1	سوارالست پسته ای
1	زنود الست
1	مبرومه
1	يبرق پسته ای
1	وربات با کرم خامه ای
1	وربات پسته ای
1	شیرینی انگشتی با گردو
1	شیرینی انگشتی با پسته
1	ملوكيه مغز دار
1	نموره خامه ای
1	بقج
1	هریسه بادام دار
1	هریسه پسته ای
1	هریسه مغزدار
1	هریسه خامه‌ای
1	بلور قرمز
1	بلور سفید
1	خرمايی مغزدار
1	شعیبیات
1	شیرینی آشیانه بلبل
1	حلوا پنیر
1	مدلوقه
1	کنافه با پنیر
1	کنافه خامه ای
1	نابلسیه
1	دسر خامه ای
1	دسر خامه ای دمشقی
1	امپراطور
1	امپراطوراسپیشال
1	دسر اسپیشال میوه
1	آووگادو اسپیشال
1	تويكس
1	كرانچ
1	دایت
1	اسنيكرز
1	بابلی
1	کیندر
1	سالاد میوه دمشقی
1	کریپ کلاسیک
1	فوتوتشیني
1	كریپ میوه
1	پنکک شکلاتی
1	کوکتیل میوه
1	کوکتیل آووگادو
1	طلوع آفتاب
1	سان فرانسیسکو
1	ميلانو
1	جامایکا
1	موز استایل
1	كوكتيل دمشقی
1	آب ميوه ها
1	آناناس
1	زرد آلو
1	کیوی
1	موز و کیوی
1	موز و توت فرنگی
1	موز و پرتقال
1	لیمو، کیوی و نعناع
1	پرتقال و لیمو
1	موز و هلو
1	موز و لیمو
1	آناناس و انبه
1	آناناس و کیوی
1	آب هویج پرتقال
1	پرتقال و انار
1	انبه و توت فرنگی
1	موز و شكلات
1	ليمو و توت فرنگی
1	موز و آناناس
1	آناناس و نعناع
1	پرتقال و هلو
1	آناناس و توت فرنگی
1	لیمو و آناناس
1	کیوی و توت فرنگی
1	آکو
1	الوا
1	باربارا
1	بورسا
1	بنتلی
1	پرینو
1	تورنتو
1	پاژرو
1	دلوین
1	رایان
1	ریوا
1	مالدیو
1	ورونا
1	هونگ چی
1	پائول
1	سیسیل
1	کامفورت
1	گوچی
1	رایسا
1	ماتریکس
1	میراز
1	ونکوور
1	ویوانتا
1	نیک
1	لیندا
1	مدل اف (F)
1	مدل ای (E)
1	مدل بی (B)
1	مدل سی (C)
1	مدل دی (D)
1	ونیز
1	جسیکا
1	تدورا
1	تسلا
1	ویلاری
1	کالیستو
1	بوکله
1	ایمبلا
1	دیانا
1	فرا
1	فرا اسلب
1	ویتو
1	لوکس النا
1	جاکارلی 01
1	جاکارلی 02
1	جاکارلی 03
1	جاکارلی 04
1	جاکارلی 05
1	جاکارلی 06
1	جاکارلی 08
1	جاکارلی 09
1	پیتزا امریکانو چیکن
1	پیتزا امریکانو مخلوط
1	پیتزا امریکانو سبزیجات
1	پیتزا امریکانو پنیر
1	کنتاکی ران مرغ 3 تیکه
1	کنتاکی بال و کتف 10 تیکه
1	کرسپی 7 تیکه
1	کرسپی 3 تیکه
1	چلو شیشلیک گوسفندی
1	چلوماهیچه گوسفندی
1	چلو گوشت گوسفندی
1	چلو برگ گوسفندی
1	چلو ماهی قزل آلا
1	چلو لقمه گوسفندی
1	چلو پاچین زعفرانی
1	چلوخورشت قرمه سبزی
1	چلوخورشت قیمه
1	چلوخورشت قیمه بادمجان
1	خوراک شیشلیک گوسفندی
1	خوراک ماهیچه گوسفندی
1	خوراک گوشت گوسفندی
1	خوراک ماهی قزل آلا
1	خوراک کباب میکس
1	خوراک لقمه گوسفندی
1	لقمه گوسفندی تک سیخ
1	خوراک پاچین زعفرانی
1	خورشت قرمه سبزی تک
1	خورشت قیمه تک
1	خورشت قیمه بادمجان تک
1	سالاد متبل
1	سالاد باباغنوج
1	ترشی قارچ
1	ترشی زیتون
1	دسر ژله و فرنی
1	سیب زمینی سرخ شده
1	نان مینی برگر
1	کوکاکولا قوطی (خانواده)
1	فانتا قوطی(خانواده)
1	سپرایت قوطی(خانواده)
1	اسکرامبل گوشت و تخم مرغ
1	تست پروتین
1	سالاد آمازون (رژیمی)
1	سیب چیز
1	کوپیتا اسفناج
1	لوکو وج
1	فتوچینی کاربونارا ( رژیمی )
1	لوکو برگر
1	گوشت پیازچه
1	چیکن اسپیناج
1	بری تراپی
1	منگو استایل
1	درخشش سبز
1	دتاکس واتر
1	فریکی فارست
1	رویال شیک
1	سوییت سایلنس
1	کندی چاکلت
1	ویسپر شیک
1	استار وارز
1	شله مشهدی ( جمعه ها )
1	حلیم نیشابوری ( جمعه ها )
1	سوپ شیر / پرسی 1 نفره (جمعه ها)
1	دنده کباب مخصوص
1	چنجه
1	پاچین مکزیکی تند
1	بال مکزیکی تند
1	دل دنبه مخصوص
1	جگر دنبه مخصوص
1	سیخ سبزیجات
1	پنیر هالومی کبابی
1	قارچ و فلفل
1	چلوگوشت گوسفندی
1	چلو ماهیچه گوسفندی
1	چلوخورش قرمه سبزی
1	چلوخورش قیمه
1	چلو فسنجان (جمعه ها)
1	هندوانه نعنا طبیعی
1	آب طالبی طبیعی
1	آب انبه
1	آب آناناس
1	مخصوص لاوانا
1	طالبی لاوانا
1	(King) کینگ
1	شیر قهوه
1	لیمونعنا
1	لیمو آلبالو
1	سرویس کامل 4 نفره
1	آلوچه (آلبالو)
1	بادام زمینی روکش دار
1	مویز
1	چاکلت کافی
1	امریکن اورنج
1	آیس پینکی
1	هات ایتالیایی
1	هات دالگونا
1	هات دارچینی
1	هات شاهتوت
1	شیک منگوتلا
1	شیک کارامل بادام
1	شیک کارابیسکو
1	شیک پینک ماچا
1	شیک ماچا پاین
1	شیک اسپرولینا
1	اسپرولاینا
1	شیک پرو کره
1	شیک پرو چاکلت
1	چیت دی
1	وگن طور
1	نصیر
1	مروارید
1	مجیک اورنج
1	بلو هایپ
1	بلاد
1	یلومینت
1	ردسانست
1	هانی
1	کادایف
1	رویای بهشتی
1	ژالان
1	بلوط
1	کوکا کوکا
1	بلونز یک نفره
1	بلونز دونفره
1	راشن چیکن یک نفره
1	راشن چیکن دو نفره
1	ژامبون میکس یک نفره
1	ژامبون میکس دو نفره
1	لاوان پیتزا
1	پپر
1	لاوان برگر
1	دوبل تست برگر
1	ووستر برگر
1	بشقاب میکس دو نفره
1	رویال استیک
1	استیک آنتروکت
1	اسپشیال استیک
1	استیک ریپ آی
1	دوورا
1	پستولینا
1	پپروسا
1	چهارفصل پیتزایی با متریال انتخابی شما
1	پیتزا مخصوص نیلی
1	گارنیش روکش پنیری
1	استیک میکس مرغ و گوشت
1	بیف آباجین
1	پلیت مزه نیلی
1	پنیر چدار
1	شبهای نیلی وی ای پی
1	انگلیسی vip
1	استوایی vip
1	پایه Vip
1	البالو
1	لیمو نعناع
1	ادامس نعناع
1	پرتغال نعناع
1	ادامس دژاوو
1	انبه پایه شیر
1	ادامس دارچین
1	نعناع
1	ردبول
1	میامی
1	دوسیب البالو
1	میکس هلو +لیمو
1	میکس لاو + لیدی
1	میکس دوسیب + انبه
1	میکس شراب + هندوانه
1	میکس دارچین سیب یخ
1	میکس دوسیب + نعناع
1	میکس انگور + نعناع
1	میکس نارگیل + بیسکوییت
1	هنداونه
1	لیدی کریزی
1	الو سیاه یخ
1	سرویس وی ای پی چهارنفره
1	سرویس وی ای پی دو نفره
1	چای اکونومی دونفره
1	اجیل ومزه جات
1	دیس میوه استوایی
1	قوری اضافه
1	ماچا سیگنیچر
1	سیگنیچر ماچا
1	سیگنیچر اسپرولینا
1	هویج گردو پنیری
1	کیک تولد نسکافه ای
1	سیگنیچر نیلی لانژ
1	اسکای لاین
1	پیده اسفناج
1	صبحونه ایرانی
1	ساسیج اگ
1	صبحانه سرد ایرانی ویژه فوتبال
1	پینکی مود
1	سافارین فروت
1	نیلگون
1	فرح نوش
1	سیگنیچرنیلی لانژ
1	بیدمشک هل
1	لوچا
1	چاکلت فروتی
1	بستنی مغز دار سنتی
1	کوکا کولا زیرو
1	دلستر میوهای استوایی
1	اب معدنی تک نفره ۳۰۰میل
1	آب ۵۰۰میل
1	خدمات
1	پلاس
1	عربیکا
1	مالیات ارزش افزوده
1	مویز و کشمش
1	دیس اجیل
1	پیتزا ایتالیایی
1	پیتزا امریکایی
1	اتیوپی/گوجي
1	مینوس
1	مینیتوس
1	سینوایت
1	ساید اضافه
1	کوکوچاک شیک
1	باناچی شیک
1	رزالین شیک
1	بری پارتی
1	ماناکوف شیک
1	forest twist
1	Orange peace
1	Red field
1	ویریو
1	وورا
1	Green winter
1	twilight
1	گاستون
1	پیونی
1	ملوبل
1	پیا
1	مولان
1	بل
1	مگارا
1	دسر فرزیه
1	دویلز کیک
1	تارت شکلات تمشک
1	بونتی نارگیل
1	بلک آیوری پلیت
1	انگلیش پلیت
1	گواکامولی
1	ملانزانا تومیتو
1	گوشت و کلم
1	کارباچیو
1	دلمه
1	سالاد بیبی اسفناج و میوه
1	سالاد زیتون و‌گردو
1	کربونارا
1	ماشروم چیز
1	شنیتسل مرغ گریل
1	پلیت مرغ و شوید
1	پولدبیف چاباتا
1	بیکن چاباتا
1	فلیم برگر
1	سویل کرانچ
1	بیکن پوتین
1	ساسیج پوتین
1	چیکن بلادی ماری
1	چیکن رویال
1	چیکن بیکن اسپیناچ
1	چیکن پلنت
1	ژامبون مرغ و قارچ
1	ژامبون 90% گوشت
1	ژامبون 90% مرغ
1	کلد چیز
1	کلد چیکن
1	پنینی بیکن و مرغ
1	پنینی سیسیلی
1	پنینی بوقلمون دودی
1	پنینی کلاسیک
1	پنینی مرغ پنیری
1	پنینی خوراک مرغ و ژامبون
1	رپ چیکن اسپایسی
1	رپ چیکن رژیمی
1	رپ بوقلمون
1	رپ چیکن اسپیناچ
1	رپ ژامبون پنیری
1	ساندویچ کالباس گیاهی
1	پنینی کالباس گیاهی
1	پنینی وجترین
1	ساندویچ مرغ گریل تندوری
1	ساندویچ مرغ گریل مکزیکی (تند)
1	ساندویچ مرغ گریل یونانی
1	پک چیکن و سبزیجات
1	پک چیکن و سبزیجات (مینی)
1	پک کربوپروتئین
1	پک کربوپروتئین (مینی)
1	بشقاب فیتنس
1	سالاد بروکلی
1	چیکن چیز فرایز
1	چیکن هالو فرایز
1	ساندویچ مرغ گریل پِستو
1	ساندویچ مرغ گریل تَندوری
1	ساندویچ مرغ هالوپینو
1	خوراک مرغ و ژامبون
1	مینی ژامبون پنیری
1	کلاب مرغ پنیری
1	کااب ژامبون پنیری
1	پپسی بطری
1	میرندا بطری
1	سون آپ بطری
1	آب معدنی 500 سی سی
1	پپسی مکس قوطی
1	میرندا قوطی
1	ون آپ قوطی
1	هی جو لیمویی قوطی
1	هی جو استوایی قوطی
1	هی جو لیمویی خانواده
1	هی جو استوایی خانواده
1	دیپ اسفناج
1	دیپ بادمجان
1	دیپ بلادی ماری
1	دیپ سیر
1	سس رژیمی
1	سس رنچ
1	سس سالسا
1	سس کچاپ هالوپینو
1	سس مایونز چیلی
1	سس مایونز سبزیجات
1	سس مخصوص باردیچ
1	چیل برو
1	چای انگلیسی
1	شیک انتخابی
1	شیک گلد دارک
1	سکرت تایم
1	بلاد درینک
1	دریم بر
1	رز ملون
1	سانرایس بری
1	صامر نایت
1	وصال فروت
1	وصال کلاسیکو
1	معجون
1	تست اسپیشیال
1	خوراک BBQ
1	زون فرایز (سیب سوخاری)
1	پنیر سوخاری
1	ساندویچ هات بیف
1	بیف ریحان
1	بیست
1	فیله گریل
1	نوستالژی تنوری
1	پاستا میت‌بال
1	فیله نرمال
1	فیله اسپایسی
1	پک دونفره چیکن
1	پک سه نفره چیکن
1	پک چهار نفره چیکن
1	پک سوخاری
1	کوکاکولا خانواده
1	زیرو خانواده
1	هات کلاسیک
1	مارش چاکلت
1	مارش پینک
1	توآیلایت کوکو
1	شیر کرم بيسکوئيت
1	کوکوماچا
1	اسپروبری
1	کوکواسپرولین
1	گرین گلو
1	فلورنج
1	ایفوریا
1	نارلی
1	سردنوش کالما
1	اورنج بری
1	سینی میوه و چای
1	سرویس(Vip)
1	لیمو‌ نعنا
1	دیون
1	خوراک استیک
1	دن برگر
1	ساندویچ گوشت و پنیر
1	فرنک فورتر
1	پاستا مرغ
1	پاستا میگو
1	استیک ماهی تیلا پیلا
1	استیک میکس دریایی
1	کیک مکزیکی
1	نوشابه کوکا کولا
1	نوشابه کوکا زیرو
1	دلستر هلو شیشه
1	دلستر استوایی شیشه
1	انرژی زا وان
1	دلستر لیمویی شیشه
1	بازی مافیا 10 تا 13 نفر
1	إفطار إيراني/ صبحانه ایرانی
1	شاك شوكا
1	تشوريستو بيكون/ چوریستو بیکن
1	إك بریك بندیکت رویال/ اگ بندیک اووکادو
1	شاباتا تركي /چاباتا ترکی
1	لفائف مكسيكية/ رول مکزیکی
1	حساء اليوم
1	بافلو وینغز/ بوفالو وینگز
1	3- بطاطس مقلية مع صلصة الفطر/ سیب با سس قارچ
1	بطاطس مقلية مع صلصة الشيدر/ سیب با دیپ چدار
1	سلطة شرائح اللحم/ سالاد استیک
1	سلطة غاردن / سالاد گاردن
1	بيتزا بولد بیف كالزوني/ پیتزا پولدبیف کالزونه
1	سبیشال ليلو/ اسپشیال لیلو
1	بیتزا ثوم والستيك/پیتزا سیر و استیک
1	بيتزا الديك الرومي/ پیتزا بوقلمون
1	بيتزا بیکون لحم/پیتزا بیکن گوشت
1	كابري كيوزا/ کاپری چوزا
1	بيتزا خضراوات/ پیتزا سبزیجات
1	باستا دجاج بارميزان/پاستا چیکن پارمزان
1	باستا بیف کریم بيستو/ پاستابیف کرم پستو
1	باستا دجاج هالبينو (حارة)/پاستا چیکن هالوپینو(تند)
1	باستا بیف أرابياتا (حارة)/ پاستا بیف آرابیاتا(تند)
1	بیف برجر لیلو/ بیف برگرلیلو
1	سموکي برجر/ اسموکی برگر
1	فونجي برجر/ فونگی برگر
1	برجر مكسيكي/ مکزیکن برگر
1	برجر مكسيكي مزدوج/مکزیکن برگر دوبل
1	برجر سیگنیچر/ سیگنیچر برگر
1	شريحة لحم تاماهاک/ استیک تاماهاک
1	شريحة لحم ديان/ دایان استیک
1	روبيان مقلي/ میگو سوخاری
1	شبرید باي
1	مانجو راش/ منگو راش
1	سكار ليت فورست/ اِسکارلت فارِست
1	فيلفيت سبارك/ ولوت اسپارک
1	لاتيه 100 عربيكا
1	كوكي لاتيه
1	كوكي لاتيه 100 عربیکا
1	اسبريسو 50/50
1	اسبريسو 100 عربیکا
1	أفوغاتو/ آفاگاتو
1	أفوغاتو ١٠٠٪ عربیکا/ آفاگاتو
1	تونيك مثلج/ آیس تونیک
1	ثاليا
1	یافانا/ یاوانا
1	تايجر/ تایگر
1	کولد بیرو/ کلدبرو
1	رجولار/ رگولار
1	شای ایرانی/ چای ایرانی
1	شاي عربي/ چای عربی
1	شاي الهیل و الزعفران/ چای هل و زعفران
1	غرین مونتا/ گرین منتا
1	شاي ويلي ونكا/ چای ویلی وونکا
1	شاي بيبي بيري
1	ليلو أحمر/ ردلیلو
1	ستارلايت/ استارلایت
1	بلو أوشن
1	فانتا شروق الشمس/ فانتا سان رایز
1	سوئیت كولا
1	جريب بيتش/ گریپ پیچ
1	غرین إسنس/ گرین اسنس
1	شاي مثلج/ آیس تی
1	عصير البرتقال/ آب‌پرتقال
1	نوتيلا بالبندق/نوتلافندق
1	لوتس/ لوتوس
1	بوظة/ بستنی
1	كيكة موس/ موس کیک
1	جاکلیت باستيل/ چاکلت پاستل
1	حلوى فانيليا/ وانیلا
1	کرت رول
1	كيكة عيد ميلاد/ کیک تولد
1	فلت كرواسون
1	بوظة التفاح
1	دانیش بالفواكه/ دنیش میوه‌ای
1	بان سويس/ پن سوئیس
1	كرامبل تفاح/ اپل کرمبل
1	دونات بكريمة الكاسترد/ دونات کرک کاستارد
1	دونات بكريمة الشوكولاتة/دونات شکلاتی
1	إك تارت
1	رومئو اسپیناچی
1	اگبندیکت
1	دیپ
1	ماشروم
1	چیزلاور
1	جوسی
1	هالومی
1	وجی
1	سیگنیجر
1	شاتو بریان
1	چیکن فلورنتین
1	گاردن
1	گاردن(بدون مرغ)
1	پوتین فرایز
1	پک سه تیکه فیله
1	پک چهار تیکه فیله
1	پک ۶ تیکه بال و پاچین
1	رگولار کلاسیک
1	رگولار مالت
1	رگولار استرابری
1	رگولار لیمو
1	زویا
1	نارنجی
1	تری پل چاکلت
1	مسجد قبا
1	مسجد توفیق
1	مسجد غدیر باباعلی3
1	مسجد غدیر بابا علی
1	مسجد غدیر باباعلی
1	مسجد حضرت سجاد
1	حسینیه اخوان
1	مسجد حضرت زینب
1	حسینیه نصرت
1	مسجد امام محمد باقر دکتر حسابی
1	مسجد 14 معصوم
1	مسجد ثامن الئمه
1	مکتب الزهرا
1	مسجد سیدالشهدا
1	مسجد نقویه
1	مسجد النبی
1	مسجد ثارالله
1	مسجد موسی بن جعفر
1	مسجد امام حسن مجتبی
1	مسجد امیرالمومنین
1	حسنینه هراتی ها
1	درختچه
1	سینی حلوا
1	سینی خرما
1	سینی برشتوک
1	قهوه سرد
1	آبمیوه پت بطری
1	آبمیوه تکدانه پاکتی
1	میز آرایی
1	دیزاین میز پذیرایی
1	پک پذیرایی قالبی
1	پک پذیرایی زیپی
1	تاج گل مصنوعی (خیریه)
1	تاج گل طبیعی
1	سبد گل رومیزی
1	مداح و قاری قران
1	پتو
1	ترمه
1	بالشت
1	کفن
1	صندلی
1	سایه بان
1	تراکت اطلاع رسانی
1	چاپ شاسی عکس
1	زولبیا
1	استند ولکام
1	میز استند ایستاده
1	چیدمان میز و صندلی
1	گل ارایی و دیزاین
1	چیدمان
1	تیم مهمانداری
1	بار گرم
1	بار سرد
1	میز کندی بار
1	مجری
1	لوگو وال
1	پذیرایی
1	تشریفات افتتاحیه (برش ربان)
1	سیکیوریتی
1	اتش بازی
1	کانتر پذیرش یا فروش
1	دسرها
1	لته نارگیل ماچا
1	پائیز طلایی
1	شب های عاشقی
1	مادرانه
1	شیک گلد
1	بستنی تک اسکوپ
1	بستنی ۲ اسکوپ
1	بستنی ۳ اسکوب
1	هیزومه
1	مخصوص بارتندر
1	نیوشا
1	نوشیدنی پرسنلی
1	جنگلی
1	کیک خانگی
1	رولت
1	ناپلونی
1	ردبلوت
1	سرویس 1
1	سرویس 2
1	سرویس 3
1	میوه خشک
1	کالباس زیتون
1	ظرف مزه 1
1	ظرف مزه 2
1	ظرف مزه 3
1	دلوان
1	هور
1	گلنوش
1	شمین
1	نسیم نارنج
1	بهشت ایرانی
1	شیک سیدار
1	پاری پسته
1	مدوویک عسل
1	پاری فندق
1	مدوویک شکلاتی
1	کلد برو آیریش
1	کلد برو کوکو چری
1	کوکاکولا نوستالژی
1	فانتا نوستالژی
1	اتاق vip
1	ورودی کیک تولد
1	میز vip
1	Orange coffee
1	لوکوپل
1	ناچو تی
1	Green heal
1	midnight
1	K - MINT
1	Orbit
1	Maple Canopy
1	وودی
1	نوکولوس
1	بری کراش
1	Labubu
1	Simon Payne
1	ونتیج
1	سینورا
1	لومینو
1	Bee power
1	Boom berry
1	Coco lime
1	پلیت بیکن حمص
1	بریوش بری
1	پرو پلیت
1	کرپ تخم مرغ و بیکن
1	چوریتسو فرایز
1	سالاد اسفناج بیکن
1	مرغ و آووکادو
1	سالاد میوه های بری
1	خامیز
1	بال مرغ استریپس
1	گوشت و پوره
1	چیکن بال
1	پاستا چیکن پارمیجانا
1	پاستا میت بال
1	پیتزا چیکن پاپریکا
1	بیف استورم
1	پیتزا چوریتسو و خردل
1	رول مرغ سووید
1	شنیسل مرغ گریل
1	برنج زعفرانی
1	مرغ چینی
1	سالاد فرش فروت
1	گلدن پوتیتو
1	چیکن اورینتال
1	هات پسته
1	ماشروم کرانچ
1	پیکانته فرایز
1	کی ویسکی
1	گریفین برگر
1	اسموکد چیکن
1	اسموکد بیف
1	اسموکد بیکن
1	میوه‌ای
1	بامبی
1	کرتادو
1	لته کارامل
1	آفونات
1	شیر گرم
1	شربت نازخاتون
1	شربت آی پری
1	پیکر
1	تنه
1	عمارت
1	بستنی میوه ای 4 اسکپ
1	چای هل و دارچین دونفره
1	شیک زعفران باقلوا
1	شیک پرشین بری
1	شیک بادام شکلات
1	کیک اپل کرامبل
1	هندوانه مینت
1	حال و هوای عشق
1	برانی اسنیکرز
1	نشاط
1	تابان
1	صفا
1	وصال
1	قرمز
1	زرد
1	تراپیکال پاور
1	چوکو فلکس
1	بری بیوتیک
1	گرین ریست
1	بنانا سوپریمی
1	بلو پاور
1	ماچا مود
1	شیر طالبی عسل
1	رگولار 50
1	کلدبرو اسپیشیالیتی
1	کلد برو گازدار(آیریش - کلاسیک)
1	آلموند هانی
1	کلد تونیک
1	کره پنیر
1	ارده سرشیر
1	سرشیر مارمالاد
1	کره مارمالاد
1	کره بادام مارمالاد توت فرنگی
1	گودزیلا خاگینه
1	نان شلیل ریکوتا
1	چیکن کاری
1	برگر
1	گودزیلا برگر
1	دنده
1	سیاه بندری
1	اشپیگ بیکن لرنی
1	برگر 180 کانفی سیب سبز
1	گودزیلا برگر کانفی سیب سبز
1	بلال کره ای
1	ماچا انرژی
1	چاکلت انرژی
1	بنانا بری
1	حس خوب
1	سیتروس شارژ
1	بیکن مینی
1	بوقلمون مینی
1	چیکن مینی
1	چیکن کاری مینی
1	پنیر مینی
1	شیک پروتئین شکلاتی
1	کویین شیک
1	بیسکاتی
1	آیس کاپ
1	خوراک کباب
1	خوراک وزیری
1	شله مشهدی
1	حلیم
1	سبزی ریحان
1	دوغ خانواده سنتی امید
1	دوغ کوچک سنتی امید
1	دوغ خانواده عالیس
1	ماالشعیر خانواده
1	ماالشعیر کوچک
1	شربت تخم شربتی زعفرانی
1	شربت خاکشیر زعفران
1	پنینی مرغ با سس پستو
1	ساندویچ سینه مرغ
1	اسنک ژامبون مرغ
1	اسنک ژامبون گوشت
1	بشقاب میوه فصل رنه لانژ
1	شورینی
1	آجیل شور مخصوص رنه لانژ
1	آجیل شیرین مخصوص رنه لانژ
1	تخمه مخصوص رنه لانژ
1	چیکن سبزیجات
1	رویال بیکن
1	رویال بیف
1	پنیر و زیتون
1	بادمجان
1	تارت نوتلا کرم
1	کرامبل آلبالو
1	جار کیک توت فرنگی
1	جار کیک موز شکلات
1	آیس امریکنو ۳۰ / ۷۰
1	آیس امریکن ۵۰ / ۵۰
1	آیس امریکن ۸۰ / ۲۰
1	آیس امریکن ۱۰۰ عربیکا
1	تروپیکال تونیک
1	لایمی
1	سیگنچیر توت فرنگی
1	سیگنچیر گری ولوت
1	آیس لوتوس
1	هولی مولی
1	داسکوود
1	تروپیکال کوکو
1	کاکتوس کولر
1	رد ریور
1	کوکوچاکلت
1	هیزل چاکلت
1	نوژین
1	بهار
1	بیتا
1	مهرنوش
1	افرون
1	فاطیما
1	چی پلت
1	براونی کوکو
1	ویتامین
1	اسپرولینا وانیل
1	سفرون
1	چاکلت استرابری
1	پـروتئین وی
1	شیک بریتانیا
1	آیـس تــی
1	آیـس مـاسـالا
1	اسموتی توت فرنگی
1	طالیمو
1	اسموتی مـوز
1	اسموتی انبه
1	ایرانی
1	پـروتئـین
1	شکلات و کرم بیسکوئیت
1	آویشن نعنا
1	هلو ریحان
1	چای بلومینگ
1	فـهـیـم
1	حمود
1	فرانسه با شیر
1	دونر گوشت
1	دونر مرغ
1	کانتون چینی
1	گریل
1	سالادتونا
1	شانه ۳۰ عددی
1	پک 6 عددی آمین
1	پک 9 عددی آمین
1	پک 15 عددی آمین
1	وزن 12.7 کیلو گرمی
1	وزن 8 کیلوگرمی
1	وزن 8.5 کیلوگرمی
1	وزن 9 کیلوگرمی
1	وزن 9.5 کیلوگرمی
1	کرنلین برگر
1	شیکاگو برگر
1	فتوچینی کرم چیلی
1	وی شصت
1	ایس رگولار
1	ماچا انبه
1	زغال تمر زمیکی
1	تاباسکو تند زمیکی
1	رام بییر
1	پای آناناس
1	کولا
1	شیر بادام گیاهی
1	شیر فندق گیاهی
1	شیر نارگیل گیاهی
1	کره بادوم زمینی
1	آب معدنی شیشه ای
1	اب گاز دار بدون قند توت فرهنگی گواوا نعنا
1	اب گاز دار بدون قند انبه و پشن فروت
1	اب گازدار بدون قند اسطوقودوس
1	اب گاز دار لمون گرس
1	کلاسیک قوطی
1	تست آووکادو
1	تست پنیر
1	خاچاپوری چیکن اسفناج
1	پرشین پلیت (دو نفره )
1	بيکن اگ بنديگت
1	پلیت انگلیسی ( تک نفره )
1	پیتزا ویژه کلارا
1	پیتزا وردورا (سبزیجات)
1	کیمبالی
1	پیتزا ژامبون
1	پیتزا مکزیکی
1	پیتزا میکس
1	برگر اسموکی
1	بشقاب کلاسیک
1	نان پستو
1	بانانا چاکلت
1	بلو انبه
1	پامی گرانات
1	مجیک باربری
1	آیس بورج
1	شیک دارک چاکلت
1	پرو شیک انبه
1	پروشیک جودوسر
1	پروشیک موز
1	تروپیکال کافی
1	چا سیاه
1	اسپرایت خانواده
1	سارای (14تا 16 عدد)
1	سارای (30 تا 35 عدد)
1	گلین (15 تا 17 عدد)
1	گلین (33 تا 35 عدد)
1	خامه ای (10 تا 12 عدد)
1	خامه ای (18 تا 20 عدد)
1	پرنس (12 تا 14 عدد)
1	پرنس (22 تا 24 عدد)
1	مخلوط سوتلی (12 تا 15 عدد)
1	مخلوط سوتلی (25 تا 30 عدد)
1	پک هدیه سوتلی اکونومی
1	پک هدیه اکونومی
1	بگ کوچک کادوئی لذیذ
1	بگ یک کادوئی لذیذ
1	شوبیت گردویی (12 تا 14 عدد)
1	شوبیت گردویی (22 تا 24 عدد)
1	پاشا شیری (12 تا 15 عدد)
1	پاشا شیری (28 تا 30 عدد)
1	شکلاتی (24 تا 26 عدد)
1	شکلاتی (10 تا 12 عدد)
1	مخلوط سوتلی ویژه (12 تا 15 عدد)
1	مخلوط سوتلی ویژه (25 تا 30 عدد)
1	پک هدیه سوتلی ویژه
1	جعبه هدیه سوتلی ویژه
1	بگ کادوئی یک کیلوئی
1	جویزلی 50±500 گرم (8 عدد)
1	شوبیت پسته ای 50±500 گرم (12 عدد)
1	چهار مغز 50±550 گرم (۱۵ عدد)
1	کادائف (رشته ای) 50±500 گرم (12 عدد)
1	بوروخ (12 تا 15 عدد )
1	مخلوط اوزل (10 تا 12 عدد)
1	پک هدیه اوزل
1	جعبه هدیه اوزل
1	اوزل کارا 500 گرم ( 8 عدد )
1	بروم پسته
1	هاووج ( 1 عدد)
1	باشکان (1 عدد )
1	قطاب (13 تا 15 عدد)
1	پیچ انگشتی (300 گرم )
1	بیسکوئیت چای (400 گرم)
1	بیسکوئیت شکری (300 گرم )
1	اسپرسپو ۷۰ -۳۰ ربوستا
1	قهوه پارسی
1	هانی لته
1	لته نارگیل
1	لته پسته
1	گلاسه شکلات
1	گلاسه موز
1	گلاسه ویژه
1	چاکلت مارشمالو
1	اورئو چاکلت
1	چی کلت
1	نسیما
1	آویشن عسل
1	سان شاین
1	بیسکو میکس
1	براونی
1	موز کره
1	باقلوا پسته
1	بلک بری (ترش)
1	ومپایر
1	بلوکاراسائو
1	سرخ
1	رویال برگر یال
1	شیشلیگ گوسفندی
1	چنجه گوسفندی
1	رول پیچ
1	کباب سلطانی
1	کباب وزیری
1	ماهی سوخاری
1	ماست خامه ای
1	هایپ
1	بیگ بیر
1	موز توت فرنگی
1	موز بادام زمینی
1	نارگیل شکلات
1	بیسکیک
1	مون چاکلت
1	پرد
1	آمیتسیا
1	فراری
1	آیس کلاسیک
1	آیس فندوق
1	مو
1	اسکای مون
1	کوئین
1	گپشن دراگون
1	هرمس
1	هاوانا
1	بلوجینا
1	فیله سوخاری 3 تکه
1	فیله سوخاری 5 تکه
1	مک دونالد
1	پیتزا ویژه مون رایز
1	پیتزا هاف هاف
1	پیتزا فایرشف
1	ایفوربیا اینجنس
1	ایفوربیا تری‌گوانا
1	کاکتوس صخره‌ای
1	آگاو
1	کاکتوس اچینو
1	ایفوربیا تیروکالی
1	جان پلازا
1	دهخدا
1	رس
1	کافا
1	تاپ منو
1	اتاق دو تخته رویال
1	سه تخته رویال
1	اتاق فیستا سوئیت(ماه عسل)
1	سوییت رویال رضوان
1	آپارتمان چهار نفره
1	اتاق کانکت ۴ تخته
1	پرزیدنت سوئیت رضوان
1	اتاق فیستا سوئیت رضوان
1	ملزومات اتاق
1	نمای داخلی آلاچیق
1	مزون میترا
1	شال و روسری
1	فروشگاه حجاب ملیکه
1	نقره فروشی و سنگ های قیمتی
1	اکسسوری شاپ
1	روم سرویس
1	خانه داری
1	آرایشگاه
1	لاندری
1	پارکینگ
1	کارواش
1	آیس رومانو عربیکا
1	آیس رومانو ربوستا
1	جهان الملوک
1	دیل تی
1	پروتکس
1	گین پرو
1	پرو الوو
1	گرین شیک
1	سالتی شیک
1	شیک بیسکونات
1	دی هوبارت
1	دی تاسمانیا
1	دی رد
1	دیل میکس
1	رد دیل
1	گرین دیل
1	اورنجد
1	حوض بنفش
1	گرین فارست
1	دی لیموند
1	شیر کم چرب
1	شیر سویا
1	شیر بادام درختی
1	شات قهوه عربیکا
1	ساید نوتلا
1	ساید خامه
1	رست چای اضافه ( نبات ، فنجان چای )
1	پلاتر چهار پنیر
1	بیکن برانچ
1	پلیت آووکادو اسکرمبل
1	اگ رول
1	فروت تست
1	اسپنیش چوریتسو
1	گارلیک باتر
1	بروسکتا
1	اسپنیچ رول
1	بیف بیستکا سالاد
1	شریمپ سالاد
1	چیکن فورچیز سالاد
1	کاپ سالاد
1	مانتن استیک
1	مدالیون استیک
1	چیکن رول
1	رول بوقلمون
1	سالمون بلمونیه
1	شریمپ باتر
1	چیکن فیلت
1	پپرونچینو
1	بیکن پاروو
1	فوکوچیا مرغ
1	فوکوچیا گوشت
1	چیپتل برگر
1	فایر برگر
1	بیف بیکن
1	فوتوچینی میگو
1	نودل گوشت
1	بیف رایس
1	شکلات دانتل
1	پاریس برست فندوقی
1	شوکت شکلاتی
1	تارت شکلات کارامل
1	ناتی کرم
1	چای ساده سرو با قوری
1	مورسیا
1	بخارست
1	موسکو
1	آدانا
1	جاکارتا
1	شیک گردو
1	شیک چاکلت رف
1	آیس تی زردآلو
1	آیس تی توت فرنگی
1	پرتقال رزماری
1	انار چیلی
1	زرشک سوسن
1	آب میوه طبیعی پرتقال
1	آبمیوه طبیعی پرتقال انار
1	آبمیوه طبیعی پرتقال زرشک
1	اکلر فندق و بادام
1	تارت شکلات فندق
1	آنترومه آلبالو و ماسکارپونه
1	اکلر شکلات
1	تارت پسته آلبالو
1	آنترومه توت فرنگی و وانیل
1	آنترومه شکلات و پرتقال
1	ناپولیتن سوسیس و خردل
1	اسکرمبل پسته زعفران
1	تست بریوش و بیکن
1	دیپ تخم مرغ و نعنا
1	سالاد هلسی
1	سیمپل فرایز
1	فرایز و بیکن خردل عسلی
1	سالاد مرغ و کینوا
1	سالاد گرم یاکیتوری
1	هندونه ازمیر
1	میکس سبزیجات و بلوبری
1	ذرت و پاپریکا
1	هالوپینو قیسی
1	ارده ریحون
1	کنجد و خیار
1	انجیر
1	فوکاچا مرغ و پستو
1	فوکاچا مرغ و روسو
1	فوکاچا استیک
1	فوکاچا مرغ و آووکادو
1	فارفاله مرغ و اسفناج گردو
1	فارفاله آرابیِتا
1	فارفاله پستو و بوقلمون
1	فارفاله مرغ و پستو
1	ناپولیتن مارگریتا
1	ناپولیتن مرغ و روسو
1	ناپولیتن مارمالاد و بیکن
1	ناپولیتن بیکن فندق
1	ناپولیتن فالن تُنا
1	ناپولیتن مرغ مکزیکی
1	ناپولیتن فیله کنفی
1	ناپولیتن مارتادلا
1	ناپولیتن بوقلمون و انجیر
1	مغزیجات و مرکبات
1	سیروپ سیمپل
1	شکلات فندقی
1	ساید لیمو
1	بسته بندی بیرون بر
1	سرویس ساده
1	سرویس vip
1	شب های طهران
1	ملکه برفی
1	بلوبری یخ
1	تمشک یخ
1	شب های استانبول
1	دُبی چاکلت
1	شب های جزیره
1	موکتل ویژه
1	شیک ویژه
1	شیر موز بستنی
1	بستنی VIP اسلوپ
1	ترشک آلبالو خشک
1	پفک
1	پک میوه (اسلایس شده)
1	حاج بادام
1	پفیلا
1	بلال تنوری
1	قارچ تنوری
1	ذرت پنیری
1	ذرت مکزیکی
1	بال تنوری
1	پاچین تنوری
1	انرژی‌زا
1	انگلیس
1	دو سیب نعنا
1	سرویس کامل دو تا چهارنفره
1	سرویس پنج نفره تا هشت نفر
1	دیس میوه اسلایس
1	آجیل سه مغز
1	سورویس اضافه هر نفر
1	بستنی زعفران پسته
1	باقلوا بستنی مخصوص
1	یخ نوش هندوانه
1	یخ نوش طالبی
1	پولد کوِیل
1	بیف آرگولا
1	میگو پرتقال
1	آووکادو تخم مرغ
1	استیک بوقلمون
1	پلیت امگا
1	پلیت مدیترانه
1	تروپیکال بیس
1	پیچ فلورال
1	بری اسپایس
1	کلدبرو تونیک
1	سان ریپ
1	سان پیچ
1	منگو پشن
1	ناتی تارت
1	تارت شاتوت
1	تارت سیب
1	اسپایس درینک
1	طلوع نارنج
1	نفس بید
1	باران زرین
1	لمون پرسو
1	کوکو اسپرولینا
1	سیگنیچر تست
1	تند و آتشین
1	لقمه حیات
1	پوره زعفرانی
1	سالاد حیات
1	پاستا مارینا
1	تاپینگ پنیر اضافه
1	پیتزا چیکن مارینا
1	پیتزا بیکن ناتز
1	چیکن باربری
1	میلانو بیکن
1	قزل آلا کبابی مخصوص سولو
1	میگو پلو
1	اردک ماهی
1	شیرماهی شکم پر
1	قزل آلا سرخ شده (سوخاری)
1	شاه میگو گریل
1	قزل آلا شکم پر
1	شیرماهی کبابی
1	استیک سالمون
1	میگو پفکی
1	فیله قزل آلا باسس انار
1	فیش اند چیپس
1	شوریده شکم پر ویژه
1	خورش قلیه میگو
1	خورش قلیه ماهی
1	قزل‌آلا سوخاری باسس کرم قارچ
1	استیک ماهی حلوا
1	شوریده سوخاری
1	پلو ساده
1	بشقاب مدیترانه سولو
1	میکس خلیج فارس
1	میکس میگو
1	سالاد سبز سولو
1	سوپ میگو
1	سوپ ماهی
1	سوپر رول
1	کریسپی شریمپ
1	ابی ماکی
1	تانجو رول
1	وجی ماکی
1	سالمون
1	کرب
1	کرب و آواکادو
1	میتسو رول
1	مالت قرمز
1	اوشن فروت
1	آیلند شات
1	موکتل فلفلی
1	سرویس ویژه پالادیوم
1	دیس میوه تازه
1	شبنم سبز
1	گلدن بوم
1	برگ یاقوت
1	نجوا
1	گلدن فیور
1	بری کلش
1	مید نایت بلوم
1	روبی راش
1	جانگل فیور
1	ملون گروو
1	واتر ملون بریز
1	موس شکلات بری
1	بونتی شکلات
1	امریکن
1	رومانو
1	فلامینگو
1	بهار نوش
1	ماه دخت
1	شیک پروتئین وانیل
1	شیک پروتئین شکلات
1	دتاکس بری
1	دتاکس رز ماری
1	دتاکس لیمو
1	پروتئن بار
1	میوه ای
1	ساندویچ سرد
1	دنیش شکلات فندوق
1	دنیش میوه
1	برانی شکلات
1	دونات شکلاتی و ساده
1	دونات لوتوس
1	کیک ساده روز
1	دونات شاتوت
1	پروتئین بار
1	دونات OREO
1	آب جوش
1	لیوان یخ
1	اسکوپ اضافه
1	شات سیروپ
1	آب قلم
1	شکلات سفید
1	پیستا کافی عربیکا
1	پیستا کافی ربوستا
1	آیس پیستا کافی عربیکا
1	آیس پیستا کافی ربوستا
1	پیستا ماچا
1	اوشن بری
1	اسپرولینا توت فرنگی
1	اسپیرولینا بری
1	آیس اسپرولینا توت فرنگی
1	چاکلت پیستا
1	آفونانا عربیکا
1	آفونانا ربوستا
1	بری گاتو عربیکا
1	بری گاتو ربوستا
1	پروجیم
1	افترجیم
1	ولوت لوندر
1	پیستا چیو
1	ولوت پارست
1	کوکوشاین
1	تروپیکال سان ست
1	ژوپیتر
1	بلادیمون
1	روبی وایب
1	وودلندز
1	پلیت اسکرمبل بیکن
1	تست آووکادو بیکن
1	اگ بندیک
1	سوپ کرم مرغ و قارچ
1	گالاسیا
1	بیکن و پیاز
1	رپ بیف
1	رپ چیکن
1	صابون لباسشویی ۱۰۰ گرمی ۵ قالبی
1	صابون بادام ۱۵۰ گرمی تکی
1	صابون مراغه ۱۵۰ گرمی ۴ عددی (زرد و سفید )
1	صابون حمام ۱۲۵ گرمی ۶قالبی
1	صابون زیتون ۱۵۰ گرمی تکی
1	صابون 120 گرمی سبز حمام سلفون دار تک عددی
1	صابون 150گرمی زردچوبه تکی
1	صابون 150گرمی زعفران تکی
1	صابون 200گرمی لیمویی
1	صابون لباسشویی 180 گرمی فیل نشان
1	صابون لفاف 90گرمی (بنفش - زرد - سفید -صورتی )
1	صابون لباسشویی 140 گرمی فیل نشان
1	صابون زیتون
1	صابون بادام
1	صابون برگ مورد
1	صابون سیر
1	صابون هفت گیاه
1	صابون شلتوک
1	صابون سدر
1	صابون زردچوبه
1	صابون حمام 125 گرمی ( سفید - صورتی )
1	صابون حمام ۱۲۵ گرمی سبز
1	صابون 120گرمی سلفون دار تک عددی
1	صابون لفاف 90 گرمی (آبی - بنفش - سفید - صورتی )
1	صابون 75 گرمی 5 عددی آرایشی (بنفش - زرد - سفید -صورتی )
1	صابون 60 گرمی آرایشی (سبز - سفید - صورتی )
1	صابون 90 گرمی 5عددی آلوئه ورا
1	صابون 90 گرمی 5 عددی شتر مرغ
1	صابون بچه 75 گرمی (دختر و پسر )
1	صابون مراغه 600 گرمی (زرد - سفید )
1	صابون لباسشویی 100گرمی 5 قالبی
1	پودرصابون 400 گرمی شکوه دستی
1	صابون لباسشویی 140 گرمی 4 قالبی
1	صابون 200 گرمی دو رنگ 4 قالبی
1	پودر صابون ۴۰۰ گرمی شکوه اتومات
1	مایع ظرفشویی 10 لیتری پژمان
1	مایع ظرفشویی 20 لیتری پژمان
1	مایع دستشویی 10 لیتری پژمان
1	مایع دستشویی 20 لیتری
1	مایع لباسشویی 10 لیتری پژمان
1	مایع ظرفشویی ۱۰ لیتری پاکرینو
1	مایع لباسشویی ۱۰ لیتری پاکرینو
1	مایع دستشویی ۱۰ لیتری پاکرینو
1	صابون هتلی شکوه
1	صابون هتلی پژمان
1	پودر صابون 5 کیلویی شکوه
1	مایع ظرفشویی 3500 گرمی
1	مایع ظرفشویی 1000 گرمی
1	مایع دستشویی 3500 گرمی (آرگان - نمک دریا - آلوئه ورا )
1	مایع دستشویی 450 گرمی (آرگان - آلوئه ورا - نمک دریا )
1	مایع لباسشویی 2700گرمی
1	مایع لباسشویی 1000 گرمی
1	پودر لباسشویی 500 گرمی
1	شیشه شوی 500 گرمی
1	صابون سنتی دونم کیلویی
1	صابون سنتی خشک کیلویی
1	سفید آب سنتی سوپر پاک
1	رویدر کوچک
1	رویدر بزرگ (با ظرف و دستکش - کارد )
1	پودر موبر تکی موگا (با ظرف و دستکش - کارد )
1	پودر موبر خانواده موگا
1	دستمال کاغذی 250برگ دولا تکی
1	دستمال کاغذی300برگ اقتصادی (بسته 3 تایی )
1	لوروکو
1	کوجیرا
1	لوچکا
1	هریتیج
1	موآنا
1	ویریدیان
1	مارتلا
1	لموناد کارامل نمکی
1	سیئنا
1	ونتا
1	سلست
1	ولور
1	کومو
1	لاگونا
1	گلوریکو
1	پرالین شیک
1	ویتالیس
1	امبر
1	بلونز
1	بوفالو چیکن
1	چهار پنیر
1	مخصوص کوکلند
1	مخلوط کوک لند
1	فرنچ برگر
1	دابل میکس
1	غول (2 نفره)
1	ماکارونی با فیله مرغ گریل
1	ماکارونی با برگر
1	ماکارونی با بندری
1	چلو خورشت فسنجون
1	چلو خورشت قیمه گوسفندی
1	چلو خورشت مرغ آلو زعفرانی
1	سالاد استیک گوساله
1	سالاد فیت فرش
1	حمص با گوشت سرخ شده
1	دیپ دال عدس با فلفل پاریکا
1	دیپ زیتون
1	بورانی بادمجان مخصوص درباغ
1	سوپ دال عدس
1	پیتزا مرغ و پستو
1	پیتزا بیکن دودی
1	پیتزا توناتو
1	ساندویچ بیف با سس قارچ
1	ساندویچ مرغ با سس پستو رژیمی
1	ساندویچ برگر با پیاز کاراملی
1	واین
1	کلاسیک ، جو
1	نوتلا داغ
1	پنیک ملون
1	شیک رژیمی
1	شیک اوپال
1	پیروک
1	گلت
1	زعفرانی اوپال
1	شاي عراقي
1	تست رژیمی
1	تست پنیر گردو
1	تست چوریتسو
1	بلو چیز
1	پنیر گدا
1	پنیر پیتزا